place_name,state_abr,id,year,month,crime_count,population_est,month_date,shooting_rate,treated
Albuquerque,NM,3502000,2018,1,7,559202,2018-01-01,15.02140550284155,0
Albuquerque,NM,3502000,2018,2,7,559216,2018-02-01,15.021029441217706,0
Albuquerque,NM,3502000,2018,3,9,559231,2018-03-01,19.31223412149899,0
Albuquerque,NM,3502000,2018,4,10,559245,2018-04-01,21.45750073760159,0
Albuquerque,NM,3502000,2018,5,9,559259,2018-05-01,19.31126723038878,0
Albuquerque,NM,3502000,2018,6,8,559274,2018-06-01,17.165110482518408,0
Albuquerque,NM,3502000,2018,7,7,559288,2018-07-01,15.019095707399408,0
Albuquerque,NM,3502000,2018,8,10,559302,2018-08-01,21.455313944881297,0
Albuquerque,NM,3502000,2018,9,6,559317,2018-09-01,12.872843128315427,0
Albuquerque,NM,3502000,2018,10,8,559331,2018-10-01,17.16336122975483,0
Albuquerque,NM,3502000,2018,11,7,559345,2018-11-01,15.017565187853652,0
Albuquerque,NM,3502000,2018,12,6,559360,2018-12-01,12.871853546910755,0
Albuquerque,NM,3502000,2019,1,7,559374,2019-01-01,15.016786622188373,0
Albuquerque,NM,3502000,2019,2,8,559463,2019-02-01,17.15931169710955,0
Albuquerque,NM,3502000,2019,3,6,559553,2019-03-01,12.867413810666726,0
Albuquerque,NM,3502000,2019,4,15,559642,2019-04-01,32.16341875699108,0
Albuquerque,NM,3502000,2019,5,7,559732,2019-05-01,15.007182008532654,0
Albuquerque,NM,3502000,2019,6,6,559821,2019-06-01,12.86125386507473,0
Albuquerque,NM,3502000,2019,7,11,559910,2019-07-01,23.57521744566091,0
Albuquerque,NM,3502000,2019,8,10,560000,2019-08-01,21.42857142857143,0
Albuquerque,NM,3502000,2019,9,19,560089,2019-09-01,40.70781607923026,0
Albuquerque,NM,3502000,2019,10,11,560179,2019-10-01,23.56389654021304,0
Albuquerque,NM,3502000,2019,11,10,560268,2019-11-01,21.41832123198184,0
Albuquerque,NM,3502000,2019,12,11,560358,2019-12-01,23.556369321041192,0
Albuquerque,NM,3502000,2020,1,13,560447,2020-01-01,27.834924622667266,0
Albuquerque,NM,3502000,2020,2,7,560604,2020-02-01,14.983838859515808,0
Albuquerque,NM,3502000,2020,3,11,560762,2020-03-01,23.539398176053297,0
Albuquerque,NM,3502000,2020,4,9,560919,2020-04-01,19.254116904579806,0
Albuquerque,NM,3502000,2020,5,10,561077,2020-05-01,21.387438800735016,0
Albuquerque,NM,3502000,2020,6,11,561234,2020-06-01,23.51960144966271,0
Albuquerque,NM,3502000,2020,7,11,561391,2020-07-01,23.513023899563763,0
Albuquerque,NM,3502000,2020,8,10,561549,2020-08-01,21.36946197037124,0
Albuquerque,NM,3502000,2020,9,10,561706,2020-09-01,21.363489085037365,0
Albuquerque,NM,3502000,2020,10,10,561864,2020-10-01,21.35748152577848,0
Albuquerque,NM,3502000,2020,11,7,562021,2020-11-01,14.94606073438537,0
Albuquerque,NM,3502000,2020,12,6,562179,2020-12-01,12.807308704167179,0
Albuquerque,NM,3502000,2021,1,18,562336,2021-01-01,38.41119899846356,0
Albuquerque,NM,3502000,2021,2,7,562413,2021-02-01,14.935643379509361,0
Albuquerque,NM,3502000,2021,3,10,562489,2021-03-01,21.333750526676965,0
Albuquerque,NM,3502000,2021,4,12,562566,2021-04-01,25.59699661906336,0
Albuquerque,NM,3502000,2021,5,14,562642,2021-05-01,29.859128895461062,0
Albuquerque,NM,3502000,2021,6,16,562719,2021-06-01,34.12004926082112,0
Albuquerque,NM,3502000,2021,7,11,562796,2021-07-01,23.45432447991812,0
Albuquerque,NM,3502000,2021,8,14,562872,2021-08-01,29.846927898349893,0
Albuquerque,NM,3502000,2021,9,10,562949,2021-09-01,21.31631817447051,0
Albuquerque,NM,3502000,2021,10,11,563025,2021-10-01,23.444784867457038,0
Albuquerque,NM,3502000,2021,11,11,563102,2021-11-01,23.44157896793121,0
Albuquerque,NM,3502000,2021,12,11,563178,2021-12-01,23.438415563107935,0
Albuquerque,NM,3502000,2022,1,14,563255,2022-01-01,29.826632697446094,0
Albuquerque,NM,3502000,2022,2,14,563412,2022-02-01,29.818321228514833,0
Albuquerque,NM,3502000,2022,3,14,563570,2022-03-01,29.809961495466396,0
Albuquerque,NM,3502000,2022,4,11,563727,2022-04-01,23.415589460856054,0
Albuquerque,NM,3502000,2022,5,23,563885,2022-05-01,48.94615036753948,0
Albuquerque,NM,3502000,2022,6,15,564042,2022-06-01,31.91251715297797,0
Albuquerque,NM,3502000,2022,7,17,564199,2022-07-01,36.157455082337975,0
Albuquerque,NM,3502000,2022,8,22,564357,2022-08-01,46.77890058952046,0
Albuquerque,NM,3502000,2022,9,15,564514,2022-09-01,31.885834540861698,0
Albuquerque,NM,3502000,2022,10,7,564672,2022-10-01,14.875892553553212,0
Albuquerque,NM,3502000,2022,11,9,564829,2022-11-01,19.120831260434574,0
Albuquerque,NM,3502000,2022,12,8,564987,2022-12-01,16.991541398297656,0
Albuquerque,NM,3502000,2023,1,11,565144,2023-01-01,23.356878954744282,0
Albuquerque,NM,3502000,2023,2,8,565144,2023-02-01,16.986821057995837,0
Albuquerque,NM,3502000,2023,3,13,565144,2023-03-01,27.603584219243235,0
Albuquerque,NM,3502000,2023,4,11,565144,2023-04-01,23.356878954744282,0
Albuquerque,NM,3502000,2023,5,16,565144,2023-05-01,33.97364211599167,0
Albuquerque,NM,3502000,2023,6,24,565144,2023-06-01,50.96046317398752,0
Albuquerque,NM,3502000,2023,7,21,565144,2023-07-01,44.59040527723908,0
Albuquerque,NM,3502000,2023,8,15,565144,2023-08-01,31.850289483742202,0
Albuquerque,NM,3502000,2023,9,10,565144,2023-09-01,21.233526322494797,0
Albuquerque,NM,3502000,2023,10,9,565144,2023-10-01,19.11017369024532,0
Albuquerque,NM,3502000,2023,11,11,565144,2023-11-01,23.356878954744282,0
Albuquerque,NM,3502000,2023,12,11,565144,2023-12-01,23.356878954744282,0
Albuquerque,NM,3502000,2024,1,10,565144,2024-01-01,21.233526322494797,0
Albuquerque,NM,3502000,2024,2,11,565144,2024-02-01,23.356878954744282,0
Albuquerque,NM,3502000,2024,3,13,565144,2024-03-01,27.603584219243235,0
Albuquerque,NM,3502000,2024,4,13,565144,2024-04-01,27.603584219243235,0
Albuquerque,NM,3502000,2024,5,11,565144,2024-05-01,23.356878954744282,0
Albuquerque,NM,3502000,2024,6,15,565144,2024-06-01,31.850289483742202,0
Albuquerque,NM,3502000,2024,7,12,565144,2024-07-01,25.48023158699376,0
Albuquerque,NM,3502000,2024,8,23,565144,2024-08-01,48.837110541738035,0
Albuquerque,NM,3502000,2024,9,17,565144,2024-09-01,36.09699474824116,0
Albuquerque,NM,3502000,2024,10,16,565144,2024-10-01,33.97364211599167,0
Albuquerque,NM,3502000,2024,11,12,565144,2024-11-01,25.48023158699376,0
Albuquerque,NM,3502000,2024,12,11,565144,2024-12-01,23.356878954744282,0
Albuquerque,NM,3502000,2025,1,10,565144,2025-01-01,21.233526322494797,0
Albuquerque,NM,3502000,2025,2,6,565144,2025-02-01,12.74011579349688,0
Albuquerque,NM,3502000,2025,3,9,565144,2025-03-01,19.11017369024532,0
Albuquerque,NM,3502000,2025,4,15,565144,2025-04-01,31.850289483742202,0
Albuquerque,NM,3502000,2025,5,18,565144,2025-05-01,38.22034738049064,0
Albuquerque,NM,3502000,2025,6,8,565144,2025-06-01,16.986821057995837,0
Albuquerque,NM,3502000,2025,7,14,565144,2025-07-01,29.726936851492717,0
Albuquerque,NM,3502000,2025,8,13,565144,2025-08-01,27.603584219243235,0
Albuquerque,NM,3502000,2025,9,9,565144,2025-09-01,19.11017369024532,0
Anaheim,CA,602000,2018,1,0,349668,2018-01-01,0,0
Anaheim,CA,602000,2018,2,0,349693,2018-02-01,0,0
Anaheim,CA,602000,2018,3,0,349717,2018-03-01,0,0
Anaheim,CA,602000,2018,4,0,349742,2018-04-01,0,0
Anaheim,CA,602000,2018,5,0,349767,2018-05-01,0,0
Anaheim,CA,602000,2018,6,0,349791,2018-06-01,0,0
Anaheim,CA,602000,2018,7,0,349816,2018-07-01,0,0
Anaheim,CA,602000,2018,8,0,349841,2018-08-01,0,0
Anaheim,CA,602000,2018,9,2,349865,2018-09-01,6.859788775670617,0
Anaheim,CA,602000,2018,10,1,349890,2018-10-01,3.429649318357198,0
Anaheim,CA,602000,2018,11,0,349915,2018-11-01,0,0
Anaheim,CA,602000,2018,12,1,349939,2018-12-01,3.429169083754597,0
Anaheim,CA,602000,2019,1,2,349964,2019-01-01,6.857848235818542,0
Anaheim,CA,602000,2019,2,0,350224,2019-02-01,0,0
Anaheim,CA,602000,2019,3,2,350484,2019-03-01,6.84767350292738,0
Anaheim,CA,602000,2019,4,0,350744,2019-04-01,0,0
Anaheim,CA,602000,2019,5,1,351004,2019-05-01,3.418764458524689,0
Anaheim,CA,602000,2019,6,0,351264,2019-06-01,0,0
Anaheim,CA,602000,2019,7,0,351524,2019-07-01,0,0
Anaheim,CA,602000,2019,8,0,351785,2019-08-01,0,0
Anaheim,CA,602000,2019,9,0,352045,2019-09-01,0,0
Anaheim,CA,602000,2019,10,1,352305,2019-10-01,3.40613956656874,0
Anaheim,CA,602000,2019,11,1,352565,2019-11-01,3.4036276998567647,0
Anaheim,CA,602000,2019,12,1,352825,2019-12-01,3.4011195351803307,0
Anaheim,CA,602000,2020,1,1,353085,2020-01-01,3.398615064361273,0
Anaheim,CA,602000,2020,2,0,352678,2020-02-01,0,0
Anaheim,CA,602000,2020,3,0,352271,2020-03-01,0,0
Anaheim,CA,602000,2020,4,1,351865,2020-04-01,3.4103988745683713,0
Anaheim,CA,602000,2020,5,2,351458,2020-05-01,6.828696458751828,0
Anaheim,CA,602000,2020,6,1,351051,2020-06-01,3.4183067417554716,0
Anaheim,CA,602000,2020,7,0,350645,2020-07-01,0,0
Anaheim,CA,602000,2020,8,3,350238,2020-08-01,10.278724752882326,0
Anaheim,CA,602000,2020,9,5,349831,2020-09-01,17.151138692683038,0
Anaheim,CA,602000,2020,10,4,349424,2020-10-01,13.7368927148679,0
Anaheim,CA,602000,2020,11,0,349017,2020-11-01,0,0
Anaheim,CA,602000,2020,12,2,348611,2020-12-01,6.8844643456460055,0
Anaheim,CA,602000,2021,1,3,348204,2021-01-01,10.338766929730847,0
Anaheim,CA,602000,2021,2,4,348577,2021-02-01,13.770271704673572,0
Anaheim,CA,602000,2021,3,0,348950,2021-03-01,0,0
Anaheim,CA,602000,2021,4,5,349324,2021-04-01,17.17603142068681,0
Anaheim,CA,602000,2021,5,1,349697,2021-05-01,3.4315421636445267,0
Anaheim,CA,602000,2021,6,2,350070,2021-06-01,6.855771702802297,0
Anaheim,CA,602000,2021,7,0,350444,2021-07-01,0,0
Anaheim,CA,602000,2021,8,3,350817,2021-08-01,10.261760404997476,0
Anaheim,CA,602000,2021,9,1,351190,2021-09-01,3.4169537857000485,0
Anaheim,CA,602000,2021,10,0,351563,2021-10-01,0,0
Anaheim,CA,602000,2021,11,2,351936,2021-11-01,6.819421713038734,0
Anaheim,CA,602000,2021,12,2,352310,2021-12-01,6.812182452953365,0
Anaheim,CA,602000,2022,1,0,352683,2022-01-01,0,0
Anaheim,CA,602000,2022,2,0,352276,2022-02-01,0,0
Anaheim,CA,602000,2022,3,2,351869,2022-03-01,6.820720211214969,0
Anaheim,CA,602000,2022,4,0,351463,2022-04-01,0,0
Anaheim,CA,602000,2022,5,1,351056,2022-05-01,3.4182580556948174,0
Anaheim,CA,602000,2022,6,0,350649,2022-06-01,0,0
Anaheim,CA,602000,2022,7,1,350243,2022-07-01,3.426192671944907,0
Anaheim,CA,602000,2022,8,0,349836,2022-08-01,0,0
Anaheim,CA,602000,2022,9,0,349429,2022-09-01,0,0
Anaheim,CA,602000,2022,10,0,349022,2022-10-01,0,0
Anaheim,CA,602000,2022,11,0,348615,2022-11-01,0,0
Anaheim,CA,602000,2022,12,0,348209,2022-12-01,0,0
Anaheim,CA,602000,2023,1,0,347802,2023-01-01,0,0
Anaheim,CA,602000,2023,2,0,347802,2023-02-01,0,0
Anaheim,CA,602000,2023,3,2,347802,2023-03-01,6.900477858091673,0
Anaheim,CA,602000,2023,4,1,347802,2023-04-01,3.4502389290458364,0
Anaheim,CA,602000,2023,5,4,347802,2023-05-01,13.800955716183346,0
Anaheim,CA,602000,2023,6,0,347802,2023-06-01,0,0
Anaheim,CA,602000,2023,7,0,347802,2023-07-01,0,0
Anaheim,CA,602000,2023,8,1,347802,2023-08-01,3.4502389290458364,0
Anaheim,CA,602000,2023,9,0,347802,2023-09-01,0,0
Anaheim,CA,602000,2023,10,0,347802,2023-10-01,0,0
Anaheim,CA,602000,2023,11,0,347802,2023-11-01,0,0
Anaheim,CA,602000,2023,12,0,347802,2023-12-01,0,0
Anaheim,CA,602000,2024,1,1,347802,2024-01-01,3.4502389290458364,0
Anaheim,CA,602000,2024,2,0,347802,2024-02-01,0,0
Anaheim,CA,602000,2024,3,0,347802,2024-03-01,0,0
Anaheim,CA,602000,2024,4,2,347802,2024-04-01,6.900477858091673,0
Anaheim,CA,602000,2024,5,1,347802,2024-05-01,3.4502389290458364,0
Anaheim,CA,602000,2024,6,1,347802,2024-06-01,3.4502389290458364,0
Anaheim,CA,602000,2024,7,0,347802,2024-07-01,0,0
Anaheim,CA,602000,2024,8,2,347802,2024-08-01,6.900477858091673,0
Anaheim,CA,602000,2024,9,0,347802,2024-09-01,0,0
Anaheim,CA,602000,2024,10,0,347802,2024-10-01,0,0
Anaheim,CA,602000,2024,11,1,347802,2024-11-01,3.4502389290458364,0
Anaheim,CA,602000,2024,12,1,347802,2024-12-01,3.4502389290458364,0
Anaheim,CA,602000,2025,1,1,347802,2025-01-01,3.4502389290458364,0
Anaheim,CA,602000,2025,2,1,347802,2025-02-01,3.4502389290458364,0
Anaheim,CA,602000,2025,3,1,347802,2025-03-01,3.4502389290458364,0
Anaheim,CA,602000,2025,4,2,347802,2025-04-01,6.900477858091673,0
Anaheim,CA,602000,2025,5,1,347802,2025-05-01,3.4502389290458364,0
Anaheim,CA,602000,2025,6,1,347802,2025-06-01,3.4502389290458364,0
Anaheim,CA,602000,2025,7,0,347802,2025-07-01,0,0
Anaheim,CA,602000,2025,8,0,347802,2025-08-01,0,0
Anaheim,CA,602000,2025,9,0,347802,2025-09-01,0,0
Anchorage,AK,203000,2018,1,7,296112,2018-01-01,28.367644674987844,0
Anchorage,AK,203000,2018,2,0,295897,2018-02-01,0,0
Anchorage,AK,203000,2018,3,8,295682,2018-03-01,32.46731285637949,0
Anchorage,AK,203000,2018,4,4,295467,2018-04-01,16.24546903715136,0
Anchorage,AK,203000,2018,5,6,295252,2018-05-01,24.38594827469416,0
Anchorage,AK,203000,2018,6,3,295037,2018-06-01,12.201859427800581,0
Anchorage,AK,203000,2018,7,5,294822,2018-07-01,20.35126279585648,0
Anchorage,AK,203000,2018,8,6,294606,2018-08-01,24.439420785727375,0
Anchorage,AK,203000,2018,9,7,294391,2018-09-01,28.53348098277461,0
Anchorage,AK,203000,2018,10,6,294176,2018-10-01,24.475144131404328,0
Anchorage,AK,203000,2018,11,6,293961,2018-11-01,24.49304499576475,0
Anchorage,AK,203000,2018,12,5,293746,2018-12-01,20.42581005358371,0
Anchorage,AK,203000,2019,1,3,293531,2019-01-01,12.264462697296025,0
Anchorage,AK,203000,2019,2,5,293411,2019-02-01,20.449131082338425,0
Anchorage,AK,203000,2019,3,3,293291,2019-03-01,12.27449870606326,0
Anchorage,AK,203000,2019,4,4,293171,2019-04-01,16.372697163089118,0
Anchorage,AK,203000,2019,5,3,293051,2019-05-01,12.284551153212238,0
Anchorage,AK,203000,2019,6,5,292931,2019-06-01,20.482639256343646,0
Anchorage,AK,203000,2019,7,4,292811,2019-07-01,16.392826772218257,0
Anchorage,AK,203000,2019,8,4,292690,2019-08-01,16.39960367624449,0
Anchorage,AK,203000,2019,9,0,292570,2019-09-01,0,0
Anchorage,AK,203000,2019,10,1,292450,2019-10-01,4.103265515472731,0
Anchorage,AK,203000,2019,11,7,292330,2019-11-01,28.734649197824375,0
Anchorage,AK,203000,2019,12,6,292210,2019-12-01,24.63981383251771,0
Anchorage,AK,203000,2020,1,2,292090,2020-01-01,8.216645554452395,0
Anchorage,AK,203000,2020,2,3,292128,2020-02-01,12.323365100230035,0
Anchorage,AK,203000,2020,3,2,292166,2020-03-01,8.214508190549207,0
Anchorage,AK,203000,2020,4,9,292204,2020-04-01,36.96047966489165,0
Anchorage,AK,203000,2020,5,2,292242,2020-05-01,8.212371938325088,0
Anchorage,AK,203000,2020,6,0,292280,2020-06-01,0,0
Anchorage,AK,203000,2020,7,2,292318,2020-07-01,8.21023679691295,0
Anchorage,AK,203000,2020,8,2,292355,2020-08-01,8.209197721947632,0
Anchorage,AK,203000,2020,9,1,292393,2020-09-01,4.104065418802776,0
Anchorage,AK,203000,2020,10,8,292431,2020-10-01,32.82825692214574,0
Anchorage,AK,203000,2020,11,6,292469,2020-11-01,24.61799370189661,0
Anchorage,AK,203000,2020,12,2,292507,2020-12-01,8.204931847784838,0
Anchorage,AK,203000,2021,1,5,292545,2021-01-01,20.50966517971594,0
Anchorage,AK,203000,2021,2,2,292270,2021-02-01,8.211585178088754,0
Anchorage,AK,203000,2021,3,0,291996,2021-03-01,0,0
Anchorage,AK,203000,2021,4,1,291721,2021-04-01,4.113519424381515,0
Anchorage,AK,203000,2021,5,2,291447,2021-05-01,8.234773389329792,0
Anchorage,AK,203000,2021,6,9,291172,2021-06-01,37.091478576236725,0
Anchorage,AK,203000,2021,7,1,290897,2021-07-01,4.125171452438492,0
Anchorage,AK,203000,2021,8,1,290623,2021-08-01,4.129060673105708,0
Anchorage,AK,203000,2021,9,7,290348,2021-09-01,28.930800281042057,0
Anchorage,AK,203000,2021,10,2,290074,2021-10-01,8.273750835993575,0
Anchorage,AK,203000,2021,11,3,289799,2021-11-01,12.42240311388238,0
Anchorage,AK,203000,2021,12,2,289525,2021-12-01,8.289439599343753,0
Anchorage,AK,203000,2022,1,6,289250,2022-01-01,24.891961970613657,0
Anchorage,AK,203000,2022,2,1,289288,2022-02-01,4.148115372915572,0
Anchorage,AK,203000,2022,3,3,289326,2022-03-01,12.442711681632485,0
Anchorage,AK,203000,2022,4,4,289364,2022-04-01,16.588103565059924,0
Anchorage,AK,203000,2022,5,1,289402,2022-05-01,4.146481365021665,0
Anchorage,AK,203000,2022,6,14,289440,2022-06-01,58.043117744610285,0
Anchorage,AK,203000,2022,7,2,289478,2022-07-01,8.290785482834618,0
Anchorage,AK,203000,2022,8,0,289515,2022-08-01,0,0
Anchorage,AK,203000,2022,9,3,289553,2022-09-01,12.432957006143953,0
Anchorage,AK,203000,2022,10,0,289591,2022-10-01,0,0
Anchorage,AK,203000,2022,11,4,289629,2022-11-01,16.572926053675566,0
Anchorage,AK,203000,2022,12,0,289667,2022-12-01,0,0
Anchorage,AK,203000,2023,1,5,289705,2023-01-01,20.710722976821252,0
Anchorage,AK,203000,2023,2,4,289705,2023-02-01,16.568578381457,0
Anchorage,AK,203000,2023,3,3,289705,2023-03-01,12.426433786092748,0
Anchorage,AK,203000,2023,4,1,289705,2023-04-01,4.14214459536425,0
Anchorage,AK,203000,2023,5,3,289705,2023-05-01,12.426433786092748,0
Anchorage,AK,203000,2023,6,1,289705,2023-06-01,4.14214459536425,0
Anchorage,AK,203000,2023,7,2,289705,2023-07-01,8.2842891907285,0
Anchorage,AK,203000,2023,8,8,289705,2023-08-01,33.137156762914,0
Anchorage,AK,203000,2023,9,3,289705,2023-09-01,12.426433786092748,0
Anchorage,AK,203000,2023,10,3,289705,2023-10-01,12.426433786092748,0
Anchorage,AK,203000,2023,11,6,289705,2023-11-01,24.852867572185495,0
Anchorage,AK,203000,2023,12,1,289705,2023-12-01,4.14214459536425,0
Anchorage,AK,203000,2024,1,2,289705,2024-01-01,8.2842891907285,0
Anchorage,AK,203000,2024,2,6,289705,2024-02-01,24.852867572185495,0
Anchorage,AK,203000,2024,3,5,289705,2024-03-01,20.710722976821252,0
Anchorage,AK,203000,2024,4,1,289705,2024-04-01,4.14214459536425,0
Anchorage,AK,203000,2024,5,6,289705,2024-05-01,24.852867572185495,0
Anchorage,AK,203000,2024,6,5,289705,2024-06-01,20.710722976821252,0
Anchorage,AK,203000,2024,7,2,289705,2024-07-01,8.2842891907285,0
Anchorage,AK,203000,2024,8,4,289705,2024-08-01,16.568578381457,0
Anchorage,AK,203000,2024,9,4,289705,2024-09-01,16.568578381457,0
Anchorage,AK,203000,2024,10,6,289705,2024-10-01,24.852867572185495,0
Anchorage,AK,203000,2024,11,6,289705,2024-11-01,24.852867572185495,0
Anchorage,AK,203000,2024,12,6,289705,2024-12-01,24.852867572185495,0
Anchorage,AK,203000,2025,1,3,289705,2025-01-01,12.426433786092748,0
Anchorage,AK,203000,2025,2,3,289705,2025-02-01,12.426433786092748,0
Anchorage,AK,203000,2025,3,0,289705,2025-03-01,0,0
Anchorage,AK,203000,2025,4,2,289705,2025-04-01,8.2842891907285,0
Anchorage,AK,203000,2025,5,0,289705,2025-05-01,0,0
Anchorage,AK,203000,2025,6,3,289705,2025-06-01,12.426433786092748,0
Anchorage,AK,203000,2025,7,4,289705,2025-07-01,16.568578381457,0
Anchorage,AK,203000,2025,8,1,289705,2025-08-01,4.14214459536425,0
Anchorage,AK,203000,2025,9,6,289705,2025-09-01,24.852867572185495,0
Arlington,TX,4804000,2018,1,2,392462,2018-01-01,6.1152417304095685,0
Arlington,TX,4804000,2018,2,1,392713,2018-02-01,3.0556666064021307,0
Arlington,TX,4804000,2018,3,3,392964,2018-03-01,9.161144532323572,0
Arlington,TX,4804000,2018,4,0,393216,2018-04-01,0,0
Arlington,TX,4804000,2018,5,0,393467,2018-05-01,0,0
Arlington,TX,4804000,2018,6,0,393718,2018-06-01,0,0
Arlington,TX,4804000,2018,7,0,393970,2018-07-01,0,0
Arlington,TX,4804000,2018,8,0,394221,2018-08-01,0,0
Arlington,TX,4804000,2018,9,2,394472,2018-09-01,6.08408201342554,0
Arlington,TX,4804000,2018,10,2,394723,2018-10-01,6.080213212809996,0
Arlington,TX,4804000,2018,11,0,394974,2018-11-01,0,0
Arlington,TX,4804000,2018,12,0,395226,2018-12-01,0,0
Arlington,TX,4804000,2019,1,1,395477,2019-01-01,3.0343104655896553,0
Arlington,TX,4804000,2019,2,0,395626,2019-02-01,0,0
Arlington,TX,4804000,2019,3,2,395776,2019-03-01,6.064036222509703,0
Arlington,TX,4804000,2019,4,4,395925,2019-04-01,12.123508240197006,0
Arlington,TX,4804000,2019,5,5,396074,2019-05-01,15.148684336765351,0
Arlington,TX,4804000,2019,6,1,396224,2019-06-01,3.028589888547892,0
Arlington,TX,4804000,2019,7,3,396373,2019-07-01,9.082354247135905,0
Arlington,TX,4804000,2019,8,3,396522,2019-08-01,9.078941395433292,0
Arlington,TX,4804000,2019,9,6,396672,2019-09-01,18.15101645692159,0
Arlington,TX,4804000,2019,10,5,396821,2019-10-01,15.12016753145625,0
Arlington,TX,4804000,2019,11,3,396970,2019-11-01,9.068695367408116,0
Arlington,TX,4804000,2019,12,1,397120,2019-12-01,3.0217566478646254,0
Arlington,TX,4804000,2020,1,9,397269,2020-01-01,27.18560975057203,0
Arlington,TX,4804000,2020,2,2,396855,2020-02-01,6.047548852855577,0
Arlington,TX,4804000,2020,3,4,396441,2020-03-01,12.107728514457385,0
Arlington,TX,4804000,2020,4,5,396028,2020-04-01,15.150443908006505,0
Arlington,TX,4804000,2020,5,4,395614,2020-05-01,12.133038770114304,0
Arlington,TX,4804000,2020,6,7,395200,2020-06-01,21.255060728744937,0
Arlington,TX,4804000,2020,7,8,394787,2020-07-01,24.316910131285987,0
Arlington,TX,4804000,2020,8,1,394373,2020-08-01,3.0428046544768534,0
Arlington,TX,4804000,2020,9,0,393959,2020-09-01,0,0
Arlington,TX,4804000,2020,10,1,393545,2020-10-01,3.049206571040161,0
Arlington,TX,4804000,2020,11,2,393131,2020-11-01,6.104835283912996,0
Arlington,TX,4804000,2020,12,7,392718,2020-12-01,21.389393916245247,0
Arlington,TX,4804000,2021,1,4,392304,2021-01-01,12.23540927444023,0
Arlington,TX,4804000,2021,2,6,392888,2021-02-01,18.325833316364967,0
Arlington,TX,4804000,2021,3,2,393472,2021-03-01,6.099544567338973,0
Arlington,TX,4804000,2021,4,1,394055,2021-04-01,3.0452601794165792,0
Arlington,TX,4804000,2021,5,5,394639,2021-05-01,15.203768507420707,0
Arlington,TX,4804000,2021,6,3,395223,2021-06-01,9.108781624551202,0
Arlington,TX,4804000,2021,7,7,395806,2021-07-01,21.222518102302644,0
Arlington,TX,4804000,2021,8,1,396390,2021-08-01,3.0273215772345416,0
Arlington,TX,4804000,2021,9,3,396974,2021-09-01,9.068603989178133,0
Arlington,TX,4804000,2021,10,3,397558,2021-10-01,9.055282499660427,0
Arlington,TX,4804000,2021,11,3,398142,2021-11-01,9.042000090420002,0
Arlington,TX,4804000,2021,12,4,398725,2021-12-01,12.038372311743684,0
Arlington,TX,4804000,2022,1,5,399309,2022-01-01,15.025957341307107,0
Arlington,TX,4804000,2022,2,2,398895,2022-02-01,6.016620915278457,0
Arlington,TX,4804000,2022,3,4,398481,2022-03-01,12.045743711745356,0
Arlington,TX,4804000,2022,4,4,398068,2022-04-01,12.058241305505593,0
Arlington,TX,4804000,2022,5,8,397654,2022-05-01,24.141590427859395,0
Arlington,TX,4804000,2022,6,1,397240,2022-06-01,3.020843822374384,0
Arlington,TX,4804000,2022,7,3,396827,2022-07-01,9.071963349268069,0
Arlington,TX,4804000,2022,8,2,396413,2022-08-01,6.05429186227495,0
Arlington,TX,4804000,2022,9,0,395999,2022-09-01,0,0
Arlington,TX,4804000,2022,10,2,395585,2022-10-01,6.0669641164351535,0
Arlington,TX,4804000,2022,11,5,395171,2022-11-01,15.183300394006645,0
Arlington,TX,4804000,2022,12,2,394758,2022-12-01,6.07967412946666,0
Arlington,TX,4804000,2023,1,4,394344,2023-01-01,12.172113687541842,0
Arlington,TX,4804000,2023,2,2,394344,2023-02-01,6.086056843770921,0
Arlington,TX,4804000,2023,3,2,394344,2023-03-01,6.086056843770921,0
Arlington,TX,4804000,2023,4,3,394344,2023-04-01,9.129085265656382,0
Arlington,TX,4804000,2023,5,2,394344,2023-05-01,6.086056843770921,0
Arlington,TX,4804000,2023,6,0,394344,2023-06-01,0,0
Arlington,TX,4804000,2023,7,3,394344,2023-07-01,9.129085265656382,0
Arlington,TX,4804000,2023,8,1,394344,2023-08-01,3.0430284218854604,0
Arlington,TX,4804000,2023,9,2,394344,2023-09-01,6.086056843770921,0
Arlington,TX,4804000,2023,10,2,394344,2023-10-01,6.086056843770921,0
Arlington,TX,4804000,2023,11,4,394344,2023-11-01,12.172113687541842,0
Arlington,TX,4804000,2023,12,2,394344,2023-12-01,6.086056843770921,0
Arlington,TX,4804000,2024,1,4,394344,2024-01-01,12.172113687541842,0
Arlington,TX,4804000,2024,2,2,394344,2024-02-01,6.086056843770921,0
Arlington,TX,4804000,2024,3,2,394344,2024-03-01,6.086056843770921,0
Arlington,TX,4804000,2024,4,3,394344,2024-04-01,9.129085265656382,0
Arlington,TX,4804000,2024,5,0,394344,2024-05-01,0,0
Arlington,TX,4804000,2024,6,8,394344,2024-06-01,24.344227375083683,0
Arlington,TX,4804000,2024,7,1,394344,2024-07-01,3.0430284218854604,0
Arlington,TX,4804000,2024,8,2,394344,2024-08-01,6.086056843770921,0
Arlington,TX,4804000,2024,9,3,394344,2024-09-01,9.129085265656382,0
Arlington,TX,4804000,2024,10,2,394344,2024-10-01,6.086056843770921,0
Arlington,TX,4804000,2024,11,3,394344,2024-11-01,9.129085265656382,0
Arlington,TX,4804000,2024,12,2,394344,2024-12-01,6.086056843770921,0
Arlington,TX,4804000,2025,1,2,394344,2025-01-01,6.086056843770921,0
Arlington,TX,4804000,2025,2,1,394344,2025-02-01,3.0430284218854604,0
Arlington,TX,4804000,2025,3,4,394344,2025-03-01,12.172113687541842,0
Arlington,TX,4804000,2025,4,4,394344,2025-04-01,12.172113687541842,0
Arlington,TX,4804000,2025,5,2,394344,2025-05-01,6.086056843770921,0
Arlington,TX,4804000,2025,6,2,394344,2025-06-01,6.086056843770921,0
Arlington,TX,4804000,2025,7,1,394344,2025-07-01,3.0430284218854604,0
Arlington,TX,4804000,2025,8,0,394344,2025-08-01,0,0
Arlington,TX,4804000,2025,9,1,394344,2025-09-01,3.0430284218854604,0
Atlanta,GA,1304000,2018,1,9,479655,2018-01-01,22.51618350689558,0
Atlanta,GA,1304000,2018,2,17,480417,2018-02-01,42.46311017303717,0
Atlanta,GA,1304000,2018,3,13,481179,2018-03-01,32.420367472395924,0
Atlanta,GA,1304000,2018,4,11,481941,2018-04-01,27.38924474157625,0
Atlanta,GA,1304000,2018,5,20,482703,2018-05-01,49.72001417020404,0
Atlanta,GA,1304000,2018,6,23,483465,2018-06-01,57.08789674536936,0
Atlanta,GA,1304000,2018,7,20,484227,2018-07-01,49.56353115377705,0
Atlanta,GA,1304000,2018,8,20,484990,2018-08-01,49.485556403224805,0
Atlanta,GA,1304000,2018,9,14,485752,2018-09-01,34.58554982789572,0
Atlanta,GA,1304000,2018,10,19,486514,2018-10-01,46.8640162461923,0
Atlanta,GA,1304000,2018,11,11,487276,2018-11-01,27.089370295274136,0
Atlanta,GA,1304000,2018,12,14,488038,2018-12-01,34.42354898593962,0
Atlanta,GA,1304000,2019,1,9,488800,2019-01-01,22.0949263502455,0
Atlanta,GA,1304000,2019,2,13,489537,2019-02-01,31.866845611261255,0
Atlanta,GA,1304000,2019,3,22,490274,2019-03-01,53.84744041087229,0
Atlanta,GA,1304000,2019,4,16,491010,2019-04-01,39.10307325716381,0
Atlanta,GA,1304000,2019,5,14,491747,2019-05-01,34.16390949004264,0
Atlanta,GA,1304000,2019,6,30,492484,2019-06-01,73.09882148455584,0
Atlanta,GA,1304000,2019,7,25,493221,2019-07-01,60.82466075045467,0
Atlanta,GA,1304000,2019,8,31,493958,2019-08-01,75.31004660315249,0
Atlanta,GA,1304000,2019,9,12,494695,2019-09-01,29.10884484379264,0
Atlanta,GA,1304000,2019,10,21,495432,2019-10-01,50.86469989827061,0
Atlanta,GA,1304000,2019,11,16,496168,2019-11-01,38.69657051643797,0
Atlanta,GA,1304000,2019,12,26,496905,2019-12-01,62.78866181664503,0
Atlanta,GA,1304000,2020,1,15,497642,2020-01-01,36.170580457437275,0
Atlanta,GA,1304000,2020,2,20,497189,2020-02-01,48.27138170796216,0
Atlanta,GA,1304000,2020,3,21,496736,2020-03-01,50.73117309798364,0
Atlanta,GA,1304000,2020,4,19,496282,2020-04-01,45.94162190045176,0
Atlanta,GA,1304000,2020,5,28,495829,2020-05-01,67.7652981168911,0
Atlanta,GA,1304000,2020,6,59,495376,2020-06-01,142.92174025386777,0
Atlanta,GA,1304000,2020,7,62,494923,2020-07-01,150.32641441193883,0
Atlanta,GA,1304000,2020,8,43,494470,2020-08-01,104.3541569761563,0
Atlanta,GA,1304000,2020,9,16,494017,2020-09-01,38.86505929957876,0
Atlanta,GA,1304000,2020,10,43,493564,2020-10-01,104.54571241014337,0
Atlanta,GA,1304000,2020,11,42,493110,2020-11-01,102.20843219565614,0
Atlanta,GA,1304000,2020,12,50,492657,2020-12-01,121.78858719149429,0
Atlanta,GA,1304000,2021,1,24,492204,2021-01-01,58.51232415827583,0
Atlanta,GA,1304000,2021,2,41,493781,2021-02-01,99.63931378485604,0
Atlanta,GA,1304000,2021,3,48,495358,2021-03-01,116.27953924232574,0
Atlanta,GA,1304000,2021,4,44,496936,2021-04-01,106.25110678236231,0
Atlanta,GA,1304000,2021,5,81,498513,2021-05-01,194.97987013377784,0
Atlanta,GA,1304000,2021,6,74,500090,2021-06-01,177.5680377532044,0
Atlanta,GA,1304000,2021,7,58,501667,2021-07-01,138.73744934388748,0
Atlanta,GA,1304000,2021,8,83,503244,2021-08-01,197.91592150129958,0
Atlanta,GA,1304000,2021,9,49,504821,2021-09-01,116.47692944627897,0
Atlanta,GA,1304000,2021,10,46,506398,2021-10-01,109.00516984664236,0
Atlanta,GA,1304000,2021,11,38,507976,2021-11-01,89.7680205364033,0
Atlanta,GA,1304000,2021,12,56,509553,2021-12-01,131.88029508216025,0
Atlanta,GA,1304000,2022,1,55,511130,2022-01-01,129.1256627472463,0
Atlanta,GA,1304000,2022,2,33,510677,2022-02-01,77.54412280169267,0
Atlanta,GA,1304000,2022,3,51,510224,2022-03-01,119.94731725673428,0
Atlanta,GA,1304000,2022,4,61,509770,2022-04-01,143.59416991976775,0
Atlanta,GA,1304000,2022,5,43,509317,2022-05-01,101.3121494079326,0
Atlanta,GA,1304000,2022,6,55,508864,2022-06-01,129.70066658281976,0
Atlanta,GA,1304000,2022,7,53,508411,2022-07-01,125.09564112499532,0
Atlanta,GA,1304000,2022,8,63,507958,2022-08-01,148.83120257974085,0
Atlanta,GA,1304000,2022,9,50,507505,2022-09-01,118.22543620259898,0
Atlanta,GA,1304000,2022,10,46,507052,2022-10-01,108.8645740476322,0
Atlanta,GA,1304000,2022,11,56,506598,2022-11-01,132.64955645304562,0
Atlanta,GA,1304000,2022,12,54,506145,2022-12-01,128.026553655573,0
Atlanta,GA,1304000,2023,1,43,505692,2023-01-01,102.03839491231817,0
Atlanta,GA,1304000,2023,2,49,505692,2023-02-01,116.27631048147884,0
Atlanta,GA,1304000,2023,3,34,505692,2023-03-01,80.68152155857716,0
Atlanta,GA,1304000,2023,4,56,505692,2023-04-01,132.88721197883297,0
Atlanta,GA,1304000,2023,5,71,505692,2023-05-01,168.48200090173466,0
Atlanta,GA,1304000,2023,6,44,505692,2023-06-01,104.41138084051161,0
Atlanta,GA,1304000,2023,7,56,505692,2023-07-01,132.88721197883297,0
Atlanta,GA,1304000,2023,8,47,505692,2023-08-01,111.53033862509196,0
Atlanta,GA,1304000,2023,9,50,505692,2023-09-01,118.6492964096723,0
Atlanta,GA,1304000,2023,10,45,505692,2023-10-01,106.78436676870506,0
Atlanta,GA,1304000,2023,11,52,505692,2023-11-01,123.39526826605919,0
Atlanta,GA,1304000,2023,12,42,505692,2023-12-01,99.66540898412472,0
Atlanta,GA,1304000,2024,1,38,505692,2024-01-01,90.17346527135095,0
Atlanta,GA,1304000,2024,2,46,505692,2024-02-01,109.1573526968985,0
Atlanta,GA,1304000,2024,3,33,505692,2024-03-01,78.30853563038372,0
Atlanta,GA,1304000,2024,4,64,505692,2024-04-01,151.87109940438054,0
Atlanta,GA,1304000,2024,5,73,505692,2024-05-01,173.22797275812155,0
Atlanta,GA,1304000,2024,6,49,505692,2024-06-01,116.27631048147884,0
Atlanta,GA,1304000,2024,7,40,505692,2024-07-01,94.91943712773784,0
Atlanta,GA,1304000,2024,8,47,505692,2024-08-01,111.53033862509196,0
Atlanta,GA,1304000,2024,9,54,505692,2024-09-01,128.14124012244608,0
Atlanta,GA,1304000,2024,10,58,505692,2024-10-01,137.63318383521985,0
Atlanta,GA,1304000,2024,11,106,505692,2024-11-01,251.53650838850524,0
Atlanta,GA,1304000,2024,12,98,505692,2024-12-01,232.5526209629577,0
Atlanta,GA,1304000,2025,1,97,505692,2025-01-01,230.17963503476426,0
Atlanta,GA,1304000,2025,2,75,505692,2025-02-01,177.97394461450844,0
Atlanta,GA,1304000,2025,3,116,505692,2025-03-01,275.2663676704397,0
Atlanta,GA,1304000,2025,4,116,505692,2025-04-01,275.2663676704397,0
Atlanta,GA,1304000,2025,5,107,505692,2025-05-01,253.9094943166987,0
Atlanta,GA,1304000,2025,6,107,505692,2025-06-01,253.9094943166987,0
Atlanta,GA,1304000,2025,7,138,505692,2025-07-01,327.47205809069555,0
Atlanta,GA,1304000,2025,8,99,505692,2025-08-01,234.92560689115115,0
Atlanta,GA,1304000,2025,9,99,505692,2025-09-01,234.92560689115115,0
Aurora,CO,804000,2018,1,2,363550,2018-01-01,6.601567872369687,0
Aurora,CO,804000,2018,2,0,364013,2018-02-01,0,0
Aurora,CO,804000,2018,3,6,364477,2018-03-01,19.75433292087018,0
Aurora,CO,804000,2018,4,1,364940,2018-04-01,3.2882117608373975,0
Aurora,CO,804000,2018,5,5,365404,2018-05-01,16.420181497739485,0
Aurora,CO,804000,2018,6,3,365867,2018-06-01,9.839641181084929,0
Aurora,CO,804000,2018,7,2,366330,2018-07-01,6.551469986078127,0
Aurora,CO,804000,2018,8,4,366794,2018-08-01,13.086364553400546,0
Aurora,CO,804000,2018,9,2,367257,2018-09-01,6.534933302836977,0
Aurora,CO,804000,2018,10,1,367721,2018-10-01,3.2633436763198187,0
Aurora,CO,804000,2018,11,2,368184,2018-11-01,6.518479890489539,0
Aurora,CO,804000,2018,12,1,368648,2018-12-01,3.2551376923243858,0
Aurora,CO,804000,2019,1,2,369111,2019-01-01,6.502109121646335,0
Aurora,CO,804000,2019,2,0,369971,2019-02-01,0,0
Aurora,CO,804000,2019,3,2,370831,2019-03-01,6.471950834746824,0
Aurora,CO,804000,2019,4,8,371692,2019-04-01,25.827835950195322,0
Aurora,CO,804000,2019,5,1,372552,2019-05-01,3.22102686336404,0
Aurora,CO,804000,2019,6,6,373412,2019-06-01,19.28165136631924,0
Aurora,CO,804000,2019,7,6,374273,2019-07-01,19.2372947019956,0
Aurora,CO,804000,2019,8,0,375133,2019-08-01,0,0
Aurora,CO,804000,2019,9,0,375993,2019-09-01,0,0
Aurora,CO,804000,2019,10,3,376853,2019-10-01,9.552796448482564,0
Aurora,CO,804000,2019,11,9,377713,2019-11-01,28.59313817634024,0
Aurora,CO,804000,2019,12,6,378574,2019-12-01,19.01873874064252,0
Aurora,CO,804000,2020,1,9,379434,2020-01-01,28.463448188617782,0
Aurora,CO,804000,2020,2,6,379772,2020-02-01,18.958743667252982,0
Aurora,CO,804000,2020,3,2,380111,2020-03-01,6.313945137078379,0
Aurora,CO,804000,2020,4,2,380450,2020-04-01,6.3083190958075965,0
Aurora,CO,804000,2020,5,9,380788,2020-05-01,28.362238305828967,0
Aurora,CO,804000,2020,6,24,381126,2020-06-01,75.56556099557626,0
Aurora,CO,804000,2020,7,17,381465,2020-07-01,53.478038614289645,0
Aurora,CO,804000,2020,8,14,381804,2020-08-01,44.001634346418584,0
Aurora,CO,804000,2020,9,9,382142,2020-09-01,28.26174563382198,0
Aurora,CO,804000,2020,10,4,382480,2020-10-01,12.54967580004183,0
Aurora,CO,804000,2020,11,18,382819,2020-11-01,56.423531747379315,0
Aurora,CO,804000,2020,12,9,383158,2020-12-01,28.186805443185314,0
Aurora,CO,804000,2021,1,12,383496,2021-01-01,37.54928343450779,0
Aurora,CO,804000,2021,2,15,384248,2021-02-01,46.84474610147613,0
Aurora,CO,804000,2021,3,11,385000,2021-03-01,34.285714285714285,0
Aurora,CO,804000,2021,4,9,385752,2021-04-01,27.99726248988988,0
Aurora,CO,804000,2021,5,13,386504,2021-05-01,40.36180738103616,0
Aurora,CO,804000,2021,6,17,387256,2021-06-01,52.678331646249504,0
Aurora,CO,804000,2021,7,15,388008,2021-07-01,46.390796066060496,0
Aurora,CO,804000,2021,8,14,388760,2021-08-01,43.21432246115856,0
Aurora,CO,804000,2021,9,10,389512,2021-09-01,30.807779991373827,0
Aurora,CO,804000,2021,10,23,390264,2021-10-01,70.72135785007072,0
Aurora,CO,804000,2021,11,23,391016,2021-11-01,70.5853468911758,0
Aurora,CO,804000,2021,12,12,391768,2021-12-01,36.756447693532905,0
Aurora,CO,804000,2022,1,15,392520,2022-01-01,45.85753592173647,0
Aurora,CO,804000,2022,2,19,392858,2022-02-01,58.036237011846524,0
Aurora,CO,804000,2022,3,17,393197,2022-03-01,51.882389743563664,0
Aurora,CO,804000,2022,4,20,393536,2022-04-01,60.98552610180517,0
Aurora,CO,804000,2022,5,17,393874,2022-05-01,51.79321305798301,0
Aurora,CO,804000,2022,6,15,394212,2022-06-01,45.660710480655084,0
Aurora,CO,804000,2022,7,17,394551,2022-07-01,51.704342404403995,0
Aurora,CO,804000,2022,8,14,394890,2022-08-01,42.543493124667634,0
Aurora,CO,804000,2022,9,11,395228,2022-09-01,33.39844343012135,0
Aurora,CO,804000,2022,10,12,395566,2022-10-01,36.40353316513553,0
Aurora,CO,804000,2022,11,4,395905,2022-11-01,12.12412068551799,0
Aurora,CO,804000,2022,12,13,396244,2022-12-01,39.36968130747721,0
Aurora,CO,804000,2023,1,4,396582,2023-01-01,12.103423755994978,0
Aurora,CO,804000,2023,2,14,396582,2023-02-01,42.36198314598242,0
Aurora,CO,804000,2023,3,16,396582,2023-03-01,48.41369502397991,0
Aurora,CO,804000,2023,4,9,396582,2023-04-01,27.232703450988698,0
Aurora,CO,804000,2023,5,20,396582,2023-05-01,60.51711877997488,0
Aurora,CO,804000,2023,6,10,396582,2023-06-01,30.25855938998744,0
Aurora,CO,804000,2023,7,19,396582,2023-07-01,57.491262840976134,0
Aurora,CO,804000,2023,8,11,396582,2023-08-01,33.284415328986185,0
Aurora,CO,804000,2023,9,7,396582,2023-09-01,21.18099157299121,0
Aurora,CO,804000,2023,10,8,396582,2023-10-01,24.206847511989956,0
Aurora,CO,804000,2023,11,7,396582,2023-11-01,21.18099157299121,0
Aurora,CO,804000,2023,12,10,396582,2023-12-01,30.25855938998744,0
Aurora,CO,804000,2024,1,7,396582,2024-01-01,21.18099157299121,0
Aurora,CO,804000,2024,2,8,396582,2024-02-01,24.206847511989956,0
Aurora,CO,804000,2024,3,12,396582,2024-03-01,36.31027126798493,0
Aurora,CO,804000,2024,4,5,396582,2024-04-01,15.12927969499372,0
Aurora,CO,804000,2024,5,11,396582,2024-05-01,33.284415328986185,0
Aurora,CO,804000,2024,6,10,396582,2024-06-01,30.25855938998744,0
Aurora,CO,804000,2024,7,15,396582,2024-07-01,45.38783908498117,0
Aurora,CO,804000,2024,8,15,396582,2024-08-01,45.38783908498117,0
Aurora,CO,804000,2024,9,10,396582,2024-09-01,30.25855938998744,0
Aurora,CO,804000,2024,10,8,396582,2024-10-01,24.206847511989956,0
Aurora,CO,804000,2024,11,10,396582,2024-11-01,30.25855938998744,0
Aurora,CO,804000,2024,12,6,396582,2024-12-01,18.155135633992465,0
Aurora,CO,804000,2025,1,6,396582,2025-01-01,18.155135633992465,0
Aurora,CO,804000,2025,2,6,396582,2025-02-01,18.155135633992465,0
Aurora,CO,804000,2025,3,5,396582,2025-03-01,15.12927969499372,0
Aurora,CO,804000,2025,4,9,396582,2025-04-01,27.232703450988698,0
Aurora,CO,804000,2025,5,6,396582,2025-05-01,18.155135633992465,0
Aurora,CO,804000,2025,6,10,396582,2025-06-01,30.25855938998744,0
Aurora,CO,804000,2025,7,8,396582,2025-07-01,24.206847511989956,0
Aurora,CO,804000,2025,8,3,396582,2025-08-01,9.077567816996233,0
Aurora,CO,804000,2025,9,0,396582,2025-09-01,0,0
Austin,TX,4805000,2018,1,5,935755,2018-01-01,6.411934747877383,0
Austin,TX,4805000,2018,2,2,937009,2018-02-01,2.561341459900598,0
Austin,TX,4805000,2018,3,10,938264,2018-03-01,12.789577347100604,0
Austin,TX,4805000,2018,4,3,939518,2018-04-01,3.8317520260388833,0
Austin,TX,4805000,2018,5,3,940772,2018-05-01,3.826644500474079,0
Austin,TX,4805000,2018,6,3,942027,2018-06-01,3.821546516182657,0
Austin,TX,4805000,2018,7,4,943281,2018-07-01,5.08862152423297,0
Austin,TX,4805000,2018,8,2,944535,2018-08-01,2.5409328399688738,0
Austin,TX,4805000,2018,9,10,945790,2018-09-01,12.687805961154169,0
Austin,TX,4805000,2018,10,6,947044,2018-10-01,7.602603469321383,0
Austin,TX,4805000,2018,11,5,948298,2018-11-01,6.327125017663224,0
Austin,TX,4805000,2018,12,6,949553,2018-12-01,7.582515141334923,0
Austin,TX,4805000,2019,1,4,950807,2019-01-01,5.048343144297423,0
Austin,TX,4805000,2019,2,4,952062,2019-02-01,5.0416884614657445,0
Austin,TX,4805000,2019,3,13,953318,2019-03-01,16.36389955922368,0
Austin,TX,4805000,2019,4,5,954573,2019-04-01,6.285532903193364,0
Austin,TX,4805000,2019,5,7,955829,2019-05-01,8.788182823496673,0
Austin,TX,4805000,2019,6,11,957084,2019-06-01,13.791892874606617,0
Austin,TX,4805000,2019,7,12,958339,2019-07-01,15.025998107141628,0
Austin,TX,4805000,2019,8,9,959595,2019-08-01,11.25474809685336,0
Austin,TX,4805000,2019,9,7,960850,2019-09-01,8.742259457771766,0
Austin,TX,4805000,2019,10,3,962106,2019-10-01,3.7417914450174923,0
Austin,TX,4805000,2019,11,8,963361,2019-11-01,9.965111728625097,0
Austin,TX,4805000,2019,12,5,964617,2019-12-01,6.220085277369153,0
Austin,TX,4805000,2020,1,13,965872,2020-01-01,16.151208441698277,0
Austin,TX,4805000,2020,2,6,964104,2020-02-01,7.468073983719599,0
Austin,TX,4805000,2020,3,5,962336,2020-03-01,6.2348285837794695,0
Austin,TX,4805000,2020,4,1,960568,2020-04-01,1.2492608539947199,0
Austin,TX,4805000,2020,5,7,958801,2020-05-01,8.760942051583175,0
Austin,TX,4805000,2020,6,13,957033,2020-06-01,16.30037835685917,0
Austin,TX,4805000,2020,7,13,955265,2020-07-01,16.330547020983705,0
Austin,TX,4805000,2020,8,13,953497,2020-08-01,16.36082756421887,0
Austin,TX,4805000,2020,9,6,951729,2020-09-01,7.565178743108595,0
Austin,TX,4805000,2020,10,12,949962,2020-10-01,15.15850107688518,0
Austin,TX,4805000,2020,11,11,948194,2020-11-01,13.921201779382699,0
Austin,TX,4805000,2020,12,5,946426,2020-12-01,6.339639866191335,0
Austin,TX,4805000,2021,1,7,944658,2021-01-01,8.892106984750036,0
Austin,TX,4805000,2021,2,9,947582,2021-02-01,11.397430512609992,0
Austin,TX,4805000,2021,3,15,950506,2021-03-01,18.93728182673229,0
Austin,TX,4805000,2021,4,12,953430,2021-04-01,15.103363644945093,0
Austin,TX,4805000,2021,5,11,956355,2021-05-01,13.802406010320436,0
Austin,TX,4805000,2021,6,30,959279,2021-06-01,37.528185230782704,0
Austin,TX,4805000,2021,7,17,962203,2021-07-01,21.20134732483686,0
Austin,TX,4805000,2021,8,11,965127,2021-08-01,13.676956504169919,0
Austin,TX,4805000,2021,9,20,968051,2021-09-01,24.79208223533678,0
Austin,TX,4805000,2021,10,19,970976,2021-10-01,23.481527864746397,0
Austin,TX,4805000,2021,11,14,973900,2021-11-01,17.250231029879863,0
Austin,TX,4805000,2021,12,9,976824,2021-12-01,11.056239404437237,0
Austin,TX,4805000,2022,1,14,979748,2022-01-01,17.147266439941703,0
Austin,TX,4805000,2022,2,6,977980,2022-02-01,7.362113744657355,0
Austin,TX,4805000,2022,3,23,976212,2022-03-01,28.272547356516824,0
Austin,TX,4805000,2022,4,10,974444,2022-04-01,12.314714852777584,0
Austin,TX,4805000,2022,5,19,972677,2022-05-01,23.440463792194123,0
Austin,TX,4805000,2022,6,14,970909,2022-06-01,17.30337240668281,0
Austin,TX,4805000,2022,7,16,969141,2022-07-01,19.811358718700376,0
Austin,TX,4805000,2022,8,19,967373,2022-08-01,23.568985282822656,0
Austin,TX,4805000,2022,9,10,965605,2022-09-01,12.427441862873536,0
Austin,TX,4805000,2022,10,13,963838,2022-10-01,16.185292549162828,0
Austin,TX,4805000,2022,11,10,962070,2022-11-01,12.473104867629175,0
Austin,TX,4805000,2022,12,9,960302,2022-12-01,11.246462050479954,0
Austin,TX,4805000,2023,1,18,958534,2023-01-01,22.534411924876945,0
Austin,TX,4805000,2023,2,11,958534,2023-02-01,13.771029509647025,0
Austin,TX,4805000,2023,3,10,958534,2023-03-01,12.519117736042748,0
Austin,TX,4805000,2023,4,5,958534,2023-04-01,6.259558868021374,0
Austin,TX,4805000,2023,5,4,958534,2023-05-01,5.007647094417099,0
Austin,TX,4805000,2023,6,5,958534,2023-06-01,6.259558868021374,0
Austin,TX,4805000,2023,7,11,958534,2023-07-01,13.771029509647025,0
Austin,TX,4805000,2023,8,5,958534,2023-08-01,6.259558868021374,0
Austin,TX,4805000,2023,9,7,958534,2023-09-01,8.763382415229923,0
Austin,TX,4805000,2023,10,12,958534,2023-10-01,15.0229412832513,0
Austin,TX,4805000,2023,11,11,958534,2023-11-01,13.771029509647025,0
Austin,TX,4805000,2023,12,16,958534,2023-12-01,20.030588377668398,0
Austin,TX,4805000,2024,1,9,958534,2024-01-01,11.267205962438473,0
Austin,TX,4805000,2024,2,2,958534,2024-02-01,2.5038235472085497,0
Austin,TX,4805000,2024,3,10,958534,2024-03-01,12.519117736042748,0
Austin,TX,4805000,2024,4,7,958534,2024-04-01,8.763382415229923,0
Austin,TX,4805000,2024,5,6,958534,2024-05-01,7.51147064162565,0
Austin,TX,4805000,2024,6,11,958534,2024-06-01,13.771029509647025,0
Austin,TX,4805000,2024,7,6,958534,2024-07-01,7.51147064162565,0
Austin,TX,4805000,2024,8,4,958534,2024-08-01,5.007647094417099,0
Austin,TX,4805000,2024,9,7,958534,2024-09-01,8.763382415229923,0
Austin,TX,4805000,2024,10,7,958534,2024-10-01,8.763382415229923,0
Austin,TX,4805000,2024,11,9,958534,2024-11-01,11.267205962438473,0
Austin,TX,4805000,2024,12,6,958534,2024-12-01,7.51147064162565,0
Austin,TX,4805000,2025,1,6,958534,2025-01-01,7.51147064162565,0
Austin,TX,4805000,2025,2,6,958534,2025-02-01,7.51147064162565,0
Austin,TX,4805000,2025,3,13,958534,2025-03-01,16.274853056855573,0
Austin,TX,4805000,2025,4,8,958534,2025-04-01,10.015294188834199,0
Austin,TX,4805000,2025,5,3,958534,2025-05-01,3.755735320812825,0
Austin,TX,4805000,2025,6,7,958534,2025-06-01,8.763382415229923,0
Austin,TX,4805000,2025,7,5,958534,2025-07-01,6.259558868021374,0
Austin,TX,4805000,2025,8,8,958534,2025-08-01,10.015294188834199,0
Austin,TX,4805000,2025,9,2,958534,2025-09-01,2.5038235472085497,0
Bakersfield,CA,603526,2018,1,8,375699,2018-01-01,25.552370381608682,0
Bakersfield,CA,603526,2018,2,2,375884,2018-02-01,6.384948547956284,0
Bakersfield,CA,603526,2018,3,8,376069,2018-03-01,25.52723037527688,0
Bakersfield,CA,603526,2018,4,6,376253,2018-04-01,19.136060044703964,0
Bakersfield,CA,603526,2018,5,6,376438,2018-05-01,19.126655651129802,0
Bakersfield,CA,603526,2018,6,5,376623,2018-06-01,15.931050413809036,0
Bakersfield,CA,603526,2018,7,7,376808,2018-07-01,22.292520328655442,0
Bakersfield,CA,603526,2018,8,4,376993,2018-08-01,12.732331900061805,0
Bakersfield,CA,603526,2018,9,11,377178,2018-09-01,34.99673894023512,0
Bakersfield,CA,603526,2018,10,2,377363,2018-10-01,6.359923998908213,0
Bakersfield,CA,603526,2018,11,3,377547,2018-11-01,9.535236672520243,0
Bakersfield,CA,603526,2018,12,4,377732,2018-12-01,12.70742219351286,0
Bakersfield,CA,603526,2019,1,6,377917,2019-01-01,19.051802379887647,0
Bakersfield,CA,603526,2019,2,6,378081,2019-02-01,19.043538289414172,0
Bakersfield,CA,603526,2019,3,1,378244,2019-03-01,3.172555281775785,0
Bakersfield,CA,603526,2019,4,8,378407,2019-04-01,25.369509549241958,0
Bakersfield,CA,603526,2019,5,4,378571,2019-05-01,12.679259636897703,0
Bakersfield,CA,603526,2019,6,5,378735,2019-06-01,15.842211572735554,0
Bakersfield,CA,603526,2019,7,4,378898,2019-07-01,12.668317066862322,0
Bakersfield,CA,603526,2019,8,4,379061,2019-08-01,12.662869564529192,0
Bakersfield,CA,603526,2019,9,9,379225,2019-09-01,28.479135078119846,0
Bakersfield,CA,603526,2019,10,7,379389,2019-10-01,22.14086333552106,0
Bakersfield,CA,603526,2019,11,5,379552,2019-11-01,15.808110614619341,0
Bakersfield,CA,603526,2019,12,6,379715,2019-12-01,18.96158961326258,0
Bakersfield,CA,603526,2020,1,0,379879,2020-01-01,0,0
Bakersfield,CA,603526,2020,2,2,381452,2020-02-01,6.291748372010108,0
Bakersfield,CA,603526,2020,3,6,383025,2020-03-01,18.797728607793225,0
Bakersfield,CA,603526,2020,4,2,384598,2020-04-01,6.240282060749145,0
Bakersfield,CA,603526,2020,5,16,386171,2020-05-01,49.71890690911539,0
Bakersfield,CA,603526,2020,6,6,387744,2020-06-01,18.568952711067098,0
Bakersfield,CA,603526,2020,7,6,389317,2020-07-01,18.493926543151208,0
Bakersfield,CA,603526,2020,8,9,390891,2020-08-01,27.629185629753565,0
Bakersfield,CA,603526,2020,9,18,392464,2020-09-01,55.036895103754745,0
Bakersfield,CA,603526,2020,10,11,394037,2020-10-01,33.49939218905839,0
Bakersfield,CA,603526,2020,11,5,395610,2020-11-01,15.16645180859938,0
Bakersfield,CA,603526,2020,12,10,397183,2020-12-01,30.21277345707142,0
Bakersfield,CA,603526,2021,1,18,398756,2021-01-01,54.1684639227999,0
Bakersfield,CA,603526,2021,2,8,398269,2021-02-01,24.10431140761646,0
Bakersfield,CA,603526,2021,3,7,397783,2021-03-01,21.11704120085574,0
Bakersfield,CA,603526,2021,4,9,397296,2021-04-01,27.183762232693006,0
Bakersfield,CA,603526,2021,5,7,396810,2021-05-01,21.16882135026839,0
Bakersfield,CA,603526,2021,6,16,396323,2021-06-01,48.44533373031592,0
Bakersfield,CA,603526,2021,7,5,395836,2021-07-01,15.157792621186552,0
Bakersfield,CA,603526,2021,8,16,395350,2021-08-01,48.56456304540281,0
Bakersfield,CA,603526,2021,9,6,394863,2021-09-01,18.23417235851422,0
Bakersfield,CA,603526,2021,10,4,394377,2021-10-01,12.171095170357297,0
Bakersfield,CA,603526,2021,11,4,393890,2021-11-01,12.186143339511032,0
Bakersfield,CA,603526,2021,12,9,393404,2021-12-01,27.452694939553233,0
Bakersfield,CA,603526,2022,1,11,392917,2022-01-01,33.594881361712524,0
Bakersfield,CA,603526,2022,2,6,394490,2022-02-01,18.25141321706507,0
Bakersfield,CA,603526,2022,3,15,396063,2022-03-01,45.44731519985457,0
Bakersfield,CA,603526,2022,4,2,397636,2022-04-01,6.035670814513777,0
Bakersfield,CA,603526,2022,5,7,399209,2022-05-01,21.04160978334657,0
Bakersfield,CA,603526,2022,6,4,400782,2022-06-01,11.976585774810246,0
Bakersfield,CA,603526,2022,7,8,402355,2022-07-01,23.859527034583888,0
Bakersfield,CA,603526,2022,8,11,403929,2022-08-01,32.679010420148096,0
Bakersfield,CA,603526,2022,9,4,405502,2022-09-01,11.837179594675241,0
Bakersfield,CA,603526,2022,10,2,407075,2022-10-01,5.895719462015599,0
Bakersfield,CA,603526,2022,11,4,408648,2022-11-01,11.746050390556176,0
Bakersfield,CA,603526,2022,12,2,410221,2022-12-01,5.850504971710371,0
Bakersfield,CA,603526,2023,1,6,411794,2023-01-01,17.484470390535073,0
Bakersfield,CA,603526,2023,2,8,411794,2023-02-01,23.312627187380095,0
Bakersfield,CA,603526,2023,3,5,411794,2023-03-01,14.570391992112562,0
Bakersfield,CA,603526,2023,4,4,411794,2023-04-01,11.656313593690047,0
Bakersfield,CA,603526,2023,5,1,411794,2023-05-01,2.914078398422512,0
Bakersfield,CA,603526,2023,6,4,411794,2023-06-01,11.656313593690047,0
Bakersfield,CA,603526,2023,7,5,411794,2023-07-01,14.570391992112562,0
Bakersfield,CA,603526,2023,8,3,411794,2023-08-01,8.742235195267536,0
Bakersfield,CA,603526,2023,9,9,411794,2023-09-01,26.22670558580261,0
Bakersfield,CA,603526,2023,10,2,411794,2023-10-01,5.828156796845024,0
Bakersfield,CA,603526,2023,11,3,411794,2023-11-01,8.742235195267536,0
Bakersfield,CA,603526,2023,12,3,411794,2023-12-01,8.742235195267536,0
Bakersfield,CA,603526,2024,1,4,411794,2024-01-01,11.656313593690047,0
Bakersfield,CA,603526,2024,2,4,411794,2024-02-01,11.656313593690047,0
Bakersfield,CA,603526,2024,3,3,411794,2024-03-01,8.742235195267536,0
Bakersfield,CA,603526,2024,4,3,411794,2024-04-01,8.742235195267536,0
Bakersfield,CA,603526,2024,5,2,411794,2024-05-01,5.828156796845024,0
Bakersfield,CA,603526,2024,6,1,411794,2024-06-01,2.914078398422512,0
Bakersfield,CA,603526,2024,7,2,411794,2024-07-01,5.828156796845024,0
Bakersfield,CA,603526,2024,8,3,411794,2024-08-01,8.742235195267536,0
Bakersfield,CA,603526,2024,9,0,411794,2024-09-01,0,0
Bakersfield,CA,603526,2024,10,4,411794,2024-10-01,11.656313593690047,0
Bakersfield,CA,603526,2024,11,5,411794,2024-11-01,14.570391992112562,0
Bakersfield,CA,603526,2024,12,2,411794,2024-12-01,5.828156796845024,0
Bakersfield,CA,603526,2025,1,1,411794,2025-01-01,2.914078398422512,0
Bakersfield,CA,603526,2025,2,4,411794,2025-02-01,11.656313593690047,0
Bakersfield,CA,603526,2025,3,3,411794,2025-03-01,8.742235195267536,0
Bakersfield,CA,603526,2025,4,1,411794,2025-04-01,2.914078398422512,0
Bakersfield,CA,603526,2025,5,0,411794,2025-05-01,0,0
Bakersfield,CA,603526,2025,6,1,411794,2025-06-01,2.914078398422512,0
Bakersfield,CA,603526,2025,7,4,411794,2025-07-01,11.656313593690047,0
Bakersfield,CA,603526,2025,8,1,411794,2025-08-01,2.914078398422512,0
Bakersfield,CA,603526,2025,9,6,411794,2025-09-01,17.484470390535073,0
Baltimore,MD,2404000,2018,1,62,614700,2018-01-01,121.03465104929234,0
Baltimore,MD,2404000,2018,2,38,614228,2018-02-01,74.23953320265439,0
Baltimore,MD,2404000,2018,3,70,613755,2018-03-01,136.86242881931716,0
Baltimore,MD,2404000,2018,4,88,613283,2018-04-01,172.18804369271606,0
Baltimore,MD,2404000,2018,5,77,612811,2018-05-01,150.78058324671065,0
Baltimore,MD,2404000,2018,6,76,612338,2018-06-01,148.93735159340102,0
Baltimore,MD,2404000,2018,7,82,611866,2018-07-01,160.81952584389396,0
Baltimore,MD,2404000,2018,8,114,611394,2018-08-01,223.75096909685078,0
Baltimore,MD,2404000,2018,9,94,610921,2018-09-01,184.6392577763737,0
Baltimore,MD,2404000,2018,10,96,610449,2018-10-01,188.71355346638293,0
Baltimore,MD,2404000,2018,11,66,609977,2018-11-01,129.84096121657046,0
Baltimore,MD,2404000,2018,12,98,609504,2018-12-01,192.94377067254686,0
Baltimore,MD,2404000,2019,1,72,609032,2019-01-01,141.86446689172325,0
Baltimore,MD,2404000,2019,2,59,608469,2019-02-01,116.3576123023523,0
Baltimore,MD,2404000,2019,3,73,607906,2019-03-01,144.10122617641542,0
Baltimore,MD,2404000,2019,4,92,607342,2019-04-01,181.77567169733032,0
Baltimore,MD,2404000,2019,5,99,606779,2019-05-01,195.78792278572593,0
Baltimore,MD,2404000,2019,6,115,606216,2019-06-01,227.64163268537948,0
Baltimore,MD,2404000,2019,7,126,605653,2019-07-01,249.64790069561286,0
Baltimore,MD,2404000,2019,8,120,605090,2019-08-01,237.98112677452943,0
Baltimore,MD,2404000,2019,9,82,604527,2019-09-01,162.7718861192304,0
Baltimore,MD,2404000,2019,10,97,603964,2019-10-01,192.72671881105498,0
Baltimore,MD,2404000,2019,11,68,603400,2019-11-01,135.2336758369241,0
Baltimore,MD,2404000,2019,12,94,602837,2019-12-01,187.11525669459576,0
Baltimore,MD,2404000,2020,1,66,602274,2020-01-01,131.50160890226044,0
Baltimore,MD,2404000,2020,2,67,601435,2020-02-01,133.6802813271592,0
Baltimore,MD,2404000,2020,3,69,600597,2020-03-01,137.86282648764478,0
Baltimore,MD,2404000,2020,4,59,599758,2020-04-01,118.04761253705661,0
Baltimore,MD,2404000,2020,5,93,598920,2020-05-01,186.33540372670808,0
Baltimore,MD,2404000,2020,6,93,598081,2020-06-01,186.59679876137182,0
Baltimore,MD,2404000,2020,7,104,597242,2020-07-01,208.96052186550847,0
Baltimore,MD,2404000,2020,8,100,596404,2020-08-01,201.20589399132132,0
Baltimore,MD,2404000,2020,9,103,595565,2020-09-01,207.53402231494465,0
Baltimore,MD,2404000,2020,10,106,594727,2020-10-01,213.8796456189142,0
Baltimore,MD,2404000,2020,11,66,593888,2020-11-01,133.35847836629128,0
Baltimore,MD,2404000,2020,12,84,593050,2020-12-01,169.96880532838716,0
Baltimore,MD,2404000,2021,1,67,592211,2021-01-01,135.7624225149482,0
Baltimore,MD,2404000,2021,2,56,591900,2021-02-01,113.53269133299544,0
Baltimore,MD,2404000,2021,3,64,591589,2021-03-01,129.81985804333752,0
Baltimore,MD,2404000,2021,4,82,591279,2021-04-01,166.41889869249542,0
Baltimore,MD,2404000,2021,5,112,590968,2021-05-01,227.42348147446225,0
Baltimore,MD,2404000,2021,6,99,590657,2021-06-01,201.13195983455714,0
Baltimore,MD,2404000,2021,7,84,590347,2021-07-01,170.74703521826996,0
Baltimore,MD,2404000,2021,8,91,590036,2021-08-01,185.07345314523184,0
Baltimore,MD,2404000,2021,9,96,589725,2021-09-01,195.34528805799314,0
Baltimore,MD,2404000,2021,10,95,589414,2021-10-01,193.41244015242256,0
Baltimore,MD,2404000,2021,11,79,589103,2021-11-01,160.92262303875555,0
Baltimore,MD,2404000,2021,12,95,588793,2021-12-01,193.61643226057373,0
Baltimore,MD,2404000,2022,1,83,588482,2022-01-01,169.24901696228602,0
Baltimore,MD,2404000,2022,2,72,587643,2022-02-01,147.02804253602955,0
Baltimore,MD,2404000,2022,3,83,586805,2022-03-01,169.7327050723835,0
Baltimore,MD,2404000,2022,4,81,585966,2022-04-01,165.87993160012698,0
Baltimore,MD,2404000,2022,5,88,585128,2022-05-01,180.47333233070373,0
Baltimore,MD,2404000,2022,6,113,584289,2022-06-01,232.076934530686,0
Baltimore,MD,2404000,2022,7,106,583450,2022-07-01,218.01354014911306,0
Baltimore,MD,2404000,2022,8,96,582612,2022-08-01,197.73022182859262,0
Baltimore,MD,2404000,2022,9,71,581773,2022-09-01,146.44887267026832,0
Baltimore,MD,2404000,2022,10,73,580935,2022-10-01,150.7913966278499,0
Baltimore,MD,2404000,2022,11,65,580096,2022-11-01,134.46050308914386,0
Baltimore,MD,2404000,2022,12,65,579258,2022-12-01,134.65502418611396,0
Baltimore,MD,2404000,2023,1,59,578419,2023-01-01,122.40261817125648,0
Baltimore,MD,2404000,2023,2,53,578419,2023-02-01,109.95489428943378,0
Baltimore,MD,2404000,2023,3,61,578419,2023-03-01,126.55185946519737,0
Baltimore,MD,2404000,2023,4,105,578419,2023-04-01,217.8351679318971,0
Baltimore,MD,2404000,2023,5,75,578419,2023-05-01,155.59654852278365,0
Baltimore,MD,2404000,2023,6,69,578419,2023-06-01,143.14882464096095,0
Baltimore,MD,2404000,2023,7,107,578419,2023-07-01,221.98440922583802,0
Baltimore,MD,2404000,2023,8,72,578419,2023-08-01,149.3726865818723,0
Baltimore,MD,2404000,2023,9,73,578419,2023-09-01,151.44730722884276,0
Baltimore,MD,2404000,2023,10,53,578419,2023-10-01,109.95489428943378,0
Baltimore,MD,2404000,2023,11,59,578419,2023-11-01,122.40261817125648,0
Baltimore,MD,2404000,2023,12,56,578419,2023-12-01,116.17875623034512,0
Baltimore,MD,2404000,2024,1,41,578419,2024-01-01,85.05944652578839,0
Baltimore,MD,2404000,2024,2,55,578419,2024-02-01,114.10413558337467,0
Baltimore,MD,2404000,2024,3,50,578419,2024-03-01,103.73103234852243,0
Baltimore,MD,2404000,2024,4,57,578419,2024-04-01,118.25337687731559,0
Baltimore,MD,2404000,2024,5,42,578419,2024-05-01,87.13406717275885,0
Baltimore,MD,2404000,2024,6,54,578419,2024-06-01,112.02951493640423,0
Baltimore,MD,2404000,2024,7,52,578419,2024-07-01,107.88027364246334,0
Baltimore,MD,2404000,2024,8,59,578419,2024-08-01,122.40261817125648,0
Baltimore,MD,2404000,2024,9,53,578419,2024-09-01,109.95489428943378,0
Baltimore,MD,2404000,2024,10,50,578419,2024-10-01,103.73103234852243,0
Baltimore,MD,2404000,2024,11,64,578419,2024-11-01,132.77572140610872,0
Baltimore,MD,2404000,2024,12,42,578419,2024-12-01,87.13406717275885,0
Baltimore,MD,2404000,2025,1,39,578419,2025-01-01,80.9102052318475,0
Baltimore,MD,2404000,2025,2,19,578419,2025-02-01,39.41779229243852,0
Baltimore,MD,2404000,2025,3,41,578419,2025-03-01,85.05944652578839,0
Baltimore,MD,2404000,2025,4,44,578419,2025-04-01,91.28330846669974,0
Baltimore,MD,2404000,2025,5,43,578419,2025-05-01,89.20868781972929,0
Baltimore,MD,2404000,2025,6,54,578419,2025-06-01,112.02951493640423,0
Baltimore,MD,2404000,2025,7,42,578419,2025-07-01,87.13406717275885,0
Baltimore,MD,2404000,2025,8,39,578419,2025-08-01,80.9102052318475,0
Baltimore,MD,2404000,2025,9,35,578419,2025-09-01,72.6117226439657,0
Baton Rouge,LA,2205000,2018,1,16,225362,2018-01-01,85.19626201400413,0
Baton Rouge,LA,2205000,2018,2,14,225261,2018-02-01,74.58015368838812,0
Baton Rouge,LA,2205000,2018,3,15,225160,2018-03-01,79.94315153668502,0
Baton Rouge,LA,2205000,2018,4,11,225059,2018-04-01,58.65128699585442,0
Baton Rouge,LA,2205000,2018,5,19,224958,2018-05-01,101.3522524204518,0
Baton Rouge,LA,2205000,2018,6,20,224857,2018-06-01,106.73450237261903,0
Baton Rouge,LA,2205000,2018,7,7,224756,2018-07-01,37.37386321166065,0
Baton Rouge,LA,2205000,2018,8,12,224654,2018-08-01,64.0985693555423,0
Baton Rouge,LA,2205000,2018,9,11,224553,2018-09-01,58.78344978691,0
Baton Rouge,LA,2205000,2018,10,4,224452,2018-10-01,21.385418708677136,0
Baton Rouge,LA,2205000,2018,11,17,224351,2018-11-01,90.92894616025782,0
Baton Rouge,LA,2205000,2018,12,13,224250,2018-12-01,69.56521739130434,0
Baton Rouge,LA,2205000,2019,1,9,224149,2019-01-01,48.182235923425935,0
Baton Rouge,LA,2205000,2019,2,18,223986,2019-02-01,96.43459859098337,0
Baton Rouge,LA,2205000,2019,3,13,223823,2019-03-01,69.6979309543702,0
Baton Rouge,LA,2205000,2019,4,18,223659,2019-04-01,96.5755905194962,0
Baton Rouge,LA,2205000,2019,5,15,223496,2019-05-01,80.53835415398933,0
Baton Rouge,LA,2205000,2019,6,16,223333,2019-06-01,85.97027756757846,0
Baton Rouge,LA,2205000,2019,7,14,223170,2019-07-01,75.27893534077161,0
Baton Rouge,LA,2205000,2019,8,9,223007,2019-08-01,48.42897308156246,0
Baton Rouge,LA,2205000,2019,9,7,222844,2019-09-01,37.694530703092745,0
Baton Rouge,LA,2205000,2019,10,16,222681,2019-10-01,86.22199469195846,0
Baton Rouge,LA,2205000,2019,11,36,222517,2019-11-01,194.14247001352706,0
Baton Rouge,LA,2205000,2019,12,17,222354,2019-12-01,91.74559486224669,0
Baton Rouge,LA,2205000,2020,1,13,222191,2020-01-01,70.20986448596028,0
Baton Rouge,LA,2205000,2020,2,6,222470,2020-02-01,32.36391423562728,0
Baton Rouge,LA,2205000,2020,3,24,222749,2020-03-01,129.2935097351728,0
Baton Rouge,LA,2205000,2020,4,17,223028,2020-04-01,91.46833581433722,0
Baton Rouge,LA,2205000,2020,5,17,223307,2020-05-01,91.35405517964058,0
Baton Rouge,LA,2205000,2020,6,17,223586,2020-06-01,91.24005975329403,0
Baton Rouge,LA,2205000,2020,7,26,223865,2020-07-01,139.3697094230898,0
Baton Rouge,LA,2205000,2020,8,19,224144,2020-08-01,101.72032264972518,0
Baton Rouge,LA,2205000,2020,9,25,224423,2020-09-01,133.67613836371495,0
Baton Rouge,LA,2205000,2020,10,27,224702,2020-10-01,144.1909729330402,0
Baton Rouge,LA,2205000,2020,11,30,224981,2020-11-01,160.01351225214574,0
Baton Rouge,LA,2205000,2020,12,16,225260,2020-12-01,85.23483974074404,0
Baton Rouge,LA,2205000,2021,1,28,225539,2021-01-01,148.97645196617881,0
Baton Rouge,LA,2205000,2021,2,26,225176,2021-02-01,138.55828329839773,0
Baton Rouge,LA,2205000,2021,3,19,224814,2021-03-01,101.41717152846351,0
Baton Rouge,LA,2205000,2021,4,28,224451,2021-04-01,149.6985979122392,0
Baton Rouge,LA,2205000,2021,5,23,224088,2021-05-01,123.16589911106351,0
Baton Rouge,LA,2205000,2021,6,17,223726,2021-06-01,91.1829648766795,0
Baton Rouge,LA,2205000,2021,7,18,223363,2021-07-01,96.70357221204945,0
Baton Rouge,LA,2205000,2021,8,15,223000,2021-08-01,80.71748878923768,0
Baton Rouge,LA,2205000,2021,9,13,222638,2021-09-01,70.06890108606797,0
Baton Rouge,LA,2205000,2021,10,33,222275,2021-10-01,178.15768754920705,0
Baton Rouge,LA,2205000,2021,11,22,221912,2021-11-01,118.96607664299361,0
Baton Rouge,LA,2205000,2021,12,31,221550,2021-12-01,167.90792146242381,0
Baton Rouge,LA,2205000,2022,1,30,221187,2022-01-01,162.75820911717236,0
Baton Rouge,LA,2205000,2022,2,22,221466,2022-02-01,119.20565685026143,0
Baton Rouge,LA,2205000,2022,3,11,221745,2022-03-01,59.52783602786985,0
Baton Rouge,LA,2205000,2022,4,23,222024,2022-04-01,124.31088530969626,0
Baton Rouge,LA,2205000,2022,5,27,222303,2022-05-01,145.7470209578818,0
Baton Rouge,LA,2205000,2022,6,14,222582,2022-06-01,75.47780143946949,0
Baton Rouge,LA,2205000,2022,7,26,222861,2022-07-01,139.99757696501408,0
Baton Rouge,LA,2205000,2022,8,34,223140,2022-08-01,182.84485076633504,0
Baton Rouge,LA,2205000,2022,9,16,223419,2022-09-01,85.9371852886281,0
Baton Rouge,LA,2205000,2022,10,31,223698,2022-10-01,166.2956307164123,0
Baton Rouge,LA,2205000,2022,11,18,223977,2022-11-01,96.43847359327074,0
Baton Rouge,LA,2205000,2022,12,17,224256,2022-12-01,90.96746575342465,0
Baton Rouge,LA,2205000,2023,1,25,224535,2023-01-01,133.60945954973613,0
Baton Rouge,LA,2205000,2023,2,12,224535,2023-02-01,64.13254058387335,0
Baton Rouge,LA,2205000,2023,3,16,224535,2023-03-01,85.51005411183111,0
Baton Rouge,LA,2205000,2023,4,12,224535,2023-04-01,64.13254058387335,0
Baton Rouge,LA,2205000,2023,5,36,224535,2023-05-01,192.39762175162002,0
Baton Rouge,LA,2205000,2023,6,19,224535,2023-06-01,101.54318925779945,0
Baton Rouge,LA,2205000,2023,7,15,224535,2023-07-01,80.16567572984167,0
Baton Rouge,LA,2205000,2023,8,13,224535,2023-08-01,69.47691896586278,0
Baton Rouge,LA,2205000,2023,9,13,224535,2023-09-01,69.47691896586278,0
Baton Rouge,LA,2205000,2023,10,12,224535,2023-10-01,64.13254058387335,0
Baton Rouge,LA,2205000,2023,11,22,224535,2023-11-01,117.57632440376779,0
Baton Rouge,LA,2205000,2023,12,22,224535,2023-12-01,117.57632440376779,0
Baton Rouge,LA,2205000,2024,1,33,224535,2024-01-01,176.36448660565168,0
Baton Rouge,LA,2205000,2024,2,24,224535,2024-02-01,128.2650811677467,0
Baton Rouge,LA,2205000,2024,3,30,224535,2024-03-01,160.33135145968333,0
Baton Rouge,LA,2205000,2024,4,29,224535,2024-04-01,154.9869730776939,0
Baton Rouge,LA,2205000,2024,5,15,224535,2024-05-01,80.16567572984167,0
Baton Rouge,LA,2205000,2024,6,25,224535,2024-06-01,133.60945954973613,0
Baton Rouge,LA,2205000,2024,7,18,224535,2024-07-01,96.19881087581001,0
Baton Rouge,LA,2205000,2024,8,24,224535,2024-08-01,128.2650811677467,0
Baton Rouge,LA,2205000,2024,9,12,224535,2024-09-01,64.13254058387335,0
Baton Rouge,LA,2205000,2024,10,21,224535,2024-10-01,112.23194602177833,0
Baton Rouge,LA,2205000,2024,11,14,224535,2024-11-01,74.82129734785222,0
Baton Rouge,LA,2205000,2024,12,15,224535,2024-12-01,80.16567572984167,0
Baton Rouge,LA,2205000,2025,1,20,224535,2025-01-01,106.8875676397889,0
Baton Rouge,LA,2205000,2025,2,12,224535,2025-02-01,64.13254058387335,0
Baton Rouge,LA,2205000,2025,3,20,224535,2025-03-01,106.8875676397889,0
Baton Rouge,LA,2205000,2025,4,16,224535,2025-04-01,85.51005411183111,0
Baton Rouge,LA,2205000,2025,5,22,224535,2025-05-01,117.57632440376779,0
Baton Rouge,LA,2205000,2025,6,15,224535,2025-06-01,80.16567572984167,0
Baton Rouge,LA,2205000,2025,7,15,224535,2025-07-01,80.16567572984167,0
Baton Rouge,LA,2205000,2025,8,18,224535,2025-08-01,96.19881087581001,0
Baton Rouge,LA,2205000,2025,9,13,224535,2025-09-01,69.47691896586278,0
Birmingham,AL,107000,2018,1,17,212021,2018-01-01,96.21688417656742,0
Birmingham,AL,107000,2018,2,26,212044,2018-02-01,147.1392729810794,0
Birmingham,AL,107000,2018,3,23,212067,2018-03-01,130.14754770897878,0
Birmingham,AL,107000,2018,4,16,212090,2018-04-01,90.52760620491301,0
Birmingham,AL,107000,2018,5,16,212113,2018-05-01,90.51779004587176,0
Birmingham,AL,107000,2018,6,20,212136,2018-06-01,113.13497001923295,0
Birmingham,AL,107000,2018,7,29,212159,2018-07-01,164.02792245438565,0
Birmingham,AL,107000,2018,8,23,212182,2018-08-01,130.07700935988916,0
Birmingham,AL,107000,2018,9,28,212205,2018-09-01,158.33745670460166,0
Birmingham,AL,107000,2018,10,28,212228,2018-10-01,158.3202970390335,0
Birmingham,AL,107000,2018,11,14,212251,2018-11-01,79.15157054619294,0
Birmingham,AL,107000,2018,12,15,212274,2018-12-01,84.79606546256252,0
Birmingham,AL,107000,2019,1,22,212297,2019-01-01,124.35408884722818,0
Birmingham,AL,107000,2019,2,18,212183,2019-02-01,101.79891885777842,0
Birmingham,AL,107000,2019,3,24,212069,2019-03-01,135.80485596669007,0
Birmingham,AL,107000,2019,4,19,211955,2019-04-01,107.57000306668868,0
Birmingham,AL,107000,2019,5,28,211841,2019-05-01,158.60952318012096,0
Birmingham,AL,107000,2019,6,12,211727,2019-06-01,68.01210993401881,0
Birmingham,AL,107000,2019,7,35,211613,2019-07-01,198.47551898985415,0
Birmingham,AL,107000,2019,8,15,211498,2019-08-01,85.10718777482529,0
Birmingham,AL,107000,2019,9,9,211384,2019-09-01,51.09185179578397,0
Birmingham,AL,107000,2019,10,8,211270,2019-10-01,45.43948501916978,0
Birmingham,AL,107000,2019,11,15,211156,2019-11-01,85.2450321089621,0
Birmingham,AL,107000,2019,12,21,211042,2019-12-01,119.40751130106804,0
Birmingham,AL,107000,2020,1,19,210928,2020-01-01,108.09375711143139,0
Birmingham,AL,107000,2020,2,6,210204,2020-02-01,34.25244048638466,0
Birmingham,AL,107000,2020,3,14,209479,2020-03-01,80.1989698251376,0
Birmingham,AL,107000,2020,4,25,208754,2020-04-01,143.70982112917596,0
Birmingham,AL,107000,2020,5,14,208030,2020-05-01,80.75758304090755,0
Birmingham,AL,107000,2020,6,15,207306,2020-06-01,86.82816705739343,0
Birmingham,AL,107000,2020,7,19,206581,2020-07-01,110.36833009812133,0
Birmingham,AL,107000,2020,8,13,205856,2020-08-01,75.78112855588373,0
Birmingham,AL,107000,2020,9,15,205132,2020-09-01,87.74837665503189,0
Birmingham,AL,107000,2020,10,14,204408,2020-10-01,82.18856404837385,0
Birmingham,AL,107000,2020,11,18,203683,2020-11-01,106.04714188223858,0
Birmingham,AL,107000,2020,12,20,202958,2020-12-01,118.2510667231644,0
Birmingham,AL,107000,2021,1,11,202234,2021-01-01,65.27092378136219,0
Birmingham,AL,107000,2021,2,20,202540,2021-02-01,118.49511207662684,0
Birmingham,AL,107000,2021,3,17,202847,2021-03-01,100.56840870212524,0
Birmingham,AL,107000,2021,4,26,203154,2021-04-01,153.57807377654393,0
Birmingham,AL,107000,2021,5,32,203460,2021-05-01,188.73488646416985,0
Birmingham,AL,107000,2021,6,28,203766,2021-06-01,164.89502664821413,0
Birmingham,AL,107000,2021,7,17,204073,2021-07-01,99.964228486865,0
Birmingham,AL,107000,2021,8,14,204380,2021-08-01,82.19982385752031,0
Birmingham,AL,107000,2021,9,19,204686,2021-09-01,111.39012927117633,0
Birmingham,AL,107000,2021,10,21,204992,2021-10-01,122.93162660006246,0
Birmingham,AL,107000,2021,11,28,205299,2021-11-01,163.6637294872357,0
Birmingham,AL,107000,2021,12,29,205606,2021-12-01,169.25576101864735,0
Birmingham,AL,107000,2022,1,18,205912,2022-01-01,104.89918023233227,0
Birmingham,AL,107000,2022,2,23,205188,2022-02-01,134.51079010468447,0
Birmingham,AL,107000,2022,3,15,204463,2022-03-01,88.03548808341853,0
Birmingham,AL,107000,2022,4,30,203738,2022-04-01,176.6975232897152,0
Birmingham,AL,107000,2022,5,15,203014,2022-05-01,88.66383599160649,0
Birmingham,AL,107000,2022,6,28,202290,2022-06-01,166.09817588610412,0
Birmingham,AL,107000,2022,7,33,201565,2022-07-01,196.46267953265698,0
Birmingham,AL,107000,2022,8,28,200840,2022-08-01,167.29735112527385,0
Birmingham,AL,107000,2022,9,23,200116,2022-09-01,137.92000639629015,0
Birmingham,AL,107000,2022,10,18,199392,2022-10-01,108.32932113625421,0
Birmingham,AL,107000,2022,11,14,198667,2022-11-01,84.56361650399916,0
Birmingham,AL,107000,2022,12,24,197942,2022-12-01,145.49716583645716,0
Birmingham,AL,107000,2023,1,24,197218,2023-01-01,146.03129531787158,0
Birmingham,AL,107000,2023,2,7,197218,2023-02-01,42.59246113437922,0
Birmingham,AL,107000,2023,3,20,197218,2023-03-01,121.69274609822631,0
Birmingham,AL,107000,2023,4,32,197218,2023-04-01,194.70839375716213,0
Birmingham,AL,107000,2023,5,26,197218,2023-05-01,158.20056992769423,0
Birmingham,AL,107000,2023,6,31,197218,2023-06-01,188.6237564522508,0
Birmingham,AL,107000,2023,7,29,197218,2023-07-01,176.45448184242815,0
Birmingham,AL,107000,2023,8,30,197218,2023-08-01,182.53911914733948,0
Birmingham,AL,107000,2023,9,27,197218,2023-09-01,164.28520723260556,0
Birmingham,AL,107000,2023,10,23,197218,2023-10-01,139.94665801296026,0
Birmingham,AL,107000,2023,11,26,197218,2023-11-01,158.20056992769423,0
Birmingham,AL,107000,2023,12,23,197218,2023-12-01,139.94665801296026,0
Birmingham,AL,107000,2024,1,18,197218,2024-01-01,109.52347148840369,0
Birmingham,AL,107000,2024,2,16,197218,2024-02-01,97.35419687858106,0
Birmingham,AL,107000,2024,3,25,197218,2024-03-01,152.1159326227829,0
Birmingham,AL,107000,2024,4,11,197218,2024-04-01,66.93101035402447,0
Birmingham,AL,107000,2024,5,37,197218,2024-05-01,225.1315802817187,0
Birmingham,AL,107000,2024,6,27,197218,2024-06-01,164.28520723260556,0
Birmingham,AL,107000,2024,7,32,197218,2024-07-01,194.70839375716213,0
Birmingham,AL,107000,2024,8,27,197218,2024-08-01,164.28520723260556,0
Birmingham,AL,107000,2024,9,42,197218,2024-09-01,255.55476680627527,0
Birmingham,AL,107000,2024,10,24,197218,2024-10-01,146.03129531787158,0
Birmingham,AL,107000,2024,11,20,197218,2024-11-01,121.69274609822631,0
Birmingham,AL,107000,2024,12,16,197218,2024-12-01,97.35419687858106,0
Birmingham,AL,107000,2025,1,18,197218,2025-01-01,109.52347148840369,0
Birmingham,AL,107000,2025,2,10,197218,2025-02-01,60.846373049113154,0
Birmingham,AL,107000,2025,3,16,197218,2025-03-01,97.35419687858106,0
Birmingham,AL,107000,2025,4,12,197218,2025-04-01,73.01564765893579,0
Birmingham,AL,107000,2025,5,7,197218,2025-05-01,42.59246113437922,0
Birmingham,AL,107000,2025,6,13,197218,2025-06-01,79.10028496384712,0
Birmingham,AL,107000,2025,7,22,197218,2025-07-01,133.86202070804893,0
Birmingham,AL,107000,2025,8,20,197218,2025-08-01,121.69274609822631,0
Birmingham,AL,107000,2025,9,6,197218,2025-09-01,36.507823829467895,0
Boston,MA,2507000,2018,1,17,679413,2018-01-01,30.025919433393238,0
Boston,MA,2507000,2018,2,13,679827,2018-02-01,22.947014461031998,0
Boston,MA,2507000,2018,3,7,680241,2018-03-01,12.348564699863726,0
Boston,MA,2507000,2018,4,12,680655,2018-04-01,21.15609229345263,0
Boston,MA,2507000,2018,5,12,681068,2018-05-01,21.143263227754055,0
Boston,MA,2507000,2018,6,24,681482,2018-06-01,42.26083741023241,0
Boston,MA,2507000,2018,7,19,681896,2018-07-01,33.43618381688703,0
Boston,MA,2507000,2018,8,14,682310,2018-08-01,24.622239158153917,0
Boston,MA,2507000,2018,9,18,682724,2018-09-01,31.637967905039226,0
Boston,MA,2507000,2018,10,19,683137,2018-10-01,33.37544299313315,0
Boston,MA,2507000,2018,11,12,683551,2018-11-01,21.06646029337972,0
Boston,MA,2507000,2018,12,12,683965,2018-12-01,21.05370888861272,0
Boston,MA,2507000,2019,1,12,684379,2019-01-01,21.040972911208556,0
Boston,MA,2507000,2019,2,6,684791,2019-02-01,10.514156874141161,0
Boston,MA,2507000,2019,3,9,685203,2019-03-01,15.76175235660089,0
Boston,MA,2507000,2019,4,8,685616,2019-04-01,14.00200695433012,0
Boston,MA,2507000,2019,5,15,686028,2019-05-01,26.23799611677657,0
Boston,MA,2507000,2019,6,19,686440,2019-06-01,33.21484761960259,0
Boston,MA,2507000,2019,7,35,686853,2019-07-01,61.148455346340484,0
Boston,MA,2507000,2019,8,26,687265,2019-08-01,45.39733581660641,0
Boston,MA,2507000,2019,9,3,687677,2019-09-01,5.235015857735537,0
Boston,MA,2507000,2019,10,12,688089,2019-10-01,20.927525363724747,0
Boston,MA,2507000,2019,11,7,688501,2019-11-01,12.200418009559899,0
Boston,MA,2507000,2019,12,5,688914,2019-12-01,8.709359949137339,0
Boston,MA,2507000,2020,1,5,689326,2020-01-01,8.70415449293948,0
Boston,MA,2507000,2020,2,11,687950,2020-02-01,19.187440947743298,0
Boston,MA,2507000,2020,3,10,686574,2020-03-01,17.47808684861355,0
Boston,MA,2507000,2020,4,16,685198,2020-04-01,28.021097551364715,0
Boston,MA,2507000,2020,5,19,683822,2020-05-01,33.342010055248295,0
Boston,MA,2507000,2020,6,33,682446,2020-06-01,58.026569135140356,0
Boston,MA,2507000,2020,7,43,681070,2020-07-01,75.76313741612464,0
Boston,MA,2507000,2020,8,11,679694,2020-08-01,19.420503932652046,0
Boston,MA,2507000,2020,9,29,678318,2020-09-01,51.30337098529009,0
Boston,MA,2507000,2020,10,15,676942,2020-10-01,26.59016577491129,0
Boston,MA,2507000,2020,11,24,675566,2020-11-01,42.6309198509102,0
Boston,MA,2507000,2020,12,10,674190,2020-12-01,17.79913674186802,0
Boston,MA,2507000,2021,1,4,672814,2021-01-01,7.1342153997984585,0
Boston,MA,2507000,2021,2,8,674342,2021-02-01,14.236099783196064,0
Boston,MA,2507000,2021,3,8,675871,2021-03-01,14.203893938340304,0
Boston,MA,2507000,2021,4,16,677399,2021-04-01,28.343708803821677,0
Boston,MA,2507000,2021,5,18,678927,2021-05-01,31.81490793561016,0
Boston,MA,2507000,2021,6,18,680456,2021-06-01,31.74341911894377,0
Boston,MA,2507000,2021,7,24,681984,2021-07-01,42.229729729729726,0
Boston,MA,2507000,2021,8,19,683512,2021-08-01,33.357131988904364,0
Boston,MA,2507000,2021,9,10,685041,2021-09-01,17.517199700455883,0
Boston,MA,2507000,2021,10,8,686569,2021-10-01,13.982571307472373,0
Boston,MA,2507000,2021,11,16,688097,2021-11-01,27.903042739613745,0
Boston,MA,2507000,2021,12,6,689626,2021-12-01,10.440441630680978,0
Boston,MA,2507000,2022,1,11,691154,2022-01-01,19.09849324463144,0
Boston,MA,2507000,2022,2,1,689778,2022-02-01,1.7396901611822932,0
Boston,MA,2507000,2022,3,12,688402,2022-03-01,20.918010116182117,0
Boston,MA,2507000,2022,4,15,687026,2022-04-01,26.19988180942206,0
Boston,MA,2507000,2022,5,10,685650,2022-05-01,17.501640778823013,0
Boston,MA,2507000,2022,6,10,684274,2022-06-01,17.53683465980002,0
Boston,MA,2507000,2022,7,33,682898,2022-07-01,57.98816221456207,0
Boston,MA,2507000,2022,8,18,681522,2022-08-01,31.693767772720474,0
Boston,MA,2507000,2022,9,8,680146,2022-09-01,14.114616567619306,0
Boston,MA,2507000,2022,10,21,678770,2022-10-01,37.125977871738584,0
Boston,MA,2507000,2022,11,12,677394,2022-11-01,21.257938511412856,0
Boston,MA,2507000,2022,12,10,676018,2022-12-01,17.751006630000976,0
Boston,MA,2507000,2023,1,11,674642,2023-01-01,19.56593274655299,0
Boston,MA,2507000,2023,2,8,674642,2023-02-01,14.229769270220352,0
Boston,MA,2507000,2023,3,3,674642,2023-03-01,5.336163476332633,0
Boston,MA,2507000,2023,4,8,674642,2023-04-01,14.229769270220352,0
Boston,MA,2507000,2023,5,9,674642,2023-05-01,16.0084904289979,0
Boston,MA,2507000,2023,6,5,674642,2023-06-01,8.89360579388772,0
Boston,MA,2507000,2023,7,20,674642,2023-07-01,35.57442317555088,0
Boston,MA,2507000,2023,8,22,674642,2023-08-01,39.13186549310598,0
Boston,MA,2507000,2023,9,11,674642,2023-09-01,19.56593274655299,0
Boston,MA,2507000,2023,10,4,674642,2023-10-01,7.114884635110176,0
Boston,MA,2507000,2023,11,8,674642,2023-11-01,14.229769270220352,0
Boston,MA,2507000,2023,12,7,674642,2023-12-01,12.45104811144281,0
Boston,MA,2507000,2024,1,5,674642,2024-01-01,8.89360579388772,0
Boston,MA,2507000,2024,2,2,674642,2024-02-01,3.557442317555088,0
Boston,MA,2507000,2024,3,6,674642,2024-03-01,10.672326952665266,0
Boston,MA,2507000,2024,4,6,674642,2024-04-01,10.672326952665266,0
Boston,MA,2507000,2024,5,13,674642,2024-05-01,23.123375064108075,0
Boston,MA,2507000,2024,6,15,674642,2024-06-01,26.68081738166316,0
Boston,MA,2507000,2024,7,28,674642,2024-07-01,49.80419244577124,0
Boston,MA,2507000,2024,8,13,674642,2024-08-01,23.123375064108075,0
Boston,MA,2507000,2024,9,8,674642,2024-09-01,14.229769270220352,0
Boston,MA,2507000,2024,10,9,674642,2024-10-01,16.0084904289979,0
Boston,MA,2507000,2024,11,8,674642,2024-11-01,14.229769270220352,0
Boston,MA,2507000,2024,12,8,674642,2024-12-01,14.229769270220352,0
Boston,MA,2507000,2025,1,10,674642,2025-01-01,17.78721158777544,0
Boston,MA,2507000,2025,2,5,674642,2025-02-01,8.89360579388772,0
Boston,MA,2507000,2025,3,10,674642,2025-03-01,17.78721158777544,0
Boston,MA,2507000,2025,4,9,674642,2025-04-01,16.0084904289979,0
Boston,MA,2507000,2025,5,8,674642,2025-05-01,14.229769270220352,0
Boston,MA,2507000,2025,6,14,674642,2025-06-01,24.90209622288562,0
Boston,MA,2507000,2025,7,12,674642,2025-07-01,21.34465390533053,0
Boston,MA,2507000,2025,8,18,674642,2025-08-01,32.0169808579958,0
Boston,MA,2507000,2025,9,8,674642,2025-09-01,14.229769270220352,0
Buffalo,NY,3611000,2018,1,9,257518,2018-01-01,41.93881592743031,0
Buffalo,NY,3611000,2018,2,6,257432,2018-02-01,27.968550918300757,0
Buffalo,NY,3611000,2018,3,9,257345,2018-03-01,41.967009267714545,0
Buffalo,NY,3611000,2018,4,10,257258,2018-04-01,46.645779723079556,0
Buffalo,NY,3611000,2018,5,16,257172,2018-05-01,74.65820540338761,0
Buffalo,NY,3611000,2018,6,26,257086,2018-06-01,121.36016741479506,0
Buffalo,NY,3611000,2018,7,25,256999,2018-07-01,116.7319717197343,0
Buffalo,NY,3611000,2018,8,17,256912,2018-08-01,79.40462103755372,0
Buffalo,NY,3611000,2018,9,8,256826,2018-09-01,37.379393052105314,0
Buffalo,NY,3611000,2018,10,15,256740,2018-10-01,70.10983874737089,0
Buffalo,NY,3611000,2018,11,8,256653,2018-11-01,37.4045890755222,0
Buffalo,NY,3611000,2018,12,10,256566,2018-12-01,46.77159093566568,0
Buffalo,NY,3611000,2019,1,6,256480,2019-01-01,28.072364316905798,0
Buffalo,NY,3611000,2019,2,7,256424,2019-02-01,32.75824415811312,0
Buffalo,NY,3611000,2019,3,16,256368,2019-03-01,74.89234225800412,0
Buffalo,NY,3611000,2019,4,4,256311,2019-04-01,18.72724931821108,0
Buffalo,NY,3611000,2019,5,5,256255,2019-05-01,23.414177284345673,0
Buffalo,NY,3611000,2019,6,20,256199,2019-06-01,93.67718062912033,0
Buffalo,NY,3611000,2019,7,13,256142,2019-07-01,60.9037174692163,0
Buffalo,NY,3611000,2019,8,7,256086,2019-08-01,32.801480752559684,0
Buffalo,NY,3611000,2019,9,15,256030,2019-09-01,70.30426121938835,0
Buffalo,NY,3611000,2019,10,11,255974,2019-10-01,51.56773734832444,0
Buffalo,NY,3611000,2019,11,10,255918,2019-11-01,46.89001945935807,0
Buffalo,NY,3611000,2019,12,15,255861,2019-12-01,70.35069823067994,0
Buffalo,NY,3611000,2020,1,7,255805,2020-01-01,32.83751294931686,0
Buffalo,NY,3611000,2020,2,8,257489,2020-02-01,37.283146076143055,0
Buffalo,NY,3611000,2020,3,10,259173,2020-03-01,46.301119329559796,0
Buffalo,NY,3611000,2020,4,10,260857,2020-04-01,46.00221577339309,0
Buffalo,NY,3611000,2020,5,12,262540,2020-05-01,54.84878494705569,0
Buffalo,NY,3611000,2020,6,36,264224,2020-06-01,163.4976383674458,0
Buffalo,NY,3611000,2020,7,38,265908,2020-07-01,171.4878830272124,0
Buffalo,NY,3611000,2020,8,41,267592,2020-08-01,183.86199886394212,0
Buffalo,NY,3611000,2020,9,28,269276,2020-09-01,124.77903712176355,0
Buffalo,NY,3611000,2020,10,21,270959,2020-10-01,93.00300045394322,0
Buffalo,NY,3611000,2020,11,21,272643,2020-11-01,92.42856042517137,0
Buffalo,NY,3611000,2020,12,12,274327,2020-12-01,52.49209884553835,0
Buffalo,NY,3611000,2021,1,19,276011,2021-01-01,82.6054034078352,0
Buffalo,NY,3611000,2021,2,15,275012,2021-02-01,65.45168938082702,0
Buffalo,NY,3611000,2021,3,8,274013,2021-03-01,35.034834113709934,0
Buffalo,NY,3611000,2021,4,22,273014,2021-04-01,96.69833781417802,0
Buffalo,NY,3611000,2021,5,31,272015,2021-05-01,136.7571641269783,0
Buffalo,NY,3611000,2021,6,31,271016,2021-06-01,137.26126870738258,0
Buffalo,NY,3611000,2021,7,33,270017,2021-07-01,146.6574326801646,0
Buffalo,NY,3611000,2021,8,21,269018,2021-08-01,93.6740292471136,0
Buffalo,NY,3611000,2021,9,24,268019,2021-09-01,107.45506848395075,0
Buffalo,NY,3611000,2021,10,15,267020,2021-10-01,67.41068084787656,0
Buffalo,NY,3611000,2021,11,15,266021,2021-11-01,67.66383105093206,0
Buffalo,NY,3611000,2021,12,15,265022,2021-12-01,67.91888975254884,0
Buffalo,NY,3611000,2022,1,12,264023,2022-01-01,54.540702893308534,0
Buffalo,NY,3611000,2022,2,10,265707,2022-02-01,45.162528649979116,0
Buffalo,NY,3611000,2022,3,12,267391,2022-03-01,53.85371983350225,0
Buffalo,NY,3611000,2022,4,20,269075,2022-04-01,89.19446251045248,0
Buffalo,NY,3611000,2022,5,28,270758,2022-05-01,124.09605625687882,0
Buffalo,NY,3611000,2022,6,26,272442,2022-06-01,114.51978769793203,0
Buffalo,NY,3611000,2022,7,15,274126,2022-07-01,65.66323515463692,0
Buffalo,NY,3611000,2022,8,16,275810,2022-08-01,69.61313948007687,0
Buffalo,NY,3611000,2022,9,19,277494,2022-09-01,82.16393867975523,0
Buffalo,NY,3611000,2022,10,22,279177,2022-10-01,94.56366391214175,0
Buffalo,NY,3611000,2022,11,14,280861,2022-11-01,59.81606559828528,0
Buffalo,NY,3611000,2022,12,9,282545,2022-12-01,38.22399971685926,0
Buffalo,NY,3611000,2023,1,13,284229,2023-01-01,54.88532134300159,0
Buffalo,NY,3611000,2023,2,12,284229,2023-02-01,50.66337354738609,0
Buffalo,NY,3611000,2023,3,5,284229,2023-03-01,21.109738978077537,0
Buffalo,NY,3611000,2023,4,7,284229,2023-04-01,29.553634569308553,0
Buffalo,NY,3611000,2023,5,8,284229,2023-05-01,33.77558236492406,0
Buffalo,NY,3611000,2023,6,8,284229,2023-06-01,33.77558236492406,0
Buffalo,NY,3611000,2023,7,22,284229,2023-07-01,92.88285150354116,0
Buffalo,NY,3611000,2023,8,13,284229,2023-08-01,54.88532134300159,0
Buffalo,NY,3611000,2023,9,12,284229,2023-09-01,50.66337354738609,0
Buffalo,NY,3611000,2023,10,13,284229,2023-10-01,54.88532134300159,0
Buffalo,NY,3611000,2023,11,3,284229,2023-11-01,12.665843386846522,0
Buffalo,NY,3611000,2023,12,13,284229,2023-12-01,54.88532134300159,0
Buffalo,NY,3611000,2024,1,7,284229,2024-01-01,29.553634569308553,0
Buffalo,NY,3611000,2024,2,12,284229,2024-02-01,50.66337354738609,0
Buffalo,NY,3611000,2024,3,3,284229,2024-03-01,12.665843386846522,0
Buffalo,NY,3611000,2024,4,9,284229,2024-04-01,37.99753016053957,0
Buffalo,NY,3611000,2024,5,13,284229,2024-05-01,54.88532134300159,0
Buffalo,NY,3611000,2024,6,9,284229,2024-06-01,37.99753016053957,0
Buffalo,NY,3611000,2024,7,24,284229,2024-07-01,101.32674709477217,0
Buffalo,NY,3611000,2024,8,9,284229,2024-08-01,37.99753016053957,0
Buffalo,NY,3611000,2024,9,9,284229,2024-09-01,37.99753016053957,0
Buffalo,NY,3611000,2024,10,11,284229,2024-10-01,46.44142575177058,0
Buffalo,NY,3611000,2024,11,2,284229,2024-11-01,8.443895591231016,0
Buffalo,NY,3611000,2024,12,1,284229,2024-12-01,4.221947795615508,0
Buffalo,NY,3611000,2025,1,9,284229,2025-01-01,37.99753016053957,0
Buffalo,NY,3611000,2025,2,0,284229,2025-02-01,0,0
Buffalo,NY,3611000,2025,3,5,284229,2025-03-01,21.109738978077537,0
Buffalo,NY,3611000,2025,4,4,284229,2025-04-01,16.88779118246203,0
Buffalo,NY,3611000,2025,5,2,284229,2025-05-01,8.443895591231016,0
Buffalo,NY,3611000,2025,6,11,284229,2025-06-01,46.44142575177058,0
Buffalo,NY,3611000,2025,7,2,284229,2025-07-01,8.443895591231016,0
Buffalo,NY,3611000,2025,8,4,284229,2025-08-01,16.88779118246203,0
Buffalo,NY,3611000,2025,9,1,284229,2025-09-01,4.221947795615508,0
Chandler,AZ,412000,2018,1,0,248631,2018-01-01,0,0
Chandler,AZ,412000,2018,2,0,248969,2018-02-01,0,0
Chandler,AZ,412000,2018,3,0,249308,2018-03-01,0,0
Chandler,AZ,412000,2018,4,0,249646,2018-04-01,0,0
Chandler,AZ,412000,2018,5,0,249985,2018-05-01,0,0
Chandler,AZ,412000,2018,6,0,250323,2018-06-01,0,0
Chandler,AZ,412000,2018,7,0,250661,2018-07-01,0,0
Chandler,AZ,412000,2018,8,0,251000,2018-08-01,0,0
Chandler,AZ,412000,2018,9,0,251338,2018-09-01,0,0
Chandler,AZ,412000,2018,10,0,251677,2018-10-01,0,0
Chandler,AZ,412000,2018,11,0,252015,2018-11-01,0,0
Chandler,AZ,412000,2018,12,0,252354,2018-12-01,0,0
Chandler,AZ,412000,2019,1,0,252692,2019-01-01,0,0
Chandler,AZ,412000,2019,2,0,253057,2019-02-01,0,0
Chandler,AZ,412000,2019,3,0,253423,2019-03-01,0,0
Chandler,AZ,412000,2019,4,0,253788,2019-04-01,0,0
Chandler,AZ,412000,2019,5,0,254153,2019-05-01,0,0
Chandler,AZ,412000,2019,6,0,254519,2019-06-01,0,0
Chandler,AZ,412000,2019,7,0,254884,2019-07-01,0,0
Chandler,AZ,412000,2019,8,0,255249,2019-08-01,0,0
Chandler,AZ,412000,2019,9,0,255615,2019-09-01,0,0
Chandler,AZ,412000,2019,10,0,255980,2019-10-01,0,0
Chandler,AZ,412000,2019,11,0,256345,2019-11-01,0,0
Chandler,AZ,412000,2019,12,0,256711,2019-12-01,0,0
Chandler,AZ,412000,2020,1,0,257076,2020-01-01,0,0
Chandler,AZ,412000,2020,2,0,258356,2020-02-01,0,0
Chandler,AZ,412000,2020,3,0,259636,2020-03-01,0,0
Chandler,AZ,412000,2020,4,0,260917,2020-04-01,0,0
Chandler,AZ,412000,2020,5,0,262197,2020-05-01,0,0
Chandler,AZ,412000,2020,6,0,263477,2020-06-01,0,0
Chandler,AZ,412000,2020,7,0,264758,2020-07-01,0,0
Chandler,AZ,412000,2020,8,0,266038,2020-08-01,0,0
Chandler,AZ,412000,2020,9,0,267318,2020-09-01,0,0
Chandler,AZ,412000,2020,10,0,268598,2020-10-01,0,0
Chandler,AZ,412000,2020,11,0,269878,2020-11-01,0,0
Chandler,AZ,412000,2020,12,0,271159,2020-12-01,0,0
Chandler,AZ,412000,2021,1,1,272439,2021-01-01,4.4046557210972,0
Chandler,AZ,412000,2021,2,0,272295,2021-02-01,0,0
Chandler,AZ,412000,2021,3,0,272152,2021-03-01,0,0
Chandler,AZ,412000,2021,4,0,272008,2021-04-01,0,0
Chandler,AZ,412000,2021,5,0,271865,2021-05-01,0,0
Chandler,AZ,412000,2021,6,0,271721,2021-06-01,0,0
Chandler,AZ,412000,2021,7,0,271577,2021-07-01,0,0
Chandler,AZ,412000,2021,8,0,271434,2021-08-01,0,0
Chandler,AZ,412000,2021,9,0,271290,2021-09-01,0,0
Chandler,AZ,412000,2021,10,0,271147,2021-10-01,0,0
Chandler,AZ,412000,2021,11,0,271003,2021-11-01,0,0
Chandler,AZ,412000,2021,12,0,270860,2021-12-01,0,0
Chandler,AZ,412000,2022,1,1,270716,2022-01-01,4.432689608297995,0
Chandler,AZ,412000,2022,2,0,271996,2022-02-01,0,0
Chandler,AZ,412000,2022,3,0,273276,2022-03-01,0,0
Chandler,AZ,412000,2022,4,0,274557,2022-04-01,0,0
Chandler,AZ,412000,2022,5,0,275837,2022-05-01,0,0
Chandler,AZ,412000,2022,6,0,277117,2022-06-01,0,0
Chandler,AZ,412000,2022,7,0,278398,2022-07-01,0,0
Chandler,AZ,412000,2022,8,0,279678,2022-08-01,0,0
Chandler,AZ,412000,2022,9,0,280958,2022-09-01,0,0
Chandler,AZ,412000,2022,10,0,282238,2022-10-01,0,0
Chandler,AZ,412000,2022,11,0,283518,2022-11-01,0,0
Chandler,AZ,412000,2022,12,0,284799,2022-12-01,0,0
Chandler,AZ,412000,2023,1,0,286079,2023-01-01,0,0
Chandler,AZ,412000,2023,2,0,286079,2023-02-01,0,0
Chandler,AZ,412000,2023,3,0,286079,2023-03-01,0,0
Chandler,AZ,412000,2023,4,0,286079,2023-04-01,0,0
Chandler,AZ,412000,2023,5,1,286079,2023-05-01,4.1946455349746055,0
Chandler,AZ,412000,2023,6,0,286079,2023-06-01,0,0
Chandler,AZ,412000,2023,7,0,286079,2023-07-01,0,0
Chandler,AZ,412000,2023,8,1,286079,2023-08-01,4.1946455349746055,0
Chandler,AZ,412000,2023,9,0,286079,2023-09-01,0,0
Chandler,AZ,412000,2023,10,0,286079,2023-10-01,0,0
Chandler,AZ,412000,2023,11,0,286079,2023-11-01,0,0
Chandler,AZ,412000,2023,12,0,286079,2023-12-01,0,0
Chandler,AZ,412000,2024,1,0,286079,2024-01-01,0,0
Chandler,AZ,412000,2024,2,0,286079,2024-02-01,0,0
Chandler,AZ,412000,2024,3,0,286079,2024-03-01,0,0
Chandler,AZ,412000,2024,4,0,286079,2024-04-01,0,0
Chandler,AZ,412000,2024,5,0,286079,2024-05-01,0,0
Chandler,AZ,412000,2024,6,1,286079,2024-06-01,4.1946455349746055,0
Chandler,AZ,412000,2024,7,0,286079,2024-07-01,0,0
Chandler,AZ,412000,2024,8,0,286079,2024-08-01,0,0
Chandler,AZ,412000,2024,9,0,286079,2024-09-01,0,0
Chandler,AZ,412000,2024,10,0,286079,2024-10-01,0,0
Chandler,AZ,412000,2024,11,0,286079,2024-11-01,0,0
Chandler,AZ,412000,2024,12,0,286079,2024-12-01,0,0
Chandler,AZ,412000,2025,1,0,286079,2025-01-01,0,0
Chandler,AZ,412000,2025,2,0,286079,2025-02-01,0,0
Chandler,AZ,412000,2025,3,0,286079,2025-03-01,0,0
Chandler,AZ,412000,2025,4,0,286079,2025-04-01,0,0
Chandler,AZ,412000,2025,5,0,286079,2025-05-01,0,0
Chandler,AZ,412000,2025,6,0,286079,2025-06-01,0,0
Chandler,AZ,412000,2025,7,0,286079,2025-07-01,0,0
Chandler,AZ,412000,2025,8,0,286079,2025-08-01,0,0
Chandler,AZ,412000,2025,9,0,286079,2025-09-01,0,0
Charlotte,NC,3712000,2018,1,22,841611,2018-01-01,31.368411296905578,0
Charlotte,NC,3712000,2018,2,14,842929,2018-02-01,19.93050422989362,0
Charlotte,NC,3712000,2018,3,15,844247,2018-03-01,21.320774607431236,0
Charlotte,NC,3712000,2018,4,15,845565,2018-04-01,21.287541466356814,0
Charlotte,NC,3712000,2018,5,22,846882,2018-05-01,31.173174066753102,0
Charlotte,NC,3712000,2018,6,19,848200,2018-06-01,26.88045272341429,0
Charlotte,NC,3712000,2018,7,25,849518,2018-07-01,35.31414284335352,0
Charlotte,NC,3712000,2018,8,24,850836,2018-08-01,33.8490613937351,0
Charlotte,NC,3712000,2018,9,20,852154,2018-09-01,28.163923422292214,0
Charlotte,NC,3712000,2018,10,11,853471,2018-10-01,15.466254858102971,0
Charlotte,NC,3712000,2018,11,10,854789,2018-11-01,14.038552204111191,0
Charlotte,NC,3712000,2018,12,19,856107,2018-12-01,26.632184995567144,0
Charlotte,NC,3712000,2019,1,27,857425,2019-01-01,37.78756159430854,0
Charlotte,NC,3712000,2019,2,19,858770,2019-02-01,26.549600009315647,0
Charlotte,NC,3712000,2019,3,23,860116,2019-03-01,32.088695013230776,0
Charlotte,NC,3712000,2019,4,36,861461,2019-04-01,50.14736592834731,0
Charlotte,NC,3712000,2019,5,22,862807,2019-05-01,30.59780460751941,0
Charlotte,NC,3712000,2019,6,30,864152,2019-06-01,41.65933770910673,0
Charlotte,NC,3712000,2019,7,22,865497,2019-07-01,30.502705381994396,0
Charlotte,NC,3712000,2019,8,26,866843,2019-08-01,35.99267687458975,0
Charlotte,NC,3712000,2019,9,16,868188,2019-09-01,22.115025777826922,0
Charlotte,NC,3712000,2019,10,29,869534,2019-10-01,40.02143676958002,0
Charlotte,NC,3712000,2019,11,16,870879,2019-11-01,22.04669075726938,0
Charlotte,NC,3712000,2019,12,16,872225,2019-12-01,22.012668749462584,0
Charlotte,NC,3712000,2020,1,18,873570,2020-01-01,24.72612383667022,0
Charlotte,NC,3712000,2020,2,18,872845,2020-02-01,24.74666177843718,0
Charlotte,NC,3712000,2020,3,25,872120,2020-03-01,34.39893592624868,0
Charlotte,NC,3712000,2020,4,13,871395,2020-04-01,17.90232902415093,0
Charlotte,NC,3712000,2020,5,24,870670,2020-05-01,33.07797443348226,0
Charlotte,NC,3712000,2020,6,35,869945,2020-06-01,48.27891418423003,0
Charlotte,NC,3712000,2020,7,27,869220,2020-07-01,37.27479809484366,0
Charlotte,NC,3712000,2020,8,16,868496,2020-08-01,22.107182992207214,0
Charlotte,NC,3712000,2020,9,27,867771,2020-09-01,37.33703938020514,0
Charlotte,NC,3712000,2020,10,25,867046,2020-10-01,34.600240356336336,0
Charlotte,NC,3712000,2020,11,12,866321,2020-11-01,16.622014241834147,0
Charlotte,NC,3712000,2020,12,22,865596,2020-12-01,30.499216724661387,0
Charlotte,NC,3712000,2021,1,19,864871,2021-01-01,26.362312992342208,0
Charlotte,NC,3712000,2021,2,9,867213,2021-02-01,12.453687848314082,0
Charlotte,NC,3712000,2021,3,18,869555,2021-03-01,24.840291873429514,0
Charlotte,NC,3712000,2021,4,16,871897,2021-04-01,22.02094972227224,0
Charlotte,NC,3712000,2021,5,13,874239,2021-05-01,17.844090689159373,0
Charlotte,NC,3712000,2021,6,20,876581,2021-06-01,27.379101303815617,0
Charlotte,NC,3712000,2021,7,21,878923,2021-07-01,28.671453585808994,0
Charlotte,NC,3712000,2021,8,12,881266,2021-08-01,16.340128860071758,0
Charlotte,NC,3712000,2021,9,18,883608,2021-09-01,24.445229106119452,0
Charlotte,NC,3712000,2021,10,29,885950,2021-10-01,39.27986906710311,0
Charlotte,NC,3712000,2021,11,15,888292,2021-11-01,20.26360701210863,0
Charlotte,NC,3712000,2021,12,23,890634,2021-12-01,30.98916053058832,0
Charlotte,NC,3712000,2022,1,13,892976,2022-01-01,17.469674436938956,0
Charlotte,NC,3712000,2022,2,11,892251,2022-02-01,14.79404338016993,0
Charlotte,NC,3712000,2022,3,17,891526,2022-03-01,22.88211448684615,0
Charlotte,NC,3712000,2022,4,14,890801,2022-04-01,18.859431006476193,0
Charlotte,NC,3712000,2022,5,20,890076,2022-05-01,26.963989591900017,0
Charlotte,NC,3712000,2022,6,29,889351,2022-06-01,39.129657469323135,0
Charlotte,NC,3712000,2022,7,25,888626,2022-07-01,33.759984515420435,0
Charlotte,NC,3712000,2022,8,35,887902,2022-08-01,47.302517620187814,0
Charlotte,NC,3712000,2022,9,10,887177,2022-09-01,13.526049480543342,0
Charlotte,NC,3712000,2022,10,19,886452,2022-10-01,25.720512785802278,0
Charlotte,NC,3712000,2022,11,24,885727,2022-11-01,32.51566227517057,0
Charlotte,NC,3712000,2022,12,13,885002,2022-12-01,17.627078808861448,0
Charlotte,NC,3712000,2023,1,21,884277,2023-01-01,28.49785757177898,0
Charlotte,NC,3712000,2023,2,16,884277,2023-02-01,21.712653388022076,0
Charlotte,NC,3712000,2023,3,11,884277,2023-03-01,14.92744920426518,0
Charlotte,NC,3712000,2023,4,26,884277,2023-04-01,35.28306175553588,0
Charlotte,NC,3712000,2023,5,18,884277,2023-05-01,24.42673506152484,0
Charlotte,NC,3712000,2023,6,34,884277,2023-06-01,46.139388449546914,0
Charlotte,NC,3712000,2023,7,31,884277,2023-07-01,42.06826593929278,0
Charlotte,NC,3712000,2023,8,15,884277,2023-08-01,20.3556125512707,0
Charlotte,NC,3712000,2023,9,30,884277,2023-09-01,40.7112251025414,0
Charlotte,NC,3712000,2023,10,26,884277,2023-10-01,35.28306175553588,0
Charlotte,NC,3712000,2023,11,28,884277,2023-11-01,37.997143429038644,0
Charlotte,NC,3712000,2023,12,38,884277,2023-12-01,51.567551796552436,0
Charlotte,NC,3712000,2024,1,26,884277,2024-01-01,35.28306175553588,0
Charlotte,NC,3712000,2024,2,29,884277,2024-02-01,39.35418426579002,0
Charlotte,NC,3712000,2024,3,30,884277,2024-03-01,40.7112251025414,0
Charlotte,NC,3712000,2024,4,37,884277,2024-04-01,50.210510959801056,0
Charlotte,NC,3712000,2024,5,46,884277,2024-05-01,62.42387849056348,0
Charlotte,NC,3712000,2024,6,29,884277,2024-06-01,39.35418426579002,0
Charlotte,NC,3712000,2024,7,53,884277,2024-07-01,71.92316434782313,0
Charlotte,NC,3712000,2024,8,31,884277,2024-08-01,42.06826593929278,0
Charlotte,NC,3712000,2024,9,34,884277,2024-09-01,46.139388449546914,0
Charlotte,NC,3712000,2024,10,38,884277,2024-10-01,51.567551796552436,0
Charlotte,NC,3712000,2024,11,26,884277,2024-11-01,35.28306175553588,0
Charlotte,NC,3712000,2024,12,39,884277,2024-12-01,52.92459263330382,0
Charlotte,NC,3712000,2025,1,37,884277,2025-01-01,50.210510959801056,0
Charlotte,NC,3712000,2025,2,16,884277,2025-02-01,21.712653388022076,0
Charlotte,NC,3712000,2025,3,33,884277,2025-03-01,44.78234761279553,0
Charlotte,NC,3712000,2025,4,20,884277,2025-04-01,27.1408167350276,0
Charlotte,NC,3712000,2025,5,46,884277,2025-05-01,62.42387849056348,0
Charlotte,NC,3712000,2025,6,36,884277,2025-06-01,48.85347012304968,0
Charlotte,NC,3712000,2025,7,46,884277,2025-07-01,62.42387849056348,0
Charlotte,NC,3712000,2025,8,24,884277,2025-08-01,32.56898008203312,0
Charlotte,NC,3712000,2025,9,29,884277,2025-09-01,39.35418426579002,0
Chesapeake,VA,5116000,2018,1,1,237820,2018-01-01,5.045832982928265,0
Chesapeake,VA,5116000,2018,2,1,238000,2018-02-01,5.042016806722689,0
Chesapeake,VA,5116000,2018,3,0,238180,2018-03-01,0,0
Chesapeake,VA,5116000,2018,4,0,238360,2018-04-01,0,0
Chesapeake,VA,5116000,2018,5,1,238541,2018-05-01,5.030581744857278,0
Chesapeake,VA,5116000,2018,6,3,238721,2018-06-01,15.080365782650038,0
Chesapeake,VA,5116000,2018,7,4,238901,2018-07-01,20.092004637904402,0
Chesapeake,VA,5116000,2018,8,2,239081,2018-08-01,10.038438855450664,0
Chesapeake,VA,5116000,2018,9,6,239261,2018-09-01,30.092660316558067,0
Chesapeake,VA,5116000,2018,10,4,239442,2018-10-01,20.04660836444734,0
Chesapeake,VA,5116000,2018,11,1,239622,2018-11-01,5.007887422690738,0
Chesapeake,VA,5116000,2018,12,0,239802,2018-12-01,0,0
Chesapeake,VA,5116000,2019,1,2,239982,2019-01-01,10.000750056254219,0
Chesapeake,VA,5116000,2019,2,4,240204,2019-02-01,19.98301443772793,0
Chesapeake,VA,5116000,2019,3,1,240426,2019-03-01,4.991140725212748,0
Chesapeake,VA,5116000,2019,4,0,240648,2019-04-01,0,0
Chesapeake,VA,5116000,2019,5,12,240870,2019-05-01,59.783285589737204,0
Chesapeake,VA,5116000,2019,6,1,241092,2019-06-01,4.9773530436513855,0
Chesapeake,VA,5116000,2019,7,1,241314,2019-07-01,4.972774062010492,0
Chesapeake,VA,5116000,2019,8,0,241537,2019-08-01,0,0
Chesapeake,VA,5116000,2019,9,0,241759,2019-09-01,0,0
Chesapeake,VA,5116000,2019,10,1,241981,2019-10-01,4.959067034188635,0
Chesapeake,VA,5116000,2019,11,2,242203,2019-11-01,9.90904324058744,0
Chesapeake,VA,5116000,2019,12,0,242425,2019-12-01,0,0
Chesapeake,VA,5116000,2020,1,4,242647,2020-01-01,19.78182297741163,0
Chesapeake,VA,5116000,2020,2,2,243024,2020-02-01,9.875567845151096,0
Chesapeake,VA,5116000,2020,3,2,243401,2020-03-01,9.860271732655166,0
Chesapeake,VA,5116000,2020,4,2,243778,2020-04-01,9.845022930699242,0
Chesapeake,VA,5116000,2020,5,2,244155,2020-05-01,9.82982122012656,0
Chesapeake,VA,5116000,2020,6,3,244532,2020-06-01,14.72199957469779,0
Chesapeake,VA,5116000,2020,7,4,244909,2020-07-01,19.599116406502006,0
Chesapeake,VA,5116000,2020,8,0,245287,2020-08-01,0,0
Chesapeake,VA,5116000,2020,9,5,245664,2020-09-01,24.42360296991012,0
Chesapeake,VA,5116000,2020,10,6,246041,2020-10-01,29.263415447018993,0
Chesapeake,VA,5116000,2020,11,2,246418,2020-11-01,9.739548247287129,0
Chesapeake,VA,5116000,2020,12,3,246795,2020-12-01,14.58700540934784,0
Chesapeake,VA,5116000,2021,1,4,247172,2021-01-01,19.4196753677601,0
Chesapeake,VA,5116000,2021,2,1,247285,2021-02-01,4.852700325535314,0
Chesapeake,VA,5116000,2021,3,3,247398,2021-03-01,14.551451507287855,0
Chesapeake,VA,5116000,2021,4,2,247511,2021-04-01,9.696538739692379,0
Chesapeake,VA,5116000,2021,5,2,247624,2021-05-01,9.69211385003069,0
Chesapeake,VA,5116000,2021,6,4,247737,2021-06-01,19.375385994017847,0
Chesapeake,VA,5116000,2021,7,8,247850,2021-07-01,38.733104700423645,0
Chesapeake,VA,5116000,2021,8,1,247962,2021-08-01,4.839451206233213,0
Chesapeake,VA,5116000,2021,9,2,248075,2021-09-01,9.674493600725588,0
Chesapeake,VA,5116000,2021,10,4,248188,2021-10-01,19.340177607297694,0
Chesapeake,VA,5116000,2021,11,3,248301,2021-11-01,14.498532023632606,0
Chesapeake,VA,5116000,2021,12,3,248414,2021-12-01,14.491936847359648,0
Chesapeake,VA,5116000,2022,1,2,248527,2022-01-01,9.65689844564172,0
Chesapeake,VA,5116000,2022,2,5,248904,2022-02-01,24.105679298042617,0
Chesapeake,VA,5116000,2022,3,3,249281,2022-03-01,14.441533851356501,0
Chesapeake,VA,5116000,2022,4,5,249658,2022-04-01,24.032876975702763,0
Chesapeake,VA,5116000,2022,5,8,250035,2022-05-01,38.39462475253465,0
Chesapeake,VA,5116000,2022,6,1,250412,2022-06-01,4.792102614890661,0
Chesapeake,VA,5116000,2022,7,2,250789,2022-07-01,9.569797718400729,0
Chesapeake,VA,5116000,2022,8,1,251167,2022-08-01,4.7776977071032425,0
Chesapeake,VA,5116000,2022,9,1,251544,2022-09-01,4.770537162484495,0
Chesapeake,VA,5116000,2022,10,5,251921,2022-10-01,23.816990246942495,0
Chesapeake,VA,5116000,2022,11,13,252298,2022-11-01,61.831643532647895,0
Chesapeake,VA,5116000,2022,12,0,252675,2022-12-01,0,0
Chesapeake,VA,5116000,2023,1,2,253052,2023-01-01,9.484216682737145,0
Chesapeake,VA,5116000,2023,2,3,253052,2023-02-01,14.226325024105718,0
Chesapeake,VA,5116000,2023,3,2,253052,2023-03-01,9.484216682737145,0
Chesapeake,VA,5116000,2023,4,3,253052,2023-04-01,14.226325024105718,0
Chesapeake,VA,5116000,2023,5,3,253052,2023-05-01,14.226325024105718,0
Chesapeake,VA,5116000,2023,6,0,253052,2023-06-01,0,0
Chesapeake,VA,5116000,2023,7,6,253052,2023-07-01,28.452650048211435,0
Chesapeake,VA,5116000,2023,8,2,253052,2023-08-01,9.484216682737145,0
Chesapeake,VA,5116000,2023,9,7,253052,2023-09-01,33.19475838958001,0
Chesapeake,VA,5116000,2023,10,3,253052,2023-10-01,14.226325024105718,0
Chesapeake,VA,5116000,2023,11,1,253052,2023-11-01,4.7421083413685725,0
Chesapeake,VA,5116000,2023,12,1,253052,2023-12-01,4.7421083413685725,0
Chesapeake,VA,5116000,2024,1,5,253052,2024-01-01,23.71054170684286,0
Chesapeake,VA,5116000,2024,2,1,253052,2024-02-01,4.7421083413685725,0
Chesapeake,VA,5116000,2024,3,1,253052,2024-03-01,4.7421083413685725,0
Chesapeake,VA,5116000,2024,4,0,253052,2024-04-01,0,0
Chesapeake,VA,5116000,2024,5,3,253052,2024-05-01,14.226325024105718,0
Chesapeake,VA,5116000,2024,6,5,253052,2024-06-01,23.71054170684286,0
Chesapeake,VA,5116000,2024,7,4,253052,2024-07-01,18.96843336547429,0
Chesapeake,VA,5116000,2024,8,0,253052,2024-08-01,0,0
Chesapeake,VA,5116000,2024,9,3,253052,2024-09-01,14.226325024105718,0
Chesapeake,VA,5116000,2024,10,4,253052,2024-10-01,18.96843336547429,0
Chesapeake,VA,5116000,2024,11,6,253052,2024-11-01,28.452650048211435,0
Chesapeake,VA,5116000,2024,12,6,253052,2024-12-01,28.452650048211435,0
Chesapeake,VA,5116000,2025,1,0,253052,2025-01-01,0,0
Chesapeake,VA,5116000,2025,2,6,253052,2025-02-01,28.452650048211435,0
Chesapeake,VA,5116000,2025,3,1,253052,2025-03-01,4.7421083413685725,0
Chesapeake,VA,5116000,2025,4,1,253052,2025-04-01,4.7421083413685725,0
Chesapeake,VA,5116000,2025,5,1,253052,2025-05-01,4.7421083413685725,0
Chesapeake,VA,5116000,2025,6,0,253052,2025-06-01,0,0
Chesapeake,VA,5116000,2025,7,1,253052,2025-07-01,4.7421083413685725,0
Chesapeake,VA,5116000,2025,8,8,253052,2025-08-01,37.93686673094858,0
Chesapeake,VA,5116000,2025,9,4,253052,2025-09-01,18.96843336547429,0
Chicago,IL,1714000,2018,1,201,2718555,2018-01-01,88.72360500339335,0
Chicago,IL,1714000,2018,2,143,2717803,2018-02-01,63.13923415346882,0
Chicago,IL,1714000,2018,3,159,2717051,2018-03-01,70.22319419105494,0
Chicago,IL,1714000,2018,4,201,2716300,2018-04-01,88.79726098000957,0
Chicago,IL,1714000,2018,5,303,2715548,2018-05-01,133.89562622350996,0
Chicago,IL,1714000,2018,6,315,2714796,2018-06-01,139.2369813422445,0
Chicago,IL,1714000,2018,7,312,2714045,2018-07-01,137.94907601016195,0
Chicago,IL,1714000,2018,8,355,2713293,2018-08-01,157.00479085745621,0
Chicago,IL,1714000,2018,9,247,2712541,2018-09-01,109.27023775861821,0
Chicago,IL,1714000,2018,10,242,2711789,2018-10-01,107.08797771508036,0
Chicago,IL,1714000,2018,11,158,2711037,2018-11-01,69.93633801383014,0
Chicago,IL,1714000,2018,12,202,2710286,2018-12-01,89.43705572031882,0
Chicago,IL,1714000,2019,1,125,2709534,2019-01-01,55.360072986720226,0
Chicago,IL,1714000,2019,2,129,2708685,2019-02-01,57.149502433837824,0
Chicago,IL,1714000,2019,3,165,2707836,2019-03-01,73.12111959513058,0
Chicago,IL,1714000,2019,4,238,2706987,2019-04-01,105.50475491755225,0
Chicago,IL,1714000,2019,5,210,2706138,2019-05-01,93.12163681231334,0
Chicago,IL,1714000,2019,6,275,2705289,2019-06-01,121.98327054891362,0
Chicago,IL,1714000,2019,7,316,2704440,2019-07-01,140.21387052402713,0
Chicago,IL,1714000,2019,8,281,2703592,2019-08-01,124.72296115686095,0
Chicago,IL,1714000,2019,9,251,2702743,2019-09-01,111.44233839473453,0
Chicago,IL,1714000,2019,10,220,2701894,2019-10-01,97.70923655776284,0
Chicago,IL,1714000,2019,11,169,2701045,2019-11-01,75.08205157633435,0
Chicago,IL,1714000,2019,12,195,2700196,2019-12-01,86.66037576531481,0
Chicago,IL,1714000,2020,1,144,2699347,2020-01-01,64.01548226293247,0
Chicago,IL,1714000,2020,2,160,2702911,2020-02-01,71.0345253691298,0
Chicago,IL,1714000,2020,3,179,2706476,2020-03-01,79.36519666163676,0
Chicago,IL,1714000,2020,4,245,2710040,2020-04-01,108.48548360909801,0
Chicago,IL,1714000,2020,5,395,2713604,2020-05-01,174.67545006566914,0
Chicago,IL,1714000,2020,6,534,2717169,2020-06-01,235.83369308276372,0
Chicago,IL,1714000,2020,7,578,2720733,2020-07-01,254.93129976370335,0
Chicago,IL,1714000,2020,8,487,2724297,2020-08-01,214.51405628681457,0
Chicago,IL,1714000,2020,9,385,2727862,2020-09-01,169.36340621336416,0
Chicago,IL,1714000,2020,10,346,2731426,2020-10-01,152.00851130508386,0
Chicago,IL,1714000,2020,11,321,2734990,2020-11-01,140.84146559950858,0
Chicago,IL,1714000,2020,12,251,2738555,2020-12-01,109.98501034304587,0
Chicago,IL,1714000,2021,1,233,2742119,2021-01-01,101.96494025241066,0
Chicago,IL,1714000,2021,2,173,2739369,2021-02-01,75.7838757757717,0
Chicago,IL,1714000,2021,3,294,2736618,2021-03-01,128.91824872890552,0
Chicago,IL,1714000,2021,4,302,2733867,2021-04-01,132.55948442261456,0
Chicago,IL,1714000,2021,5,367,2731117,2021-05-01,161.2527035641461,0
Chicago,IL,1714000,2021,6,445,2728367,2021-06-01,195.72147002217812,0
Chicago,IL,1714000,2021,7,588,2725616,2021-07-01,258.87725930578625,0
Chicago,IL,1714000,2021,8,503,2722865,2021-08-01,221.67826902912924,0
Chicago,IL,1714000,2021,9,490,2720115,2021-09-01,216.16733116063108,0
Chicago,IL,1714000,2021,10,365,2717365,2021-10-01,161.18556027622344,0
Chicago,IL,1714000,2021,11,312,2714614,2021-11-01,137.92016102473502,0
Chicago,IL,1714000,2021,12,297,2711863,2021-12-01,131.42256817545726,0
Chicago,IL,1714000,2022,1,219,2709113,2022-01-01,97.00592038796464,0
Chicago,IL,1714000,2022,2,164,2712677,2022-02-01,72.54826136690804,0
Chicago,IL,1714000,2022,3,225,2716242,2022-03-01,99.40204149703894,0
Chicago,IL,1714000,2022,4,242,2719806,2022-04-01,106.77232126114876,0
Chicago,IL,1714000,2022,5,338,2723370,2022-05-01,148.9331232994415,0
Chicago,IL,1714000,2022,6,348,2726935,2022-06-01,153.13896370833922,0
Chicago,IL,1714000,2022,7,446,2730499,2022-07-01,196.00812891709535,0
Chicago,IL,1714000,2022,8,389,2734063,2022-08-01,170.73490991246362,0
Chicago,IL,1714000,2022,9,366,2737628,2022-09-01,160.43085473994273,0
Chicago,IL,1714000,2022,10,308,2741192,2022-10-01,134.8318541714699,0
Chicago,IL,1714000,2022,11,260,2744756,2022-11-01,113.67130630190807,0
Chicago,IL,1714000,2022,12,242,2748321,2022-12-01,105.66451298811164,0
Chicago,IL,1714000,2023,1,207,2751885,2023-01-01,90.26539989861496,0
Chicago,IL,1714000,2023,2,162,2751885,2023-02-01,70.6424868771769,0
Chicago,IL,1714000,2023,3,180,2751885,2023-03-01,78.49165208575212,0
Chicago,IL,1714000,2023,4,246,2751885,2023-04-01,107.27192451719459,0
Chicago,IL,1714000,2023,5,322,2751885,2023-05-01,140.41284428673436,0
Chicago,IL,1714000,2023,6,331,2751885,2023-06-01,144.33742689102195,0
Chicago,IL,1714000,2023,7,357,2751885,2023-07-01,155.67510997007508,0
Chicago,IL,1714000,2023,8,287,2751885,2023-08-01,125.15057860339368,0
Chicago,IL,1714000,2023,9,275,2751885,2023-09-01,119.91780179767687,0
Chicago,IL,1714000,2023,10,271,2751885,2023-10-01,118.17354286243793,0
Chicago,IL,1714000,2023,11,225,2751885,2023-11-01,98.11456510719017,0
Chicago,IL,1714000,2023,12,184,2751885,2023-12-01,80.23591102099105,0
Chicago,IL,1714000,2024,1,152,2751885,2024-01-01,66.28183953907957,0
Chicago,IL,1714000,2024,2,163,2751885,2024-02-01,71.07855161098665,0
Chicago,IL,1714000,2024,3,199,2751885,2024-03-01,86.77688202813708,0
Chicago,IL,1714000,2024,4,227,2751885,2024-04-01,98.98669457480963,0
Chicago,IL,1714000,2024,5,272,2751885,2024-05-01,118.60960759624768,0
Chicago,IL,1714000,2024,6,350,2751885,2024-06-01,152.62265683340692,0
Chicago,IL,1714000,2024,7,304,2751885,2024-07-01,132.56367907815914,0
Chicago,IL,1714000,2024,8,288,2751885,2024-08-01,125.5866433372034,0
Chicago,IL,1714000,2024,9,262,2751885,2024-09-01,114.2489602581503,0
Chicago,IL,1714000,2024,10,212,2751885,2024-10-01,92.44572356766362,0
Chicago,IL,1714000,2024,11,149,2751885,2024-11-01,64.97364533765038,0
Chicago,IL,1714000,2024,12,153,2751885,2024-12-01,66.71790427288931,0
Chicago,IL,1714000,2025,1,132,2751885,2025-01-01,57.560544862884896,0
Chicago,IL,1714000,2025,2,93,2751885,2025-02-01,40.55402024430527,0
Chicago,IL,1714000,2025,3,114,2751885,2025-03-01,49.71137965430968,0
Chicago,IL,1714000,2025,4,126,2751885,2025-04-01,54.94415646002649,0
Chicago,IL,1714000,2025,5,146,2751885,2025-05-01,63.66545113622117,0
Chicago,IL,1714000,2025,6,159,2751885,2025-06-01,69.33429267574772,0
Chicago,IL,1714000,2025,7,253,2751885,2025-07-01,110.32437765386273,0
Chicago,IL,1714000,2025,8,244,2751885,2025-08-01,106.39979504957509,0
Chicago,IL,1714000,2025,9,172,2751885,2025-09-01,75.00313421527426,0
Chula Vista,CA,613392,2018,1,0,266468,2018-01-01,0,0
Chula Vista,CA,613392,2018,2,2,266672,2018-02-01,8.999820003599927,0
Chula Vista,CA,613392,2018,3,0,266877,2018-03-01,0,0
Chula Vista,CA,613392,2018,4,3,267081,2018-04-01,13.479056915317825,0
Chula Vista,CA,613392,2018,5,0,267285,2018-05-01,0,0
Chula Vista,CA,613392,2018,6,0,267490,2018-06-01,0,0
Chula Vista,CA,613392,2018,7,0,267694,2018-07-01,0,0
Chula Vista,CA,613392,2018,8,1,267898,2018-08-01,4.479316754884321,0
Chula Vista,CA,613392,2018,9,0,268103,2018-09-01,0,0
Chula Vista,CA,613392,2018,10,0,268307,2018-10-01,0,0
Chula Vista,CA,613392,2018,11,1,268511,2018-11-01,4.469090651779629,0
Chula Vista,CA,613392,2018,12,0,268716,2018-12-01,0,0
Chula Vista,CA,613392,2019,1,0,268920,2019-01-01,0,0
Chula Vista,CA,613392,2019,2,0,268908,2019-02-01,0,0
Chula Vista,CA,613392,2019,3,1,268896,2019-03-01,4.462691895751518,0
Chula Vista,CA,613392,2019,4,1,268885,2019-04-01,4.462874463060416,0
Chula Vista,CA,613392,2019,5,0,268873,2019-05-01,0,0
Chula Vista,CA,613392,2019,6,0,268861,2019-06-01,0,0
Chula Vista,CA,613392,2019,7,0,268850,2019-07-01,0,0
Chula Vista,CA,613392,2019,8,0,268838,2019-08-01,0,0
Chula Vista,CA,613392,2019,9,0,268826,2019-09-01,0,0
Chula Vista,CA,613392,2019,10,0,268814,2019-10-01,0,0
Chula Vista,CA,613392,2019,11,0,268802,2019-11-01,0,0
Chula Vista,CA,613392,2019,12,2,268791,2019-12-01,8.928870386285254,0
Chula Vista,CA,613392,2020,1,1,268779,2020-01-01,4.464634513857109,0
Chula Vista,CA,613392,2020,2,0,269282,2020-02-01,0,0
Chula Vista,CA,613392,2020,3,2,269785,2020-03-01,8.895972719016996,0
Chula Vista,CA,613392,2020,4,1,270289,2020-04-01,4.439692329321578,0
Chula Vista,CA,613392,2020,5,0,270792,2020-05-01,0,0
Chula Vista,CA,613392,2020,6,1,271295,2020-06-01,4.423229326010432,0
Chula Vista,CA,613392,2020,7,0,271799,2020-07-01,0,0
Chula Vista,CA,613392,2020,8,2,272302,2020-08-01,8.813743564131002,0
Chula Vista,CA,613392,2020,9,0,272805,2020-09-01,0,0
Chula Vista,CA,613392,2020,10,0,273308,2020-10-01,0,0
Chula Vista,CA,613392,2020,11,0,273811,2020-11-01,0,0
Chula Vista,CA,613392,2020,12,0,274315,2020-12-01,0,0
Chula Vista,CA,613392,2021,1,1,274818,2021-01-01,4.366526210073577,0
Chula Vista,CA,613392,2021,2,2,274761,2021-02-01,8.73486411827006,0
Chula Vista,CA,613392,2021,3,3,274704,2021-03-01,13.105014852350166,0
Chula Vista,CA,613392,2021,4,3,274648,2021-04-01,13.107686930179721,0
Chula Vista,CA,613392,2021,5,1,274591,2021-05-01,4.370135947645772,0
Chula Vista,CA,613392,2021,6,0,274534,2021-06-01,0,0
Chula Vista,CA,613392,2021,7,2,274478,2021-07-01,8.743870182674021,0
Chula Vista,CA,613392,2021,8,0,274421,2021-08-01,0,0
Chula Vista,CA,613392,2021,9,0,274364,2021-09-01,0,0
Chula Vista,CA,613392,2021,10,1,274307,2021-10-01,4.374660508116818,0
Chula Vista,CA,613392,2021,11,3,274250,2021-11-01,13.126709206927986,0
Chula Vista,CA,613392,2021,12,1,274194,2021-12-01,4.376463379942669,0
Chula Vista,CA,613392,2022,1,0,274137,2022-01-01,0,0
Chula Vista,CA,613392,2022,2,0,274640,2022-02-01,0,0
Chula Vista,CA,613392,2022,3,3,275143,2022-03-01,13.084105356123906,0
Chula Vista,CA,613392,2022,4,1,275647,2022-04-01,4.353394014808796,0
Chula Vista,CA,613392,2022,5,1,276150,2022-05-01,4.345464421510049,0
Chula Vista,CA,613392,2022,6,0,276653,2022-06-01,0,0
Chula Vista,CA,613392,2022,7,0,277157,2022-07-01,0,0
Chula Vista,CA,613392,2022,8,5,277660,2022-08-01,21.60916228480876,0
Chula Vista,CA,613392,2022,9,0,278163,2022-09-01,0,0
Chula Vista,CA,613392,2022,10,1,278666,2022-10-01,4.306230397680377,0
Chula Vista,CA,613392,2022,11,0,279169,2022-11-01,0,0
Chula Vista,CA,613392,2022,12,0,279673,2022-12-01,0,0
Chula Vista,CA,613392,2023,1,0,280176,2023-01-01,0,0
Chula Vista,CA,613392,2023,2,0,280176,2023-02-01,0,0
Chula Vista,CA,613392,2023,3,1,280176,2023-03-01,4.283022100394038,0
Chula Vista,CA,613392,2023,4,0,280176,2023-04-01,0,0
Chula Vista,CA,613392,2023,5,1,280176,2023-05-01,4.283022100394038,0
Chula Vista,CA,613392,2023,6,0,280176,2023-06-01,0,0
Chula Vista,CA,613392,2023,7,0,280176,2023-07-01,0,0
Chula Vista,CA,613392,2023,8,0,280176,2023-08-01,0,0
Chula Vista,CA,613392,2023,9,0,280176,2023-09-01,0,0
Chula Vista,CA,613392,2023,10,6,280176,2023-10-01,25.698132602364232,0
Chula Vista,CA,613392,2023,11,1,280176,2023-11-01,4.283022100394038,0
Chula Vista,CA,613392,2023,12,0,280176,2023-12-01,0,0
Chula Vista,CA,613392,2024,1,1,280176,2024-01-01,4.283022100394038,0
Chula Vista,CA,613392,2024,2,0,280176,2024-02-01,0,0
Chula Vista,CA,613392,2024,3,4,280176,2024-03-01,17.13208840157615,0
Chula Vista,CA,613392,2024,4,1,280176,2024-04-01,4.283022100394038,0
Chula Vista,CA,613392,2024,5,0,280176,2024-05-01,0,0
Chula Vista,CA,613392,2024,6,1,280176,2024-06-01,4.283022100394038,0
Chula Vista,CA,613392,2024,7,3,280176,2024-07-01,12.849066301182116,0
Chula Vista,CA,613392,2024,8,0,280176,2024-08-01,0,0
Chula Vista,CA,613392,2024,9,0,280176,2024-09-01,0,0
Chula Vista,CA,613392,2024,10,0,280176,2024-10-01,0,0
Chula Vista,CA,613392,2024,11,0,280176,2024-11-01,0,0
Chula Vista,CA,613392,2024,12,0,280176,2024-12-01,0,0
Chula Vista,CA,613392,2025,1,0,280176,2025-01-01,0,0
Chula Vista,CA,613392,2025,2,1,280176,2025-02-01,4.283022100394038,0
Chula Vista,CA,613392,2025,3,2,280176,2025-03-01,8.566044200788076,0
Chula Vista,CA,613392,2025,4,0,280176,2025-04-01,0,0
Chula Vista,CA,613392,2025,5,0,280176,2025-05-01,0,0
Chula Vista,CA,613392,2025,6,0,280176,2025-06-01,0,0
Chula Vista,CA,613392,2025,7,0,280176,2025-07-01,0,0
Chula Vista,CA,613392,2025,8,0,280176,2025-08-01,0,0
Chula Vista,CA,613392,2025,9,0,280176,2025-09-01,0,0
Cincinnati,OH,3915000,2018,1,19,300357,2018-01-01,75.90966749568014,0
Cincinnati,OH,3915000,2018,2,7,300443,2018-02-01,27.958714298552472,0
Cincinnati,OH,3915000,2018,3,10,300530,2018-03-01,39.92945795760823,0
Cincinnati,OH,3915000,2018,4,8,300616,2018-04-01,31.934427974558904,0
Cincinnati,OH,3915000,2018,5,27,300703,2018-05-01,107.74751166433325,0
Cincinnati,OH,3915000,2018,6,20,300789,2018-06-01,79.79015190050168,0
Cincinnati,OH,3915000,2018,7,33,300875,2018-07-01,131.61611965101787,0
Cincinnati,OH,3915000,2018,8,13,300962,2018-08-01,51.833786325183915,0
Cincinnati,OH,3915000,2018,9,19,301048,2018-09-01,75.73543089474104,0
Cincinnati,OH,3915000,2018,10,18,301135,2018-10-01,71.72862669566805,0
Cincinnati,OH,3915000,2018,11,15,301221,2018-11-01,59.756789865248436,0
Cincinnati,OH,3915000,2018,12,17,301308,2018-12-01,67.70480704129994,0
Cincinnati,OH,3915000,2019,1,18,301394,2019-01-01,71.66698739855471,0
Cincinnati,OH,3915000,2019,2,5,301502,2019-02-01,19.900365503379746,0
Cincinnati,OH,3915000,2019,3,10,301610,2019-03-01,39.786479228142305,0
Cincinnati,OH,3915000,2019,4,11,301717,2019-04-01,43.74960641926043,0
Cincinnati,OH,3915000,2019,5,20,301825,2019-05-01,79.51627598774124,0
Cincinnati,OH,3915000,2019,6,29,301933,2019-06-01,115.25735842057675,0
Cincinnati,OH,3915000,2019,7,27,302040,2019-07-01,107.27056019070321,0
Cincinnati,OH,3915000,2019,8,29,302148,2019-08-01,115.17534453314269,0
Cincinnati,OH,3915000,2019,9,33,302256,2019-09-01,131.01476893758934,0
Cincinnati,OH,3915000,2019,10,23,302364,2019-10-01,91.28070802079613,0
Cincinnati,OH,3915000,2019,11,17,302472,2019-11-01,67.44425930334047,0
Cincinnati,OH,3915000,2019,12,11,302579,2019-12-01,43.62497066881707,0
Cincinnati,OH,3915000,2020,1,12,302687,2020-01-01,47.57389646730781,0
Cincinnati,OH,3915000,2020,2,10,303185,2020-02-01,39.579794514900144,0
Cincinnati,OH,3915000,2020,3,18,303683,2020-03-01,71.12679998551121,0
Cincinnati,OH,3915000,2020,4,33,304181,2020-04-01,130.18564604626852,0
Cincinnati,OH,3915000,2020,5,15,304679,2020-05-01,59.07857121757654,0
Cincinnati,OH,3915000,2020,6,26,305177,2020-06-01,102.23575171130197,0
Cincinnati,OH,3915000,2020,7,25,305675,2020-07-01,98.14345301382185,0
Cincinnati,OH,3915000,2020,8,48,306174,2020-08-01,188.12831919104823,0
Cincinnati,OH,3915000,2020,9,18,306672,2020-09-01,70.43355767725778,0
Cincinnati,OH,3915000,2020,10,12,307170,2020-10-01,46.87957808379725,0
Cincinnati,OH,3915000,2020,11,17,307668,2020-11-01,66.30523811381099,0
Cincinnati,OH,3915000,2020,12,13,308166,2020-12-01,50.62206732734955,0
Cincinnati,OH,3915000,2021,1,12,308664,2021-01-01,46.65267086540704,0
Cincinnati,OH,3915000,2021,2,12,308570,2021-02-01,46.66688271704962,0
Cincinnati,OH,3915000,2021,3,7,308477,2021-03-01,27.230555276406342,0
Cincinnati,OH,3915000,2021,4,7,308383,2021-04-01,27.238855578939177,0
Cincinnati,OH,3915000,2021,5,33,308290,2021-05-01,128.4504849330176,0
Cincinnati,OH,3915000,2021,6,37,308196,2021-06-01,144.06416695868862,0
Cincinnati,OH,3915000,2021,7,20,308102,2021-07-01,77.89628110171307,0
Cincinnati,OH,3915000,2021,8,22,308009,2021-08-01,85.71178114925213,0
Cincinnati,OH,3915000,2021,9,34,307915,2021-09-01,132.504100157511,0
Cincinnati,OH,3915000,2021,10,38,307822,2021-10-01,148.13756001845223,0
Cincinnati,OH,3915000,2021,11,11,307728,2021-11-01,42.89502417719544,0
Cincinnati,OH,3915000,2021,12,15,307635,2021-12-01,58.51089765468818,0
Cincinnati,OH,3915000,2022,1,13,307541,2022-01-01,50.72494399120768,0
Cincinnati,OH,3915000,2022,2,11,308039,2022-02-01,42.85171682806398,0
Cincinnati,OH,3915000,2022,3,10,308537,2022-03-01,38.893228364831444,0
Cincinnati,OH,3915000,2022,4,17,309035,2022-04-01,66.01194039510088,0
Cincinnati,OH,3915000,2022,5,21,309533,2022-05-01,81.4129672765101,0
Cincinnati,OH,3915000,2022,6,20,310031,2022-06-01,77.41161367734195,0
Cincinnati,OH,3915000,2022,7,27,310529,2022-07-01,104.33808114540027,0
Cincinnati,OH,3915000,2022,8,31,311028,2022-08-01,119.60337976002161,0
Cincinnati,OH,3915000,2022,9,26,311526,2022-09-01,100.15215423431752,0
Cincinnati,OH,3915000,2022,10,38,312024,2022-10-01,146.142604415045,0
Cincinnati,OH,3915000,2022,11,14,312522,2022-11-01,53.7562155624244,0
Cincinnati,OH,3915000,2022,12,15,313020,2022-12-01,57.50431282346176,0
Cincinnati,OH,3915000,2023,1,12,313518,2023-01-01,45.93037720322279,0
Cincinnati,OH,3915000,2023,2,20,313518,2023-02-01,76.55062867203796,0
Cincinnati,OH,3915000,2023,3,10,313518,2023-03-01,38.27531433601898,0
Cincinnati,OH,3915000,2023,4,22,313518,2023-04-01,84.20569153924177,0
Cincinnati,OH,3915000,2023,5,26,313518,2023-05-01,99.51581727364936,0
Cincinnati,OH,3915000,2023,6,42,313518,2023-06-01,160.75632021127973,0
Cincinnati,OH,3915000,2023,7,25,313518,2023-07-01,95.68828584004746,0
Cincinnati,OH,3915000,2023,8,40,313518,2023-08-01,153.10125734407592,0
Cincinnati,OH,3915000,2023,9,33,313518,2023-09-01,126.30853730886265,0
Cincinnati,OH,3915000,2023,10,28,313518,2023-10-01,107.17088014085316,0
Cincinnati,OH,3915000,2023,11,18,313518,2023-11-01,68.89556580483418,0
Cincinnati,OH,3915000,2023,12,18,313518,2023-12-01,68.89556580483418,0
Cincinnati,OH,3915000,2024,1,11,313518,2024-01-01,42.102845769620885,0
Cincinnati,OH,3915000,2024,2,18,313518,2024-02-01,68.89556580483418,0
Cincinnati,OH,3915000,2024,3,17,313518,2024-03-01,65.06803437123227,0
Cincinnati,OH,3915000,2024,4,20,313518,2024-04-01,76.55062867203796,0
Cincinnati,OH,3915000,2024,5,27,313518,2024-05-01,103.34334870725127,0
Cincinnati,OH,3915000,2024,6,41,313518,2024-06-01,156.92878877767785,0
Cincinnati,OH,3915000,2024,7,30,313518,2024-07-01,114.82594300805694,0
Cincinnati,OH,3915000,2024,8,22,313518,2024-08-01,84.20569153924177,0
Cincinnati,OH,3915000,2024,9,26,313518,2024-09-01,99.51581727364936,0
Cincinnati,OH,3915000,2024,10,29,313518,2024-10-01,110.99841157445508,0
Cincinnati,OH,3915000,2024,11,16,313518,2024-11-01,61.24050293763037,0
Cincinnati,OH,3915000,2024,12,12,313518,2024-12-01,45.93037720322279,0
Cincinnati,OH,3915000,2025,1,14,313518,2025-01-01,53.58544007042658,0
Cincinnati,OH,3915000,2025,2,15,313518,2025-02-01,57.41297150402847,0
Cincinnati,OH,3915000,2025,3,11,313518,2025-03-01,42.102845769620885,0
Cincinnati,OH,3915000,2025,4,19,313518,2025-04-01,72.72309723843608,0
Cincinnati,OH,3915000,2025,5,21,313518,2025-05-01,80.37816010563986,0
Cincinnati,OH,3915000,2025,6,35,313518,2025-06-01,133.96360017606645,0
Cincinnati,OH,3915000,2025,7,29,313518,2025-07-01,110.99841157445508,0
Cincinnati,OH,3915000,2025,8,24,313518,2025-08-01,91.86075440644558,0
Cincinnati,OH,3915000,2025,9,15,313518,2025-09-01,57.41297150402847,0
Cleveland,OH,3916000,2018,1,25,387398,2018-01-01,77.43973897645314,0
Cleveland,OH,3916000,2018,2,21,387222,2018-02-01,65.07894696065821,0
Cleveland,OH,3916000,2018,3,27,387045,2018-03-01,83.71119637251482,0
Cleveland,OH,3916000,2018,4,25,386869,2018-04-01,77.5456291406135,0
Cleveland,OH,3916000,2018,5,19,386693,2018-05-01,58.96150175979395,0
Cleveland,OH,3916000,2018,6,37,386516,2018-06-01,114.87234681099875,0
Cleveland,OH,3916000,2018,7,41,386340,2018-07-01,127.34896723093648,0
Cleveland,OH,3916000,2018,8,23,386164,2018-08-01,71.47222423633482,0
Cleveland,OH,3916000,2018,9,58,385987,2018-09-01,180.31695367978716,0
Cleveland,OH,3916000,2018,10,29,385811,2018-10-01,90.19960550632304,0
Cleveland,OH,3916000,2018,11,22,385635,2018-11-01,68.45851647283052,0
Cleveland,OH,3916000,2018,12,34,385458,2018-12-01,105.84810796507014,0
Cleveland,OH,3916000,2019,1,30,385282,2019-01-01,93.43805316625225,0
Cleveland,OH,3916000,2019,2,20,385119,2019-02-01,62.31840028666464,0
Cleveland,OH,3916000,2019,3,15,384957,2019-03-01,46.75846912772076,0
Cleveland,OH,3916000,2019,4,22,384794,2019-04-01,68.60813838053608,0
Cleveland,OH,3916000,2019,5,27,384632,2019-05-01,84.23636098920527,0
Cleveland,OH,3916000,2019,6,32,384469,2019-06-01,99.87801357196548,0
Cleveland,OH,3916000,2019,7,49,384306,2019-07-01,153.0030756740722,0
Cleveland,OH,3916000,2019,8,23,384144,2019-08-01,71.84805697863301,0
Cleveland,OH,3916000,2019,9,37,383981,2019-09-01,115.63072131173158,0
Cleveland,OH,3916000,2019,10,45,383819,2019-10-01,140.6913154377454,0
Cleveland,OH,3916000,2019,11,28,383656,2019-11-01,87.57845569989782,0
Cleveland,OH,3916000,2019,12,46,383494,2019-12-01,143.93967050331946,0
Cleveland,OH,3916000,2020,1,28,383331,2020-01-01,87.65270745126274,0
Cleveland,OH,3916000,2020,2,6,382625,2020-02-01,18.81737994119569,0
Cleveland,OH,3916000,2020,3,31,381919,2020-03-01,97.4028524372969,0
Cleveland,OH,3916000,2020,4,22,381213,2020-04-01,69.25262254959826,0
Cleveland,OH,3916000,2020,5,48,380508,2020-05-01,151.3765807814816,0
Cleveland,OH,3916000,2020,6,51,379802,2020-06-01,161.13659222436954,0
Cleveland,OH,3916000,2020,7,80,379096,2020-07-01,253.23400932745267,0
Cleveland,OH,3916000,2020,8,36,378390,2020-08-01,114.16792198525332,0
Cleveland,OH,3916000,2020,9,29,377684,2020-09-01,92.14051958780357,0
Cleveland,OH,3916000,2020,10,37,376979,2020-10-01,117.77844389210009,0
Cleveland,OH,3916000,2020,11,32,376273,2020-11-01,102.0535621742724,0
Cleveland,OH,3916000,2020,12,24,375567,2020-12-01,76.68405371078929,0
Cleveland,OH,3916000,2021,1,17,374861,2021-01-01,54.42017174365965,0
Cleveland,OH,3916000,2021,2,10,374985,2021-02-01,32.001280051202045,0
Cleveland,OH,3916000,2021,3,25,375110,2021-03-01,79.9765402148703,0
Cleveland,OH,3916000,2021,4,17,375235,2021-04-01,54.36593068343838,0
Cleveland,OH,3916000,2021,5,33,375359,2021-05-01,105.49900228847585,0
Cleveland,OH,3916000,2021,6,68,375483,2021-06-01,217.32009172186224,0
Cleveland,OH,3916000,2021,7,55,375608,2021-07-01,175.71510723946244,0
Cleveland,OH,3916000,2021,8,19,375733,2021-08-01,60.68138811336774,0
Cleveland,OH,3916000,2021,9,40,375857,2021-09-01,127.70814432084543,0
Cleveland,OH,3916000,2021,10,48,375981,2021-10-01,153.1992308121953,0
Cleveland,OH,3916000,2021,11,21,376106,2021-11-01,67.00238762476536,0
Cleveland,OH,3916000,2021,12,11,376231,2021-12-01,35.08482820394917,0
Cleveland,OH,3916000,2022,1,29,376355,2022-01-01,92.46588991776382,0
Cleveland,OH,3916000,2022,2,11,375649,2022-02-01,35.13918578247247,0
Cleveland,OH,3916000,2022,3,28,374943,2022-03-01,89.61362127043311,0
Cleveland,OH,3916000,2022,4,23,374237,2022-04-01,73.75005678219951,0
Cleveland,OH,3916000,2022,5,28,373532,2022-05-01,89.95213261514408,0
Cleveland,OH,3916000,2022,6,26,372826,2022-06-01,83.68515071373778,0
Cleveland,OH,3916000,2022,7,60,372120,2022-07-01,193.48597226701065,0
Cleveland,OH,3916000,2022,8,40,371414,2022-08-01,129.23583925215527,0
Cleveland,OH,3916000,2022,9,26,370708,2022-09-01,84.1632767569084,0
Cleveland,OH,3916000,2022,10,20,370003,2022-10-01,64.8643389377924,0
Cleveland,OH,3916000,2022,11,30,369297,2022-11-01,97.48251407403797,0
Cleveland,OH,3916000,2022,12,32,368591,2022-12-01,104.18051444555076,0
Cleveland,OH,3916000,2023,1,38,367885,2023-01-01,123.95177840901368,0
Cleveland,OH,3916000,2023,2,25,367885,2023-02-01,81.54722263750901,0
Cleveland,OH,3916000,2023,3,24,367885,2023-03-01,78.28533373200864,0
Cleveland,OH,3916000,2023,4,61,367885,2023-04-01,198.97522323552198,0
Cleveland,OH,3916000,2023,5,77,367885,2023-05-01,251.16544572352774,0
Cleveland,OH,3916000,2023,6,70,367885,2023-06-01,228.33222338502523,0
Cleveland,OH,3916000,2023,7,95,367885,2023-07-01,309.87944602253424,0
Cleveland,OH,3916000,2023,8,55,367885,2023-08-01,179.4038898025198,0
Cleveland,OH,3916000,2023,9,33,367885,2023-09-01,107.64233388151189,0
Cleveland,OH,3916000,2023,10,48,367885,2023-10-01,156.57066746401728,0
Cleveland,OH,3916000,2023,11,26,367885,2023-11-01,84.80911154300937,0
Cleveland,OH,3916000,2023,12,37,367885,2023-12-01,120.68988950351331,0
Cleveland,OH,3916000,2024,1,28,367885,2024-01-01,91.33288935401008,0
Cleveland,OH,3916000,2024,2,26,367885,2024-02-01,84.80911154300937,0
Cleveland,OH,3916000,2024,3,38,367885,2024-03-01,123.95177840901368,0
Cleveland,OH,3916000,2024,4,39,367885,2024-04-01,127.21366731451405,0
Cleveland,OH,3916000,2024,5,60,367885,2024-05-01,195.7133343300216,0
Cleveland,OH,3916000,2024,6,65,367885,2024-06-01,212.02277885752343,0
Cleveland,OH,3916000,2024,7,45,367885,2024-07-01,146.78500074751622,0
Cleveland,OH,3916000,2024,8,44,367885,2024-08-01,143.52311184201585,0
Cleveland,OH,3916000,2024,9,46,367885,2024-09-01,150.04688965301656,0
Cleveland,OH,3916000,2024,10,34,367885,2024-10-01,110.90422278701226,0
Cleveland,OH,3916000,2024,11,25,367885,2024-11-01,81.54722263750901,0
Cleveland,OH,3916000,2024,12,35,367885,2024-12-01,114.16611169251262,0
Cleveland,OH,3916000,2025,1,28,367885,2025-01-01,91.33288935401008,0
Cleveland,OH,3916000,2025,2,14,367885,2025-02-01,45.66644467700504,0
Cleveland,OH,3916000,2025,3,13,367885,2025-03-01,42.40455577150468,0
Cleveland,OH,3916000,2025,4,38,367885,2025-04-01,123.95177840901368,0
Cleveland,OH,3916000,2025,5,26,367885,2025-05-01,84.80911154300937,0
Cleveland,OH,3916000,2025,6,62,367885,2025-06-01,202.23711214102232,0
Cleveland,OH,3916000,2025,7,63,367885,2025-07-01,205.49900104652272,0
Cleveland,OH,3916000,2025,8,29,367885,2025-08-01,94.59477825951045,0
Cleveland,OH,3916000,2025,9,40,367885,2025-09-01,130.47555622001443,0
Colorado Springs,CO,816000,2018,1,8,457502,2018-01-01,20.983514826164697,0
Colorado Springs,CO,816000,2018,2,10,458116,2018-02-01,26.194239013699587,0
Colorado Springs,CO,816000,2018,3,9,458730,2018-03-01,23.543260741612713,0
Colorado Springs,CO,816000,2018,4,8,459344,2018-04-01,20.899369535685675,0
Colorado Springs,CO,816000,2018,5,7,459958,2018-05-01,18.262537014249126,0
Colorado Springs,CO,816000,2018,6,5,460572,2018-06-01,13.02727912248248,0
Colorado Springs,CO,816000,2018,7,8,461186,2018-07-01,20.81589640622222,0
Colorado Springs,CO,816000,2018,8,7,461801,2018-08-01,18.189653118984154,0
Colorado Springs,CO,816000,2018,9,7,462415,2018-09-01,18.165500686612674,0
Colorado Springs,CO,816000,2018,10,4,463029,2018-10-01,10.366521319399,0
Colorado Springs,CO,816000,2018,11,11,463643,2018-11-01,28.470180720942622,0
Colorado Springs,CO,816000,2018,12,12,464257,2018-12-01,31.01730291627267,0
Colorado Springs,CO,816000,2019,1,7,464871,2019-01-01,18.069528966100272,0
Colorado Springs,CO,816000,2019,2,11,465439,2019-02-01,28.360322190448155,0
Colorado Springs,CO,816000,2019,3,9,466007,2019-03-01,23.175617533642196,0
Colorado Springs,CO,816000,2019,4,6,466575,2019-04-01,15.431602636232117,0
Colorado Springs,CO,816000,2019,5,5,467143,2019-05-01,12.844032769408939,0
Colorado Springs,CO,816000,2019,6,4,467711,2019-06-01,10.262747722418332,0
Colorado Springs,CO,816000,2019,7,4,468279,2019-07-01,10.250299500938544,0
Colorado Springs,CO,816000,2019,8,11,468846,2019-08-01,28.15423401287416,0
Colorado Springs,CO,816000,2019,9,5,469414,2019-09-01,12.78189402105604,0
Colorado Springs,CO,816000,2019,10,5,469982,2019-10-01,12.766446374542005,0
Colorado Springs,CO,816000,2019,11,9,470550,2019-11-01,22.95186483901817,0
Colorado Springs,CO,816000,2019,12,5,471118,2019-12-01,12.735662827571861,0
Colorado Springs,CO,816000,2020,1,7,471686,2020-01-01,17.808457321184008,0
Colorado Springs,CO,816000,2020,2,9,471986,2020-02-01,22.882034636620574,0
Colorado Springs,CO,816000,2020,3,7,472285,2020-03-01,17.785870819526345,0
Colorado Springs,CO,816000,2020,4,5,472585,2020-04-01,12.696128738745411,0
Colorado Springs,CO,816000,2020,5,8,472885,2020-05-01,20.300918828044875,0
Colorado Springs,CO,816000,2020,6,2,473184,2020-06-01,5.0720227226617975,0
Colorado Springs,CO,816000,2020,7,8,473484,2020-07-01,20.27523633322351,0
Colorado Springs,CO,816000,2020,8,7,473784,2020-08-01,17.729598297958564,0
Colorado Springs,CO,816000,2020,9,7,474083,2020-09-01,17.718416395441306,0
Colorado Springs,CO,816000,2020,10,18,474383,2020-10-01,45.532828958879215,0
Colorado Springs,CO,816000,2020,11,9,474683,2020-11-01,22.752026088989915,0
Colorado Springs,CO,816000,2020,12,3,474982,2020-12-01,7.579234581520985,0
Colorado Springs,CO,816000,2021,1,5,475282,2021-01-01,12.62408422788997,0
Colorado Springs,CO,816000,2021,2,7,476036,2021-02-01,17.645724272954148,0
Colorado Springs,CO,816000,2021,3,5,476789,2021-03-01,12.584182940462133,0
Colorado Springs,CO,816000,2021,4,11,477543,2021-04-01,27.641489876304334,0
Colorado Springs,CO,816000,2021,5,14,478297,2021-05-01,35.124619221947874,0
Colorado Springs,CO,816000,2021,6,15,479050,2021-06-01,37.57436593257489,0
Colorado Springs,CO,816000,2021,7,4,479804,2021-07-01,10.004085001375563,0
Colorado Springs,CO,816000,2021,8,4,480558,2021-08-01,9.988388498370645,0
Colorado Springs,CO,816000,2021,9,9,481311,2021-09-01,22.438714261672807,0
Colorado Springs,CO,816000,2021,10,6,482065,2021-10-01,14.935745179591963,0
Colorado Springs,CO,816000,2021,11,15,482819,2021-11-01,37.28105149134562,0
Colorado Springs,CO,816000,2021,12,5,483572,2021-12-01,12.40766628340764,0
Colorado Springs,CO,816000,2022,1,15,484326,2022-01-01,37.16504998699223,0
Colorado Springs,CO,816000,2022,2,18,484626,2022-02-01,44.57045226628369,0
Colorado Springs,CO,816000,2022,3,7,484925,2022-03-01,17.322266329844823,0
Colorado Springs,CO,816000,2022,4,8,485225,2022-04-01,19.784635993611214,0
Colorado Springs,CO,816000,2022,5,19,485525,2022-05-01,46.95947685495083,0
Colorado Springs,CO,816000,2022,6,10,485824,2022-06-01,24.70030299038335,0
Colorado Springs,CO,816000,2022,7,10,486124,2022-07-01,24.685059778986435,0
Colorado Springs,CO,816000,2022,8,9,486424,2022-08-01,22.20285183296877,0
Colorado Springs,CO,816000,2022,9,9,486723,2022-09-01,22.189212344598467,0
Colorado Springs,CO,816000,2022,10,4,487023,2022-10-01,9.855797364806179,0
Colorado Springs,CO,816000,2022,11,32,487323,2022-11-01,78.79784044668526,0
Colorado Springs,CO,816000,2022,12,6,487622,2022-12-01,14.765535599296175,0
Colorado Springs,CO,816000,2023,1,7,487922,2023-01-01,17.21586647046044,0
Colorado Springs,CO,816000,2023,2,10,487922,2023-02-01,24.594094957800632,0
Colorado Springs,CO,816000,2023,3,8,487922,2023-03-01,19.675275966240505,0
Colorado Springs,CO,816000,2023,4,5,487922,2023-04-01,12.297047478900316,0
Colorado Springs,CO,816000,2023,5,5,487922,2023-05-01,12.297047478900316,0
Colorado Springs,CO,816000,2023,6,8,487922,2023-06-01,19.675275966240505,0
Colorado Springs,CO,816000,2023,7,10,487922,2023-07-01,24.594094957800632,0
Colorado Springs,CO,816000,2023,8,11,487922,2023-08-01,27.053504453580693,0
Colorado Springs,CO,816000,2023,9,10,487922,2023-09-01,24.594094957800632,0
Colorado Springs,CO,816000,2023,10,4,487922,2023-10-01,9.837637983120253,0
Colorado Springs,CO,816000,2023,11,9,487922,2023-11-01,22.13468546202057,0
Colorado Springs,CO,816000,2023,12,12,487922,2023-12-01,29.512913949360758,0
Colorado Springs,CO,816000,2024,1,9,487922,2024-01-01,22.13468546202057,0
Colorado Springs,CO,816000,2024,2,8,487922,2024-02-01,19.675275966240505,0
Colorado Springs,CO,816000,2024,3,10,487922,2024-03-01,24.594094957800632,0
Colorado Springs,CO,816000,2024,4,3,487922,2024-04-01,7.3782284873401895,0
Colorado Springs,CO,816000,2024,5,11,487922,2024-05-01,27.053504453580693,0
Colorado Springs,CO,816000,2024,6,10,487922,2024-06-01,24.594094957800632,0
Colorado Springs,CO,816000,2024,7,7,487922,2024-07-01,17.21586647046044,0
Colorado Springs,CO,816000,2024,8,15,487922,2024-08-01,36.891142436700946,0
Colorado Springs,CO,816000,2024,9,6,487922,2024-09-01,14.756456974680379,0
Colorado Springs,CO,816000,2024,10,6,487922,2024-10-01,14.756456974680379,0
Colorado Springs,CO,816000,2024,11,3,487922,2024-11-01,7.3782284873401895,0
Colorado Springs,CO,816000,2024,12,5,487922,2024-12-01,12.297047478900316,0
Colorado Springs,CO,816000,2025,1,9,487922,2025-01-01,22.13468546202057,0
Colorado Springs,CO,816000,2025,2,6,487922,2025-02-01,14.756456974680379,0
Colorado Springs,CO,816000,2025,3,9,487922,2025-03-01,22.13468546202057,0
Colorado Springs,CO,816000,2025,4,6,487922,2025-04-01,14.756456974680379,0
Colorado Springs,CO,816000,2025,5,13,487922,2025-05-01,31.972323445140823,0
Colorado Springs,CO,816000,2025,6,3,487922,2025-06-01,7.3782284873401895,0
Colorado Springs,CO,816000,2025,7,3,487922,2025-07-01,7.3782284873401895,0
Colorado Springs,CO,816000,2025,8,2,487922,2025-08-01,4.918818991560126,0
Colorado Springs,CO,816000,2025,9,8,487922,2025-09-01,19.675275966240505,0
Columbus,OH,3918000,2018,1,13,867628,2018-01-01,17.98005596868704,0
Columbus,OH,3918000,2018,2,18,868538,2018-02-01,24.86937819646348,0
Columbus,OH,3918000,2018,3,15,869449,2018-03-01,20.702766924799498,0
Columbus,OH,3918000,2018,4,22,870359,2018-04-01,30.332311149766934,0
Columbus,OH,3918000,2018,5,35,871270,2018-05-01,48.20549313071724,0
Columbus,OH,3918000,2018,6,21,872180,2018-06-01,28.893118392992275,0
Columbus,OH,3918000,2018,7,27,873090,2018-07-01,37.10957633233687,0
Columbus,OH,3918000,2018,8,26,874001,2018-08-01,35.69789965915371,0
Columbus,OH,3918000,2018,9,13,874911,2018-09-01,17.830385033449115,0
Columbus,OH,3918000,2018,10,24,875822,2018-10-01,32.883394114329164,0
Columbus,OH,3918000,2018,11,20,876732,2018-11-01,27.3743857872189,0
Columbus,OH,3918000,2018,12,16,877643,2018-12-01,21.876776775978385,0
Columbus,OH,3918000,2019,1,25,878553,2019-01-01,34.14705771877166,0
Columbus,OH,3918000,2019,2,14,879430,2019-02-01,19.10328280818257,0
Columbus,OH,3918000,2019,3,23,880307,2019-03-01,31.35269854721137,0
Columbus,OH,3918000,2019,4,18,881185,2019-04-01,24.512446308096482,0
Columbus,OH,3918000,2019,5,22,882062,2019-05-01,29.929868875430525,0
Columbus,OH,3918000,2019,6,30,882939,2019-06-01,40.77291862744765,0
Columbus,OH,3918000,2019,7,25,883816,2019-07-01,33.9437167917304,0
Columbus,OH,3918000,2019,8,18,884693,2019-08-01,24.41524913161967,0
Columbus,OH,3918000,2019,9,21,885570,2019-09-01,28.456248517903724,0
Columbus,OH,3918000,2019,10,29,886447,2019-10-01,39.25784621077176,0
Columbus,OH,3918000,2019,11,22,887325,2019-11-01,29.752345532921982,0
Columbus,OH,3918000,2019,12,25,888202,2019-12-01,33.77610048164719,0
Columbus,OH,3918000,2020,1,24,889079,2020-01-01,32.39307193174059,0
Columbus,OH,3918000,2020,2,24,889834,2020-02-01,32.36558728931464,0
Columbus,OH,3918000,2020,3,21,890590,2020-03-01,28.295848819322025,0
Columbus,OH,3918000,2020,4,34,891345,2020-04-01,45.77352203692173,0
Columbus,OH,3918000,2020,5,52,892100,2020-05-01,69.94731532339424,0
Columbus,OH,3918000,2020,6,74,892856,2020-06-01,99.45612730384295,0
Columbus,OH,3918000,2020,7,57,893611,2020-07-01,76.54337289939357,0
Columbus,OH,3918000,2020,8,71,894366,2020-08-01,95.26301312885329,0
Columbus,OH,3918000,2020,9,41,895122,2020-09-01,54.964574661331085,0
Columbus,OH,3918000,2020,10,43,895877,2020-10-01,57.5971924717344,0
Columbus,OH,3918000,2020,11,41,896632,2020-11-01,54.872009921573174,0
Columbus,OH,3918000,2020,12,52,897388,2020-12-01,69.53513976117354,0
Columbus,OH,3918000,2021,1,73,898143,2021-01-01,97.53457968274539,0
Columbus,OH,3918000,2021,2,52,899304,2021-02-01,69.38699260761655,0
Columbus,OH,3918000,2021,3,39,900466,2021-03-01,51.97308948922003,0
Columbus,OH,3918000,2021,4,58,901627,2021-04-01,77.19378412580812,0
Columbus,OH,3918000,2021,5,63,902788,2021-05-01,83.74059026039336,0
Columbus,OH,3918000,2021,6,46,903950,2021-06-01,61.06532440953593,0
Columbus,OH,3918000,2021,7,92,905111,2021-07-01,121.97398993051681,0
Columbus,OH,3918000,2021,8,71,906272,2021-08-01,94.01151089297694,0
Columbus,OH,3918000,2021,9,66,907434,2021-09-01,87.27907484180668,0
Columbus,OH,3918000,2021,10,63,908595,2021-10-01,83.20538853944828,0
Columbus,OH,3918000,2021,11,29,909756,2021-11-01,38.25201482595333,0
Columbus,OH,3918000,2021,12,42,910918,2021-12-01,55.32880017740345,0
Columbus,OH,3918000,2022,1,43,912079,2022-01-01,56.574046765685864,0
Columbus,OH,3918000,2022,2,29,912834,2022-02-01,38.123032227108105,0
Columbus,OH,3918000,2022,3,38,913590,2022-03-01,49.91298065871999,0
Columbus,OH,3918000,2022,4,56,914345,2022-04-01,73.4952342934013,0
Columbus,OH,3918000,2022,5,49,915100,2022-05-01,64.25527264779805,0
Columbus,OH,3918000,2022,6,50,915856,2022-06-01,65.51248231162977,0
Columbus,OH,3918000,2022,7,59,916611,2022-07-01,77.24105427493234,0
Columbus,OH,3918000,2022,8,42,917366,2022-08-01,54.93990402958035,0
Columbus,OH,3918000,2022,9,67,918122,2022-09-01,87.57006149509542,0
Columbus,OH,3918000,2022,10,42,918877,2022-10-01,54.84956093144131,0
Columbus,OH,3918000,2022,11,35,919632,2022-11-01,45.67044208987943,0
Columbus,OH,3918000,2022,12,49,920388,2022-12-01,63.88610020991147,0
Columbus,OH,3918000,2023,1,54,921143,2023-01-01,70.34738363098889,0
Columbus,OH,3918000,2023,2,42,921143,2023-02-01,54.714631712991356,0
Columbus,OH,3918000,2023,3,63,921143,2023-03-01,82.07194756948704,0
Columbus,OH,3918000,2023,4,40,921143,2023-04-01,52.10917305999177,0
Columbus,OH,3918000,2023,5,67,921143,2023-05-01,87.28286487548621,0
Columbus,OH,3918000,2023,6,45,921143,2023-06-01,58.62281969249075,0
Columbus,OH,3918000,2023,7,68,921143,2023-07-01,88.58559420198601,0
Columbus,OH,3918000,2023,8,44,921143,2023-08-01,57.32009036599095,0
Columbus,OH,3918000,2023,9,34,921143,2023-09-01,44.292797100993006,0
Columbus,OH,3918000,2023,10,47,921143,2023-10-01,61.228278345490324,0
Columbus,OH,3918000,2023,11,39,921143,2023-11-01,50.806443733491975,0
Columbus,OH,3918000,2023,12,35,921143,2023-12-01,45.5955264274928,0
Columbus,OH,3918000,2024,1,24,921143,2024-01-01,31.265503835995062,0
Columbus,OH,3918000,2024,2,31,921143,2024-02-01,40.384609121493625,0
Columbus,OH,3918000,2024,3,25,921143,2024-03-01,32.568233162494856,0
Columbus,OH,3918000,2024,4,40,921143,2024-04-01,52.10917305999177,0
Columbus,OH,3918000,2024,5,41,921143,2024-05-01,53.411902386491576,0
Columbus,OH,3918000,2024,6,50,921143,2024-06-01,65.13646632498971,0
Columbus,OH,3918000,2024,7,40,921143,2024-07-01,52.10917305999177,0
Columbus,OH,3918000,2024,8,39,921143,2024-08-01,50.806443733491975,0
Columbus,OH,3918000,2024,9,35,921143,2024-09-01,45.5955264274928,0
Columbus,OH,3918000,2024,10,22,921143,2024-10-01,28.660045182995475,0
Columbus,OH,3918000,2024,11,36,921143,2024-11-01,46.89825575399259,0
Columbus,OH,3918000,2024,12,30,921143,2024-12-01,39.081879794993824,0
Columbus,OH,3918000,2025,1,25,921143,2025-01-01,32.568233162494856,0
Columbus,OH,3918000,2025,2,17,921143,2025-02-01,22.146398550496503,0
Columbus,OH,3918000,2025,3,24,921143,2025-03-01,31.265503835995062,0
Columbus,OH,3918000,2025,4,13,921143,2025-04-01,16.935481244497325,0
Columbus,OH,3918000,2025,5,27,921143,2025-05-01,35.17369181549444,0
Columbus,OH,3918000,2025,6,28,921143,2025-06-01,36.47642114199424,0
Columbus,OH,3918000,2025,7,26,921143,2025-07-01,33.87096248899465,0
Columbus,OH,3918000,2025,8,25,921143,2025-08-01,32.568233162494856,0
Columbus,OH,3918000,2025,9,29,921143,2025-09-01,37.77915046849403,0
Corpus Christi,TX,4817000,2018,1,7,324692,2018-01-01,25.870671282322945,0
Corpus Christi,TX,4817000,2018,2,2,324783,2018-02-01,7.3895493298602455,0
Corpus Christi,TX,4817000,2018,3,2,324873,2018-03-01,7.387502193164714,0
Corpus Christi,TX,4817000,2018,4,3,324964,2018-04-01,11.078150195098534,0
Corpus Christi,TX,4817000,2018,5,4,325055,2018-05-01,14.766731783851965,0
Corpus Christi,TX,4817000,2018,6,0,325145,2018-06-01,0,0
Corpus Christi,TX,4817000,2018,7,2,325236,2018-07-01,7.379256908829281,0
Corpus Christi,TX,4817000,2018,8,7,325327,2018-08-01,25.820174777992605,0
Corpus Christi,TX,4817000,2018,9,2,325417,2018-09-01,7.375152496642769,0
Corpus Christi,TX,4817000,2018,10,1,325508,2018-10-01,3.6865453383634197,0
Corpus Christi,TX,4817000,2018,11,0,325599,2018-11-01,0,0
Corpus Christi,TX,4817000,2018,12,5,325689,2018-12-01,18.42248279800669,0
Corpus Christi,TX,4817000,2019,1,4,325780,2019-01-01,14.733869482472834,0
Corpus Christi,TX,4817000,2019,2,2,325826,2019-02-01,7.365894679982567,0
Corpus Christi,TX,4817000,2019,3,5,325872,2019-03-01,18.412137280895564,0
Corpus Christi,TX,4817000,2019,4,6,325918,2019-04-01,22.0914463147172,0
Corpus Christi,TX,4817000,2019,5,6,325964,2019-05-01,22.088328772502486,0
Corpus Christi,TX,4817000,2019,6,3,326010,2019-06-01,11.042606055028987,0
Corpus Christi,TX,4817000,2019,7,8,326056,2019-07-01,29.44279510268175,0
Corpus Christi,TX,4817000,2019,8,3,326102,2019-08-01,11.039490711495176,0
Corpus Christi,TX,4817000,2019,9,6,326148,2019-09-01,22.075867397623167,0
Corpus Christi,TX,4817000,2019,10,4,326194,2019-10-01,14.715169500358684,0
Corpus Christi,TX,4817000,2019,11,2,326240,2019-11-01,7.356547327121138,0
Corpus Christi,TX,4817000,2019,12,7,326286,2019-12-01,25.744285688016035,0
Corpus Christi,TX,4817000,2020,1,3,326332,2020-01-01,11.03171003763039,0
Corpus Christi,TX,4817000,2020,2,3,325652,2020-02-01,11.054745556606438,0
Corpus Christi,TX,4817000,2020,3,7,324971,2020-03-01,25.848460324152,0
Corpus Christi,TX,4817000,2020,4,3,324291,2020-04-01,11.101140642200985,0
Corpus Christi,TX,4817000,2020,5,6,323611,2020-05-01,22.248934677745808,0
Corpus Christi,TX,4817000,2020,6,7,322930,2020-06-01,26.011829188988326,0
Corpus Christi,TX,4817000,2020,7,5,322250,2020-07-01,18.619084561675717,0
Corpus Christi,TX,4817000,2020,8,2,321570,2020-08-01,7.46338277824424,0
Corpus Christi,TX,4817000,2020,9,6,320889,2020-09-01,22.437665360919198,0
Corpus Christi,TX,4817000,2020,10,7,320209,2020-10-01,26.232866658963367,0
Corpus Christi,TX,4817000,2020,11,8,319529,2020-11-01,30.044221338282284,0
Corpus Christi,TX,4817000,2020,12,5,318848,2020-12-01,18.81774387796066,0
Corpus Christi,TX,4817000,2021,1,9,318168,2021-01-01,33.944331296673454,0
Corpus Christi,TX,4817000,2021,2,1,318658,2021-02-01,3.765792793527857,0
Corpus Christi,TX,4817000,2021,3,8,319149,2021-03-01,30.079993984001206,0
Corpus Christi,TX,4817000,2021,4,2,319639,2021-04-01,7.508470493275226,0
Corpus Christi,TX,4817000,2021,5,5,320129,2021-05-01,18.742444452080253,0
Corpus Christi,TX,4817000,2021,6,3,320620,2021-06-01,11.228245274780114,0
Corpus Christi,TX,4817000,2021,7,3,321110,2021-07-01,11.21111145713307,0
Corpus Christi,TX,4817000,2021,8,7,321600,2021-08-01,26.11940298507463,0
Corpus Christi,TX,4817000,2021,9,7,322091,2021-09-01,26.0795862038989,0
Corpus Christi,TX,4817000,2021,10,2,322581,2021-10-01,7.4399918160090035,0
Corpus Christi,TX,4817000,2021,11,9,323071,2021-11-01,33.429184296950204,0
Corpus Christi,TX,4817000,2021,12,4,323562,2021-12-01,14.834869360431693,0
Corpus Christi,TX,4817000,2022,1,6,324052,2022-01-01,22.21865626504388,0
Corpus Christi,TX,4817000,2022,2,4,323372,2022-02-01,14.84358571552268,0
Corpus Christi,TX,4817000,2022,3,7,322691,2022-03-01,26.031094762481754,0
Corpus Christi,TX,4817000,2022,4,9,322011,2022-04-01,33.53922692081947,0
Corpus Christi,TX,4817000,2022,5,4,321331,2022-05-01,14.937867806094028,0
Corpus Christi,TX,4817000,2022,6,2,320650,2022-06-01,7.484796507094963,0
Corpus Christi,TX,4817000,2022,7,2,319970,2022-07-01,7.500703190924149,0
Corpus Christi,TX,4817000,2022,8,7,319290,2022-08-01,26.30837169970873,0
Corpus Christi,TX,4817000,2022,9,6,318609,2022-09-01,22.598231688370387,0
Corpus Christi,TX,4817000,2022,10,3,317929,2022-10-01,11.323282871332907,0
Corpus Christi,TX,4817000,2022,11,3,317249,2022-11-01,11.3475534989866,0
Corpus Christi,TX,4817000,2022,12,8,316568,2022-12-01,30.325238179474866,0
Corpus Christi,TX,4817000,2023,1,1,315888,2023-01-01,3.798814769791825,0
Corpus Christi,TX,4817000,2023,2,8,315888,2023-02-01,30.3905181583346,0
Corpus Christi,TX,4817000,2023,3,2,315888,2023-03-01,7.59762953958365,0
Corpus Christi,TX,4817000,2023,4,6,315888,2023-04-01,22.79288861875095,0
Corpus Christi,TX,4817000,2023,5,2,315888,2023-05-01,7.59762953958365,0
Corpus Christi,TX,4817000,2023,6,3,315888,2023-06-01,11.396444309375475,0
Corpus Christi,TX,4817000,2023,7,7,315888,2023-07-01,26.591703388542776,0
Corpus Christi,TX,4817000,2023,8,2,315888,2023-08-01,7.59762953958365,0
Corpus Christi,TX,4817000,2023,9,0,315888,2023-09-01,0,0
Corpus Christi,TX,4817000,2023,10,11,315888,2023-10-01,41.78696246771008,0
Corpus Christi,TX,4817000,2023,11,0,315888,2023-11-01,0,0
Corpus Christi,TX,4817000,2023,12,2,315888,2023-12-01,7.59762953958365,0
Corpus Christi,TX,4817000,2024,1,2,315888,2024-01-01,7.59762953958365,0
Corpus Christi,TX,4817000,2024,2,3,315888,2024-02-01,11.396444309375475,0
Corpus Christi,TX,4817000,2024,3,1,315888,2024-03-01,3.798814769791825,0
Corpus Christi,TX,4817000,2024,4,1,315888,2024-04-01,3.798814769791825,0
Corpus Christi,TX,4817000,2024,5,3,315888,2024-05-01,11.396444309375475,0
Corpus Christi,TX,4817000,2024,6,10,315888,2024-06-01,37.98814769791825,0
Corpus Christi,TX,4817000,2024,7,4,315888,2024-07-01,15.1952590791673,0
Corpus Christi,TX,4817000,2024,8,3,315888,2024-08-01,11.396444309375475,0
Corpus Christi,TX,4817000,2024,9,6,315888,2024-09-01,22.79288861875095,0
Corpus Christi,TX,4817000,2024,10,12,315888,2024-10-01,45.5857772375019,0
Corpus Christi,TX,4817000,2024,11,8,315888,2024-11-01,30.3905181583346,0
Corpus Christi,TX,4817000,2024,12,5,315888,2024-12-01,18.994073848959125,0
Corpus Christi,TX,4817000,2025,1,4,315888,2025-01-01,15.1952590791673,0
Corpus Christi,TX,4817000,2025,2,4,315888,2025-02-01,15.1952590791673,0
Corpus Christi,TX,4817000,2025,3,6,315888,2025-03-01,22.79288861875095,0
Corpus Christi,TX,4817000,2025,4,3,315888,2025-04-01,11.396444309375475,0
Corpus Christi,TX,4817000,2025,5,5,315888,2025-05-01,18.994073848959125,0
Corpus Christi,TX,4817000,2025,6,1,315888,2025-06-01,3.798814769791825,0
Corpus Christi,TX,4817000,2025,7,5,315888,2025-07-01,18.994073848959125,0
Corpus Christi,TX,4817000,2025,8,5,315888,2025-08-01,18.994073848959125,0
Corpus Christi,TX,4817000,2025,9,1,315888,2025-09-01,3.798814769791825,0
Dallas,TX,4819000,2018,1,11,1318806,2018-01-01,10.009053643977962,0
Dallas,TX,4819000,2018,2,23,1319790,2018-02-01,20.91241788466347,0
Dallas,TX,4819000,2018,3,15,1320774,2018-03-01,13.628372454333595,0
Dallas,TX,4819000,2018,4,16,1321758,2018-04-01,14.52610841016283,0
Dallas,TX,4819000,2018,5,16,1322741,2018-05-01,14.515313277504816,0
Dallas,TX,4819000,2018,6,26,1323725,2018-06-01,23.56985023324331,0
Dallas,TX,4819000,2018,7,24,1324709,2018-07-01,21.740623789828557,0
Dallas,TX,4819000,2018,8,19,1325693,2018-08-01,17.198552002612974,0
Dallas,TX,4819000,2018,9,17,1326677,2018-09-01,15.37676465334064,0
Dallas,TX,4819000,2018,10,16,1327660,2018-10-01,14.461533826431467,0
Dallas,TX,4819000,2018,11,19,1328644,2018-11-01,17.16035296136512,0
Dallas,TX,4819000,2018,12,16,1329628,2018-12-01,14.440129118821204,0
Dallas,TX,4819000,2019,1,11,1330612,2019-01-01,9.92024722458538,0
Dallas,TX,4819000,2019,2,16,1331298,2019-02-01,14.422015206212283,0
Dallas,TX,4819000,2019,3,21,1331984,2019-03-01,18.91914617593004,0
Dallas,TX,4819000,2019,4,18,1332670,2019-04-01,16.208063511597018,0
Dallas,TX,4819000,2019,5,45,1333357,2019-05-01,40.49928113775981,0
Dallas,TX,4819000,2019,6,35,1334043,2019-06-01,31.48324304388989,0
Dallas,TX,4819000,2019,7,28,1334729,2019-07-01,25.17364948240429,0
Dallas,TX,4819000,2019,8,35,1335415,2019-08-01,31.450897286611276,0
Dallas,TX,4819000,2019,9,25,1336101,2019-09-01,22.45339237078634,0
Dallas,TX,4819000,2019,10,10,1336788,2019-10-01,8.976741263386565,0
Dallas,TX,4819000,2019,11,44,1337474,2019-11-01,39.47740292521574,0
Dallas,TX,4819000,2019,12,30,1338160,2019-12-01,26.9026125425958,0
Dallas,TX,4819000,2020,1,45,1338846,2020-01-01,40.33324221008241,0
Dallas,TX,4819000,2020,2,25,1335629,2020-02-01,22.461327209876398,0
Dallas,TX,4819000,2020,3,30,1332412,2020-03-01,27.018669900901525,0
Dallas,TX,4819000,2020,4,24,1329194,2020-04-01,21.66726602738201,0
Dallas,TX,4819000,2020,5,24,1325977,2020-05-01,21.719833752772484,0
Dallas,TX,4819000,2020,6,35,1322760,2020-06-01,31.751791708246394,0
Dallas,TX,4819000,2020,7,46,1319542,2020-07-01,41.832696496208534,0
Dallas,TX,4819000,2020,8,51,1316325,2020-08-01,46.493077317531764,0
Dallas,TX,4819000,2020,9,35,1313108,2020-09-01,31.985183244637913,0
Dallas,TX,4819000,2020,10,42,1309891,2020-10-01,38.47648392118123,0
Dallas,TX,4819000,2020,11,50,1306674,2020-11-01,45.9181096432622,0
Dallas,TX,4819000,2020,12,31,1303456,2020-12-01,28.53951341664007,0
Dallas,TX,4819000,2021,1,28,1300239,2021-01-01,25.84140300360165,0
Dallas,TX,4819000,2021,2,25,1303461,2021-02-01,23.015648339305894,0
Dallas,TX,4819000,2021,3,32,1306683,2021-03-01,29.387387759693816,0
Dallas,TX,4819000,2021,4,27,1309905,2021-04-01,24.734618159332165,0
Dallas,TX,4819000,2021,5,36,1313127,2021-05-01,32.89856959760937,0
Dallas,TX,4819000,2021,6,47,1316349,2021-06-01,42.845780260402066,0
Dallas,TX,4819000,2021,7,52,1319571,2021-07-01,47.28809590389604,0
Dallas,TX,4819000,2021,8,29,1322794,2021-08-01,26.307951200262476,0
Dallas,TX,4819000,2021,9,33,1326016,2021-09-01,29.863893045031134,0
Dallas,TX,4819000,2021,10,52,1329238,2021-10-01,46.94418907674923,0
Dallas,TX,4819000,2021,11,26,1332460,2021-11-01,23.415337045764975,0
Dallas,TX,4819000,2021,12,28,1335682,2021-12-01,25.15568825513857,0
Dallas,TX,4819000,2022,1,24,1338904,2022-01-01,21.510130674043847,0
Dallas,TX,4819000,2022,2,16,1335687,2022-02-01,14.374625192878273,0
Dallas,TX,4819000,2022,3,37,1332470,2022-03-01,33.32157572027889,0
Dallas,TX,4819000,2022,4,44,1329252,2022-04-01,39.72158778019518,0
Dallas,TX,4819000,2022,5,40,1326035,2022-05-01,36.198139566451864,0
Dallas,TX,4819000,2022,6,33,1322818,2022-06-01,29.9360909815258,0
Dallas,TX,4819000,2022,7,25,1319600,2022-07-01,22.734161867232494,0
Dallas,TX,4819000,2022,8,22,1316383,2022-08-01,20.054953611524915,0
Dallas,TX,4819000,2022,9,24,1313166,2022-09-01,21.931728357267858,0
Dallas,TX,4819000,2022,10,22,1309949,2022-10-01,20.15345635593447,0
Dallas,TX,4819000,2022,11,21,1306732,2022-11-01,19.284750048211876,0
Dallas,TX,4819000,2022,12,35,1303514,2022-12-01,32.22059755399635,0
Dallas,TX,4819000,2023,1,39,1300297,2023-01-01,35.991777263194486,0
Dallas,TX,4819000,2023,2,24,1300297,2023-02-01,22.148786008119682,0
Dallas,TX,4819000,2023,3,49,1300297,2023-03-01,45.22043809991102,0
Dallas,TX,4819000,2023,4,42,1300297,2023-04-01,38.76037551420945,0
Dallas,TX,4819000,2023,5,37,1300297,2023-05-01,34.14604509585118,0
Dallas,TX,4819000,2023,6,23,1300297,2023-06-01,21.225919924448032,0
Dallas,TX,4819000,2023,7,44,1300297,2023-07-01,40.60610768155275,0
Dallas,TX,4819000,2023,8,24,1300297,2023-08-01,22.148786008119682,0
Dallas,TX,4819000,2023,9,35,1300297,2023-09-01,32.30031292850787,0
Dallas,TX,4819000,2023,10,35,1300297,2023-10-01,32.30031292850787,0
Dallas,TX,4819000,2023,11,25,1300297,2023-11-01,23.071652091791336,0
Dallas,TX,4819000,2023,12,46,1300297,2023-12-01,42.451839848896064,0
Dallas,TX,4819000,2024,1,25,1300297,2024-01-01,23.071652091791336,0
Dallas,TX,4819000,2024,2,31,1300297,2024-02-01,28.608848593821257,0
Dallas,TX,4819000,2024,3,15,1300297,2024-03-01,13.842991255074804,0
Dallas,TX,4819000,2024,4,35,1300297,2024-04-01,32.30031292850787,0
Dallas,TX,4819000,2024,5,28,1300297,2024-05-01,25.8402503428063,0
Dallas,TX,4819000,2024,6,33,1300297,2024-06-01,30.454580761164564,0
Dallas,TX,4819000,2024,7,32,1300297,2024-07-01,29.53171467749291,0
Dallas,TX,4819000,2024,8,26,1300297,2024-08-01,23.994518175462993,0
Dallas,TX,4819000,2024,9,26,1300297,2024-09-01,23.994518175462993,0
Dallas,TX,4819000,2024,10,21,1300297,2024-10-01,19.380187757104725,0
Dallas,TX,4819000,2024,11,27,1300297,2024-11-01,24.917384259134643,0
Dallas,TX,4819000,2024,12,38,1300297,2024-12-01,35.06891117952283,0
Dallas,TX,4819000,2025,1,13,1300297,2025-01-01,11.997259087731496,0
Dallas,TX,4819000,2025,2,14,1300297,2025-02-01,12.92012517140315,0
Dallas,TX,4819000,2025,3,23,1300297,2025-03-01,21.225919924448032,0
Dallas,TX,4819000,2025,4,38,1300297,2025-04-01,35.06891117952283,0
Dallas,TX,4819000,2025,5,25,1300297,2025-05-01,23.071652091791336,0
Dallas,TX,4819000,2025,6,26,1300297,2025-06-01,23.994518175462993,0
Dallas,TX,4819000,2025,7,19,1300297,2025-07-01,17.534455589761414,0
Dallas,TX,4819000,2025,8,11,1300297,2025-08-01,10.151526920388187,0
Dallas,TX,4819000,2025,9,22,1300297,2025-09-01,20.303053840776375,0
Denver,CO,820000,2018,1,14,693417,2018-01-01,24.227845582095625,0
Denver,CO,820000,2018,2,15,694430,2018-02-01,25.920539147214264,0
Denver,CO,820000,2018,3,8,695443,2018-03-01,13.804150735574304,0
Denver,CO,820000,2018,4,6,696457,2018-04-01,10.338039534386185,0
Denver,CO,820000,2018,5,10,697470,2018-05-01,17.20504107703557,0
Denver,CO,820000,2018,6,11,698483,2018-06-01,18.89809773466212,0
Denver,CO,820000,2018,7,9,699497,2018-07-01,15.439665931376403,0
Denver,CO,820000,2018,8,8,700510,2018-08-01,13.704301152017816,0
Denver,CO,820000,2018,9,14,701523,2018-09-01,23.94789622008117,0
Denver,CO,820000,2018,10,13,702536,2018-10-01,22.20526777275471,0
Denver,CO,820000,2018,11,7,703549,2018-11-01,11.939466902802792,0
Denver,CO,820000,2018,12,10,704563,2018-12-01,17.031833916910198,0
Denver,CO,820000,2019,1,6,705576,2019-01-01,10.204428722065376,0
Denver,CO,820000,2019,2,6,706434,2019-02-01,10.192034924706341,0
Denver,CO,820000,2019,3,10,707293,2019-03-01,16.96609467363596,0
Denver,CO,820000,2019,4,7,708152,2019-04-01,11.861860165614162,0
Denver,CO,820000,2019,5,6,709010,2019-05-01,10.155004865939832,0
Denver,CO,820000,2019,6,10,709868,2019-06-01,16.90455126868657,0
Denver,CO,820000,2019,7,13,710727,2019-07-01,21.949356081871098,0
Denver,CO,820000,2019,8,22,711586,2019-08-01,37.10022400665555,0
Denver,CO,820000,2019,9,17,712444,2019-09-01,28.633829465894863,0
Denver,CO,820000,2019,10,6,713302,2019-10-01,10.093901320899143,0
Denver,CO,820000,2019,11,15,714161,2019-11-01,25.204400688360188,0
Denver,CO,820000,2019,12,13,715020,2019-12-01,21.81757153646052,0
Denver,CO,820000,2020,1,10,715878,2020-01-01,16.762632739098002,0
Denver,CO,820000,2020,2,7,715121,2020-02-01,11.746263918973153,0
Denver,CO,820000,2020,3,6,714365,2020-03-01,10.078881244181897,0
Denver,CO,820000,2020,4,12,713608,2020-04-01,20.179145973699846,0
Denver,CO,820000,2020,5,24,712852,2020-05-01,40.40109307401818,0
Denver,CO,820000,2020,6,23,712095,2020-06-01,38.7588734649169,0
Denver,CO,820000,2020,7,39,711338,2020-07-01,65.79150839685212,0
Denver,CO,820000,2020,8,37,710582,2020-08-01,62.483991995294005,0
Denver,CO,820000,2020,9,28,709825,2020-09-01,47.3356108900081,0
Denver,CO,820000,2020,10,27,709069,2020-10-01,45.693719511077205,0
Denver,CO,820000,2020,11,19,708312,2020-11-01,32.189204757225625,0
Denver,CO,820000,2020,12,17,707556,2020-12-01,28.83164018113054,0
Denver,CO,820000,2021,1,24,706799,2021-01-01,40.747086512572885,0
Denver,CO,820000,2021,2,11,708736,2021-02-01,18.624706519776048,0
Denver,CO,820000,2021,3,8,710673,2021-03-01,13.508322392999311,0
Denver,CO,820000,2021,4,15,712610,2021-04-01,25.25925821978361,0
Denver,CO,820000,2021,5,27,714547,2021-05-01,45.34341337938582,0
Denver,CO,820000,2021,6,20,716484,2021-06-01,33.4969099100608,0
Denver,CO,820000,2021,7,30,718421,2021-07-01,50.1098937809446,0
Denver,CO,820000,2021,8,43,720359,2021-08-01,71.63095067875878,0
Denver,CO,820000,2021,9,14,722296,2021-09-01,23.259162448636015,0
Denver,CO,820000,2021,10,33,724233,2021-10-01,54.67853577508895,0
Denver,CO,820000,2021,11,28,726170,2021-11-01,46.2701571257419,0
Denver,CO,820000,2021,12,18,728107,2021-12-01,29.665969424823547,0
Denver,CO,820000,2022,1,21,730044,2022-01-01,34.51846738004833,0
Denver,CO,820000,2022,2,14,729287,2022-02-01,23.036198369092006,0
Denver,CO,820000,2022,3,25,728531,2022-03-01,41.17875560545811,0
Denver,CO,820000,2022,4,25,727774,2022-04-01,41.2215880204569,0
Denver,CO,820000,2022,5,30,727018,2022-05-01,49.517343449543205,0
Denver,CO,820000,2022,6,37,726261,2022-06-01,61.135046491550554,0
Denver,CO,820000,2022,7,39,725504,2022-07-01,64.50688073394497,0
Denver,CO,820000,2022,8,24,724748,2022-08-01,39.737950294447174,0
Denver,CO,820000,2022,9,20,723991,2022-09-01,33.14958335117425,0
Denver,CO,820000,2022,10,28,723235,2022-10-01,46.457928612415046,0
Denver,CO,820000,2022,11,27,722478,2022-11-01,44.84565619991197,0
Denver,CO,820000,2022,12,13,721722,2022-12-01,21.61497086135659,0
Denver,CO,820000,2023,1,20,720965,2023-01-01,33.28871720541219,0
Denver,CO,820000,2023,2,16,720965,2023-02-01,26.630973764329752,0
Denver,CO,820000,2023,3,17,720965,2023-03-01,28.29540962460036,0
Denver,CO,820000,2023,4,26,720965,2023-04-01,43.275332367035844,0
Denver,CO,820000,2023,5,20,720965,2023-05-01,33.28871720541219,0
Denver,CO,820000,2023,6,30,720965,2023-06-01,49.93307580811829,0
Denver,CO,820000,2023,7,22,720965,2023-07-01,36.61758892595341,0
Denver,CO,820000,2023,8,24,720965,2023-08-01,39.94646064649463,0
Denver,CO,820000,2023,9,25,720965,2023-09-01,41.610896506765236,0
Denver,CO,820000,2023,10,23,720965,2023-10-01,38.28202478622402,0
Denver,CO,820000,2023,11,17,720965,2023-11-01,28.29540962460036,0
Denver,CO,820000,2023,12,13,720965,2023-12-01,21.637666183517922,0
Denver,CO,820000,2024,1,13,720965,2024-01-01,21.637666183517922,0
Denver,CO,820000,2024,2,12,720965,2024-02-01,19.973230323247314,0
Denver,CO,820000,2024,3,17,720965,2024-03-01,28.29540962460036,0
Denver,CO,820000,2024,4,19,720965,2024-04-01,31.624281345141583,0
Denver,CO,820000,2024,5,10,720965,2024-05-01,16.644358602706095,0
Denver,CO,820000,2024,6,12,720965,2024-06-01,19.973230323247314,0
Denver,CO,820000,2024,7,9,720965,2024-07-01,14.979922742435486,0
Denver,CO,820000,2024,8,16,720965,2024-08-01,26.630973764329752,0
Denver,CO,820000,2024,9,6,720965,2024-09-01,9.986615161623657,0
Denver,CO,820000,2024,10,15,720965,2024-10-01,24.966537904059145,0
Denver,CO,820000,2024,11,22,720965,2024-11-01,36.61758892595341,0
Denver,CO,820000,2024,12,15,720965,2024-12-01,24.966537904059145,0
Denver,CO,820000,2025,1,12,720965,2025-01-01,19.973230323247314,0
Denver,CO,820000,2025,2,8,720965,2025-02-01,13.315486882164876,0
Denver,CO,820000,2025,3,11,720965,2025-03-01,18.308794462976707,0
Denver,CO,820000,2025,4,5,720965,2025-04-01,8.322179301353048,0
Denver,CO,820000,2025,5,10,720965,2025-05-01,16.644358602706095,0
Denver,CO,820000,2025,6,10,720965,2025-06-01,16.644358602706095,0
Denver,CO,820000,2025,7,24,720965,2025-07-01,39.94646064649463,0
Denver,CO,820000,2025,8,9,720965,2025-08-01,14.979922742435486,0
Denver,CO,820000,2025,9,7,720965,2025-09-01,11.651051021894265,0
Detroit,MI,2622000,2018,1,34,677155,2018-01-01,60.2520840870997,0
Detroit,MI,2622000,2018,2,42,676962,2018-02-01,74.450264564333,0
Detroit,MI,2622000,2018,3,56,676769,2018-03-01,99.29532824346269,0
Detroit,MI,2622000,2018,4,115,676577,2018-04-01,203.96791496015976,0
Detroit,MI,2622000,2018,5,68,676384,2018-05-01,120.64152907224297,0
Detroit,MI,2622000,2018,6,39,676191,2018-06-01,69.21121399131312,0
Detroit,MI,2622000,2018,7,40,675998,2018-07-01,71.00612723706283,0
Detroit,MI,2622000,2018,8,43,675805,2018-08-01,76.35338596192689,0
Detroit,MI,2622000,2018,9,41,675612,2018-09-01,72.82286282659278,0
Detroit,MI,2622000,2018,10,40,675419,2018-10-01,71.06699693079408,0
Detroit,MI,2622000,2018,11,38,675227,2018-11-01,67.53284451006846,0
Detroit,MI,2622000,2018,12,37,675034,2018-12-01,65.77446469363025,0
Detroit,MI,2622000,2019,1,25,674841,2019-01-01,44.45491604689104,0
Detroit,MI,2622000,2019,2,18,674633,2019-02-01,32.017407983303514,0
Detroit,MI,2622000,2019,3,21,674426,2019-03-01,37.36510751364864,0
Detroit,MI,2622000,2019,4,27,674219,2019-04-01,48.05560211148009,0
Detroit,MI,2622000,2019,5,50,674011,2019-05-01,89.01931867580795,0
Detroit,MI,2622000,2019,6,53,673803,2019-06-01,94.38960645767384,0
Detroit,MI,2622000,2019,7,90,673596,2019-07-01,160.333493666827,0
Detroit,MI,2622000,2019,8,73,673389,2019-08-01,130.0882550799018,0
Detroit,MI,2622000,2019,9,64,673181,2019-09-01,114.08521630883817,0
Detroit,MI,2622000,2019,10,43,672973,2019-10-01,76.67469571587569,0
Detroit,MI,2622000,2019,11,84,672766,2019-11-01,149.82921253452167,0
Detroit,MI,2622000,2019,12,52,672559,2019-12-01,92.77996428566118,0
Detroit,MI,2622000,2020,1,52,672351,2020-01-01,92.80866690166296,0
Detroit,MI,2622000,2020,2,34,670127,2020-02-01,60.88398169302236,0
Detroit,MI,2622000,2020,3,55,667902,2020-03-01,98.81689229857074,0
Detroit,MI,2622000,2020,4,57,665678,2020-04-01,102.75238178218298,0
Detroit,MI,2622000,2020,5,97,663453,2020-05-01,175.44573617121333,0
Detroit,MI,2622000,2020,6,170,661229,2020-06-01,308.5164141318666,0
Detroit,MI,2622000,2020,7,163,659005,2020-07-01,296.8111015849652,0
Detroit,MI,2622000,2020,8,148,656780,2020-08-01,270.41018301409906,0
Detroit,MI,2622000,2020,9,119,654556,2020-09-01,218.1631518158874,0
Detroit,MI,2622000,2020,10,121,652331,2020-10-01,222.58638635907232,0
Detroit,MI,2622000,2020,11,128,650107,2020-11-01,236.2687988285005,0
Detroit,MI,2622000,2020,12,102,647882,2020-12-01,188.92329158704825,0
Detroit,MI,2622000,2021,1,92,645658,2021-01-01,170.9883560646658,0
Detroit,MI,2622000,2021,2,85,646457,2021-02-01,157.78311627842223,0
Detroit,MI,2622000,2021,3,74,647256,2021-03-01,137.19455671326335,0
Detroit,MI,2622000,2021,4,131,648055,2021-04-01,242.5720039194204,0
Detroit,MI,2622000,2021,5,127,648854,2021-05-01,234.87564228624618,0
Detroit,MI,2622000,2021,6,101,649653,2021-06-01,186.5611334050639,0
Detroit,MI,2622000,2021,7,122,650452,2021-07-01,225.0742560557889,0
Detroit,MI,2622000,2021,8,63,651252,2021-08-01,116.08409647878241,0
Detroit,MI,2622000,2021,9,95,652051,2021-09-01,174.83295018334454,0
Detroit,MI,2622000,2021,10,74,652850,2021-10-01,136.0189936432565,0
Detroit,MI,2622000,2021,11,38,653649,2021-11-01,69.76221182928452,0
Detroit,MI,2622000,2021,12,71,654448,2021-12-01,130.18604992298853,0
Detroit,MI,2622000,2022,1,55,655247,2022-01-01,100.7253753164837,0
Detroit,MI,2622000,2022,2,65,653023,2022-02-01,119.44449123537763,0
Detroit,MI,2622000,2022,3,59,650798,2022-03-01,108.78951687005798,0
Detroit,MI,2622000,2022,4,68,648574,2022-04-01,125.81447914964212,0
Detroit,MI,2622000,2022,5,78,646349,2022-05-01,144.8134057606649,0
Detroit,MI,2622000,2022,6,122,644125,2022-06-01,227.28507665437613,0
Detroit,MI,2622000,2022,7,138,641901,2022-07-01,257.9837077680203,0
Detroit,MI,2622000,2022,8,101,639676,2022-08-01,189.47091965307436,0
Detroit,MI,2622000,2022,9,74,637452,2022-09-01,139.30460646448674,0
Detroit,MI,2622000,2022,10,75,635227,2022-10-01,141.6816350690383,0
Detroit,MI,2622000,2022,11,60,633003,2022-11-01,113.74353676048928,0
Detroit,MI,2622000,2022,12,80,630778,2022-12-01,152.1930060972323,0
Detroit,MI,2622000,2023,1,49,628554,2023-01-01,93.54804837770502,0
Detroit,MI,2622000,2023,2,41,628554,2023-02-01,78.27489762216135,0
Detroit,MI,2622000,2023,3,46,628554,2023-03-01,87.82061684437615,0
Detroit,MI,2622000,2023,4,79,628554,2023-04-01,150.8223637109938,0
Detroit,MI,2622000,2023,5,69,628554,2023-05-01,131.7309252665642,0
Detroit,MI,2622000,2023,6,71,628554,2023-06-01,135.54921295545012,0
Detroit,MI,2622000,2023,7,52,628554,2023-07-01,99.2754799110339,0
Detroit,MI,2622000,2023,8,46,628554,2023-08-01,87.82061684437615,0
Detroit,MI,2622000,2023,9,48,628554,2023-09-01,91.63890453326205,0
Detroit,MI,2622000,2023,10,34,628554,2023-10-01,64.91089071106062,0
Detroit,MI,2622000,2023,11,28,628554,2023-11-01,53.456027644402866,0
Detroit,MI,2622000,2023,12,21,628554,2023-12-01,40.09202073330216,0
Detroit,MI,2622000,2024,1,18,628554,2024-01-01,34.36458919997327,0
Detroit,MI,2622000,2024,2,30,628554,2024-02-01,57.27431533328878,0
Detroit,MI,2622000,2024,3,44,628554,2024-03-01,84.00232915549022,0
Detroit,MI,2622000,2024,4,42,628554,2024-04-01,80.18404146660431,0
Detroit,MI,2622000,2024,5,56,628554,2024-05-01,106.91205528880573,0
Detroit,MI,2622000,2024,6,53,628554,2024-06-01,101.18462375547685,0
Detroit,MI,2622000,2024,7,88,628554,2024-07-01,168.00465831098043,0
Detroit,MI,2622000,2024,8,38,628554,2024-08-01,72.54746608883246,0
Detroit,MI,2622000,2024,9,39,628554,2024-09-01,74.45660993327542,0
Detroit,MI,2622000,2024,10,55,628554,2024-10-01,105.00291144436278,0
Detroit,MI,2622000,2024,11,51,628554,2024-11-01,97.36633606659095,0
Detroit,MI,2622000,2024,12,31,628554,2024-12-01,59.18345917773175,0
Detroit,MI,2622000,2025,1,39,628554,2025-01-01,74.45660993327542,0
Detroit,MI,2622000,2025,2,28,628554,2025-02-01,53.456027644402866,0
Detroit,MI,2622000,2025,3,18,628554,2025-03-01,34.36458919997327,0
Detroit,MI,2622000,2025,4,22,628554,2025-04-01,42.00116457774511,0
Detroit,MI,2622000,2025,5,41,628554,2025-05-01,78.27489762216135,0
Detroit,MI,2622000,2025,6,52,628554,2025-06-01,99.2754799110339,0
Detroit,MI,2622000,2025,7,70,628554,2025-07-01,133.64006911100716,0
Detroit,MI,2622000,2025,8,42,628554,2025-08-01,80.18404146660431,0
Detroit,MI,2622000,2025,9,33,628554,2025-09-01,63.00174686661767,0
Durham,NC,3719000,2018,1,7,264310,2018-01-01,31.78086338012183,0
Durham,NC,3719000,2018,2,1,264759,2018-02-01,4.5324238269520585,0
Durham,NC,3719000,2018,3,3,265209,2018-03-01,13.574199970589234,0
Durham,NC,3719000,2018,4,3,265658,2018-04-01,13.551257631993012,0
Durham,NC,3719000,2018,5,8,266107,2018-05-01,36.07571390455719,0
Durham,NC,3719000,2018,6,4,266557,2018-06-01,18.007405545530602,0
Durham,NC,3719000,2018,7,9,267006,2018-07-01,40.44852924653379,0
Durham,NC,3719000,2018,8,0,267455,2018-08-01,0,0
Durham,NC,3719000,2018,9,7,267905,2018-09-01,31.354398014221456,0
Durham,NC,3719000,2018,10,7,268354,2018-10-01,31.301936993672534,0
Durham,NC,3719000,2018,11,6,268803,2018-11-01,26.785415341346635,0
Durham,NC,3719000,2018,12,16,269253,2018-12-01,71.3083976780203,0
Durham,NC,3719000,2019,1,10,269702,2019-01-01,44.49355214273532,0
Durham,NC,3719000,2019,2,3,270255,2019-02-01,13.320752622523171,0
Durham,NC,3719000,2019,3,9,270808,2019-03-01,39.880653451892115,0
Durham,NC,3719000,2019,4,4,271362,2019-04-01,17.68854887567161,0
Durham,NC,3719000,2019,5,9,271915,2019-05-01,39.718294319916154,0
Durham,NC,3719000,2019,6,7,272468,2019-06-01,30.829308395848322,0
Durham,NC,3719000,2019,7,6,273022,2019-07-01,26.371501197705676,0
Durham,NC,3719000,2019,8,15,273575,2019-08-01,65.79548569862013,0
Durham,NC,3719000,2019,9,11,274128,2019-09-01,48.15268779548241,0
Durham,NC,3719000,2019,10,12,274681,2019-10-01,52.424448724156385,0
Durham,NC,3719000,2019,11,14,275234,2019-11-01,61.0389704760313,0
Durham,NC,3719000,2019,12,4,275788,2019-12-01,17.40467315474205,0
Durham,NC,3719000,2020,1,8,276341,2020-01-01,34.73968755993501,0
Durham,NC,3719000,2020,2,9,276571,2020-02-01,39.04964728767658,0
Durham,NC,3719000,2020,3,9,276802,2020-03-01,39.01705912529533,0
Durham,NC,3719000,2020,4,3,277032,2020-04-01,12.994888677120334,0
Durham,NC,3719000,2020,5,16,277263,2020-05-01,69.24833100702222,0
Durham,NC,3719000,2020,6,8,277493,2020-06-01,34.59546727304833,0
Durham,NC,3719000,2020,7,23,277723,2020-07-01,99.37959765665791,0
Durham,NC,3719000,2020,8,16,277954,2020-08-01,69.07617807263071,0
Durham,NC,3719000,2020,9,30,278184,2020-09-01,129.41074971961007,0
Durham,NC,3719000,2020,10,18,278415,2020-10-01,77.58202683045096,0
Durham,NC,3719000,2020,11,17,278645,2020-11-01,73.21143390335374,0
Durham,NC,3719000,2020,12,20,278876,2020-12-01,86.05975415596897,0
Durham,NC,3719000,2021,1,13,279106,2021-01-01,55.89274325883356,0
Durham,NC,3719000,2021,2,18,279787,2021-02-01,77.20158549182055,0
Durham,NC,3719000,2021,3,12,280468,2021-03-01,51.34275567979235,0
Durham,NC,3719000,2021,4,17,281149,2021-04-01,72.55939021657555,0
Durham,NC,3719000,2021,5,16,281830,2021-05-01,68.12617535393676,0
Durham,NC,3719000,2021,6,11,282511,2021-06-01,46.72384438128073,0
Durham,NC,3719000,2021,7,15,283192,2021-07-01,63.561117545693385,0
Durham,NC,3719000,2021,8,19,283872,2021-08-01,80.31788975312816,0
Durham,NC,3719000,2021,9,22,284553,2021-09-01,92.77709249243551,0
Durham,NC,3719000,2021,10,14,285234,2021-10-01,58.899009234523234,0
Durham,NC,3719000,2021,11,19,285915,2021-11-01,79.74397985415246,0
Durham,NC,3719000,2021,12,16,286596,2021-12-01,66.99325880333292,0
Durham,NC,3719000,2022,1,5,287277,2022-01-01,20.885765306655248,0
Durham,NC,3719000,2022,2,15,287507,2022-02-01,62.60717130365522,0
Durham,NC,3719000,2022,3,10,287738,2022-03-01,41.704606273762934,0
Durham,NC,3719000,2022,4,20,287968,2022-04-01,83.3425936215135,0
Durham,NC,3719000,2022,5,4,288199,2022-05-01,16.655158414845296,0
Durham,NC,3719000,2022,6,6,288429,2022-06-01,24.962815805622874,0
Durham,NC,3719000,2022,7,6,288659,2022-07-01,24.942925735902918,0
Durham,NC,3719000,2022,8,14,288890,2022-08-01,58.153622486067356,0
Durham,NC,3719000,2022,9,16,289120,2022-09-01,66.40841173215273,0
Durham,NC,3719000,2022,10,7,289351,2022-10-01,29.03048546574921,0
Durham,NC,3719000,2022,11,5,289581,2022-11-01,20.719591409657397,0
Durham,NC,3719000,2022,12,11,289812,2022-12-01,45.54676824976191,0
Durham,NC,3719000,2023,1,15,290042,2023-01-01,62.05997752049703,0
Durham,NC,3719000,2023,2,9,290042,2023-02-01,37.23598651229821,0
Durham,NC,3719000,2023,3,10,290042,2023-03-01,41.37331834699802,0
Durham,NC,3719000,2023,4,9,290042,2023-04-01,37.23598651229821,0
Durham,NC,3719000,2023,5,8,290042,2023-05-01,33.09865467759842,0
Durham,NC,3719000,2023,6,8,290042,2023-06-01,33.09865467759842,0
Durham,NC,3719000,2023,7,19,290042,2023-07-01,78.60930485929623,0
Durham,NC,3719000,2023,8,12,290042,2023-08-01,49.64798201639763,0
Durham,NC,3719000,2023,9,6,290042,2023-09-01,24.823991008198814,0
Durham,NC,3719000,2023,10,11,290042,2023-10-01,45.51065018169782,0
Durham,NC,3719000,2023,11,11,290042,2023-11-01,45.51065018169782,0
Durham,NC,3719000,2023,12,6,290042,2023-12-01,24.823991008198814,0
Durham,NC,3719000,2024,1,3,290042,2024-01-01,12.411995504099407,0
Durham,NC,3719000,2024,2,9,290042,2024-02-01,37.23598651229821,0
Durham,NC,3719000,2024,3,10,290042,2024-03-01,41.37331834699802,0
Durham,NC,3719000,2024,4,17,290042,2024-04-01,70.33464118989663,0
Durham,NC,3719000,2024,5,23,290042,2024-05-01,95.15863219809545,0
Durham,NC,3719000,2024,6,13,290042,2024-06-01,53.78531385109743,0
Durham,NC,3719000,2024,7,5,290042,2024-07-01,20.68665917349901,0
Durham,NC,3719000,2024,8,8,290042,2024-08-01,33.09865467759842,0
Durham,NC,3719000,2024,9,8,290042,2024-09-01,33.09865467759842,0
Durham,NC,3719000,2024,10,22,290042,2024-10-01,91.02130036339564,0
Durham,NC,3719000,2024,11,11,290042,2024-11-01,45.51065018169782,0
Durham,NC,3719000,2024,12,4,290042,2024-12-01,16.54932733879921,0
Durham,NC,3719000,2025,1,9,290042,2025-01-01,37.23598651229821,0
Durham,NC,3719000,2025,2,6,290042,2025-02-01,24.823991008198814,0
Durham,NC,3719000,2025,3,5,290042,2025-03-01,20.68665917349901,0
Durham,NC,3719000,2025,4,7,290042,2025-04-01,28.961322842898618,0
Durham,NC,3719000,2025,5,19,290042,2025-05-01,78.60930485929623,0
Durham,NC,3719000,2025,6,14,290042,2025-06-01,57.922645685797235,0
Durham,NC,3719000,2025,7,10,290042,2025-07-01,41.37331834699802,0
Durham,NC,3719000,2025,8,10,290042,2025-08-01,41.37331834699802,0
Durham,NC,3719000,2025,9,10,290042,2025-09-01,41.37331834699802,0
El Paso,TX,4824000,2018,1,0,680354,2018-01-01,0,0
El Paso,TX,4824000,2018,2,2,680309,2018-02-01,3.5278086869349075,0
El Paso,TX,4824000,2018,3,3,680264,2018-03-01,5.29206308139193,0
El Paso,TX,4824000,2018,4,1,680219,2018-04-01,1.7641377262322866,0
El Paso,TX,4824000,2018,5,0,680174,2018-05-01,0,0
El Paso,TX,4824000,2018,6,1,680129,2018-06-01,1.7643711707631935,0
El Paso,TX,4824000,2018,7,2,680084,2018-07-01,3.5289758323971747,0
El Paso,TX,4824000,2018,8,3,680038,2018-08-01,5.293821815839703,0
El Paso,TX,4824000,2018,9,4,679993,2018-09-01,7.058896194519651,0
El Paso,TX,4824000,2018,10,0,679948,2018-10-01,0,0
El Paso,TX,4824000,2018,11,3,679903,2018-11-01,5.294872945111288,0
El Paso,TX,4824000,2018,12,3,679858,2018-12-01,5.295223414301223,0
El Paso,TX,4824000,2019,1,1,679813,2019-01-01,1.7651913099631813,0
El Paso,TX,4824000,2019,2,3,679819,2019-02-01,5.29552719179664,0
El Paso,TX,4824000,2019,3,5,679824,2019-03-01,8.825813740026831,0
El Paso,TX,4824000,2019,4,1,679829,2019-04-01,1.7651497656028208,0
El Paso,TX,4824000,2019,5,1,679835,2019-05-01,1.7651341869718387,0
El Paso,TX,4824000,2019,6,3,679841,2019-06-01,5.295355825847515,0
El Paso,TX,4824000,2019,7,3,679846,2019-07-01,5.295316880587663,0
El Paso,TX,4824000,2019,8,47,679851,2019-08-01,82.95935432911034,0
El Paso,TX,4824000,2019,9,4,679857,2019-09-01,7.06030827070987,0
El Paso,TX,4824000,2019,10,7,679863,2019-10-01,12.355430432307685,0
El Paso,TX,4824000,2019,11,0,679868,2019-11-01,0,0
El Paso,TX,4824000,2019,12,2,679873,2019-12-01,3.5300710573886596,0
El Paso,TX,4824000,2020,1,0,679879,2020-01-01,0,0
El Paso,TX,4824000,2020,2,2,679589,2020-02-01,3.5315462728207785,0
El Paso,TX,4824000,2020,3,2,679298,2020-03-01,3.5330591286887345,0
El Paso,TX,4824000,2020,4,0,679008,2020-04-01,0,0
El Paso,TX,4824000,2020,5,2,678718,2020-05-01,3.5360783123476907,0
El Paso,TX,4824000,2020,6,12,678427,2020-06-01,21.225570326652683,0
El Paso,TX,4824000,2020,7,1,678137,2020-07-01,1.7695539396906523,0
El Paso,TX,4824000,2020,8,3,677847,2020-08-01,5.310932998154451,0
El Paso,TX,4824000,2020,9,4,677556,2020-09-01,7.084285284168393,0
El Paso,TX,4824000,2020,10,2,677266,2020-10-01,3.5436593598379362,0
El Paso,TX,4824000,2020,11,3,676976,2020-11-01,5.3177660655621475,0
El Paso,TX,4824000,2020,12,1,676685,2020-12-01,1.7733509683235182,0
El Paso,TX,4824000,2021,1,2,676395,2021-01-01,3.548222562260218,0
El Paso,TX,4824000,2021,2,5,676607,2021-02-01,8.867777010879285,0
El Paso,TX,4824000,2021,3,4,676820,2021-03-01,7.091989007417038,0
El Paso,TX,4824000,2021,4,7,677032,2021-04-01,12.40709449479493,0
El Paso,TX,4824000,2021,5,2,677244,2021-05-01,3.543774474192462,0
El Paso,TX,4824000,2021,6,4,677457,2021-06-01,7.0853205443297504,0
El Paso,TX,4824000,2021,7,11,677669,2021-07-01,19.47853598143046,0
El Paso,TX,4824000,2021,8,6,677881,2021-08-01,10.621333242855309,0
El Paso,TX,4824000,2021,9,3,678094,2021-09-01,5.308998457441003,0
El Paso,TX,4824000,2021,10,7,678306,2021-10-01,12.383791386188534,0
El Paso,TX,4824000,2021,11,4,678518,2021-11-01,7.074241213939792,0
El Paso,TX,4824000,2021,12,13,678731,2021-12-01,22.984068798979273,0
El Paso,TX,4824000,2022,1,3,678943,2022-01-01,5.302359697353092,0
El Paso,TX,4824000,2022,2,5,678653,2022-02-01,8.84104247678858,0
El Paso,TX,4824000,2022,3,4,678362,2022-03-01,7.07586804685404,0
El Paso,TX,4824000,2022,4,7,678072,2022-04-01,12.388064984249459,0
El Paso,TX,4824000,2022,5,9,677782,2022-05-01,15.934326966487749,0
El Paso,TX,4824000,2022,6,4,677491,2022-06-01,7.084964966324276,0
El Paso,TX,4824000,2022,7,7,677201,2022-07-01,12.403998222093588,0
El Paso,TX,4824000,2022,8,2,676911,2022-08-01,3.5455178007153085,0
El Paso,TX,4824000,2022,9,5,676620,2022-09-01,8.86760663296976,0
El Paso,TX,4824000,2022,10,6,676330,2022-10-01,10.645690713113423,0
El Paso,TX,4824000,2022,11,5,676040,2022-11-01,8.875214484350039,0
El Paso,TX,4824000,2022,12,2,675749,2022-12-01,3.5516145787859106,0
El Paso,TX,4824000,2023,1,6,675459,2023-01-01,10.659418262248337,0
El Paso,TX,4824000,2023,2,6,675459,2023-02-01,10.659418262248337,0
El Paso,TX,4824000,2023,3,4,675459,2023-03-01,7.106278841498893,0
El Paso,TX,4824000,2023,4,3,675459,2023-04-01,5.329709131124169,0
El Paso,TX,4824000,2023,5,4,675459,2023-05-01,7.106278841498893,0
El Paso,TX,4824000,2023,6,11,675459,2023-06-01,19.542266814121952,0
El Paso,TX,4824000,2023,7,20,675459,2023-07-01,35.53139420749446,0
El Paso,TX,4824000,2023,8,4,675459,2023-08-01,7.106278841498893,0
El Paso,TX,4824000,2023,9,10,675459,2023-09-01,17.76569710374723,0
El Paso,TX,4824000,2023,10,10,675459,2023-10-01,17.76569710374723,0
El Paso,TX,4824000,2023,11,4,675459,2023-11-01,7.106278841498893,0
El Paso,TX,4824000,2023,12,3,675459,2023-12-01,5.329709131124169,0
El Paso,TX,4824000,2024,1,3,675459,2024-01-01,5.329709131124169,0
El Paso,TX,4824000,2024,2,3,675459,2024-02-01,5.329709131124169,0
El Paso,TX,4824000,2024,3,6,675459,2024-03-01,10.659418262248337,0
El Paso,TX,4824000,2024,4,1,675459,2024-04-01,1.7765697103747233,0
El Paso,TX,4824000,2024,5,4,675459,2024-05-01,7.106278841498893,0
El Paso,TX,4824000,2024,6,0,675459,2024-06-01,0,0
El Paso,TX,4824000,2024,7,8,675459,2024-07-01,14.212557682997787,0
El Paso,TX,4824000,2024,8,3,675459,2024-08-01,5.329709131124169,0
El Paso,TX,4824000,2024,9,0,675459,2024-09-01,0,0
El Paso,TX,4824000,2024,10,4,675459,2024-10-01,7.106278841498893,0
El Paso,TX,4824000,2024,11,2,675459,2024-11-01,3.5531394207494467,0
El Paso,TX,4824000,2024,12,2,675459,2024-12-01,3.5531394207494467,0
El Paso,TX,4824000,2025,1,6,675459,2025-01-01,10.659418262248337,0
El Paso,TX,4824000,2025,2,6,675459,2025-02-01,10.659418262248337,0
El Paso,TX,4824000,2025,3,0,675459,2025-03-01,0,0
El Paso,TX,4824000,2025,4,2,675459,2025-04-01,3.5531394207494467,0
El Paso,TX,4824000,2025,5,1,675459,2025-05-01,1.7765697103747233,0
El Paso,TX,4824000,2025,6,11,675459,2025-06-01,19.542266814121952,0
El Paso,TX,4824000,2025,7,0,675459,2025-07-01,0,0
El Paso,TX,4824000,2025,8,4,675459,2025-08-01,7.106278841498893,0
El Paso,TX,4824000,2025,9,11,675459,2025-09-01,19.542266814121952,0
Fort Wayne,IN,1825000,2018,1,13,264052,2018-01-01,59.07927226455396,0
Fort Wayne,IN,1825000,2018,2,5,264194,2018-02-01,22.710583889111792,0
Fort Wayne,IN,1825000,2018,3,8,264335,2018-03-01,36.31755159173019,0
Fort Wayne,IN,1825000,2018,4,9,264477,2018-04-01,40.835308930455206,0
Fort Wayne,IN,1825000,2018,5,19,264619,2018-05-01,86.16161348958313,0
Fort Wayne,IN,1825000,2018,6,10,264760,2018-06-01,45.324067079619276,0
Fort Wayne,IN,1825000,2018,7,19,264902,2018-07-01,86.069565348695,0
Fort Wayne,IN,1825000,2018,8,9,265044,2018-08-01,40.74795128356047,0
Fort Wayne,IN,1825000,2018,9,6,265185,2018-09-01,27.15085694892245,0
Fort Wayne,IN,1825000,2018,10,1,265327,2018-10-01,4.522721019722832,0
Fort Wayne,IN,1825000,2018,11,11,265469,2018-11-01,49.72331986032268,0
Fort Wayne,IN,1825000,2018,12,7,265610,2018-12-01,31.625315311923497,0
Fort Wayne,IN,1825000,2019,1,4,265752,2019-01-01,18.061952497064933,0
Fort Wayne,IN,1825000,2019,2,6,265971,2019-02-01,27.07062048118028,0
Fort Wayne,IN,1825000,2019,3,13,266190,2019-03-01,58.60475600135242,0
Fort Wayne,IN,1825000,2019,4,9,266408,2019-04-01,40.539323143449145,0
Fort Wayne,IN,1825000,2019,5,8,266627,2019-05-01,36.005355796674756,0
Fort Wayne,IN,1825000,2019,6,8,266846,2019-06-01,35.975806270283236,0
Fort Wayne,IN,1825000,2019,7,8,267065,2019-07-01,35.94630520659764,0
Fort Wayne,IN,1825000,2019,8,11,267284,2019-08-01,49.385672168928934,0
Fort Wayne,IN,1825000,2019,9,8,267503,2019-09-01,35.88744799123748,0
Fort Wayne,IN,1825000,2019,10,3,267722,2019-10-01,13.446784350931189,0
Fort Wayne,IN,1825000,2019,11,3,267940,2019-11-01,13.43584384563708,0
Fort Wayne,IN,1825000,2019,12,6,268159,2019-12-01,26.84974213060162,0
Fort Wayne,IN,1825000,2020,1,8,268378,2020-01-01,35.77044318088666,0
Fort Wayne,IN,1825000,2020,2,9,267903,2020-02-01,40.313098397554334,0
Fort Wayne,IN,1825000,2020,3,5,267428,2020-03-01,22.435945375951658,0
Fort Wayne,IN,1825000,2020,4,10,266952,2020-04-01,44.95190146543199,0
Fort Wayne,IN,1825000,2020,5,7,266477,2020-05-01,31.52242032145363,0
Fort Wayne,IN,1825000,2020,6,8,266002,2020-06-01,36.089954210870594,0
Fort Wayne,IN,1825000,2020,7,17,265527,2020-07-01,76.82834514004226,0
Fort Wayne,IN,1825000,2020,8,15,265052,2020-08-01,67.91120233010881,0
Fort Wayne,IN,1825000,2020,9,6,264577,2020-09-01,27.213249828972288,0
Fort Wayne,IN,1825000,2020,10,7,264102,2020-10-01,31.80589317763591,0
Fort Wayne,IN,1825000,2020,11,7,263626,2020-11-01,31.863321523673687,0
Fort Wayne,IN,1825000,2020,12,4,263151,2020-12-01,18.240477900520993,0
Fort Wayne,IN,1825000,2021,1,7,262676,2021-01-01,31.978559137492574,0
Fort Wayne,IN,1825000,2021,2,5,263160,2021-02-01,22.799817601459186,0
Fort Wayne,IN,1825000,2021,3,5,263645,2021-03-01,22.75787517305468,0
Fort Wayne,IN,1825000,2021,4,4,264130,2021-04-01,18.172869420361188,0
Fort Wayne,IN,1825000,2021,5,14,264614,2021-05-01,63.48870430135972,0
Fort Wayne,IN,1825000,2021,6,6,265098,2021-06-01,27.159767331326528,0
Fort Wayne,IN,1825000,2021,7,6,265583,2021-07-01,27.110168949066768,0
Fort Wayne,IN,1825000,2021,8,5,266068,2021-08-01,22.550626155719588,0
Fort Wayne,IN,1825000,2021,9,5,266552,2021-09-01,22.50967916203968,0
Fort Wayne,IN,1825000,2021,10,7,267036,2021-10-01,31.456432840515888,0
Fort Wayne,IN,1825000,2021,11,8,267521,2021-11-01,35.88503332448668,0
Fort Wayne,IN,1825000,2021,12,12,268006,2021-12-01,53.730140369991716,0
Fort Wayne,IN,1825000,2022,1,8,268490,2022-01-01,35.75552162091698,0
Fort Wayne,IN,1825000,2022,2,5,268015,2022-02-01,22.38680670857974,0
Fort Wayne,IN,1825000,2022,3,4,267540,2022-03-01,17.94124243103835,0
Fort Wayne,IN,1825000,2022,4,5,267064,2022-04-01,22.46652487793188,0
Fort Wayne,IN,1825000,2022,5,7,266589,2022-05-01,31.50917704781518,0
Fort Wayne,IN,1825000,2022,6,7,266114,2022-06-01,31.565419331564666,0
Fort Wayne,IN,1825000,2022,7,11,265639,2022-07-01,49.691498612779,0
Fort Wayne,IN,1825000,2022,8,10,265164,2022-08-01,45.25501199257818,0
Fort Wayne,IN,1825000,2022,9,3,264689,2022-09-01,13.600867433100735,0
Fort Wayne,IN,1825000,2022,10,7,264214,2022-10-01,31.792410697389236,0
Fort Wayne,IN,1825000,2022,11,8,263738,2022-11-01,36.399760368244245,0
Fort Wayne,IN,1825000,2022,12,3,263263,2022-12-01,13.674538389367289,0
Fort Wayne,IN,1825000,2023,1,5,262788,2023-01-01,22.8320927896251,0
Fort Wayne,IN,1825000,2023,2,6,262788,2023-02-01,27.398511347550112,0
Fort Wayne,IN,1825000,2023,3,0,262788,2023-03-01,0,0
Fort Wayne,IN,1825000,2023,4,11,262788,2023-04-01,50.23060413717522,0
Fort Wayne,IN,1825000,2023,5,8,262788,2023-05-01,36.53134846340016,0
Fort Wayne,IN,1825000,2023,6,5,262788,2023-06-01,22.8320927896251,0
Fort Wayne,IN,1825000,2023,7,4,262788,2023-07-01,18.26567423170008,0
Fort Wayne,IN,1825000,2023,8,3,262788,2023-08-01,13.699255673775056,0
Fort Wayne,IN,1825000,2023,9,9,262788,2023-09-01,41.097767021325176,0
Fort Wayne,IN,1825000,2023,10,7,262788,2023-10-01,31.964929905475138,0
Fort Wayne,IN,1825000,2023,11,6,262788,2023-11-01,27.398511347550112,0
Fort Wayne,IN,1825000,2023,12,10,262788,2023-12-01,45.6641855792502,0
Fort Wayne,IN,1825000,2024,1,12,262788,2024-01-01,54.797022695100225,0
Fort Wayne,IN,1825000,2024,2,5,262788,2024-02-01,22.8320927896251,0
Fort Wayne,IN,1825000,2024,3,7,262788,2024-03-01,31.964929905475138,0
Fort Wayne,IN,1825000,2024,4,2,262788,2024-04-01,9.13283711585004,0
Fort Wayne,IN,1825000,2024,5,14,262788,2024-05-01,63.929859810950276,0
Fort Wayne,IN,1825000,2024,6,4,262788,2024-06-01,18.26567423170008,0
Fort Wayne,IN,1825000,2024,7,7,262788,2024-07-01,31.964929905475138,0
Fort Wayne,IN,1825000,2024,8,7,262788,2024-08-01,31.964929905475138,0
Fort Wayne,IN,1825000,2024,9,8,262788,2024-09-01,36.53134846340016,0
Fort Wayne,IN,1825000,2024,10,15,262788,2024-10-01,68.4962783688753,0
Fort Wayne,IN,1825000,2024,11,8,262788,2024-11-01,36.53134846340016,0
Fort Wayne,IN,1825000,2024,12,4,262788,2024-12-01,18.26567423170008,0
Fort Wayne,IN,1825000,2025,1,4,262788,2025-01-01,18.26567423170008,0
Fort Wayne,IN,1825000,2025,2,7,262788,2025-02-01,31.964929905475138,0
Fort Wayne,IN,1825000,2025,3,5,262788,2025-03-01,22.8320927896251,0
Fort Wayne,IN,1825000,2025,4,8,262788,2025-04-01,36.53134846340016,0
Fort Wayne,IN,1825000,2025,5,5,262788,2025-05-01,22.8320927896251,0
Fort Wayne,IN,1825000,2025,6,6,262788,2025-06-01,27.398511347550112,0
Fort Wayne,IN,1825000,2025,7,6,262788,2025-07-01,27.398511347550112,0
Fort Wayne,IN,1825000,2025,8,5,262788,2025-08-01,22.8320927896251,0
Fort Wayne,IN,1825000,2025,9,1,262788,2025-09-01,4.56641855792502,0
Fort Worth,TX,4827000,2018,1,14,855786,2018-01-01,19.63107599329739,0
Fort Worth,TX,4827000,2018,2,10,857337,2018-02-01,13.996829718068858,0
Fort Worth,TX,4827000,2018,3,11,858888,2018-03-01,15.368709307849219,0
Fort Worth,TX,4827000,2018,4,5,860440,2018-04-01,6.973176514341499,0
Fort Worth,TX,4827000,2018,5,11,861991,2018-05-01,15.313384942534203,0
Fort Worth,TX,4827000,2018,6,5,863542,2018-06-01,6.948127595415161,0
Fort Worth,TX,4827000,2018,7,11,865094,2018-07-01,15.258457462426048,0
Fort Worth,TX,4827000,2018,8,18,866645,2018-08-01,24.92370001557731,0
Fort Worth,TX,4827000,2018,9,11,868196,2018-09-01,15.203940124119438,0
Fort Worth,TX,4827000,2018,10,9,869747,2018-10-01,12.417404141664186,0
Fort Worth,TX,4827000,2018,11,12,871298,2018-11-01,16.52706651455644,0
Fort Worth,TX,4827000,2018,12,15,872850,2018-12-01,20.622100017185083,0
Fort Worth,TX,4827000,2019,1,8,874401,2019-01-01,10.978944443110198,0
Fort Worth,TX,4827000,2019,2,12,875886,2019-02-01,16.44049568094478,0
Fort Worth,TX,4827000,2019,3,14,877371,2019-03-01,19.148114081728256,0
Fort Worth,TX,4827000,2019,4,15,878856,2019-04-01,20.481170976815314,0
Fort Worth,TX,4827000,2019,5,14,880341,2019-05-01,19.083514229145294,0
Fort Worth,TX,4827000,2019,6,9,881826,2019-06-01,12.247314095978119,0
Fort Worth,TX,4827000,2019,7,15,883311,2019-07-01,20.3778737047314,0
Fort Worth,TX,4827000,2019,8,15,884796,2019-08-01,20.343672439748822,0
Fort Worth,TX,4827000,2019,9,12,886281,2019-09-01,16.247668628798316,0
Fort Worth,TX,4827000,2019,10,19,887766,2019-10-01,25.68244334655754,0
Fort Worth,TX,4827000,2019,11,24,889251,2019-11-01,32.386806424732725,0
Fort Worth,TX,4827000,2019,12,17,890736,2019-12-01,22.90240879452498,0
Fort Worth,TX,4827000,2020,1,33,892221,2020-01-01,44.383622443318416,0
Fort Worth,TX,4827000,2020,2,14,893575,2020-02-01,18.800884089192287,0
Fort Worth,TX,4827000,2020,3,19,894929,2020-03-01,25.47688140623446,0
Fort Worth,TX,4827000,2020,4,11,896283,2020-04-01,14.72749120534474,0
Fort Worth,TX,4827000,2020,5,22,897637,2020-05-01,29.410552372506928,0
Fort Worth,TX,4827000,2020,6,21,898991,2020-06-01,28.03142634353403,0
Fort Worth,TX,4827000,2020,7,15,900345,2020-07-01,19.99233627109608,0
Fort Worth,TX,4827000,2020,8,31,901699,2020-08-01,41.25545220744395,0
Fort Worth,TX,4827000,2020,9,19,903053,2020-09-01,25.247687566510493,0
Fort Worth,TX,4827000,2020,10,26,904407,2020-10-01,34.49774271981531,0
Fort Worth,TX,4827000,2020,11,21,905761,2020-11-01,27.821908869999923,0
Fort Worth,TX,4827000,2020,12,17,907115,2020-12-01,22.488879579766625,0
Fort Worth,TX,4827000,2021,1,19,908469,2021-01-01,25.09716897329463,0
Fort Worth,TX,4827000,2021,2,11,910171,2021-02-01,14.502769259842381,0
Fort Worth,TX,4827000,2021,3,14,911873,2021-03-01,18.42361820121881,0
Fort Worth,TX,4827000,2021,4,27,913575,2021-04-01,35.46506854938018,0
Fort Worth,TX,4827000,2021,5,25,915276,2021-05-01,32.776998413593276,0
Fort Worth,TX,4827000,2021,6,35,916978,2021-06-01,45.8026255809845,0
Fort Worth,TX,4827000,2021,7,36,918680,2021-07-01,47.02399094352768,0
Fort Worth,TX,4827000,2021,8,15,920382,2021-08-01,19.557096944529555,0
Fort Worth,TX,4827000,2021,9,18,922084,2021-09-01,23.42519770433063,0
Fort Worth,TX,4827000,2021,10,34,923785,2021-10-01,44.166120904755985,0
Fort Worth,TX,4827000,2021,11,20,925487,2021-11-01,25.932292944147243,0
Fort Worth,TX,4827000,2021,12,21,927189,2021-12-01,27.178924685258345,0
Fort Worth,TX,4827000,2022,1,26,928891,2022-01-01,33.58844040904692,0
Fort Worth,TX,4827000,2022,2,15,930245,2022-02-01,19.34974119721149,0
Fort Worth,TX,4827000,2022,3,21,931599,2022-03-01,27.050265189206943,0
Fort Worth,TX,4827000,2022,4,40,932953,2022-04-01,51.44953711494577,0
Fort Worth,TX,4827000,2022,5,25,934307,2022-05-01,32.109360199591784,0
Fort Worth,TX,4827000,2022,6,21,935661,2022-06-01,26.93283144215693,0
Fort Worth,TX,4827000,2022,7,29,937015,2022-07-01,37.139213353041306,0
Fort Worth,TX,4827000,2022,8,25,938369,2022-08-01,31.970365602444243,0
Fort Worth,TX,4827000,2022,9,15,939723,2022-09-01,19.154580658342937,0
Fort Worth,TX,4827000,2022,10,18,941077,2022-10-01,22.9524257845001,0
Fort Worth,TX,4827000,2022,11,21,942431,2022-11-01,26.739358106853444,0
Fort Worth,TX,4827000,2022,12,4,943785,2022-12-01,5.085904098920835,0
Fort Worth,TX,4827000,2023,1,26,945139,2023-01-01,33.011017427066285,0
Fort Worth,TX,4827000,2023,2,20,945139,2023-02-01,25.39309032851253,0
Fort Worth,TX,4827000,2023,3,21,945139,2023-03-01,26.662744844938153,0
Fort Worth,TX,4827000,2023,4,13,945139,2023-04-01,16.505508713533143,0
Fort Worth,TX,4827000,2023,5,14,945139,2023-05-01,17.775163229958768,0
Fort Worth,TX,4827000,2023,6,24,945139,2023-06-01,30.47170839421503,0
Fort Worth,TX,4827000,2023,7,40,945139,2023-07-01,50.78618065702506,0
Fort Worth,TX,4827000,2023,8,17,945139,2023-08-01,21.584126779235646,0
Fort Worth,TX,4827000,2023,9,23,945139,2023-09-01,29.202053877789403,0
Fort Worth,TX,4827000,2023,10,12,945139,2023-10-01,15.235854197107516,0
Fort Worth,TX,4827000,2023,11,17,945139,2023-11-01,21.584126779235646,0
Fort Worth,TX,4827000,2023,12,21,945139,2023-12-01,26.662744844938153,0
Fort Worth,TX,4827000,2024,1,12,945139,2024-01-01,15.235854197107516,0
Fort Worth,TX,4827000,2024,2,9,945139,2024-02-01,11.426890647830636,0
Fort Worth,TX,4827000,2024,3,14,945139,2024-03-01,17.775163229958768,0
Fort Worth,TX,4827000,2024,4,15,945139,2024-04-01,19.044817746384396,0
Fort Worth,TX,4827000,2024,5,24,945139,2024-05-01,30.47170839421503,0
Fort Worth,TX,4827000,2024,6,15,945139,2024-06-01,19.044817746384396,0
Fort Worth,TX,4827000,2024,7,15,945139,2024-07-01,19.044817746384396,0
Fort Worth,TX,4827000,2024,8,15,945139,2024-08-01,19.044817746384396,0
Fort Worth,TX,4827000,2024,9,15,945139,2024-09-01,19.044817746384396,0
Fort Worth,TX,4827000,2024,10,36,945139,2024-10-01,45.70756259132254,0
Fort Worth,TX,4827000,2024,11,15,945139,2024-11-01,19.044817746384396,0
Fort Worth,TX,4827000,2024,12,17,945139,2024-12-01,21.584126779235646,0
Fort Worth,TX,4827000,2025,1,9,945139,2025-01-01,11.426890647830636,0
Fort Worth,TX,4827000,2025,2,10,945139,2025-02-01,12.696545164256264,0
Fort Worth,TX,4827000,2025,3,12,945139,2025-03-01,15.235854197107516,0
Fort Worth,TX,4827000,2025,4,24,945139,2025-04-01,30.47170839421503,0
Fort Worth,TX,4827000,2025,5,14,945139,2025-05-01,17.775163229958768,0
Fort Worth,TX,4827000,2025,6,19,945139,2025-06-01,24.1234358120869,0
Fort Worth,TX,4827000,2025,7,15,945139,2025-07-01,19.044817746384396,0
Fort Worth,TX,4827000,2025,8,9,945139,2025-08-01,11.426890647830636,0
Fort Worth,TX,4827000,2025,9,9,945139,2025-09-01,11.426890647830636,0
Fremont,CA,626000,2018,1,2,233083,2018-01-01,10.29676123955844,0
Fremont,CA,626000,2018,2,2,233304,2018-02-01,10.287007509515483,0
Fremont,CA,626000,2018,3,0,233526,2018-03-01,0,0
Fremont,CA,626000,2018,4,0,233747,2018-04-01,0,0
Fremont,CA,626000,2018,5,0,233969,2018-05-01,0,0
Fremont,CA,626000,2018,6,0,234190,2018-06-01,0,0
Fremont,CA,626000,2018,7,0,234411,2018-07-01,0,0
Fremont,CA,626000,2018,8,0,234633,2018-08-01,0,0
Fremont,CA,626000,2018,9,0,234854,2018-09-01,0,0
Fremont,CA,626000,2018,10,1,235076,2018-10-01,5.104732086644319,0
Fremont,CA,626000,2018,11,0,235297,2018-11-01,0,0
Fremont,CA,626000,2018,12,2,235519,2018-12-01,10.190260658375758,0
Fremont,CA,626000,2019,1,1,235740,2019-01-01,5.090353779587682,0
Fremont,CA,626000,2019,2,0,235664,2019-02-01,0,0
Fremont,CA,626000,2019,3,0,235588,2019-03-01,0,0
Fremont,CA,626000,2019,4,0,235512,2019-04-01,0,0
Fremont,CA,626000,2019,5,0,235436,2019-05-01,0,0
Fremont,CA,626000,2019,6,0,235360,2019-06-01,0,0
Fremont,CA,626000,2019,7,0,235284,2019-07-01,0,0
Fremont,CA,626000,2019,8,0,235209,2019-08-01,0,0
Fremont,CA,626000,2019,9,0,235133,2019-09-01,0,0
Fremont,CA,626000,2019,10,0,235057,2019-10-01,0,0
Fremont,CA,626000,2019,11,0,234981,2019-11-01,0,0
Fremont,CA,626000,2019,12,0,234905,2019-12-01,0,0
Fremont,CA,626000,2020,1,1,234829,2020-01-01,5.110101392928471,0
Fremont,CA,626000,2020,2,1,234552,2020-02-01,5.116136293870869,0
Fremont,CA,626000,2020,3,0,234275,2020-03-01,0,0
Fremont,CA,626000,2020,4,2,233997,2020-04-01,10.256541750535263,0
Fremont,CA,626000,2020,5,1,233720,2020-05-01,5.134348793428034,0
Fremont,CA,626000,2020,6,0,233443,2020-06-01,0,0
Fremont,CA,626000,2020,7,0,233165,2020-07-01,0,0
Fremont,CA,626000,2020,8,3,232888,2020-08-01,15.458074267459036,0
Fremont,CA,626000,2020,9,0,232611,2020-09-01,0,0
Fremont,CA,626000,2020,10,1,232334,2020-10-01,5.164978005801991,0
Fremont,CA,626000,2020,11,0,232057,2020-11-01,0,0
Fremont,CA,626000,2020,12,2,231779,2020-12-01,10.354691322337226,0
Fremont,CA,626000,2021,1,0,231502,2021-01-01,0,0
Fremont,CA,626000,2021,2,0,231802,2021-02-01,0,0
Fremont,CA,626000,2021,3,1,232101,2021-03-01,5.170162989388241,0
Fremont,CA,626000,2021,4,0,232401,2021-04-01,0,0
Fremont,CA,626000,2021,5,0,232700,2021-05-01,0,0
Fremont,CA,626000,2021,6,0,233000,2021-06-01,0,0
Fremont,CA,626000,2021,7,1,233300,2021-07-01,5.143591941705958,0
Fremont,CA,626000,2021,8,1,233599,2021-08-01,5.137008291987551,0
Fremont,CA,626000,2021,9,0,233899,2021-09-01,0,0
Fremont,CA,626000,2021,10,1,234198,2021-10-01,5.123869546281353,0
Fremont,CA,626000,2021,11,0,234498,2021-11-01,0,0
Fremont,CA,626000,2021,12,3,234797,2021-12-01,15.332393514397543,0
Fremont,CA,626000,2022,1,1,235097,2022-01-01,5.104276107308898,0
Fremont,CA,626000,2022,2,0,234820,2022-02-01,0,0
Fremont,CA,626000,2022,3,2,234543,2022-03-01,10.232665225566313,0
Fremont,CA,626000,2022,4,0,234265,2022-04-01,0,0
Fremont,CA,626000,2022,5,0,233988,2022-05-01,0,0
Fremont,CA,626000,2022,6,1,233711,2022-06-01,5.134546512573221,0
Fremont,CA,626000,2022,7,0,233433,2022-07-01,0,0
Fremont,CA,626000,2022,8,0,233156,2022-08-01,0,0
Fremont,CA,626000,2022,9,0,232879,2022-09-01,0,0
Fremont,CA,626000,2022,10,0,232602,2022-10-01,0,0
Fremont,CA,626000,2022,11,1,232325,2022-11-01,5.165178091036264,0
Fremont,CA,626000,2022,12,0,232047,2022-12-01,0,0
Fremont,CA,626000,2023,1,0,231770,2023-01-01,0,0
Fremont,CA,626000,2023,2,0,231770,2023-02-01,0,0
Fremont,CA,626000,2023,3,0,231770,2023-03-01,0,0
Fremont,CA,626000,2023,4,0,231770,2023-04-01,0,0
Fremont,CA,626000,2023,5,0,231770,2023-05-01,0,0
Fremont,CA,626000,2023,6,0,231770,2023-06-01,0,0
Fremont,CA,626000,2023,7,0,231770,2023-07-01,0,0
Fremont,CA,626000,2023,8,0,231770,2023-08-01,0,0
Fremont,CA,626000,2023,9,0,231770,2023-09-01,0,0
Fremont,CA,626000,2023,10,1,231770,2023-10-01,5.177546705785909,0
Fremont,CA,626000,2023,11,2,231770,2023-11-01,10.355093411571819,0
Fremont,CA,626000,2023,12,1,231770,2023-12-01,5.177546705785909,0
Fremont,CA,626000,2024,1,0,231770,2024-01-01,0,0
Fremont,CA,626000,2024,2,0,231770,2024-02-01,0,0
Fremont,CA,626000,2024,3,1,231770,2024-03-01,5.177546705785909,0
Fremont,CA,626000,2024,4,0,231770,2024-04-01,0,0
Fremont,CA,626000,2024,5,0,231770,2024-05-01,0,0
Fremont,CA,626000,2024,6,1,231770,2024-06-01,5.177546705785909,0
Fremont,CA,626000,2024,7,2,231770,2024-07-01,10.355093411571819,0
Fremont,CA,626000,2024,8,0,231770,2024-08-01,0,0
Fremont,CA,626000,2024,9,1,231770,2024-09-01,5.177546705785909,0
Fremont,CA,626000,2024,10,0,231770,2024-10-01,0,0
Fremont,CA,626000,2024,11,0,231770,2024-11-01,0,0
Fremont,CA,626000,2024,12,0,231770,2024-12-01,0,0
Fremont,CA,626000,2025,1,0,231770,2025-01-01,0,0
Fremont,CA,626000,2025,2,0,231770,2025-02-01,0,0
Fremont,CA,626000,2025,3,0,231770,2025-03-01,0,0
Fremont,CA,626000,2025,4,1,231770,2025-04-01,5.177546705785909,0
Fremont,CA,626000,2025,5,0,231770,2025-05-01,0,0
Fremont,CA,626000,2025,6,2,231770,2025-06-01,10.355093411571819,0
Fremont,CA,626000,2025,7,1,231770,2025-07-01,5.177546705785909,0
Fremont,CA,626000,2025,8,0,231770,2025-08-01,0,0
Fremont,CA,626000,2025,9,2,231770,2025-09-01,10.355093411571819,0
Fresno,CA,627000,2018,1,17,522277,2018-01-01,39.05973267059434,0
Fresno,CA,627000,2018,2,14,522505,2018-02-01,32.152802365527606,0
Fresno,CA,627000,2018,3,6,522733,2018-03-01,13.773762130954044,0
Fresno,CA,627000,2018,4,7,522960,2018-04-01,16.062413951353832,0
Fresno,CA,627000,2018,5,5,523188,2018-05-01,11.468152939287599,0
Fresno,CA,627000,2018,6,9,523416,2018-06-01,20.633683341739648,0
Fresno,CA,627000,2018,7,14,523643,2018-07-01,32.08292672679669,0
Fresno,CA,627000,2018,8,7,523871,2018-08-01,16.034481771275754,0
Fresno,CA,627000,2018,9,9,524099,2018-09-01,20.60679375461506,0
Fresno,CA,627000,2018,10,6,524327,2018-10-01,13.731888687784533,0
Fresno,CA,627000,2018,11,7,524555,2018-11-01,16.01357340984263,0
Fresno,CA,627000,2018,12,7,524782,2018-12-01,16.00664656943264,0
Fresno,CA,627000,2019,1,14,525010,2019-01-01,31.99939048780023,0
Fresno,CA,627000,2019,2,15,525105,2019-02-01,34.27885851401148,0
Fresno,CA,627000,2019,3,12,525200,2019-03-01,27.418126428027417,0
Fresno,CA,627000,2019,4,11,525294,2019-04-01,25.128785023244127,0
Fresno,CA,627000,2019,5,13,525389,2019-05-01,29.692285144911672,0
Fresno,CA,627000,2019,6,20,525484,2019-06-01,45.67218031376788,0
Fresno,CA,627000,2019,7,12,525578,2019-07-01,27.398407087054633,0
Fresno,CA,627000,2019,8,10,525673,2019-08-01,22.827879689464744,0
Fresno,CA,627000,2019,9,11,525768,2019-09-01,25.106130460583373,0
Fresno,CA,627000,2019,10,10,525863,2019-10-01,22.81963172917661,0
Fresno,CA,627000,2019,11,23,525958,2019-11-01,52.47567296247989,0
Fresno,CA,627000,2019,12,18,526052,2019-12-01,41.06057956247671,0
Fresno,CA,627000,2020,1,19,526147,2020-01-01,43.333897180825886,0
Fresno,CA,627000,2020,2,11,527191,2020-02-01,25.038363704994964,0
Fresno,CA,627000,2020,3,15,528235,2020-03-01,34.07574280386571,0
Fresno,CA,627000,2020,4,15,529280,2020-04-01,34.00846432889964,0
Fresno,CA,627000,2020,5,14,530324,2020-05-01,31.678747331819793,0
Fresno,CA,627000,2020,6,23,531368,2020-06-01,51.94140407401274,0
Fresno,CA,627000,2020,7,17,532413,2020-07-01,38.31611925328645,0
Fresno,CA,627000,2020,8,35,533457,2020-08-01,78.73174407684218,0
Fresno,CA,627000,2020,9,36,534501,2020-09-01,80.82304803919918,0
Fresno,CA,627000,2020,10,29,535545,2020-10-01,64.9805338486962,0
Fresno,CA,627000,2020,11,21,536589,2020-11-01,46.963318293889735,0
Fresno,CA,627000,2020,12,32,537634,2020-12-01,71.42405428228126,0
Fresno,CA,627000,2021,1,19,538678,2021-01-01,42.325842154311104,0
Fresno,CA,627000,2021,2,12,538452,2021-02-01,26.743330881861333,0
Fresno,CA,627000,2021,3,19,538226,2021-03-01,42.36138722395425,0
Fresno,CA,627000,2021,4,27,538000,2021-04-01,60.22304832713754,0
Fresno,CA,627000,2021,5,17,537774,2021-05-01,37.93415077709224,0
Fresno,CA,627000,2021,6,21,537548,2021-06-01,46.87953447878144,0
Fresno,CA,627000,2021,7,27,537322,2021-07-01,60.299038565329546,0
Fresno,CA,627000,2021,8,17,537097,2021-08-01,37.98196601358786,0
Fresno,CA,627000,2021,9,21,536871,2021-09-01,46.93865006677582,0
Fresno,CA,627000,2021,10,21,536645,2021-10-01,46.95841757586487,0
Fresno,CA,627000,2021,11,14,536419,2021-11-01,31.318801161032702,0
Fresno,CA,627000,2021,12,10,536193,2021-12-01,22.38000123090007,0
Fresno,CA,627000,2022,1,14,535967,2022-01-01,31.345213417990287,0
Fresno,CA,627000,2022,2,19,537011,2022-02-01,42.45723085746847,0
Fresno,CA,627000,2022,3,9,538055,2022-03-01,20.07229744171135,0
Fresno,CA,627000,2022,4,25,539100,2022-04-01,55.64830272676683,0
Fresno,CA,627000,2022,5,20,540144,2022-05-01,44.43259575224384,0
Fresno,CA,627000,2022,6,10,541188,2022-06-01,22.17344065278609,0
Fresno,CA,627000,2022,7,23,542233,2022-07-01,50.90062758998438,0
Fresno,CA,627000,2022,8,12,543277,2022-08-01,26.505815633645454,0
Fresno,CA,627000,2022,9,21,544321,2022-09-01,46.296211242998154,0
Fresno,CA,627000,2022,10,17,545365,2022-10-01,37.40614084145481,0
Fresno,CA,627000,2022,11,5,546409,2022-11-01,10.980785455583637,0
Fresno,CA,627000,2022,12,12,547454,2022-12-01,26.303579844151287,0
Fresno,CA,627000,2023,1,9,548498,2023-01-01,19.69013560669319,0
Fresno,CA,627000,2023,2,13,548498,2023-02-01,28.441306987445717,0
Fresno,CA,627000,2023,3,10,548498,2023-03-01,21.87792845188132,0
Fresno,CA,627000,2023,4,17,548498,2023-04-01,37.192478368198245,0
Fresno,CA,627000,2023,5,12,548498,2023-05-01,26.253514142257583,0
Fresno,CA,627000,2023,6,12,548498,2023-06-01,26.253514142257583,0
Fresno,CA,627000,2023,7,12,548498,2023-07-01,26.253514142257583,0
Fresno,CA,627000,2023,8,5,548498,2023-08-01,10.93896422594066,0
Fresno,CA,627000,2023,9,5,548498,2023-09-01,10.93896422594066,0
Fresno,CA,627000,2023,10,13,548498,2023-10-01,28.441306987445717,0
Fresno,CA,627000,2023,11,8,548498,2023-11-01,17.502342761505055,0
Fresno,CA,627000,2023,12,12,548498,2023-12-01,26.253514142257583,0
Fresno,CA,627000,2024,1,7,548498,2024-01-01,15.314549916316926,0
Fresno,CA,627000,2024,2,5,548498,2024-02-01,10.93896422594066,0
Fresno,CA,627000,2024,3,16,548498,2024-03-01,35.00468552301011,0
Fresno,CA,627000,2024,4,9,548498,2024-04-01,19.69013560669319,0
Fresno,CA,627000,2024,5,10,548498,2024-05-01,21.87792845188132,0
Fresno,CA,627000,2024,6,4,548498,2024-06-01,8.751171380752528,0
Fresno,CA,627000,2024,7,7,548498,2024-07-01,15.314549916316926,0
Fresno,CA,627000,2024,8,7,548498,2024-08-01,15.314549916316926,0
Fresno,CA,627000,2024,9,10,548498,2024-09-01,21.87792845188132,0
Fresno,CA,627000,2024,10,13,548498,2024-10-01,28.441306987445717,0
Fresno,CA,627000,2024,11,8,548498,2024-11-01,17.502342761505055,0
Fresno,CA,627000,2024,12,5,548498,2024-12-01,10.93896422594066,0
Fresno,CA,627000,2025,1,4,548498,2025-01-01,8.751171380752528,0
Fresno,CA,627000,2025,2,2,548498,2025-02-01,4.375585690376264,0
Fresno,CA,627000,2025,3,5,548498,2025-03-01,10.93896422594066,0
Fresno,CA,627000,2025,4,11,548498,2025-04-01,24.065721297069448,0
Fresno,CA,627000,2025,5,12,548498,2025-05-01,26.253514142257583,0
Fresno,CA,627000,2025,6,4,548498,2025-06-01,8.751171380752528,0
Fresno,CA,627000,2025,7,6,548498,2025-07-01,13.126757071128791,0
Fresno,CA,627000,2025,8,10,548498,2025-08-01,21.87792845188132,0
Fresno,CA,627000,2025,9,6,548498,2025-09-01,13.126757071128791,0
Garland,TX,4829000,2018,1,6,237982,2018-01-01,30.254388987402407,0
Garland,TX,4829000,2018,2,0,238018,2018-02-01,0,0
Garland,TX,4829000,2018,3,1,238055,2018-03-01,5.040851903971771,0
Garland,TX,4829000,2018,4,1,238091,2018-04-01,5.0400897135969025,0
Garland,TX,4829000,2018,5,1,238127,2018-05-01,5.039327753677659,0
Garland,TX,4829000,2018,6,0,238164,2018-06-01,0,0
Garland,TX,4829000,2018,7,0,238200,2018-07-01,0,0
Garland,TX,4829000,2018,8,0,238236,2018-08-01,0,0
Garland,TX,4829000,2018,9,0,238273,2018-09-01,0,0
Garland,TX,4829000,2018,10,0,238309,2018-10-01,0,0
Garland,TX,4829000,2018,11,2,238345,2018-11-01,10.06943716041872,0
Garland,TX,4829000,2018,12,2,238382,2018-12-01,10.06787425225059,0
Garland,TX,4829000,2019,1,2,238418,2019-01-01,10.066354050449211,0
Garland,TX,4829000,2019,2,1,238435,2019-02-01,5.032818168473588,0
Garland,TX,4829000,2019,3,1,238452,2019-03-01,5.032459362890645,0
Garland,TX,4829000,2019,4,1,238469,2019-04-01,5.032100608464832,0
Garland,TX,4829000,2019,5,2,238486,2019-05-01,10.063483810370421,0
Garland,TX,4829000,2019,6,1,238503,2019-06-01,5.0313832530408416,0
Garland,TX,4829000,2019,7,0,238520,2019-07-01,0,0
Garland,TX,4829000,2019,8,1,238537,2019-08-01,5.030666102114138,0
Garland,TX,4829000,2019,9,2,238554,2019-09-01,10.060615206619884,0
Garland,TX,4829000,2019,10,1,238571,2019-10-01,5.0299491555972855,0
Garland,TX,4829000,2019,11,0,238588,2019-11-01,0,0
Garland,TX,4829000,2019,12,1,238605,2019-12-01,5.029232413402905,0
Garland,TX,4829000,2020,1,0,238622,2020-01-01,0,0
Garland,TX,4829000,2020,2,0,239160,2020-02-01,0,0
Garland,TX,4829000,2020,3,0,239698,2020-03-01,0,0
Garland,TX,4829000,2020,4,0,240235,2020-04-01,0,0
Garland,TX,4829000,2020,5,4,240773,2020-05-01,19.93579014258243,0
Garland,TX,4829000,2020,6,0,241311,2020-06-01,0,0
Garland,TX,4829000,2020,7,0,241848,2020-07-01,0,0
Garland,TX,4829000,2020,8,1,242386,2020-08-01,4.950780985700494,0
Garland,TX,4829000,2020,9,0,242924,2020-09-01,0,0
Garland,TX,4829000,2020,10,2,243462,2020-10-01,9.85780121743845,0
Garland,TX,4829000,2020,11,0,244000,2020-11-01,0,0
Garland,TX,4829000,2020,12,0,244537,2020-12-01,0,0
Garland,TX,4829000,2021,1,3,245075,2021-01-01,14.689380801795366,0
Garland,TX,4829000,2021,2,0,244917,2021-02-01,0,0
Garland,TX,4829000,2021,3,1,244759,2021-03-01,4.902781920174539,0
Garland,TX,4829000,2021,4,0,244601,2021-04-01,0,0
Garland,TX,4829000,2021,5,3,244443,2021-05-01,14.727359752580357,0
Garland,TX,4829000,2021,6,1,244285,2021-06-01,4.912295065190249,0
Garland,TX,4829000,2021,7,2,244127,2021-07-01,9.830948645582012,0
Garland,TX,4829000,2021,8,5,243968,2021-08-01,24.593389296956975,0
Garland,TX,4829000,2021,9,0,243810,2021-09-01,0,0
Garland,TX,4829000,2021,10,0,243652,2021-10-01,0,0
Garland,TX,4829000,2021,11,2,243494,2021-11-01,9.856505704452676,0
Garland,TX,4829000,2021,12,5,243336,2021-12-01,24.65726402998323,0
Garland,TX,4829000,2022,1,2,243178,2022-01-01,9.869313835955555,0
Garland,TX,4829000,2022,2,1,243716,2022-02-01,4.9237637249913835,0
Garland,TX,4829000,2022,3,0,244254,2022-03-01,0,0
Garland,TX,4829000,2022,4,0,244791,2022-04-01,0,0
Garland,TX,4829000,2022,5,4,245329,2022-05-01,19.56556297869392,0
Garland,TX,4829000,2022,6,1,245867,2022-06-01,4.880687526182855,0
Garland,TX,4829000,2022,7,2,246404,2022-07-01,9.74010162172692,0
Garland,TX,4829000,2022,8,0,246942,2022-08-01,0,0
Garland,TX,4829000,2022,9,1,247480,2022-09-01,4.848876676903185,0
Garland,TX,4829000,2022,10,1,248018,2022-10-01,4.838358506237451,0
Garland,TX,4829000,2022,11,0,248556,2022-11-01,0,0
Garland,TX,4829000,2022,12,0,249093,2022-12-01,0,0
Garland,TX,4829000,2023,1,2,249631,2023-01-01,9.614190545244782,0
Garland,TX,4829000,2023,2,3,249631,2023-02-01,14.421285817867172,0
Garland,TX,4829000,2023,3,0,249631,2023-03-01,0,0
Garland,TX,4829000,2023,4,0,249631,2023-04-01,0,0
Garland,TX,4829000,2023,5,0,249631,2023-05-01,0,0
Garland,TX,4829000,2023,6,0,249631,2023-06-01,0,0
Garland,TX,4829000,2023,7,2,249631,2023-07-01,9.614190545244782,0
Garland,TX,4829000,2023,8,1,249631,2023-08-01,4.807095272622391,0
Garland,TX,4829000,2023,9,0,249631,2023-09-01,0,0
Garland,TX,4829000,2023,10,0,249631,2023-10-01,0,0
Garland,TX,4829000,2023,11,1,249631,2023-11-01,4.807095272622391,0
Garland,TX,4829000,2023,12,1,249631,2023-12-01,4.807095272622391,0
Garland,TX,4829000,2024,1,5,249631,2024-01-01,24.035476363111954,0
Garland,TX,4829000,2024,2,0,249631,2024-02-01,0,0
Garland,TX,4829000,2024,3,1,249631,2024-03-01,4.807095272622391,0
Garland,TX,4829000,2024,4,3,249631,2024-04-01,14.421285817867172,0
Garland,TX,4829000,2024,5,0,249631,2024-05-01,0,0
Garland,TX,4829000,2024,6,0,249631,2024-06-01,0,0
Garland,TX,4829000,2024,7,0,249631,2024-07-01,0,0
Garland,TX,4829000,2024,8,3,249631,2024-08-01,14.421285817867172,0
Garland,TX,4829000,2024,9,3,249631,2024-09-01,14.421285817867172,0
Garland,TX,4829000,2024,10,0,249631,2024-10-01,0,0
Garland,TX,4829000,2024,11,1,249631,2024-11-01,4.807095272622391,0
Garland,TX,4829000,2024,12,0,249631,2024-12-01,0,0
Garland,TX,4829000,2025,1,2,249631,2025-01-01,9.614190545244782,0
Garland,TX,4829000,2025,2,0,249631,2025-02-01,0,0
Garland,TX,4829000,2025,3,2,249631,2025-03-01,9.614190545244782,0
Garland,TX,4829000,2025,4,4,249631,2025-04-01,19.228381090489563,0
Garland,TX,4829000,2025,5,0,249631,2025-05-01,0,0
Garland,TX,4829000,2025,6,2,249631,2025-06-01,9.614190545244782,0
Garland,TX,4829000,2025,7,0,249631,2025-07-01,0,0
Garland,TX,4829000,2025,8,1,249631,2025-08-01,4.807095272622391,0
Garland,TX,4829000,2025,9,0,249631,2025-09-01,0,0
Glendale,AZ,427820,2018,1,2,245514,2018-01-01,9.77540995625504,0
Glendale,AZ,427820,2018,2,3,245706,2018-02-01,14.651656858196382,0
Glendale,AZ,427820,2018,3,4,245897,2018-03-01,19.52036828428163,0
Glendale,AZ,427820,2018,4,2,246089,2018-04-01,9.752569192446636,0
Glendale,AZ,427820,2018,5,1,246280,2018-05-01,4.872502842293325,0
Glendale,AZ,427820,2018,6,2,246472,2018-06-01,9.737414391898472,0
Glendale,AZ,427820,2018,7,2,246664,2018-07-01,9.729834917134239,0
Glendale,AZ,427820,2018,8,1,246855,2018-08-01,4.8611533086224705,0
Glendale,AZ,427820,2018,9,0,247047,2018-09-01,0,0
Glendale,AZ,427820,2018,10,1,247238,2018-10-01,4.853622824970271,0
Glendale,AZ,427820,2018,11,0,247430,2018-11-01,0,0
Glendale,AZ,427820,2018,12,0,247621,2018-12-01,0,0
Glendale,AZ,427820,2019,1,0,247813,2019-01-01,0,0
Glendale,AZ,427820,2019,2,1,248019,2019-02-01,4.838338998221911,0
Glendale,AZ,427820,2019,3,1,248226,2019-03-01,4.834304222764739,0
Glendale,AZ,427820,2019,4,7,248432,2019-04-01,33.81206929864108,0
Glendale,AZ,427820,2019,5,1,248639,2019-05-01,4.826274236945933,0
Glendale,AZ,427820,2019,6,5,248845,2019-06-01,24.111394643251824,0
Glendale,AZ,427820,2019,7,2,249051,2019-07-01,9.636580459423973,0
Glendale,AZ,427820,2019,8,3,249258,2019-08-01,14.442866427556991,0
Glendale,AZ,427820,2019,9,1,249464,2019-09-01,4.810313311740372,0
Glendale,AZ,427820,2019,10,2,249671,2019-10-01,9.612650247726005,0
Glendale,AZ,427820,2019,11,0,249877,2019-11-01,0,0
Glendale,AZ,427820,2019,12,1,250084,2019-12-01,4.798387741718782,0
Glendale,AZ,427820,2020,1,8,250290,2020-01-01,38.355507611171035,0
Glendale,AZ,427820,2020,2,2,249906,2020-02-01,9.603610957720102,0
Glendale,AZ,427820,2020,3,3,249522,2020-03-01,14.427585543559285,0
Glendale,AZ,427820,2020,4,1,249139,2020-04-01,4.81658833020924,0
Glendale,AZ,427820,2020,5,4,248755,2020-05-01,19.2960945508633,0
Glendale,AZ,427820,2020,6,1,248371,2020-06-01,4.83148193629691,0
Glendale,AZ,427820,2020,7,2,247988,2020-07-01,9.677887639724503,0
Glendale,AZ,427820,2020,8,2,247604,2020-08-01,9.692896722185424,0
Glendale,AZ,427820,2020,9,3,247220,2020-09-01,14.561928646549632,0
Glendale,AZ,427820,2020,10,1,246836,2020-10-01,4.8615274919379665,0
Glendale,AZ,427820,2020,11,3,246452,2020-11-01,14.607306899517958,0
Glendale,AZ,427820,2020,12,2,246069,2020-12-01,9.75336186191678,0
Glendale,AZ,427820,2021,1,0,245685,2021-01-01,0,0
Glendale,AZ,427820,2021,2,1,246241,2021-02-01,4.873274556227436,0
Glendale,AZ,427820,2021,3,4,246798,2021-03-01,19.449104125641213,0
Glendale,AZ,427820,2021,4,1,247354,2021-04-01,4.851346652975089,0
Glendale,AZ,427820,2021,5,2,247911,2021-05-01,9.680893546474339,0
Glendale,AZ,427820,2021,6,0,248467,2021-06-01,0,0
Glendale,AZ,427820,2021,7,0,249023,2021-07-01,0,0
Glendale,AZ,427820,2021,8,2,249580,2021-08-01,9.61615514063627,0
Glendale,AZ,427820,2021,9,0,250136,2021-09-01,0,0
Glendale,AZ,427820,2021,10,3,250693,2021-10-01,14.360193543497424,0
Glendale,AZ,427820,2021,11,2,251249,2021-11-01,9.552276824982389,0
Glendale,AZ,427820,2021,12,1,251806,2021-12-01,4.765573497057258,0
Glendale,AZ,427820,2022,1,2,252362,2022-01-01,9.510148120556977,0
Glendale,AZ,427820,2022,2,5,251978,2022-02-01,23.811602600227005,0
Glendale,AZ,427820,2022,3,9,251594,2022-03-01,42.9263018990914,0
Glendale,AZ,427820,2022,4,3,251211,2022-04-01,14.330582657606554,0
Glendale,AZ,427820,2022,5,0,250827,2022-05-01,0,0
Glendale,AZ,427820,2022,6,1,250443,2022-06-01,4.791509445262994,0
Glendale,AZ,427820,2022,7,0,250060,2022-07-01,0,0
Glendale,AZ,427820,2022,8,2,249676,2022-08-01,9.612457745237828,0
Glendale,AZ,427820,2022,9,4,249292,2022-09-01,19.254528825634196,0
Glendale,AZ,427820,2022,10,1,248908,2022-10-01,4.821058383017018,0
Glendale,AZ,427820,2022,11,7,248524,2022-11-01,33.79955255830423,0
Glendale,AZ,427820,2022,12,5,248141,2022-12-01,24.17980100023777,0
Glendale,AZ,427820,2023,1,1,247757,2023-01-01,4.843455482589796,0
Glendale,AZ,427820,2023,2,0,247757,2023-02-01,0,0
Glendale,AZ,427820,2023,3,4,247757,2023-03-01,19.373821930359185,0
Glendale,AZ,427820,2023,4,2,247757,2023-04-01,9.686910965179592,0
Glendale,AZ,427820,2023,5,3,247757,2023-05-01,14.530366447769385,0
Glendale,AZ,427820,2023,6,4,247757,2023-06-01,19.373821930359185,0
Glendale,AZ,427820,2023,7,7,247757,2023-07-01,33.904188378128566,0
Glendale,AZ,427820,2023,8,1,247757,2023-08-01,4.843455482589796,0
Glendale,AZ,427820,2023,9,4,247757,2023-09-01,19.373821930359185,0
Glendale,AZ,427820,2023,10,2,247757,2023-10-01,9.686910965179592,0
Glendale,AZ,427820,2023,11,6,247757,2023-11-01,29.06073289553877,0
Glendale,AZ,427820,2023,12,4,247757,2023-12-01,19.373821930359185,0
Glendale,AZ,427820,2024,1,1,247757,2024-01-01,4.843455482589796,0
Glendale,AZ,427820,2024,2,6,247757,2024-02-01,29.06073289553877,0
Glendale,AZ,427820,2024,3,4,247757,2024-03-01,19.373821930359185,0
Glendale,AZ,427820,2024,4,1,247757,2024-04-01,4.843455482589796,0
Glendale,AZ,427820,2024,5,2,247757,2024-05-01,9.686910965179592,0
Glendale,AZ,427820,2024,6,2,247757,2024-06-01,9.686910965179592,0
Glendale,AZ,427820,2024,7,3,247757,2024-07-01,14.530366447769385,0
Glendale,AZ,427820,2024,8,2,247757,2024-08-01,9.686910965179592,0
Glendale,AZ,427820,2024,9,2,247757,2024-09-01,9.686910965179592,0
Glendale,AZ,427820,2024,10,5,247757,2024-10-01,24.21727741294898,0
Glendale,AZ,427820,2024,11,3,247757,2024-11-01,14.530366447769385,0
Glendale,AZ,427820,2024,12,2,247757,2024-12-01,9.686910965179592,0
Glendale,AZ,427820,2025,1,6,247757,2025-01-01,29.06073289553877,0
Glendale,AZ,427820,2025,2,0,247757,2025-02-01,0,0
Glendale,AZ,427820,2025,3,3,247757,2025-03-01,14.530366447769385,0
Glendale,AZ,427820,2025,4,3,247757,2025-04-01,14.530366447769385,0
Glendale,AZ,427820,2025,5,8,247757,2025-05-01,38.74764386071837,0
Glendale,AZ,427820,2025,6,0,247757,2025-06-01,0,0
Glendale,AZ,427820,2025,7,0,247757,2025-07-01,0,0
Glendale,AZ,427820,2025,8,1,247757,2025-08-01,4.843455482589796,0
Glendale,AZ,427820,2025,9,3,247757,2025-09-01,14.530366447769385,0
Greensboro,NC,3728000,2018,1,7,288719,2018-01-01,29.094032606097972,0
Greensboro,NC,3728000,2018,2,5,288934,2018-02-01,20.765988080322842,0
Greensboro,NC,3728000,2018,3,6,289150,2018-03-01,24.900570638077124,0
Greensboro,NC,3728000,2018,4,9,289365,2018-04-01,37.32310403815251,0
Greensboro,NC,3728000,2018,5,6,289580,2018-05-01,24.863595552179017,0
Greensboro,NC,3728000,2018,6,10,289796,2018-06-01,41.40843903987633,0
Greensboro,NC,3728000,2018,7,10,290011,2018-07-01,41.377740844312804,0
Greensboro,NC,3728000,2018,8,9,290226,2018-08-01,37.212379318186514,0
Greensboro,NC,3728000,2018,9,10,290442,2018-09-01,41.31633854607804,0
Greensboro,NC,3728000,2018,10,12,290657,2018-10-01,49.54293204705203,0
Greensboro,NC,3728000,2018,11,3,290872,2018-11-01,12.376578013696747,0
Greensboro,NC,3728000,2018,12,1,291088,2018-12-01,4.122464684219205,0
Greensboro,NC,3728000,2019,1,6,291303,2019-01-01,24.71653227052245,0
Greensboro,NC,3728000,2019,2,2,291561,2019-02-01,8.231553602848118,0
Greensboro,NC,3728000,2019,3,9,291818,2019-03-01,37.009368853189315,0
Greensboro,NC,3728000,2019,4,12,292076,2019-04-01,49.302236404223564,0
Greensboro,NC,3728000,2019,5,17,292334,2019-05-01,69.78319319682281,0
Greensboro,NC,3728000,2019,6,12,292591,2019-06-01,49.21545775502322,0
Greensboro,NC,3728000,2019,7,7,292849,2019-07-01,28.68372437672657,0
Greensboro,NC,3728000,2019,8,7,293107,2019-08-01,28.658476256111253,0
Greensboro,NC,3728000,2019,9,12,293364,2019-09-01,49.085777395999514,0
Greensboro,NC,3728000,2019,10,14,293622,2019-10-01,57.21642111285939,0
Greensboro,NC,3728000,2019,11,11,293880,2019-11-01,44.9162923642303,0
Greensboro,NC,3728000,2019,12,10,294137,2019-12-01,40.79731553663769,0
Greensboro,NC,3728000,2020,1,5,294395,2020-01-01,20.380780923589054,0
Greensboro,NC,3728000,2020,2,5,294486,2020-02-01,20.374482997493935,0
Greensboro,NC,3728000,2020,3,6,294576,2020-03-01,24.441909727880073,0
Greensboro,NC,3728000,2020,4,14,294667,2020-04-01,57.01351016571249,0
Greensboro,NC,3728000,2020,5,7,294758,2020-05-01,28.497954253998195,0
Greensboro,NC,3728000,2020,6,11,294848,2020-06-01,44.768830041241586,0
Greensboro,NC,3728000,2020,7,25,294939,2020-07-01,101.71594804349374,0
Greensboro,NC,3728000,2020,8,6,295030,2020-08-01,24.404297868013423,0
Greensboro,NC,3728000,2020,9,23,295120,2020-09-01,93.52127947953375,0
Greensboro,NC,3728000,2020,10,13,295211,2020-10-01,52.84355935246316,0
Greensboro,NC,3728000,2020,11,28,295302,2020-11-01,113.78182335371923,0
Greensboro,NC,3728000,2020,12,15,295392,2020-12-01,60.93597660058498,0
Greensboro,NC,3728000,2021,1,6,295483,2021-01-01,24.3668840508591,0
Greensboro,NC,3728000,2021,2,11,295837,2021-02-01,44.61916528358522,0
Greensboro,NC,3728000,2021,3,9,296191,2021-03-01,36.46295802370768,0
Greensboro,NC,3728000,2021,4,9,296545,2021-04-01,36.41943044057394,0
Greensboro,NC,3728000,2021,5,12,296898,2021-05-01,48.50150556756866,0
Greensboro,NC,3728000,2021,6,5,297252,2021-06-01,20.18489362561059,0
Greensboro,NC,3728000,2021,7,30,297606,2021-07-01,120.96530311888873,0
Greensboro,NC,3728000,2021,8,10,297960,2021-08-01,40.27386226339105,0
Greensboro,NC,3728000,2021,9,25,298314,2021-09-01,100.56517629075404,0
Greensboro,NC,3728000,2021,10,26,298667,2021-10-01,104.46416912481124,0
Greensboro,NC,3728000,2021,11,15,299021,2021-11-01,60.1964410526351,0
Greensboro,NC,3728000,2021,12,11,299375,2021-12-01,44.09185803757829,0
Greensboro,NC,3728000,2022,1,14,299729,2022-01-01,56.050632404605494,0
Greensboro,NC,3728000,2022,2,12,299820,2022-02-01,48.02881729037422,0
Greensboro,NC,3728000,2022,3,7,299910,2022-03-01,28.008402520756228,0
Greensboro,NC,3728000,2022,4,20,300001,2022-04-01,79.99973333422221,0
Greensboro,NC,3728000,2022,5,13,300092,2022-05-01,51.984058222145215,0
Greensboro,NC,3728000,2022,6,12,300182,2022-06-01,47.97089765542238,0
Greensboro,NC,3728000,2022,7,14,300273,2022-07-01,55.949086331438394,0
Greensboro,NC,3728000,2022,8,6,300364,2022-08-01,23.970915289448804,0
Greensboro,NC,3728000,2022,9,5,300454,2022-09-01,19.96977906767758,0
Greensboro,NC,3728000,2022,10,17,300545,2022-10-01,67.87669067860054,0
Greensboro,NC,3728000,2022,11,1,300636,2022-11-01,3.991537939568116,0
Greensboro,NC,3728000,2022,12,1,300726,2022-12-01,3.9903433690469066,0
Greensboro,NC,3728000,2023,1,16,300817,2023-01-01,63.826180036367624,0
Greensboro,NC,3728000,2023,2,8,300817,2023-02-01,31.913090018183812,0
Greensboro,NC,3728000,2023,3,12,300817,2023-03-01,47.86963502727572,0
Greensboro,NC,3728000,2023,4,5,300817,2023-04-01,19.945681261364882,0
Greensboro,NC,3728000,2023,5,7,300817,2023-05-01,27.923953765910834,0
Greensboro,NC,3728000,2023,6,17,300817,2023-06-01,67.8153162886406,0
Greensboro,NC,3728000,2023,7,18,300817,2023-07-01,71.80445254091359,0
Greensboro,NC,3728000,2023,8,8,300817,2023-08-01,31.913090018183812,0
Greensboro,NC,3728000,2023,9,12,300817,2023-09-01,47.86963502727572,0
Greensboro,NC,3728000,2023,10,7,300817,2023-10-01,27.923953765910834,0
Greensboro,NC,3728000,2023,11,13,300817,2023-11-01,51.858771279548705,0
Greensboro,NC,3728000,2023,12,5,300817,2023-12-01,19.945681261364882,0
Greensboro,NC,3728000,2024,1,5,300817,2024-01-01,19.945681261364882,0
Greensboro,NC,3728000,2024,2,8,300817,2024-02-01,31.913090018183812,0
Greensboro,NC,3728000,2024,3,12,300817,2024-03-01,47.86963502727572,0
Greensboro,NC,3728000,2024,4,6,300817,2024-04-01,23.93481751363786,0
Greensboro,NC,3728000,2024,5,4,300817,2024-05-01,15.956545009091906,0
Greensboro,NC,3728000,2024,6,1,300817,2024-06-01,3.9891362522729765,0
Greensboro,NC,3728000,2024,7,8,300817,2024-07-01,31.913090018183812,0
Greensboro,NC,3728000,2024,8,9,300817,2024-08-01,35.902226270456794,0
Greensboro,NC,3728000,2024,9,3,300817,2024-09-01,11.96740875681893,0
Greensboro,NC,3728000,2024,10,12,300817,2024-10-01,47.86963502727572,0
Greensboro,NC,3728000,2024,11,5,300817,2024-11-01,19.945681261364882,0
Greensboro,NC,3728000,2024,12,3,300817,2024-12-01,11.96740875681893,0
Greensboro,NC,3728000,2025,1,9,300817,2025-01-01,35.902226270456794,0
Greensboro,NC,3728000,2025,2,4,300817,2025-02-01,15.956545009091906,0
Greensboro,NC,3728000,2025,3,5,300817,2025-03-01,19.945681261364882,0
Greensboro,NC,3728000,2025,4,4,300817,2025-04-01,15.956545009091906,0
Greensboro,NC,3728000,2025,5,7,300817,2025-05-01,27.923953765910834,0
Greensboro,NC,3728000,2025,6,6,300817,2025-06-01,23.93481751363786,0
Greensboro,NC,3728000,2025,7,6,300817,2025-07-01,23.93481751363786,0
Greensboro,NC,3728000,2025,8,5,300817,2025-08-01,19.945681261364882,0
Greensboro,NC,3728000,2025,9,8,300817,2025-09-01,31.913090018183812,0
Henderson,NV,3231900,2018,1,0,291346,2018-01-01,0,0
Henderson,NV,3231900,2018,2,3,292077,2018-02-01,12.325516901365052,0
Henderson,NV,3231900,2018,3,3,292808,2018-03-01,12.294746045190022,0
Henderson,NV,3231900,2018,4,0,293538,2018-04-01,0,0
Henderson,NV,3231900,2018,5,0,294269,2018-05-01,0,0
Henderson,NV,3231900,2018,6,1,295000,2018-06-01,4.067796610169491,0
Henderson,NV,3231900,2018,7,1,295731,2018-07-01,4.057741663876969,0
Henderson,NV,3231900,2018,8,1,296462,2018-08-01,4.047736303472282,0
Henderson,NV,3231900,2018,9,6,297193,2018-09-01,24.226680978354132,0
Henderson,NV,3231900,2018,10,1,297924,2018-10-01,4.027872880331897,0
Henderson,NV,3231900,2018,11,0,298654,2018-11-01,0,0
Henderson,NV,3231900,2018,12,0,299385,2018-12-01,0,0
Henderson,NV,3231900,2019,1,2,300116,2019-01-01,7.996907862293247,0
Henderson,NV,3231900,2019,2,0,300936,2019-02-01,0,0
Henderson,NV,3231900,2019,3,2,301756,2019-03-01,7.953445830406023,0
Henderson,NV,3231900,2019,4,0,302576,2019-04-01,0,0
Henderson,NV,3231900,2019,5,2,303396,2019-05-01,7.910453664517659,0
Henderson,NV,3231900,2019,6,2,304216,2019-06-01,7.88913140663213,0
Henderson,NV,3231900,2019,7,2,305036,2019-07-01,7.867923786044926,0
Henderson,NV,3231900,2019,8,0,305855,2019-08-01,0,0
Henderson,NV,3231900,2019,9,0,306675,2019-09-01,0,0
Henderson,NV,3231900,2019,10,3,307495,2019-10-01,11.707507439145353,0
Henderson,NV,3231900,2019,11,1,308315,2019-11-01,3.8921233154403776,0
Henderson,NV,3231900,2019,12,0,309135,2019-12-01,0,0
Henderson,NV,3231900,2020,1,1,309955,2020-01-01,3.8715297381878013,0
Henderson,NV,3231900,2020,2,1,310063,2020-02-01,3.8701812212356845,0
Henderson,NV,3231900,2020,3,2,310171,2020-03-01,7.737667286754726,0
Henderson,NV,3231900,2020,4,1,310279,2020-04-01,3.867487003632215,0
Henderson,NV,3231900,2020,5,0,310387,2020-05-01,0,0
Henderson,NV,3231900,2020,6,1,310495,2020-06-01,3.8647965345657744,0
Henderson,NV,3231900,2020,7,0,310603,2020-07-01,0,0
Henderson,NV,3231900,2020,8,1,310710,2020-08-01,3.8621222361687746,0
Henderson,NV,3231900,2020,9,0,310818,2020-09-01,0,0
Henderson,NV,3231900,2020,10,1,310926,2020-10-01,3.8594392234808286,0
Henderson,NV,3231900,2020,11,11,311034,2020-11-01,42.43909026022878,0
Henderson,NV,3231900,2020,12,0,311142,2020-12-01,0,0
Henderson,NV,3231900,2021,1,1,311250,2021-01-01,3.855421686746988,0
Henderson,NV,3231900,2021,2,1,312243,2021-02-01,3.8431606152900146,0
Henderson,NV,3231900,2021,3,1,313237,2021-03-01,3.8309650520213125,0
Henderson,NV,3231900,2021,4,1,314230,2021-04-01,3.818858797695955,0
Henderson,NV,3231900,2021,5,0,315224,2021-05-01,0,0
Henderson,NV,3231900,2021,6,3,316217,2021-06-01,11.384587166407877,0
Henderson,NV,3231900,2021,7,1,317210,2021-07-01,3.782982882002459,0
Henderson,NV,3231900,2021,8,4,318204,2021-08-01,15.084662669231058,0
Henderson,NV,3231900,2021,9,0,319197,2021-09-01,0,0
Henderson,NV,3231900,2021,10,1,320191,2021-10-01,3.747763053927187,0
Henderson,NV,3231900,2021,11,0,321184,2021-11-01,0,0
Henderson,NV,3231900,2021,12,1,322178,2021-12-01,3.724649107015377,0
Henderson,NV,3231900,2022,1,1,323171,2022-01-01,3.7132044645095013,0
Henderson,NV,3231900,2022,2,0,323279,2022-02-01,0,0
Henderson,NV,3231900,2022,3,0,323387,2022-03-01,0,0
Henderson,NV,3231900,2022,4,3,323495,2022-04-01,11.128456390361519,0
Henderson,NV,3231900,2022,5,7,323603,2022-05-01,25.957732159467,0
Henderson,NV,3231900,2022,6,0,323711,2022-06-01,0,0
Henderson,NV,3231900,2022,7,0,323819,2022-07-01,0,0
Henderson,NV,3231900,2022,8,0,323926,2022-08-01,0,0
Henderson,NV,3231900,2022,9,0,324034,2022-09-01,0,0
Henderson,NV,3231900,2022,10,0,324142,2022-10-01,0,0
Henderson,NV,3231900,2022,11,0,324250,2022-11-01,0,0
Henderson,NV,3231900,2022,12,0,324358,2022-12-01,0,0
Henderson,NV,3231900,2023,1,1,324466,2023-01-01,3.6983844224048124,0
Henderson,NV,3231900,2023,2,0,324466,2023-02-01,0,0
Henderson,NV,3231900,2023,3,2,324466,2023-03-01,7.396768844809625,0
Henderson,NV,3231900,2023,4,0,324466,2023-04-01,0,0
Henderson,NV,3231900,2023,5,2,324466,2023-05-01,7.396768844809625,0
Henderson,NV,3231900,2023,6,0,324466,2023-06-01,0,0
Henderson,NV,3231900,2023,7,2,324466,2023-07-01,7.396768844809625,0
Henderson,NV,3231900,2023,8,0,324466,2023-08-01,0,0
Henderson,NV,3231900,2023,9,1,324466,2023-09-01,3.6983844224048124,0
Henderson,NV,3231900,2023,10,2,324466,2023-10-01,7.396768844809625,0
Henderson,NV,3231900,2023,11,2,324466,2023-11-01,7.396768844809625,0
Henderson,NV,3231900,2023,12,1,324466,2023-12-01,3.6983844224048124,0
Henderson,NV,3231900,2024,1,1,324466,2024-01-01,3.6983844224048124,0
Henderson,NV,3231900,2024,2,0,324466,2024-02-01,0,0
Henderson,NV,3231900,2024,3,1,324466,2024-03-01,3.6983844224048124,0
Henderson,NV,3231900,2024,4,0,324466,2024-04-01,0,0
Henderson,NV,3231900,2024,5,2,324466,2024-05-01,7.396768844809625,0
Henderson,NV,3231900,2024,6,1,324466,2024-06-01,3.6983844224048124,0
Henderson,NV,3231900,2024,7,0,324466,2024-07-01,0,0
Henderson,NV,3231900,2024,8,0,324466,2024-08-01,0,0
Henderson,NV,3231900,2024,9,0,324466,2024-09-01,0,0
Henderson,NV,3231900,2024,10,4,324466,2024-10-01,14.79353768961925,0
Henderson,NV,3231900,2024,11,0,324466,2024-11-01,0,0
Henderson,NV,3231900,2024,12,2,324466,2024-12-01,7.396768844809625,0
Henderson,NV,3231900,2025,1,0,324466,2025-01-01,0,0
Henderson,NV,3231900,2025,2,0,324466,2025-02-01,0,0
Henderson,NV,3231900,2025,3,3,324466,2025-03-01,11.095153267214439,0
Henderson,NV,3231900,2025,4,2,324466,2025-04-01,7.396768844809625,0
Henderson,NV,3231900,2025,5,1,324466,2025-05-01,3.6983844224048124,0
Henderson,NV,3231900,2025,6,0,324466,2025-06-01,0,0
Henderson,NV,3231900,2025,7,1,324466,2025-07-01,3.6983844224048124,0
Henderson,NV,3231900,2025,8,0,324466,2025-08-01,0,0
Henderson,NV,3231900,2025,9,1,324466,2025-09-01,3.6983844224048124,0
Hialeah,FL,1230000,2018,1,0,237285,2018-01-01,0,0
Hialeah,FL,1230000,2018,2,0,237056,2018-02-01,0,0
Hialeah,FL,1230000,2018,3,1,236827,2018-03-01,5.06698982801792,0
Hialeah,FL,1230000,2018,4,0,236599,2018-04-01,0,0
Hialeah,FL,1230000,2018,5,0,236370,2018-05-01,0,0
Hialeah,FL,1230000,2018,6,1,236141,2018-06-01,5.0817096565187745,0
Hialeah,FL,1230000,2018,7,2,235912,2018-07-01,10.173284953711555,0
Hialeah,FL,1230000,2018,8,1,235683,2018-08-01,5.091584883084482,0
Hialeah,FL,1230000,2018,9,2,235454,2018-09-01,10.193073806348586,0
Hialeah,FL,1230000,2018,10,0,235225,2018-10-01,0,0
Hialeah,FL,1230000,2018,11,0,234997,2018-11-01,0,0
Hialeah,FL,1230000,2018,12,1,234768,2018-12-01,5.111429155591903,0
Hialeah,FL,1230000,2019,1,3,234539,2019-01-01,15.34925961140791,0
Hialeah,FL,1230000,2019,2,2,234484,2019-02-01,10.235239931082717,0
Hialeah,FL,1230000,2019,3,1,234429,2019-03-01,5.118820623728293,0
Hialeah,FL,1230000,2019,4,0,234373,2019-04-01,0,0
Hialeah,FL,1230000,2019,5,0,234318,2019-05-01,0,0
Hialeah,FL,1230000,2019,6,0,234263,2019-06-01,0,0
Hialeah,FL,1230000,2019,7,0,234207,2019-07-01,0,0
Hialeah,FL,1230000,2019,8,0,234152,2019-08-01,0,0
Hialeah,FL,1230000,2019,9,1,234097,2019-09-01,5.126080214611892,0
Hialeah,FL,1230000,2019,10,2,234042,2019-10-01,10.254569692619274,0
Hialeah,FL,1230000,2019,11,3,233987,2019-11-01,15.385470132956103,0
Hialeah,FL,1230000,2019,12,0,233931,2019-12-01,0,0
Hialeah,FL,1230000,2020,1,0,233876,2020-01-01,0,0
Hialeah,FL,1230000,2020,2,1,233083,2020-02-01,5.14838061977922,0
Hialeah,FL,1230000,2020,3,1,232290,2020-03-01,5.165956347668862,0
Hialeah,FL,1230000,2020,4,4,231498,2020-04-01,20.734520384625355,0
Hialeah,FL,1230000,2020,5,0,230705,2020-05-01,0,0
Hialeah,FL,1230000,2020,6,0,229912,2020-06-01,0,0
Hialeah,FL,1230000,2020,7,4,229119,2020-07-01,20.94981210637267,0
Hialeah,FL,1230000,2020,8,0,228326,2020-08-01,0,0
Hialeah,FL,1230000,2020,9,0,227533,2020-09-01,0,0
Hialeah,FL,1230000,2020,10,1,226740,2020-10-01,5.292405398253507,0
Hialeah,FL,1230000,2020,11,1,225948,2020-11-01,5.310956503266238,0
Hialeah,FL,1230000,2020,12,0,225155,2020-12-01,0,0
Hialeah,FL,1230000,2021,1,0,224362,2021-01-01,0,0
Hialeah,FL,1230000,2021,2,0,224606,2021-02-01,0,0
Hialeah,FL,1230000,2021,3,1,224851,2021-03-01,5.336867525605845,0
Hialeah,FL,1230000,2021,4,3,225096,2021-04-01,15.993176244802218,0
Hialeah,FL,1230000,2021,5,2,225340,2021-05-01,10.65057246827017,0
Hialeah,FL,1230000,2021,6,0,225584,2021-06-01,0,0
Hialeah,FL,1230000,2021,7,1,225829,2021-07-01,5.3137550978837975,0
Hialeah,FL,1230000,2021,8,1,226074,2021-08-01,5.307996496722312,0
Hialeah,FL,1230000,2021,9,0,226318,2021-09-01,0,0
Hialeah,FL,1230000,2021,10,0,226562,2021-10-01,0,0
Hialeah,FL,1230000,2021,11,0,226807,2021-11-01,0,0
Hialeah,FL,1230000,2021,12,0,227052,2021-12-01,0,0
Hialeah,FL,1230000,2022,1,0,227296,2022-01-01,0,0
Hialeah,FL,1230000,2022,2,0,226503,2022-02-01,0,0
Hialeah,FL,1230000,2022,3,0,225710,2022-03-01,0,0
Hialeah,FL,1230000,2022,4,0,224918,2022-04-01,0,0
Hialeah,FL,1230000,2022,5,1,224125,2022-05-01,5.35415504740658,0
Hialeah,FL,1230000,2022,6,0,223332,2022-06-01,0,0
Hialeah,FL,1230000,2022,7,0,222539,2022-07-01,0,0
Hialeah,FL,1230000,2022,8,2,221746,2022-08-01,10.823194104966944,0
Hialeah,FL,1230000,2022,9,2,220953,2022-09-01,10.862038533081696,0
Hialeah,FL,1230000,2022,10,0,220160,2022-10-01,0,0
Hialeah,FL,1230000,2022,11,1,219368,2022-11-01,5.470260019692936,0
Hialeah,FL,1230000,2022,12,0,218575,2022-12-01,0,0
Hialeah,FL,1230000,2023,1,0,217782,2023-01-01,0,0
Hialeah,FL,1230000,2023,2,0,217782,2023-02-01,0,0
Hialeah,FL,1230000,2023,3,1,217782,2023-03-01,5.51009725321652,0
Hialeah,FL,1230000,2023,4,0,217782,2023-04-01,0,0
Hialeah,FL,1230000,2023,5,0,217782,2023-05-01,0,0
Hialeah,FL,1230000,2023,6,0,217782,2023-06-01,0,0
Hialeah,FL,1230000,2023,7,1,217782,2023-07-01,5.51009725321652,0
Hialeah,FL,1230000,2023,8,0,217782,2023-08-01,0,0
Hialeah,FL,1230000,2023,9,1,217782,2023-09-01,5.51009725321652,0
Hialeah,FL,1230000,2023,10,0,217782,2023-10-01,0,0
Hialeah,FL,1230000,2023,11,0,217782,2023-11-01,0,0
Hialeah,FL,1230000,2023,12,1,217782,2023-12-01,5.51009725321652,0
Hialeah,FL,1230000,2024,1,1,217782,2024-01-01,5.51009725321652,0
Hialeah,FL,1230000,2024,2,1,217782,2024-02-01,5.51009725321652,0
Hialeah,FL,1230000,2024,3,1,217782,2024-03-01,5.51009725321652,0
Hialeah,FL,1230000,2024,4,1,217782,2024-04-01,5.51009725321652,0
Hialeah,FL,1230000,2024,5,1,217782,2024-05-01,5.51009725321652,0
Hialeah,FL,1230000,2024,6,0,217782,2024-06-01,0,0
Hialeah,FL,1230000,2024,7,1,217782,2024-07-01,5.51009725321652,0
Hialeah,FL,1230000,2024,8,2,217782,2024-08-01,11.02019450643304,0
Hialeah,FL,1230000,2024,9,0,217782,2024-09-01,0,0
Hialeah,FL,1230000,2024,10,1,217782,2024-10-01,5.51009725321652,0
Hialeah,FL,1230000,2024,11,0,217782,2024-11-01,0,0
Hialeah,FL,1230000,2024,12,2,217782,2024-12-01,11.02019450643304,0
Hialeah,FL,1230000,2025,1,0,217782,2025-01-01,0,0
Hialeah,FL,1230000,2025,2,1,217782,2025-02-01,5.51009725321652,0
Hialeah,FL,1230000,2025,3,0,217782,2025-03-01,0,0
Hialeah,FL,1230000,2025,4,0,217782,2025-04-01,0,0
Hialeah,FL,1230000,2025,5,1,217782,2025-05-01,5.51009725321652,0
Hialeah,FL,1230000,2025,6,0,217782,2025-06-01,0,0
Hialeah,FL,1230000,2025,7,2,217782,2025-07-01,11.02019450643304,0
Hialeah,FL,1230000,2025,8,0,217782,2025-08-01,0,0
Hialeah,FL,1230000,2025,9,1,217782,2025-09-01,5.51009725321652,0
Houston,TX,4835000,2018,1,49,2295982,2018-01-01,25.60995687248419,0
Houston,TX,4835000,2018,2,42,2297186,2018-02-01,21.939886452381305,0
Houston,TX,4835000,2018,3,54,2298390,2018-03-01,28.19364859749651,0
Houston,TX,4835000,2018,4,49,2299594,2018-04-01,25.569731004690397,0
Houston,TX,4835000,2018,5,52,2300799,2018-05-01,27.121013178465397,0
Houston,TX,4835000,2018,6,55,2302003,2018-06-01,28.67068374802292,0
Houston,TX,4835000,2018,7,64,2303207,2018-07-01,33.344810084373655,0
Houston,TX,4835000,2018,8,35,2304411,2018-08-01,18.225915429148706,0
Houston,TX,4835000,2018,9,51,2305615,2018-09-01,26.54389392851799,0
Houston,TX,4835000,2018,10,42,2306820,2018-10-01,21.848258641766588,0
Houston,TX,4835000,2018,11,49,2308024,2018-11-01,25.476338200989243,0
Houston,TX,4835000,2018,12,36,2309228,2018-12-01,18.707550748561857,0
Houston,TX,4835000,2019,1,52,2310432,2019-01-01,27.007936178169277,0
Houston,TX,4835000,2019,2,45,2310666,2019-02-01,23.369885565460347,0
Houston,TX,4835000,2019,3,46,2310900,2019-03-01,23.88679735168116,0
Houston,TX,4835000,2019,4,30,2311134,2019-04-01,15.57676880700124,0
Houston,TX,4835000,2019,5,28,2311367,2019-05-01,14.536852001434646,0
Houston,TX,4835000,2019,6,44,2311601,2019-06-01,22.841312146862716,0
Houston,TX,4835000,2019,7,40,2311835,2019-07-01,20.76272744378383,0
Houston,TX,4835000,2019,8,69,2312069,2019-08-01,35.81208000280269,0
Houston,TX,4835000,2019,9,41,2312303,2019-09-01,21.277488287650883,0
Houston,TX,4835000,2019,10,40,2312536,2019-10-01,20.75643362957377,0
Houston,TX,4835000,2019,11,52,2312770,2019-11-01,26.980633612507944,0
Houston,TX,4835000,2019,12,46,2313004,2019-12-01,23.865068975237396,0
Houston,TX,4835000,2020,1,56,2313238,2020-01-01,29.050188523619276,0
Houston,TX,4835000,2020,2,36,2311576,2020-02-01,18.688548418914195,0
Houston,TX,4835000,2020,3,41,2309913,2020-03-01,21.299503487793697,0
Houston,TX,4835000,2020,4,83,2308250,2020-04-01,43.14957218672154,0
Houston,TX,4835000,2020,5,92,2306588,2020-05-01,47.86290399499174,0
Houston,TX,4835000,2020,6,80,2304926,2020-06-01,41.64992715601282,0
Houston,TX,4835000,2020,7,73,2303263,2020-07-01,38.03299927103417,0
Houston,TX,4835000,2020,8,96,2301600,2020-08-01,50.05213764337852,0
Houston,TX,4835000,2020,9,85,2299938,2020-09-01,44.349021582320916,0
Houston,TX,4835000,2020,10,117,2298276,2020-10-01,61.089268651806826,0
Houston,TX,4835000,2020,11,95,2296613,2020-11-01,49.6383152059141,0
Houston,TX,4835000,2020,12,84,2294950,2020-12-01,43.92252554521885,0
Houston,TX,4835000,2021,1,89,2293288,2021-01-01,46.57068802522841,0
Houston,TX,4835000,2021,2,92,2296032,2021-02-01,48.08295354768575,0
Houston,TX,4835000,2021,3,87,2298776,2021-03-01,45.41547327795313,0
Houston,TX,4835000,2021,4,109,2301520,2021-04-01,56.83200667385032,0
Houston,TX,4835000,2021,5,114,2304263,2021-05-01,59.368223158554386,0
Houston,TX,4835000,2021,6,122,2307007,2021-06-01,63.45884516171819,0
Houston,TX,4835000,2021,7,113,2309751,2021-07-01,58.7076269260193,0
Houston,TX,4835000,2021,8,108,2312495,2021-08-01,56.043364418085226,0
Houston,TX,4835000,2021,9,90,2315239,2021-09-01,46.647451947725486,0
Houston,TX,4835000,2021,10,143,2317982,2021-10-01,74.02991049973642,0
Houston,TX,4835000,2021,11,94,2320726,2021-11-01,48.60547949219339,0
Houston,TX,4835000,2021,12,104,2323470,2021-12-01,53.71276582008806,0
Houston,TX,4835000,2022,1,127,2326214,2022-01-01,65.51417883307383,0
Houston,TX,4835000,2022,2,92,2324552,2022-02-01,47.49302231139592,0
Houston,TX,4835000,2022,3,68,2322889,2022-03-01,35.12866951455709,0
Houston,TX,4835000,2022,4,81,2321226,2022-04-01,41.87442325736485,0
Houston,TX,4835000,2022,5,92,2319564,2022-05-01,47.59515150260997,0
Houston,TX,4835000,2022,6,109,2317902,2022-06-01,56.430340885852814,0
Houston,TX,4835000,2022,7,74,2316239,2022-07-01,38.33801261441501,0
Houston,TX,4835000,2022,8,74,2314576,2022-08-01,38.365558097897846,0
Houston,TX,4835000,2022,9,77,2312914,2022-09-01,39.9496046977968,0
Houston,TX,4835000,2022,10,72,2311252,2022-10-01,37.38233649987107,0
Houston,TX,4835000,2022,11,88,2309589,2022-11-01,45.72242074239183,0
Houston,TX,4835000,2022,12,73,2307926,2022-12-01,37.95615630657136,0
Houston,TX,4835000,2023,1,86,2306264,2023-01-01,44.747695840545575,0
Houston,TX,4835000,2023,2,53,2306264,2023-02-01,27.577068366847854,0
Houston,TX,4835000,2023,3,71,2306264,2023-03-01,36.94286517068298,0
Houston,TX,4835000,2023,4,88,2306264,2023-04-01,45.78833992986059,0
Houston,TX,4835000,2023,5,88,2306264,2023-05-01,45.78833992986059,0
Houston,TX,4835000,2023,6,79,2306264,2023-06-01,41.10544152794303,0
Houston,TX,4835000,2023,7,89,2306264,2023-07-01,46.308661974518095,0
Houston,TX,4835000,2023,8,57,2306264,2023-08-01,29.65835654547788,0
Houston,TX,4835000,2023,9,68,2306264,2023-09-01,35.38189903671045,0
Houston,TX,4835000,2023,10,47,2306264,2023-10-01,24.455136098902816,0
Houston,TX,4835000,2023,11,75,2306264,2023-11-01,39.024153349312996,0
Houston,TX,4835000,2023,12,74,2306264,2023-12-01,38.5038313046555,0
Houston,TX,4835000,2024,1,43,2306264,2024-01-01,22.373847920272787,0
Houston,TX,4835000,2024,2,41,2306264,2024-02-01,21.33320383095777,0
Houston,TX,4835000,2024,3,57,2306264,2024-03-01,29.65835654547788,0
Houston,TX,4835000,2024,4,50,2306264,2024-04-01,26.016102232875333,0
Houston,TX,4835000,2024,5,66,2306264,2024-05-01,34.34125494739544,0
Houston,TX,4835000,2024,6,71,2306264,2024-06-01,36.94286517068298,0
Houston,TX,4835000,2024,7,69,2306264,2024-07-01,35.90222108136796,0
Houston,TX,4835000,2024,8,44,2306264,2024-08-01,22.894169964930295,0
Houston,TX,4835000,2024,9,78,2306264,2024-09-01,40.58511948328552,0
Houston,TX,4835000,2024,10,47,2306264,2024-10-01,24.455136098902816,0
Houston,TX,4835000,2024,11,60,2306264,2024-11-01,31.219322679450407,0
Houston,TX,4835000,2024,12,47,2306264,2024-12-01,24.455136098902816,0
Houston,TX,4835000,2025,1,42,2306264,2025-01-01,21.853525875615283,0
Houston,TX,4835000,2025,2,46,2306264,2025-02-01,23.93481405424531,0
Houston,TX,4835000,2025,3,64,2306264,2025-03-01,33.300610858080425,0
Houston,TX,4835000,2025,4,54,2306264,2025-04-01,28.097390411505362,0
Houston,TX,4835000,2025,5,49,2306264,2025-05-01,25.49578018821783,0
Houston,TX,4835000,2025,6,44,2306264,2025-06-01,22.894169964930295,0
Houston,TX,4835000,2025,7,62,2306264,2025-07-01,32.259966768765416,0
Houston,TX,4835000,2025,8,39,2306264,2025-08-01,20.29255974164276,0
Houston,TX,4835000,2025,9,24,2306264,2025-09-01,12.487729071780162,0
Indianapolis,IN,1836003,2018,1,26,857637,2018-01-01,36.37902749065164,0
Indianapolis,IN,1836003,2018,2,7,858205,2018-02-01,9.78787119627595,0
Indianapolis,IN,1836003,2018,3,28,858772,2018-03-01,39.12563520934543,0
Indianapolis,IN,1836003,2018,4,28,859339,2018-04-01,39.099819745176234,0
Indianapolis,IN,1836003,2018,5,39,859907,2018-05-01,54.42449009020743,0
Indianapolis,IN,1836003,2018,6,15,860475,2018-06-01,20.91867863679944,0
Indianapolis,IN,1836003,2018,7,35,861042,2018-07-01,48.77810838495683,0
Indianapolis,IN,1836003,2018,8,43,861609,2018-08-01,59.88795381663841,0
Indianapolis,IN,1836003,2018,9,38,862177,2018-09-01,52.889371903913,0
Indianapolis,IN,1836003,2018,10,36,862745,2018-10-01,50.07273296281057,0
Indianapolis,IN,1836003,2018,11,38,863312,2018-11-01,52.8198380191634,0
Indianapolis,IN,1836003,2018,12,32,863879,2018-12-01,44.45066959608927,0
Indianapolis,IN,1836003,2019,1,26,864447,2019-01-01,36.09243828713617,0
Indianapolis,IN,1836003,2019,2,25,864859,2019-02-01,34.6877352262045,0
Indianapolis,IN,1836003,2019,3,18,865270,2019-03-01,24.96330625122794,0
Indianapolis,IN,1836003,2019,4,35,865682,2019-04-01,48.516660852368425,0
Indianapolis,IN,1836003,2019,5,47,866094,2019-05-01,65.119952337737,0
Indianapolis,IN,1836003,2019,6,36,866505,2019-06-01,49.85545380580608,0
Indianapolis,IN,1836003,2019,7,33,866917,2019-07-01,45.6791134560748,0
Indianapolis,IN,1836003,2019,8,58,867329,2019-08-01,80.24636556600782,0
Indianapolis,IN,1836003,2019,9,50,867740,2019-09-01,69.14513563970775,0
Indianapolis,IN,1836003,2019,10,48,868152,2019-10-01,66.34782849086335,0
Indianapolis,IN,1836003,2019,11,40,868564,2019-11-01,55.263630544208596,0
Indianapolis,IN,1836003,2019,12,22,868975,2019-12-01,30.380620846399495,0
Indianapolis,IN,1836003,2020,1,37,869387,2020-01-01,51.07046689218955,0
Indianapolis,IN,1836003,2020,2,48,870280,2020-02-01,66.18559544054787,0
Indianapolis,IN,1836003,2020,3,9,871173,2020-03-01,12.397078421851916,0
Indianapolis,IN,1836003,2020,4,28,872066,2020-04-01,38.529193891288045,0
Indianapolis,IN,1836003,2020,5,48,872959,2020-05-01,65.98248027685148,0
Indianapolis,IN,1836003,2020,6,72,873852,2020-06-01,98.87257796514741,0
Indianapolis,IN,1836003,2020,7,61,874745,2020-07-01,83.68153004589908,0
Indianapolis,IN,1836003,2020,8,61,875639,2020-08-01,83.59609382405307,0
Indianapolis,IN,1836003,2020,9,62,876532,2020-09-01,84.87995874651467,0
Indianapolis,IN,1836003,2020,10,60,877425,2020-10-01,82.05829558081886,0
Indianapolis,IN,1836003,2020,11,42,878318,2020-11-01,57.38240591676363,0
Indianapolis,IN,1836003,2020,12,45,879211,2020-12-01,61.418703815125156,0
Indianapolis,IN,1836003,2021,1,56,880104,2021-01-01,76.35461263668839,0
Indianapolis,IN,1836003,2021,2,36,880322,2021-02-01,49.07295285134303,0
Indianapolis,IN,1836003,2021,3,35,880540,2021-03-01,47.698003497853584,0
Indianapolis,IN,1836003,2021,4,45,880759,2021-04-01,61.310755836727196,0
Indianapolis,IN,1836003,2021,5,48,880977,2021-05-01,65.38195662315815,0
Indianapolis,IN,1836003,2021,6,52,881195,2021-06-01,70.81293016869138,0
Indianapolis,IN,1836003,2021,7,85,881414,2021-07-01,115.7231448558793,0
Indianapolis,IN,1836003,2021,8,80,881632,2021-08-01,108.88896954738485,0
Indianapolis,IN,1836003,2021,9,44,881850,2021-09-01,59.874128253104274,0
Indianapolis,IN,1836003,2021,10,57,882068,2021-10-01,77.5450418788574,0
Indianapolis,IN,1836003,2021,11,37,882286,2021-11-01,50.32381790031803,0
Indianapolis,IN,1836003,2021,12,64,882505,2021-12-01,87.02500269120289,0
Indianapolis,IN,1836003,2022,1,41,882723,2022-01-01,55.736624059869285,0
Indianapolis,IN,1836003,2022,2,25,883616,2022-02-01,33.951399703038426,0
Indianapolis,IN,1836003,2022,3,34,884509,2022-03-01,46.127286438012504,0
Indianapolis,IN,1836003,2022,4,61,885402,2022-04-01,82.67431065211058,0
Indianapolis,IN,1836003,2022,5,66,886295,2022-05-01,89.36076588494801,0
Indianapolis,IN,1836003,2022,6,67,887188,2022-06-01,90.62340789099943,0
Indianapolis,IN,1836003,2022,7,67,888081,2022-07-01,90.53228252828288,0
Indianapolis,IN,1836003,2022,8,61,888975,2022-08-01,82.34202311651059,0
Indianapolis,IN,1836003,2022,9,46,889868,2022-09-01,62.03167211316734,0
Indianapolis,IN,1836003,2022,10,69,890761,2022-10-01,92.95422677912482,0
Indianapolis,IN,1836003,2022,11,48,891654,2022-11-01,64.59904850984799,0
Indianapolis,IN,1836003,2022,12,46,892547,2022-12-01,61.845482646852204,0
Indianapolis,IN,1836003,2023,1,56,893440,2023-01-01,75.21489971346705,0
Indianapolis,IN,1836003,2023,2,50,893440,2023-02-01,67.15616045845273,0
Indianapolis,IN,1836003,2023,3,53,893440,2023-03-01,71.1855300859599,0
Indianapolis,IN,1836003,2023,4,47,893440,2023-04-01,63.12679083094555,0
Indianapolis,IN,1836003,2023,5,54,893440,2023-05-01,72.52865329512893,0
Indianapolis,IN,1836003,2023,6,69,893440,2023-06-01,92.67550143266476,0
Indianapolis,IN,1836003,2023,7,47,893440,2023-07-01,63.12679083094555,0
Indianapolis,IN,1836003,2023,8,46,893440,2023-08-01,61.783667621776516,0
Indianapolis,IN,1836003,2023,9,40,893440,2023-09-01,53.72492836676218,0
Indianapolis,IN,1836003,2023,10,57,893440,2023-10-01,76.5580229226361,0
Indianapolis,IN,1836003,2023,11,33,893440,2023-11-01,44.3230659025788,0
Indianapolis,IN,1836003,2023,12,36,893440,2023-12-01,48.35243553008596,0
Indianapolis,IN,1836003,2024,1,39,893440,2024-01-01,52.38180515759312,0
Indianapolis,IN,1836003,2024,2,53,893440,2024-02-01,71.1855300859599,0
Indianapolis,IN,1836003,2024,3,55,893440,2024-03-01,73.871776504298,0
Indianapolis,IN,1836003,2024,4,41,893440,2024-04-01,55.068051575931236,0
Indianapolis,IN,1836003,2024,5,41,893440,2024-05-01,55.068051575931236,0
Indianapolis,IN,1836003,2024,6,34,893440,2024-06-01,45.666189111747855,0
Indianapolis,IN,1836003,2024,7,55,893440,2024-07-01,73.871776504298,0
Indianapolis,IN,1836003,2024,8,50,893440,2024-08-01,67.15616045845273,0
Indianapolis,IN,1836003,2024,9,53,893440,2024-09-01,71.1855300859599,0
Indianapolis,IN,1836003,2024,10,36,893440,2024-10-01,48.35243553008596,0
Indianapolis,IN,1836003,2024,11,45,893440,2024-11-01,60.44054441260745,0
Indianapolis,IN,1836003,2024,12,32,893440,2024-12-01,42.97994269340974,0
Indianapolis,IN,1836003,2025,1,38,893440,2025-01-01,51.03868194842407,0
Indianapolis,IN,1836003,2025,2,23,893440,2025-02-01,30.891833810888258,0
Indianapolis,IN,1836003,2025,3,47,893440,2025-03-01,63.12679083094555,0
Indianapolis,IN,1836003,2025,4,27,893440,2025-04-01,36.26432664756447,0
Indianapolis,IN,1836003,2025,5,43,893440,2025-05-01,57.754297994269336,0
Indianapolis,IN,1836003,2025,6,38,893440,2025-06-01,51.03868194842407,0
Indianapolis,IN,1836003,2025,7,64,893440,2025-07-01,85.95988538681948,0
Indianapolis,IN,1836003,2025,8,42,893440,2025-08-01,56.411174785100286,0
Indianapolis,IN,1836003,2025,9,48,893440,2025-09-01,64.46991404011462,0
Irvine,CA,636770,2018,1,0,265502,2018-01-01,0,0
Irvine,CA,636770,2018,2,0,266140,2018-02-01,0,0
Irvine,CA,636770,2018,3,0,266778,2018-03-01,0,0
Irvine,CA,636770,2018,4,0,267416,2018-04-01,0,0
Irvine,CA,636770,2018,5,0,268054,2018-05-01,0,0
Irvine,CA,636770,2018,6,0,268692,2018-06-01,0,0
Irvine,CA,636770,2018,7,0,269330,2018-07-01,0,0
Irvine,CA,636770,2018,8,0,269967,2018-08-01,0,0
Irvine,CA,636770,2018,9,0,270605,2018-09-01,0,0
Irvine,CA,636770,2018,10,0,271243,2018-10-01,0,0
Irvine,CA,636770,2018,11,0,271881,2018-11-01,0,0
Irvine,CA,636770,2018,12,0,272519,2018-12-01,0,0
Irvine,CA,636770,2019,1,0,273157,2019-01-01,0,0
Irvine,CA,636770,2019,2,0,273118,2019-02-01,0,0
Irvine,CA,636770,2019,3,0,273080,2019-03-01,0,0
Irvine,CA,636770,2019,4,0,273041,2019-04-01,0,0
Irvine,CA,636770,2019,5,0,273003,2019-05-01,0,0
Irvine,CA,636770,2019,6,0,272964,2019-06-01,0,0
Irvine,CA,636770,2019,7,0,272925,2019-07-01,0,0
Irvine,CA,636770,2019,8,0,272887,2019-08-01,0,0
Irvine,CA,636770,2019,9,0,272848,2019-09-01,0,0
Irvine,CA,636770,2019,10,1,272810,2019-10-01,4.398665738059455,0
Irvine,CA,636770,2019,11,0,272771,2019-11-01,0,0
Irvine,CA,636770,2019,12,0,272733,2019-12-01,0,0
Irvine,CA,636770,2020,1,0,272694,2020-01-01,0,0
Irvine,CA,636770,2020,2,0,274792,2020-02-01,0,0
Irvine,CA,636770,2020,3,0,276890,2020-03-01,0,0
Irvine,CA,636770,2020,4,0,278988,2020-04-01,0,0
Irvine,CA,636770,2020,5,0,281085,2020-05-01,0,0
Irvine,CA,636770,2020,6,1,283183,2020-06-01,4.237542507848282,0
Irvine,CA,636770,2020,7,0,285281,2020-07-01,0,0
Irvine,CA,636770,2020,8,0,287379,2020-08-01,0,0
Irvine,CA,636770,2020,9,0,289477,2020-09-01,0,0
Irvine,CA,636770,2020,10,0,291574,2020-10-01,0,0
Irvine,CA,636770,2020,11,0,293672,2020-11-01,0,0
Irvine,CA,636770,2020,12,0,295770,2020-12-01,0,0
Irvine,CA,636770,2021,1,0,297868,2021-01-01,0,0
Irvine,CA,636770,2021,2,0,297478,2021-02-01,0,0
Irvine,CA,636770,2021,3,0,297088,2021-03-01,0,0
Irvine,CA,636770,2021,4,0,296698,2021-04-01,0,0
Irvine,CA,636770,2021,5,0,296309,2021-05-01,0,0
Irvine,CA,636770,2021,6,0,295919,2021-06-01,0,0
Irvine,CA,636770,2021,7,0,295529,2021-07-01,0,0
Irvine,CA,636770,2021,8,0,295139,2021-08-01,0,0
Irvine,CA,636770,2021,9,0,294749,2021-09-01,0,0
Irvine,CA,636770,2021,10,0,294360,2021-10-01,0,0
Irvine,CA,636770,2021,11,0,293970,2021-11-01,0,0
Irvine,CA,636770,2021,12,0,293580,2021-12-01,0,0
Irvine,CA,636770,2022,1,0,293190,2022-01-01,0,0
Irvine,CA,636770,2022,2,0,295288,2022-02-01,0,0
Irvine,CA,636770,2022,3,0,297386,2022-03-01,0,0
Irvine,CA,636770,2022,4,2,299484,2022-04-01,8.013783707977721,0
Irvine,CA,636770,2022,5,0,301581,2022-05-01,0,0
Irvine,CA,636770,2022,6,0,303679,2022-06-01,0,0
Irvine,CA,636770,2022,7,1,305777,2022-07-01,3.92442858684597,0
Irvine,CA,636770,2022,8,0,307875,2022-08-01,0,0
Irvine,CA,636770,2022,9,0,309973,2022-09-01,0,0
Irvine,CA,636770,2022,10,0,312070,2022-10-01,0,0
Irvine,CA,636770,2022,11,0,314168,2022-11-01,0,0
Irvine,CA,636770,2022,12,0,316266,2022-12-01,0,0
Irvine,CA,636770,2023,1,0,318364,2023-01-01,0,0
Irvine,CA,636770,2023,2,0,318364,2023-02-01,0,0
Irvine,CA,636770,2023,3,0,318364,2023-03-01,0,0
Irvine,CA,636770,2023,4,0,318364,2023-04-01,0,0
Irvine,CA,636770,2023,5,0,318364,2023-05-01,0,0
Irvine,CA,636770,2023,6,0,318364,2023-06-01,0,0
Irvine,CA,636770,2023,7,0,318364,2023-07-01,0,0
Irvine,CA,636770,2023,8,1,318364,2023-08-01,3.769270394893895,0
Irvine,CA,636770,2023,9,0,318364,2023-09-01,0,0
Irvine,CA,636770,2023,10,0,318364,2023-10-01,0,0
Irvine,CA,636770,2023,11,0,318364,2023-11-01,0,0
Irvine,CA,636770,2023,12,0,318364,2023-12-01,0,0
Irvine,CA,636770,2024,1,0,318364,2024-01-01,0,0
Irvine,CA,636770,2024,2,0,318364,2024-02-01,0,0
Irvine,CA,636770,2024,3,0,318364,2024-03-01,0,0
Irvine,CA,636770,2024,4,0,318364,2024-04-01,0,0
Irvine,CA,636770,2024,5,1,318364,2024-05-01,3.769270394893895,0
Irvine,CA,636770,2024,6,0,318364,2024-06-01,0,0
Irvine,CA,636770,2024,7,0,318364,2024-07-01,0,0
Irvine,CA,636770,2024,8,0,318364,2024-08-01,0,0
Irvine,CA,636770,2024,9,0,318364,2024-09-01,0,0
Irvine,CA,636770,2024,10,0,318364,2024-10-01,0,0
Irvine,CA,636770,2024,11,0,318364,2024-11-01,0,0
Irvine,CA,636770,2024,12,0,318364,2024-12-01,0,0
Irvine,CA,636770,2025,1,0,318364,2025-01-01,0,0
Irvine,CA,636770,2025,2,0,318364,2025-02-01,0,0
Irvine,CA,636770,2025,3,1,318364,2025-03-01,3.769270394893895,0
Irvine,CA,636770,2025,4,0,318364,2025-04-01,0,0
Irvine,CA,636770,2025,5,0,318364,2025-05-01,0,0
Irvine,CA,636770,2025,6,0,318364,2025-06-01,0,0
Irvine,CA,636770,2025,7,0,318364,2025-07-01,0,0
Irvine,CA,636770,2025,8,0,318364,2025-08-01,0,0
Irvine,CA,636770,2025,9,0,318364,2025-09-01,0,0
Irving,TX,4837000,2018,1,1,238637,2018-01-01,5.028558019083378,0
Irving,TX,4837000,2018,2,0,238733,2018-02-01,0,0
Irving,TX,4837000,2018,3,3,238828,2018-03-01,15.073609459527358,0
Irving,TX,4837000,2018,4,0,238923,2018-04-01,0,0
Irving,TX,4837000,2018,5,0,239019,2018-05-01,0,0
Irving,TX,4837000,2018,6,2,239115,2018-06-01,10.03701147983188,0
Irving,TX,4837000,2018,7,0,239210,2018-07-01,0,0
Irving,TX,4837000,2018,8,0,239305,2018-08-01,0,0
Irving,TX,4837000,2018,9,0,239401,2018-09-01,0,0
Irving,TX,4837000,2018,10,1,239497,2018-10-01,5.0105011753800675,0
Irving,TX,4837000,2018,11,0,239592,2018-11-01,0,0
Irving,TX,4837000,2018,12,0,239687,2018-12-01,0,0
Irving,TX,4837000,2019,1,0,239783,2019-01-01,0,0
Irving,TX,4837000,2019,2,0,239841,2019-02-01,0,0
Irving,TX,4837000,2019,3,1,239898,2019-03-01,5.0021259035089916,0
Irving,TX,4837000,2019,4,0,239956,2019-04-01,0,0
Irving,TX,4837000,2019,5,0,240014,2019-05-01,0,0
Irving,TX,4837000,2019,6,2,240071,2019-06-01,9.997042541581449,0
Irving,TX,4837000,2019,7,1,240129,2019-07-01,4.997313943755231,0
Irving,TX,4837000,2019,8,0,240187,2019-08-01,0,0
Irving,TX,4837000,2019,9,0,240244,2019-09-01,0,0
Irving,TX,4837000,2019,10,1,240302,2019-10-01,4.9937162403975,0
Irving,TX,4837000,2019,11,0,240360,2019-11-01,0,0
Irving,TX,4837000,2019,12,0,240417,2019-12-01,0,0
Irving,TX,4837000,2020,1,0,240475,2020-01-01,0,0
Irving,TX,4837000,2020,2,1,241617,2020-02-01,4.966537950558115,0
Irving,TX,4837000,2020,3,0,242760,2020-03-01,0,0
Irving,TX,4837000,2020,4,1,243902,2020-04-01,4.92000885601594,0
Irving,TX,4837000,2020,5,1,245045,2020-05-01,4.8970597237242135,0
Irving,TX,4837000,2020,6,0,246187,2020-06-01,0,0
Irving,TX,4837000,2020,7,0,247329,2020-07-01,0,0
Irving,TX,4837000,2020,8,0,248472,2020-08-01,0,0
Irving,TX,4837000,2020,9,0,249614,2020-09-01,0,0
Irving,TX,4837000,2020,10,2,250757,2020-10-01,9.571018954605455,0
Irving,TX,4837000,2020,11,0,251899,2020-11-01,0,0
Irving,TX,4837000,2020,12,0,253042,2020-12-01,0,0
Irving,TX,4837000,2021,1,0,254184,2021-01-01,0,0
Irving,TX,4837000,2021,2,1,253814,2021-02-01,4.727871591007588,0
Irving,TX,4837000,2021,3,1,253444,2021-03-01,4.734773756727325,0
Irving,TX,4837000,2021,4,0,253074,2021-04-01,0,0
Irving,TX,4837000,2021,5,3,252704,2021-05-01,14.245916170697733,0
Irving,TX,4837000,2021,6,2,252334,2021-06-01,9.51120340501082,0
Irving,TX,4837000,2021,7,2,251964,2021-07-01,9.52517026241844,0
Irving,TX,4837000,2021,8,1,251593,2021-08-01,4.769608057457878,0
Irving,TX,4837000,2021,9,1,251223,2021-09-01,4.776632712769133,0
Irving,TX,4837000,2021,10,0,250853,2021-10-01,0,0
Irving,TX,4837000,2021,11,0,250483,2021-11-01,0,0
Irving,TX,4837000,2021,12,0,250113,2021-12-01,0,0
Irving,TX,4837000,2022,1,0,249743,2022-01-01,0,0
Irving,TX,4837000,2022,2,2,250885,2022-02-01,9.566135878988382,0
Irving,TX,4837000,2022,3,0,252028,2022-03-01,0,0
Irving,TX,4837000,2022,4,1,253170,2022-04-01,4.739898092191018,0
Irving,TX,4837000,2022,5,0,254313,2022-05-01,0,0
Irving,TX,4837000,2022,6,0,255455,2022-06-01,0,0
Irving,TX,4837000,2022,7,0,256597,2022-07-01,0,0
Irving,TX,4837000,2022,8,0,257740,2022-08-01,0,0
Irving,TX,4837000,2022,9,0,258882,2022-09-01,0,0
Irving,TX,4837000,2022,10,0,260025,2022-10-01,0,0
Irving,TX,4837000,2022,11,0,261167,2022-11-01,0,0
Irving,TX,4837000,2022,12,0,262310,2022-12-01,0,0
Irving,TX,4837000,2023,1,1,263452,2023-01-01,4.554909433217436,0
Irving,TX,4837000,2023,2,0,263452,2023-02-01,0,0
Irving,TX,4837000,2023,3,0,263452,2023-03-01,0,0
Irving,TX,4837000,2023,4,1,263452,2023-04-01,4.554909433217436,0
Irving,TX,4837000,2023,5,1,263452,2023-05-01,4.554909433217436,0
Irving,TX,4837000,2023,6,0,263452,2023-06-01,0,0
Irving,TX,4837000,2023,7,0,263452,2023-07-01,0,0
Irving,TX,4837000,2023,8,0,263452,2023-08-01,0,0
Irving,TX,4837000,2023,9,1,263452,2023-09-01,4.554909433217436,0
Irving,TX,4837000,2023,10,1,263452,2023-10-01,4.554909433217436,0
Irving,TX,4837000,2023,11,0,263452,2023-11-01,0,0
Irving,TX,4837000,2023,12,0,263452,2023-12-01,0,0
Irving,TX,4837000,2024,1,2,263452,2024-01-01,9.109818866434871,0
Irving,TX,4837000,2024,2,0,263452,2024-02-01,0,0
Irving,TX,4837000,2024,3,0,263452,2024-03-01,0,0
Irving,TX,4837000,2024,4,1,263452,2024-04-01,4.554909433217436,0
Irving,TX,4837000,2024,5,0,263452,2024-05-01,0,0
Irving,TX,4837000,2024,6,5,263452,2024-06-01,22.77454716608718,0
Irving,TX,4837000,2024,7,1,263452,2024-07-01,4.554909433217436,0
Irving,TX,4837000,2024,8,1,263452,2024-08-01,4.554909433217436,0
Irving,TX,4837000,2024,9,0,263452,2024-09-01,0,0
Irving,TX,4837000,2024,10,2,263452,2024-10-01,9.109818866434871,0
Irving,TX,4837000,2024,11,0,263452,2024-11-01,0,0
Irving,TX,4837000,2024,12,0,263452,2024-12-01,0,0
Irving,TX,4837000,2025,1,0,263452,2025-01-01,0,0
Irving,TX,4837000,2025,2,3,263452,2025-02-01,13.66472829965231,0
Irving,TX,4837000,2025,3,0,263452,2025-03-01,0,0
Irving,TX,4837000,2025,4,0,263452,2025-04-01,0,0
Irving,TX,4837000,2025,5,0,263452,2025-05-01,0,0
Irving,TX,4837000,2025,6,3,263452,2025-06-01,13.66472829965231,0
Irving,TX,4837000,2025,7,0,263452,2025-07-01,0,0
Irving,TX,4837000,2025,8,1,263452,2025-08-01,4.554909433217436,0
Irving,TX,4837000,2025,9,0,263452,2025-09-01,0,0
Jacksonville,FL,1235000,2018,1,19,878907,2018-01-01,25.94131119674778,0
Jacksonville,FL,1235000,2018,2,22,879870,2018-02-01,30.004432472978962,0
Jacksonville,FL,1235000,2018,3,18,880834,2018-03-01,24.522214174293907,0
Jacksonville,FL,1235000,2018,4,17,881797,2018-04-01,23.134576325390082,0
Jacksonville,FL,1235000,2018,5,25,882760,2018-05-01,33.98432189949703,0
Jacksonville,FL,1235000,2018,6,37,883724,2018-06-01,50.24193073855638,0
Jacksonville,FL,1235000,2018,7,18,884687,2018-07-01,24.415414717295498,0
Jacksonville,FL,1235000,2018,8,45,885650,2018-08-01,60.97216733472591,0
Jacksonville,FL,1235000,2018,9,25,886614,2018-09-01,33.836596309104074,0
Jacksonville,FL,1235000,2018,10,26,887577,2018-10-01,35.15187978057115,0
Jacksonville,FL,1235000,2018,11,18,888540,2018-11-01,24.309541495036804,0
Jacksonville,FL,1235000,2018,12,42,889504,2018-12-01,56.66079073281289,0
Jacksonville,FL,1235000,2019,1,35,890467,2019-01-01,47.166262197251555,0
Jacksonville,FL,1235000,2019,2,29,891469,2019-02-01,39.03669112442497,0
Jacksonville,FL,1235000,2019,3,21,892471,2019-03-01,28.236211596791378,0
Jacksonville,FL,1235000,2019,4,17,893472,2019-04-01,22.83227678091759,0
Jacksonville,FL,1235000,2019,5,29,894474,2019-05-01,38.905546723549264,0
Jacksonville,FL,1235000,2019,6,39,895476,2019-06-01,52.262707208233394,0
Jacksonville,FL,1235000,2019,7,32,896477,2019-07-01,42.83433930820311,0
Jacksonville,FL,1235000,2019,8,28,897479,2019-08-01,37.43820189664605,0
Jacksonville,FL,1235000,2019,9,29,898481,2019-09-01,38.73203773925103,0
Jacksonville,FL,1235000,2019,10,30,899483,2019-10-01,40.02299098482128,0
Jacksonville,FL,1235000,2019,11,41,900485,2019-11-01,54.6372232741245,0
Jacksonville,FL,1235000,2019,12,37,901486,2019-12-01,49.25201278777486,0
Jacksonville,FL,1235000,2020,1,34,902488,2020-01-01,45.20835734103944,0
Jacksonville,FL,1235000,2020,2,35,905422,2020-02-01,46.387209500100504,0
Jacksonville,FL,1235000,2020,3,41,908355,2020-03-01,54.16384563303994,0
Jacksonville,FL,1235000,2020,4,38,911288,2020-04-01,50.03906558629105,0
Jacksonville,FL,1235000,2020,5,32,914222,2020-05-01,42.00292707898081,0
Jacksonville,FL,1235000,2020,6,36,917156,2020-06-01,47.10212875454121,0
Jacksonville,FL,1235000,2020,7,57,920089,2020-07-01,74.34063443862496,0
Jacksonville,FL,1235000,2020,8,43,923022,2020-08-01,55.90332624791175,0
Jacksonville,FL,1235000,2020,9,38,925956,2020-09-01,49.246400476912505,0
Jacksonville,FL,1235000,2020,10,52,928890,2020-10-01,67.17695313761587,0
Jacksonville,FL,1235000,2020,11,43,931823,2020-11-01,55.37532342515692,0
Jacksonville,FL,1235000,2020,12,32,934756,2020-12-01,41.08023912122522,0
Jacksonville,FL,1235000,2021,1,30,937690,2021-01-01,38.39221917691348,0
Jacksonville,FL,1235000,2021,2,28,937689,2021-02-01,35.83277611233576,0
Jacksonville,FL,1235000,2021,3,24,937688,2021-03-01,30.713840851114654,0
Jacksonville,FL,1235000,2021,4,35,937686,2021-04-01,44.7911134430929,0
Jacksonville,FL,1235000,2021,5,43,937685,2021-05-01,55.02914091619254,0
Jacksonville,FL,1235000,2021,6,34,937684,2021-06-01,43.51146015075442,0
Jacksonville,FL,1235000,2021,7,24,937683,2021-07-01,30.714004626296944,0
Jacksonville,FL,1235000,2021,8,27,937682,2021-08-01,34.553292054235875,0
Jacksonville,FL,1235000,2021,9,31,937681,2021-09-01,39.67234059344276,0
Jacksonville,FL,1235000,2021,10,34,937680,2021-10-01,43.51164576401331,0
Jacksonville,FL,1235000,2021,11,29,937678,2021-11-01,37.11295348723122,0
Jacksonville,FL,1235000,2021,12,33,937677,2021-12-01,42.23202659337917,0
Jacksonville,FL,1235000,2022,1,22,937676,2022-01-01,28.15471442161258,0
Jacksonville,FL,1235000,2022,2,35,940610,2022-02-01,44.651874847173644,0
Jacksonville,FL,1235000,2022,3,35,943543,2022-03-01,44.513074655845045,0
Jacksonville,FL,1235000,2022,4,33,946476,2022-04-01,41.83941272678864,0
Jacksonville,FL,1235000,2022,5,38,949410,2022-05-01,48.029829051726864,0
Jacksonville,FL,1235000,2022,6,37,952344,2022-06-01,46.62180892618633,0
Jacksonville,FL,1235000,2022,7,28,955277,2022-07-01,35.173044049003586,0
Jacksonville,FL,1235000,2022,8,34,958210,2022-08-01,42.5793928262072,0
Jacksonville,FL,1235000,2022,9,35,961144,2022-09-01,43.697926637423734,0
Jacksonville,FL,1235000,2022,10,38,964078,2022-10-01,47.299077460537426,0
Jacksonville,FL,1235000,2022,11,28,967011,2022-11-01,34.74624383797082,0
Jacksonville,FL,1235000,2022,12,27,969944,2022-12-01,33.40399033346255,0
Jacksonville,FL,1235000,2023,1,24,972878,2023-01-01,29.60288957094312,0
Jacksonville,FL,1235000,2023,2,19,972878,2023-02-01,23.43562091032997,0
Jacksonville,FL,1235000,2023,3,13,972878,2023-03-01,16.03489851759419,0
Jacksonville,FL,1235000,2023,4,25,972878,2023-04-01,30.83634330306575,0
Jacksonville,FL,1235000,2023,5,36,972878,2023-05-01,44.40433435641468,0
Jacksonville,FL,1235000,2023,6,26,972878,2023-06-01,32.06979703518838,0
Jacksonville,FL,1235000,2023,7,33,972878,2023-07-01,40.703973160046786,0
Jacksonville,FL,1235000,2023,8,46,972878,2023-08-01,56.73887167764098,0
Jacksonville,FL,1235000,2023,9,46,972878,2023-09-01,56.73887167764098,0
Jacksonville,FL,1235000,2023,10,52,972878,2023-10-01,64.13959407037676,0
Jacksonville,FL,1235000,2023,11,30,972878,2023-11-01,37.0036119636789,0
Jacksonville,FL,1235000,2023,12,34,972878,2023-12-01,41.93742689216942,0
Jacksonville,FL,1235000,2024,1,25,972878,2024-01-01,30.83634330306575,0
Jacksonville,FL,1235000,2024,2,20,972878,2024-02-01,24.6690746424526,0
Jacksonville,FL,1235000,2024,3,28,972878,2024-03-01,34.53670449943364,0
Jacksonville,FL,1235000,2024,4,25,972878,2024-04-01,30.83634330306575,0
Jacksonville,FL,1235000,2024,5,25,972878,2024-05-01,30.83634330306575,0
Jacksonville,FL,1235000,2024,6,12,972878,2024-06-01,14.80144478547156,0
Jacksonville,FL,1235000,2024,7,13,972878,2024-07-01,16.03489851759419,0
Jacksonville,FL,1235000,2024,8,22,972878,2024-08-01,27.13598210669786,0
Jacksonville,FL,1235000,2024,9,19,972878,2024-09-01,23.43562091032997,0
Jacksonville,FL,1235000,2024,10,22,972878,2024-10-01,27.13598210669786,0
Jacksonville,FL,1235000,2024,11,11,972878,2024-11-01,13.56799105334893,0
Jacksonville,FL,1235000,2024,12,14,972878,2024-12-01,17.26835224971682,0
Jacksonville,FL,1235000,2025,1,27,972878,2025-01-01,33.30325076731101,0
Jacksonville,FL,1235000,2025,2,27,972878,2025-02-01,33.30325076731101,0
Jacksonville,FL,1235000,2025,3,16,972878,2025-03-01,19.73525971396208,0
Jacksonville,FL,1235000,2025,4,11,972878,2025-04-01,13.56799105334893,0
Jacksonville,FL,1235000,2025,5,20,972878,2025-05-01,24.6690746424526,0
Jacksonville,FL,1235000,2025,6,30,972878,2025-06-01,37.0036119636789,0
Jacksonville,FL,1235000,2025,7,18,972878,2025-07-01,22.20216717820734,0
Jacksonville,FL,1235000,2025,8,20,972878,2025-08-01,24.6690746424526,0
Jacksonville,FL,1235000,2025,9,15,972878,2025-09-01,18.50180598183945,0
Jersey City,NJ,3436000,2018,1,9,261746,2018-01-01,41.26137553200431,0
Jersey City,NJ,3436000,2018,2,3,261762,2018-02-01,13.752951154101819,0
Jersey City,NJ,3436000,2018,3,4,261778,2018-03-01,18.336147422625277,0
Jersey City,NJ,3436000,2018,4,5,261794,2018-04-01,22.91878347097336,0
Jersey City,NJ,3436000,2018,5,12,261811,2018-05-01,55.00150872194064,0
Jersey City,NJ,3436000,2018,6,13,261827,2018-06-01,59.58132660115267,0
Jersey City,NJ,3436000,2018,7,9,261843,2018-07-01,41.2460902143651,0
Jersey City,NJ,3436000,2018,8,2,261859,2018-08-01,9.165237780637671,0
Jersey City,NJ,3436000,2018,9,3,261875,2018-09-01,13.747016706443915,0
Jersey City,NJ,3436000,2018,10,14,261892,2018-10-01,64.14858033082339,0
Jersey City,NJ,3436000,2018,11,4,261908,2018-11-01,18.327046138338652,0
Jersey City,NJ,3436000,2018,12,7,261924,2018-12-01,32.07037155816191,0
Jersey City,NJ,3436000,2019,1,6,261940,2019-01-01,27.487210811636253,0
Jersey City,NJ,3436000,2019,2,1,261999,2019-02-01,4.5801701533211965,0
Jersey City,NJ,3436000,2019,3,1,262059,2019-03-01,4.579121495541081,0
Jersey City,NJ,3436000,2019,4,2,262118,2019-04-01,9.156181567080475,0
Jersey City,NJ,3436000,2019,5,9,262177,2019-05-01,41.19354481895818,0
Jersey City,NJ,3436000,2019,6,9,262237,2019-06-01,41.18411970850795,0
Jersey City,NJ,3436000,2019,7,15,262296,2019-07-01,68.62475981334065,0
Jersey City,NJ,3436000,2019,8,2,262355,2019-08-01,9.147910274246726,0
Jersey City,NJ,3436000,2019,9,3,262415,2019-09-01,13.718727969056646,0
Jersey City,NJ,3436000,2019,10,8,262474,2019-10-01,36.57505124317075,0
Jersey City,NJ,3436000,2019,11,4,262533,2019-11-01,18.283415799156675,0
Jersey City,NJ,3436000,2019,12,17,262593,2019-12-01,77.6867624041768,0
Jersey City,NJ,3436000,2020,1,7,262652,2020-01-01,31.98148119945784,0
Jersey City,NJ,3436000,2020,2,2,264693,2020-02-01,9.067107932586053,0
Jersey City,NJ,3436000,2020,3,7,266734,2020-03-01,31.4920482578149,0
Jersey City,NJ,3436000,2020,4,9,268776,2020-04-01,40.182159121350125,0
Jersey City,NJ,3436000,2020,5,9,270817,2020-05-01,39.87932810717201,0
Jersey City,NJ,3436000,2020,6,13,272858,2020-06-01,57.172595269334224,0
Jersey City,NJ,3436000,2020,7,4,274899,2020-07-01,17.46095838835354,0
Jersey City,NJ,3436000,2020,8,7,276940,2020-08-01,30.3314797429046,0
Jersey City,NJ,3436000,2020,9,8,278981,2020-09-01,34.41094554826314,0
Jersey City,NJ,3436000,2020,10,9,281022,2020-10-01,38.431154856203435,0
Jersey City,NJ,3436000,2020,11,4,283064,2020-11-01,16.957295876550887,0
Jersey City,NJ,3436000,2020,12,3,285105,2020-12-01,12.626926921660441,0
Jersey City,NJ,3436000,2021,1,9,287146,2021-01-01,37.6115286300349,0
Jersey City,NJ,3436000,2021,2,5,285989,2021-02-01,20.979827895478497,0
Jersey City,NJ,3436000,2021,3,4,284832,2021-03-01,16.852039096730707,0
Jersey City,NJ,3436000,2021,4,9,283674,2021-04-01,38.07187123247108,0
Jersey City,NJ,3436000,2021,5,12,282517,2021-05-01,50.970384083081726,0
Jersey City,NJ,3436000,2021,6,3,281360,2021-06-01,12.794995735001423,0
Jersey City,NJ,3436000,2021,7,6,280203,2021-07-01,25.695656363422238,0
Jersey City,NJ,3436000,2021,8,7,279046,2021-08-01,30.10256373501143,0
Jersey City,NJ,3436000,2021,9,4,277889,2021-09-01,17.27308385722357,0
Jersey City,NJ,3436000,2021,10,8,276732,2021-10-01,34.690603182862844,0
Jersey City,NJ,3436000,2021,11,5,275574,2021-11-01,21.772736179755707,0
Jersey City,NJ,3436000,2021,12,7,274417,2021-12-01,30.610348484241136,0
Jersey City,NJ,3436000,2022,1,5,273260,2022-01-01,21.957110444265535,0
Jersey City,NJ,3436000,2022,2,1,275301,2022-02-01,4.358865387339675,0
Jersey City,NJ,3436000,2022,3,0,277342,2022-03-01,0,0
Jersey City,NJ,3436000,2022,4,2,279384,2022-04-01,8.590327291469805,0
Jersey City,NJ,3436000,2022,5,5,281425,2022-05-01,21.320067513547126,0
Jersey City,NJ,3436000,2022,6,12,283466,2022-06-01,50.79974317907616,0
Jersey City,NJ,3436000,2022,7,5,285507,2022-07-01,21.015246561380284,0
Jersey City,NJ,3436000,2022,8,7,287548,2022-08-01,29.212514084605004,0
Jersey City,NJ,3436000,2022,9,9,289589,2022-09-01,37.294234242322744,0
Jersey City,NJ,3436000,2022,10,0,291630,2022-10-01,0,0
Jersey City,NJ,3436000,2022,11,9,293672,2022-11-01,36.7757225748454,0
Jersey City,NJ,3436000,2022,12,7,295713,2022-12-01,28.40592060545191,0
Jersey City,NJ,3436000,2023,1,5,297754,2023-01-01,20.150862792775243,0
Jersey City,NJ,3436000,2023,2,0,297754,2023-02-01,0,0
Jersey City,NJ,3436000,2023,3,2,297754,2023-03-01,8.060345117110097,0
Jersey City,NJ,3436000,2023,4,5,297754,2023-04-01,20.150862792775243,0
Jersey City,NJ,3436000,2023,5,1,297754,2023-05-01,4.030172558555049,0
Jersey City,NJ,3436000,2023,6,6,297754,2023-06-01,24.181035351330294,0
Jersey City,NJ,3436000,2023,7,2,297754,2023-07-01,8.060345117110097,0
Jersey City,NJ,3436000,2023,8,8,297754,2023-08-01,32.24138046844039,0
Jersey City,NJ,3436000,2023,9,6,297754,2023-09-01,24.181035351330294,0
Jersey City,NJ,3436000,2023,10,6,297754,2023-10-01,24.181035351330294,0
Jersey City,NJ,3436000,2023,11,1,297754,2023-11-01,4.030172558555049,0
Jersey City,NJ,3436000,2023,12,3,297754,2023-12-01,12.090517675665147,0
Jersey City,NJ,3436000,2024,1,4,297754,2024-01-01,16.120690234220195,0
Jersey City,NJ,3436000,2024,2,0,297754,2024-02-01,0,0
Jersey City,NJ,3436000,2024,3,3,297754,2024-03-01,12.090517675665147,0
Jersey City,NJ,3436000,2024,4,7,297754,2024-04-01,28.211207909885346,0
Jersey City,NJ,3436000,2024,5,3,297754,2024-05-01,12.090517675665147,0
Jersey City,NJ,3436000,2024,6,4,297754,2024-06-01,16.120690234220195,0
Jersey City,NJ,3436000,2024,7,4,297754,2024-07-01,16.120690234220195,0
Jersey City,NJ,3436000,2024,8,0,297754,2024-08-01,0,0
Jersey City,NJ,3436000,2024,9,1,297754,2024-09-01,4.030172558555049,0
Jersey City,NJ,3436000,2024,10,3,297754,2024-10-01,12.090517675665147,0
Jersey City,NJ,3436000,2024,11,2,297754,2024-11-01,8.060345117110097,0
Jersey City,NJ,3436000,2024,12,1,297754,2024-12-01,4.030172558555049,0
Jersey City,NJ,3436000,2025,1,3,297754,2025-01-01,12.090517675665147,0
Jersey City,NJ,3436000,2025,2,3,297754,2025-02-01,12.090517675665147,0
Jersey City,NJ,3436000,2025,3,1,297754,2025-03-01,4.030172558555049,0
Jersey City,NJ,3436000,2025,4,2,297754,2025-04-01,8.060345117110097,0
Jersey City,NJ,3436000,2025,5,6,297754,2025-05-01,24.181035351330294,0
Jersey City,NJ,3436000,2025,6,5,297754,2025-06-01,20.150862792775243,0
Jersey City,NJ,3436000,2025,7,0,297754,2025-07-01,0,0
Jersey City,NJ,3436000,2025,8,1,297754,2025-08-01,4.030172558555049,0
Jersey City,NJ,3436000,2025,9,3,297754,2025-09-01,12.090517675665147,0
Kansas City,MO,2938000,2018,1,23,481417,2018-01-01,57.33075483416664,0
Kansas City,MO,2938000,2018,2,19,481833,2018-02-01,47.319299425319564,0
Kansas City,MO,2938000,2018,3,20,482248,2018-03-01,49.76692490171032,0
Kansas City,MO,2938000,2018,4,20,482664,2018-04-01,49.72403162448411,0
Kansas City,MO,2938000,2018,5,16,483079,2018-05-01,39.74505205152781,0
Kansas City,MO,2938000,2018,6,19,483495,2018-06-01,47.15664070983154,0
Kansas City,MO,2938000,2018,7,16,483911,2018-07-01,39.6767174129127,0
Kansas City,MO,2938000,2018,8,41,484326,2018-08-01,101.58446996444543,0
Kansas City,MO,2938000,2018,9,16,484742,2018-09-01,39.60869906053117,0
Kansas City,MO,2938000,2018,10,28,485157,2018-10-01,69.2559315850333,0
Kansas City,MO,2938000,2018,11,9,485573,2018-11-01,22.241763854250546,0
Kansas City,MO,2938000,2018,12,26,485988,2018-12-01,64.19911602755624,0
Kansas City,MO,2938000,2019,1,25,486404,2019-01-01,61.67712436575357,0
Kansas City,MO,2938000,2019,2,21,486800,2019-02-01,51.76663927691044,0
Kansas City,MO,2938000,2019,3,27,487196,2019-03-01,66.50300905590358,0
Kansas City,MO,2938000,2019,4,22,487592,2019-04-01,54.14362827938112,0
Kansas City,MO,2938000,2019,5,32,487989,2019-05-01,78.69029834688897,0
Kansas City,MO,2938000,2019,6,25,488385,2019-06-01,61.426948002088515,0
Kansas City,MO,2938000,2019,7,28,488781,2019-07-01,68.74244293456579,0
Kansas City,MO,2938000,2019,8,41,489177,2019-08-01,100.57709172753422,0
Kansas City,MO,2938000,2019,9,30,489573,2019-09-01,73.53346691913156,0
Kansas City,MO,2938000,2019,10,23,489970,2019-10-01,56.32997938649305,0
Kansas City,MO,2938000,2019,11,26,490366,2019-11-01,63.62594470252831,0
Kansas City,MO,2938000,2019,12,15,490762,2019-12-01,36.67765637926326,0
Kansas City,MO,2938000,2020,1,39,491158,2020-01-01,95.28502029896693,0
Kansas City,MO,2938000,2020,2,21,492111,2020-02-01,51.2079591799411,0
Kansas City,MO,2938000,2020,3,23,493064,2020-03-01,55.97650609251538,0
Kansas City,MO,2938000,2020,4,16,494018,2020-04-01,38.864980628236225,0
Kansas City,MO,2938000,2020,5,48,494971,2020-05-01,116.37045402659953,0
Kansas City,MO,2938000,2020,6,43,495924,2020-06-01,104.04820093401408,0
Kansas City,MO,2938000,2020,7,35,496878,2020-07-01,84.52779153031528,0
Kansas City,MO,2938000,2020,8,29,497831,2020-08-01,69.90324025623153,0
Kansas City,MO,2938000,2020,9,28,498784,2020-09-01,67.36382883171873,0
Kansas City,MO,2938000,2020,10,21,499737,2020-10-01,50.42652435180905,0
Kansas City,MO,2938000,2020,11,18,500690,2020-11-01,43.140466156703745,0
Kansas City,MO,2938000,2020,12,13,501644,2020-12-01,31.09775059604022,0
Kansas City,MO,2938000,2021,1,22,502597,2021-01-01,52.527173858976475,0
Kansas City,MO,2938000,2021,2,19,502711,2021-02-01,45.354090123351185,0
Kansas City,MO,2938000,2021,3,20,502826,2021-03-01,47.73022874712127,0
Kansas City,MO,2938000,2021,4,25,502940,2021-04-01,59.64926233745575,0
Kansas City,MO,2938000,2021,5,17,503055,2021-05-01,40.55222589975251,0
Kansas City,MO,2938000,2021,6,24,503169,2021-06-01,57.2372304335124,0
Kansas City,MO,2938000,2021,7,41,503283,2021-07-01,97.75812018287922,0
Kansas City,MO,2938000,2021,8,25,503398,2021-08-01,59.59499243143597,0
Kansas City,MO,2938000,2021,9,16,503512,2021-09-01,38.13215971019559,0
Kansas City,MO,2938000,2021,10,30,503627,2021-10-01,71.48147339201432,0
Kansas City,MO,2938000,2021,11,15,503741,2021-11-01,35.73264832523063,0
Kansas City,MO,2938000,2021,12,26,503856,2021-12-01,61.922454034486044,0
Kansas City,MO,2938000,2022,1,16,503970,2022-01-01,38.0975058039169,0
Kansas City,MO,2938000,2022,2,13,504923,2022-02-01,30.8957999536563,0
Kansas City,MO,2938000,2022,3,18,505876,2022-03-01,42.69821062869162,0
Kansas City,MO,2938000,2022,4,19,506830,2022-04-01,44.98549809600853,0
Kansas City,MO,2938000,2022,5,30,507783,2022-05-01,70.8964262293145,0
Kansas City,MO,2938000,2022,6,24,508736,2022-06-01,56.61089445213234,0
Kansas City,MO,2938000,2022,7,35,509690,2022-07-01,82.40302929231494,0
Kansas City,MO,2938000,2022,8,33,510643,2022-08-01,77.54928590032567,0
Kansas City,MO,2938000,2022,9,27,511596,2022-09-01,63.33122229259024,0
Kansas City,MO,2938000,2022,10,28,512549,2022-10-01,65.5547079401189,0
Kansas City,MO,2938000,2022,11,15,513502,2022-11-01,35.05341751346636,0
Kansas City,MO,2938000,2022,12,18,514456,2022-12-01,41.98609793646104,0
Kansas City,MO,2938000,2023,1,25,515409,2023-01-01,58.20620128868529,0
Kansas City,MO,2938000,2023,2,16,515409,2023-02-01,37.25196882475859,0
Kansas City,MO,2938000,2023,3,19,515409,2023-03-01,44.23671297940082,0
Kansas City,MO,2938000,2023,4,27,515409,2023-04-01,62.86269739178012,0
Kansas City,MO,2938000,2023,5,28,515409,2023-05-01,65.19094544332754,0
Kansas City,MO,2938000,2023,6,38,515409,2023-06-01,88.47342595880164,0
Kansas City,MO,2938000,2023,7,34,515409,2023-07-01,79.16043375261201,0
Kansas City,MO,2938000,2023,8,28,515409,2023-08-01,65.19094544332754,0
Kansas City,MO,2938000,2023,9,18,515409,2023-09-01,41.908464927853416,0
Kansas City,MO,2938000,2023,10,22,515409,2023-10-01,51.221457134043064,0
Kansas City,MO,2938000,2023,11,25,515409,2023-11-01,58.20620128868529,0
Kansas City,MO,2938000,2023,12,21,515409,2023-12-01,48.89320908249565,0
Kansas City,MO,2938000,2024,1,18,515409,2024-01-01,41.908464927853416,0
Kansas City,MO,2938000,2024,2,48,515409,2024-02-01,111.75590647427578,0
Kansas City,MO,2938000,2024,3,20,515409,2024-03-01,46.56496103094824,0
Kansas City,MO,2938000,2024,4,27,515409,2024-04-01,62.86269739178012,0
Kansas City,MO,2938000,2024,5,25,515409,2024-05-01,58.20620128868529,0
Kansas City,MO,2938000,2024,6,29,515409,2024-06-01,67.51919349487495,0
Kansas City,MO,2938000,2024,7,27,515409,2024-07-01,62.86269739178012,0
Kansas City,MO,2938000,2024,8,27,515409,2024-08-01,62.86269739178012,0
Kansas City,MO,2938000,2024,9,20,515409,2024-09-01,46.56496103094824,0
Kansas City,MO,2938000,2024,10,18,515409,2024-10-01,41.908464927853416,0
Kansas City,MO,2938000,2024,11,16,515409,2024-11-01,37.25196882475859,0
Kansas City,MO,2938000,2024,12,12,515409,2024-12-01,27.938976618568944,0
Kansas City,MO,2938000,2025,1,18,515409,2025-01-01,41.908464927853416,0
Kansas City,MO,2938000,2025,2,12,515409,2025-02-01,27.938976618568944,0
Kansas City,MO,2938000,2025,3,18,515409,2025-03-01,41.908464927853416,0
Kansas City,MO,2938000,2025,4,12,515409,2025-04-01,27.938976618568944,0
Kansas City,MO,2938000,2025,5,24,515409,2025-05-01,55.87795323713789,0
Kansas City,MO,2938000,2025,6,36,515409,2025-06-01,83.81692985570683,0
Kansas City,MO,2938000,2025,7,17,515409,2025-07-01,39.580216876306004,0
Kansas City,MO,2938000,2025,8,21,515409,2025-08-01,48.89320908249565,0
Kansas City,MO,2938000,2025,9,21,515409,2025-09-01,48.89320908249565,0
Laredo,TX,4841464,2018,1,0,257575,2018-01-01,0,0
Laredo,TX,4841464,2018,2,0,257706,2018-02-01,0,0
Laredo,TX,4841464,2018,3,1,257838,2018-03-01,4.6540851232169045,0
Laredo,TX,4841464,2018,4,0,257969,2018-04-01,0,0
Laredo,TX,4841464,2018,5,1,258100,2018-05-01,4.649360712901977,0
Laredo,TX,4841464,2018,6,0,258232,2018-06-01,0,0
Laredo,TX,4841464,2018,7,3,258363,2018-07-01,13.933883721740342,0
Laredo,TX,4841464,2018,8,6,258494,2018-08-01,27.853644572021015,0
Laredo,TX,4841464,2018,9,5,258626,2018-09-01,23.199523636448,0
Laredo,TX,4841464,2018,10,0,258757,2018-10-01,0,0
Laredo,TX,4841464,2018,11,2,258888,2018-11-01,9.270418095856124,0
Laredo,TX,4841464,2018,12,1,259020,2018-12-01,4.632846884410471,0
Laredo,TX,4841464,2019,1,0,259151,2019-01-01,0,0
Laredo,TX,4841464,2019,2,0,259269,2019-02-01,0,0
Laredo,TX,4841464,2019,3,1,259388,2019-03-01,4.626274153006307,0
Laredo,TX,4841464,2019,4,1,259506,2019-04-01,4.624170539409493,0
Laredo,TX,4841464,2019,5,0,259624,2019-05-01,0,0
Laredo,TX,4841464,2019,6,1,259743,2019-06-01,4.619951259514211,0
Laredo,TX,4841464,2019,7,1,259861,2019-07-01,4.617853390851263,0
Laredo,TX,4841464,2019,8,7,259979,2019-08-01,32.310301985929634,0
Laredo,TX,4841464,2019,9,0,260098,2019-09-01,0,0
Laredo,TX,4841464,2019,10,1,260216,2019-10-01,4.611553478648507,0
Laredo,TX,4841464,2019,11,4,260334,2019-11-01,18.437852912028394,0
Laredo,TX,4841464,2019,12,0,260453,2019-12-01,0,0
Laredo,TX,4841464,2020,1,0,260571,2020-01-01,0,0
Laredo,TX,4841464,2020,2,0,260081,2020-02-01,0,0
Laredo,TX,4841464,2020,3,2,259592,2020-03-01,9.245277204228174,0
Laredo,TX,4841464,2020,4,1,259103,2020-04-01,4.631362817103623,0
Laredo,TX,4841464,2020,5,0,258613,2020-05-01,0,0
Laredo,TX,4841464,2020,6,0,258123,2020-06-01,0,0
Laredo,TX,4841464,2020,7,2,257634,2020-07-01,9.315540650690515,0
Laredo,TX,4841464,2020,8,0,257145,2020-08-01,0,0
Laredo,TX,4841464,2020,9,2,256655,2020-09-01,9.351074399485693,0
Laredo,TX,4841464,2020,10,0,256165,2020-10-01,0,0
Laredo,TX,4841464,2020,11,0,255676,2020-11-01,0,0
Laredo,TX,4841464,2020,12,0,255187,2020-12-01,0,0
Laredo,TX,4841464,2021,1,2,254697,2021-01-01,9.42296140119436,0
Laredo,TX,4841464,2021,2,0,255161,2021-02-01,0,0
Laredo,TX,4841464,2021,3,0,255625,2021-03-01,0,0
Laredo,TX,4841464,2021,4,0,256089,2021-04-01,0,0
Laredo,TX,4841464,2021,5,0,256554,2021-05-01,0,0
Laredo,TX,4841464,2021,6,1,257018,2021-06-01,4.668933693359998,0
Laredo,TX,4841464,2021,7,0,257482,2021-07-01,0,0
Laredo,TX,4841464,2021,8,2,257946,2021-08-01,9.30427298736945,0
Laredo,TX,4841464,2021,9,0,258410,2021-09-01,0,0
Laredo,TX,4841464,2021,10,2,258875,2021-10-01,9.270883631096089,0
Laredo,TX,4841464,2021,11,0,259339,2021-11-01,0,0
Laredo,TX,4841464,2021,12,4,259803,2021-12-01,18.475537233981132,0
Laredo,TX,4841464,2022,1,1,260267,2022-01-01,4.610649832671833,0
Laredo,TX,4841464,2022,2,4,259777,2022-02-01,18.477386373697442,0
Laredo,TX,4841464,2022,3,2,259288,2022-03-01,9.256116750485948,0
Laredo,TX,4841464,2022,4,2,258799,2022-04-01,9.273606157674488,0
Laredo,TX,4841464,2022,5,3,258309,2022-05-01,13.936796627295218,0
Laredo,TX,4841464,2022,6,3,257819,2022-06-01,13.963284319619579,0
Laredo,TX,4841464,2022,7,3,257330,2022-07-01,13.989818520965295,0
Laredo,TX,4841464,2022,8,2,256841,2022-08-01,9.3443025062198,0
Laredo,TX,4841464,2022,9,0,256351,2022-09-01,0,0
Laredo,TX,4841464,2022,10,5,255861,2022-10-01,23.45023274355998,0
Laredo,TX,4841464,2022,11,1,255372,2022-11-01,4.699027301348621,0
Laredo,TX,4841464,2022,12,1,254883,2022-12-01,4.708042513623898,0
Laredo,TX,4841464,2023,1,5,254393,2023-01-01,23.585554633971846,0
Laredo,TX,4841464,2023,2,0,254393,2023-02-01,0,0
Laredo,TX,4841464,2023,3,14,254393,2023-03-01,66.03955297512117,0
Laredo,TX,4841464,2023,4,1,254393,2023-04-01,4.717110926794369,0
Laredo,TX,4841464,2023,5,0,254393,2023-05-01,0,0
Laredo,TX,4841464,2023,6,2,254393,2023-06-01,9.434221853588738,0
Laredo,TX,4841464,2023,7,3,254393,2023-07-01,14.151332780383107,0
Laredo,TX,4841464,2023,8,1,254393,2023-08-01,4.717110926794369,0
Laredo,TX,4841464,2023,9,6,254393,2023-09-01,28.302665560766215,0
Laredo,TX,4841464,2023,10,2,254393,2023-10-01,9.434221853588738,0
Laredo,TX,4841464,2023,11,1,254393,2023-11-01,4.717110926794369,0
Laredo,TX,4841464,2023,12,3,254393,2023-12-01,14.151332780383107,0
Laredo,TX,4841464,2024,1,3,254393,2024-01-01,14.151332780383107,0
Laredo,TX,4841464,2024,2,1,254393,2024-02-01,4.717110926794369,0
Laredo,TX,4841464,2024,3,1,254393,2024-03-01,4.717110926794369,0
Laredo,TX,4841464,2024,4,2,254393,2024-04-01,9.434221853588738,0
Laredo,TX,4841464,2024,5,1,254393,2024-05-01,4.717110926794369,0
Laredo,TX,4841464,2024,6,2,254393,2024-06-01,9.434221853588738,0
Laredo,TX,4841464,2024,7,1,254393,2024-07-01,4.717110926794369,0
Laredo,TX,4841464,2024,8,2,254393,2024-08-01,9.434221853588738,0
Laredo,TX,4841464,2024,9,0,254393,2024-09-01,0,0
Laredo,TX,4841464,2024,10,5,254393,2024-10-01,23.585554633971846,0
Laredo,TX,4841464,2024,11,3,254393,2024-11-01,14.151332780383107,0
Laredo,TX,4841464,2024,12,3,254393,2024-12-01,14.151332780383107,0
Laredo,TX,4841464,2025,1,3,254393,2025-01-01,14.151332780383107,0
Laredo,TX,4841464,2025,2,1,254393,2025-02-01,4.717110926794369,0
Laredo,TX,4841464,2025,3,3,254393,2025-03-01,14.151332780383107,0
Laredo,TX,4841464,2025,4,3,254393,2025-04-01,14.151332780383107,0
Laredo,TX,4841464,2025,5,3,254393,2025-05-01,14.151332780383107,0
Laredo,TX,4841464,2025,6,1,254393,2025-06-01,4.717110926794369,0
Laredo,TX,4841464,2025,7,0,254393,2025-07-01,0,0
Laredo,TX,4841464,2025,8,2,254393,2025-08-01,9.434221853588738,0
Laredo,TX,4841464,2025,9,2,254393,2025-09-01,9.434221853588738,0
Las Vegas,NV,3240000,2018,1,10,626637,2018-01-01,19.149842731916564,0
Las Vegas,NV,3240000,2018,2,6,627315,2018-02-01,11.47748738671959,0
Las Vegas,NV,3240000,2018,3,10,627993,2018-03-01,19.1084932475362,0
Las Vegas,NV,3240000,2018,4,2,628671,2018-04-01,3.817577079267216,0
Las Vegas,NV,3240000,2018,5,13,629349,2018-05-01,24.787518531053514,0
Las Vegas,NV,3240000,2018,6,7,630027,2018-06-01,13.332761929250651,0
Las Vegas,NV,3240000,2018,7,4,630705,2018-07-01,7.610531072371394,0
Las Vegas,NV,3240000,2018,8,8,631383,2018-08-01,15.20471726353101,0
Las Vegas,NV,3240000,2018,9,5,632061,2018-09-01,9.492754655009565,0
Las Vegas,NV,3240000,2018,10,8,632739,2018-10-01,15.172132585473632,0
Las Vegas,NV,3240000,2018,11,7,633417,2018-11-01,13.261405993208268,0
Las Vegas,NV,3240000,2018,12,3,634095,2018-12-01,5.677382726563055,0
Las Vegas,NV,3240000,2019,1,4,634773,2019-01-01,7.561758297848207,0
Las Vegas,NV,3240000,2019,2,2,635591,2019-02-01,3.776013190872747,0
Las Vegas,NV,3240000,2019,3,8,636410,2019-03-01,15.084615263745071,0
Las Vegas,NV,3240000,2019,4,2,637228,2019-04-01,3.766312842499074,0
Las Vegas,NV,3240000,2019,5,7,638047,2019-05-01,13.165174352359623,0
Las Vegas,NV,3240000,2019,6,6,638865,2019-06-01,11.269986616890892,0
Las Vegas,NV,3240000,2019,7,4,639683,2019-07-01,7.5037166846703744,0
Las Vegas,NV,3240000,2019,8,11,640502,2019-08-01,20.608834945089942,0
Las Vegas,NV,3240000,2019,9,5,641320,2019-09-01,9.355703860787127,0
Las Vegas,NV,3240000,2019,10,2,642139,2019-10-01,3.73750854565756,0
Las Vegas,NV,3240000,2019,11,10,642957,2019-11-01,18.66376756143879,0
Las Vegas,NV,3240000,2019,12,5,643776,2019-12-01,9.320011929615271,0
Las Vegas,NV,3240000,2020,1,4,644594,2020-01-01,7.44654774943608,0
Las Vegas,NV,3240000,2020,2,2,643777,2020-02-01,3.727998981013612,0
Las Vegas,NV,3240000,2020,3,5,642959,2020-03-01,9.33185475279139,0
Las Vegas,NV,3240000,2020,4,3,642142,2020-04-01,5.6062366267897135,0
Las Vegas,NV,3240000,2020,5,5,641325,2020-05-01,9.355630920360191,0
Las Vegas,NV,3240000,2020,6,6,640507,2020-06-01,11.24109494509818,0
Las Vegas,NV,3240000,2020,7,12,639690,2020-07-01,22.510903718988885,0
Las Vegas,NV,3240000,2020,8,5,638873,2020-08-01,9.391537911290662,0
Las Vegas,NV,3240000,2020,9,3,638055,2020-09-01,5.64214683687143,0
Las Vegas,NV,3240000,2020,10,8,637238,2020-10-01,15.06501495516589,0
Las Vegas,NV,3240000,2020,11,7,636421,2020-11-01,13.198810221535744,0
Las Vegas,NV,3240000,2020,12,8,635603,2020-12-01,15.103767603362476,0
Las Vegas,NV,3240000,2021,1,11,634786,2021-01-01,20.794409454524832,0
Las Vegas,NV,3240000,2021,2,3,636150,2021-02-01,5.659042678613535,0
Las Vegas,NV,3240000,2021,3,11,637514,2021-03-01,20.705427645510532,0
Las Vegas,NV,3240000,2021,4,6,638878,2021-04-01,11.269757293254736,0
Las Vegas,NV,3240000,2021,5,7,640243,2021-05-01,13.120018492978446,0
Las Vegas,NV,3240000,2021,6,7,641607,2021-06-01,13.092126488644919,0
Las Vegas,NV,3240000,2021,7,10,642971,2021-07-01,18.663361178031355,0
Las Vegas,NV,3240000,2021,8,13,644335,2021-08-01,24.211008248814668,0
Las Vegas,NV,3240000,2021,9,10,645699,2021-09-01,18.58451073952414,0
Las Vegas,NV,3240000,2021,10,9,647064,2021-10-01,16.690775564704573,0
Las Vegas,NV,3240000,2021,11,4,648428,2021-11-01,7.402518089903582,0
Las Vegas,NV,3240000,2021,12,7,649792,2021-12-01,12.927213631438985,0
Las Vegas,NV,3240000,2022,1,11,651156,2022-01-01,20.27163997567403,0
Las Vegas,NV,3240000,2022,2,4,650339,2022-02-01,7.380766031254469,0
Las Vegas,NV,3240000,2022,3,9,649521,2022-03-01,16.62763790547188,0
Las Vegas,NV,3240000,2022,4,9,648704,2022-04-01,16.648579321231257,0
Las Vegas,NV,3240000,2022,5,8,647887,2022-05-01,14.817398713047183,0
Las Vegas,NV,3240000,2022,6,12,647069,2022-06-01,22.25419545674418,0
Las Vegas,NV,3240000,2022,7,12,646252,2022-07-01,22.28232949375785,0
Las Vegas,NV,3240000,2022,8,5,645435,2022-08-01,9.296056148179137,0
Las Vegas,NV,3240000,2022,9,5,644617,2022-09-01,9.307852569820529,0
Las Vegas,NV,3240000,2022,10,3,643800,2022-10-01,5.591798695246971,0
Las Vegas,NV,3240000,2022,11,9,642983,2022-11-01,16.796711577133454,0
Las Vegas,NV,3240000,2022,12,4,642165,2022-12-01,7.4747144425498115,0
Las Vegas,NV,3240000,2023,1,10,641348,2023-01-01,18.7105908180894,0
Las Vegas,NV,3240000,2023,2,8,641348,2023-02-01,14.968472654471517,0
Las Vegas,NV,3240000,2023,3,5,641348,2023-03-01,9.3552954090447,0
Las Vegas,NV,3240000,2023,4,5,641348,2023-04-01,9.3552954090447,0
Las Vegas,NV,3240000,2023,5,4,641348,2023-05-01,7.484236327235759,0
Las Vegas,NV,3240000,2023,6,3,641348,2023-06-01,5.6131772454268205,0
Las Vegas,NV,3240000,2023,7,6,641348,2023-07-01,11.226354490853641,0
Las Vegas,NV,3240000,2023,8,4,641348,2023-08-01,7.484236327235759,0
Las Vegas,NV,3240000,2023,9,8,641348,2023-09-01,14.968472654471517,0
Las Vegas,NV,3240000,2023,10,5,641348,2023-10-01,9.3552954090447,0
Las Vegas,NV,3240000,2023,11,11,641348,2023-11-01,20.581649899898338,0
Las Vegas,NV,3240000,2023,12,10,641348,2023-12-01,18.7105908180894,0
Las Vegas,NV,3240000,2024,1,9,641348,2024-01-01,16.83953173628046,0
Las Vegas,NV,3240000,2024,2,3,641348,2024-02-01,5.6131772454268205,0
Las Vegas,NV,3240000,2024,3,2,641348,2024-03-01,3.7421181636178793,0
Las Vegas,NV,3240000,2024,4,7,641348,2024-04-01,13.097413572662582,0
Las Vegas,NV,3240000,2024,5,13,641348,2024-05-01,24.323768063516223,0
Las Vegas,NV,3240000,2024,6,3,641348,2024-06-01,5.6131772454268205,0
Las Vegas,NV,3240000,2024,7,10,641348,2024-07-01,18.7105908180894,0
Las Vegas,NV,3240000,2024,8,4,641348,2024-08-01,7.484236327235759,0
Las Vegas,NV,3240000,2024,9,3,641348,2024-09-01,5.6131772454268205,0
Las Vegas,NV,3240000,2024,10,6,641348,2024-10-01,11.226354490853641,0
Las Vegas,NV,3240000,2024,11,1,641348,2024-11-01,1.8710590818089397,0
Las Vegas,NV,3240000,2024,12,8,641348,2024-12-01,14.968472654471517,0
Las Vegas,NV,3240000,2025,1,1,641348,2025-01-01,1.8710590818089397,0
Las Vegas,NV,3240000,2025,2,7,641348,2025-02-01,13.097413572662582,0
Las Vegas,NV,3240000,2025,3,7,641348,2025-03-01,13.097413572662582,0
Las Vegas,NV,3240000,2025,4,2,641348,2025-04-01,3.7421181636178793,0
Las Vegas,NV,3240000,2025,5,11,641348,2025-05-01,20.581649899898338,0
Las Vegas,NV,3240000,2025,6,4,641348,2025-06-01,7.484236327235759,0
Las Vegas,NV,3240000,2025,7,5,641348,2025-07-01,9.3552954090447,0
Las Vegas,NV,3240000,2025,8,2,641348,2025-08-01,3.7421181636178793,0
Las Vegas,NV,3240000,2025,9,6,641348,2025-09-01,11.226354490853641,0
Lexington-Fayette,KY,2146027,2018,1,10,318734,2018-01-01,37.64894865310886,0
Lexington-Fayette,KY,2146027,2018,2,9,318890,2018-02-01,33.867477813666156,0
Lexington-Fayette,KY,2146027,2018,3,7,319045,2018-03-01,26.32857433904308,0
Lexington-Fayette,KY,2146027,2018,4,11,319201,2018-04-01,41.35325390584616,0
Lexington-Fayette,KY,2146027,2018,5,12,319356,2018-05-01,45.09074512456318,0
Lexington-Fayette,KY,2146027,2018,6,6,319512,2018-06-01,22.534364906482388,0
Lexington-Fayette,KY,2146027,2018,7,9,319668,2018-07-01,33.78505199144112,0
Lexington-Fayette,KY,2146027,2018,8,7,319823,2018-08-01,26.264527566810393,0
Lexington-Fayette,KY,2146027,2018,9,5,319979,2018-09-01,18.75123054950481,0
Lexington-Fayette,KY,2146027,2018,10,5,320134,2018-10-01,18.74215172396559,0
Lexington-Fayette,KY,2146027,2018,11,7,320290,2018-11-01,26.226232476817884,0
Lexington-Fayette,KY,2146027,2018,12,2,320445,2018-12-01,7.489584796142864,0
Lexington-Fayette,KY,2146027,2019,1,9,320601,2019-01-01,33.68673210626292,0
Lexington-Fayette,KY,2146027,2019,2,2,320734,2019-02-01,7.4828362443644885,0
Lexington-Fayette,KY,2146027,2019,3,14,320867,2019-03-01,52.35814215858907,0
Lexington-Fayette,KY,2146027,2019,4,10,321001,2019-04-01,37.38306111195915,0
Lexington-Fayette,KY,2146027,2019,5,9,321134,2019-05-01,33.6308207788649,0
Lexington-Fayette,KY,2146027,2019,6,11,321267,2019-06-01,41.08731989279944,0
Lexington-Fayette,KY,2146027,2019,7,15,321401,2019-07-01,56.004803967629215,0
Lexington-Fayette,KY,2146027,2019,8,12,321534,2019-08-01,44.78531041818284,0
Lexington-Fayette,KY,2146027,2019,9,11,321667,2019-09-01,41.036226905464346,0
Lexington-Fayette,KY,2146027,2019,10,15,321800,2019-10-01,55.93536357986327,0
Lexington-Fayette,KY,2146027,2019,11,13,321933,2019-11-01,48.45728769650829,0
Lexington-Fayette,KY,2146027,2019,12,8,322067,2019-12-01,29.807462422415213,0
Lexington-Fayette,KY,2146027,2020,1,8,322200,2020-01-01,29.7951582867784,0
Lexington-Fayette,KY,2146027,2020,2,11,322130,2020-02-01,40.97724521156055,0
Lexington-Fayette,KY,2146027,2020,3,11,322059,2020-03-01,40.98627891162799,0
Lexington-Fayette,KY,2146027,2020,4,7,321988,2020-04-01,26.08792874268606,0
Lexington-Fayette,KY,2146027,2020,5,9,321918,2020-05-01,33.5489161836244,0
Lexington-Fayette,KY,2146027,2020,6,13,321848,2020-06-01,48.47008525763714,0
Lexington-Fayette,KY,2146027,2020,7,16,321777,2020-07-01,59.668652514008144,0
Lexington-Fayette,KY,2146027,2020,8,24,321706,2020-08-01,89.52273193536955,0
Lexington-Fayette,KY,2146027,2020,9,10,321636,2020-09-01,37.30925642651942,0
Lexington-Fayette,KY,2146027,2020,10,5,321566,2020-10-01,18.658689040508015,0
Lexington-Fayette,KY,2146027,2020,11,11,321495,2020-11-01,41.0581813091961,0
Lexington-Fayette,KY,2146027,2020,12,8,321424,2020-12-01,29.8670914430783,0
Lexington-Fayette,KY,2146027,2021,1,10,321354,2021-01-01,37.341996676562296,0
Lexington-Fayette,KY,2146027,2021,2,14,321685,2021-02-01,52.22500272005222,0
Lexington-Fayette,KY,2146027,2021,3,13,322015,2021-03-01,48.44494821669798,0
Lexington-Fayette,KY,2146027,2021,4,12,322346,2021-04-01,44.67249477269766,0
Lexington-Fayette,KY,2146027,2021,5,20,322677,2021-05-01,74.37778335611154,0
Lexington-Fayette,KY,2146027,2021,6,15,323007,2021-06-01,55.72634648784701,0
Lexington-Fayette,KY,2146027,2021,7,21,323338,2021-07-01,77.93701946569843,0
Lexington-Fayette,KY,2146027,2021,8,15,323669,2021-08-01,55.61236942679095,0
Lexington-Fayette,KY,2146027,2021,9,17,323999,2021-09-01,62.963157293695346,0
Lexington-Fayette,KY,2146027,2021,10,9,324330,2021-10-01,33.29941726019794,0
Lexington-Fayette,KY,2146027,2021,11,11,324661,2021-11-01,40.65779382186342,0
Lexington-Fayette,KY,2146027,2021,12,13,324991,2021-12-01,48.00132926757972,0
Lexington-Fayette,KY,2146027,2022,1,19,325322,2022-01-01,70.08440867817117,0
Lexington-Fayette,KY,2146027,2022,2,9,325252,2022-02-01,33.20502256711719,0
Lexington-Fayette,KY,2146027,2022,3,12,325181,2022-03-01,44.28303006633229,0
Lexington-Fayette,KY,2146027,2022,4,8,325110,2022-04-01,29.528467287994836,0
Lexington-Fayette,KY,2146027,2022,5,22,325040,2022-05-01,81.22077282795964,0
Lexington-Fayette,KY,2146027,2022,6,19,324970,2022-06-01,70.1603224913069,0
Lexington-Fayette,KY,2146027,2022,7,15,324899,2022-07-01,55.40183256950622,0
Lexington-Fayette,KY,2146027,2022,8,19,324828,2022-08-01,70.19099338726957,0
Lexington-Fayette,KY,2146027,2022,9,21,324758,2022-09-01,77.59624089321895,0
Lexington-Fayette,KY,2146027,2022,10,10,324688,2022-10-01,36.95855713792933,0
Lexington-Fayette,KY,2146027,2022,11,6,324617,2022-11-01,22.179984412399843,0
Lexington-Fayette,KY,2146027,2022,12,7,324546,2022-12-01,25.882309441496737,0
Lexington-Fayette,KY,2146027,2023,1,10,324476,2023-01-01,36.982704421898696,0
Lexington-Fayette,KY,2146027,2023,2,8,324476,2023-02-01,29.58616353751895,0
Lexington-Fayette,KY,2146027,2023,3,6,324476,2023-03-01,22.189622653139214,0
Lexington-Fayette,KY,2146027,2023,4,11,324476,2023-04-01,40.68097486408857,0
Lexington-Fayette,KY,2146027,2023,5,11,324476,2023-05-01,40.68097486408857,0
Lexington-Fayette,KY,2146027,2023,6,6,324476,2023-06-01,22.189622653139214,0
Lexington-Fayette,KY,2146027,2023,7,22,324476,2023-07-01,81.36194972817714,0
Lexington-Fayette,KY,2146027,2023,8,7,324476,2023-08-01,25.887893095329083,0
Lexington-Fayette,KY,2146027,2023,9,12,324476,2023-09-01,44.37924530627843,0
Lexington-Fayette,KY,2146027,2023,10,14,324476,2023-10-01,51.77578619065817,0
Lexington-Fayette,KY,2146027,2023,11,3,324476,2023-11-01,11.094811326569607,0
Lexington-Fayette,KY,2146027,2023,12,8,324476,2023-12-01,29.58616353751895,0
Lexington-Fayette,KY,2146027,2024,1,7,324476,2024-01-01,25.887893095329083,0
Lexington-Fayette,KY,2146027,2024,2,5,324476,2024-02-01,18.491352210949348,0
Lexington-Fayette,KY,2146027,2024,3,7,324476,2024-03-01,25.887893095329083,0
Lexington-Fayette,KY,2146027,2024,4,11,324476,2024-04-01,40.68097486408857,0
Lexington-Fayette,KY,2146027,2024,5,7,324476,2024-05-01,25.887893095329083,0
Lexington-Fayette,KY,2146027,2024,6,9,324476,2024-06-01,33.28443397970882,0
Lexington-Fayette,KY,2146027,2024,7,6,324476,2024-07-01,22.189622653139214,0
Lexington-Fayette,KY,2146027,2024,8,14,324476,2024-08-01,51.77578619065817,0
Lexington-Fayette,KY,2146027,2024,9,10,324476,2024-09-01,36.982704421898696,0
Lexington-Fayette,KY,2146027,2024,10,13,324476,2024-10-01,48.0775157484683,0
Lexington-Fayette,KY,2146027,2024,11,6,324476,2024-11-01,22.189622653139214,0
Lexington-Fayette,KY,2146027,2024,12,4,324476,2024-12-01,14.793081768759475,0
Lexington-Fayette,KY,2146027,2025,1,6,324476,2025-01-01,22.189622653139214,0
Lexington-Fayette,KY,2146027,2025,2,5,324476,2025-02-01,18.491352210949348,0
Lexington-Fayette,KY,2146027,2025,3,8,324476,2025-03-01,29.58616353751895,0
Lexington-Fayette,KY,2146027,2025,4,3,324476,2025-04-01,11.094811326569607,0
Lexington-Fayette,KY,2146027,2025,5,9,324476,2025-05-01,33.28443397970882,0
Lexington-Fayette,KY,2146027,2025,6,5,324476,2025-06-01,18.491352210949348,0
Lexington-Fayette,KY,2146027,2025,7,13,324476,2025-07-01,48.0775157484683,0
Lexington-Fayette,KY,2146027,2025,8,7,324476,2025-08-01,25.887893095329083,0
Lexington-Fayette,KY,2146027,2025,9,7,324476,2025-09-01,25.887893095329083,0
Lincoln,NE,3128000,2018,1,1,280849,2018-01-01,4.272758671029628,0
Lincoln,NE,3128000,2018,2,1,281098,2018-02-01,4.268973809845676,0
Lincoln,NE,3128000,2018,3,2,281347,2018-03-01,8.530391296157413,0
Lincoln,NE,3128000,2018,4,2,281597,2018-04-01,8.522818069794777,0
Lincoln,NE,3128000,2018,5,0,281846,2018-05-01,0,0
Lincoln,NE,3128000,2018,6,0,282095,2018-06-01,0,0
Lincoln,NE,3128000,2018,7,4,282344,2018-07-01,17.000538350381092,0
Lincoln,NE,3128000,2018,8,2,282593,2018-08-01,8.492779368207989,0
Lincoln,NE,3128000,2018,9,1,282842,2018-09-01,4.242651374265492,0
Lincoln,NE,3128000,2018,10,1,283091,2018-10-01,4.238919640680912,0
Lincoln,NE,3128000,2018,11,0,283341,2018-11-01,0,0
Lincoln,NE,3128000,2018,12,1,283590,2018-12-01,4.231460911879826,0
Lincoln,NE,3128000,2019,1,2,283839,2019-01-01,8.455497658884086,0
Lincoln,NE,3128000,2019,2,0,284051,2019-02-01,0,0
Lincoln,NE,3128000,2019,3,0,284264,2019-03-01,0,0
Lincoln,NE,3128000,2019,4,1,284476,2019-04-01,4.218282034336816,0
Lincoln,NE,3128000,2019,5,3,284689,2019-05-01,12.645377938733144,0
Lincoln,NE,3128000,2019,6,0,284901,2019-06-01,0,0
Lincoln,NE,3128000,2019,7,1,285113,2019-07-01,4.2088575406943916,0
Lincoln,NE,3128000,2019,8,5,285326,2019-08-01,21.028577837280864,0
Lincoln,NE,3128000,2019,9,1,285538,2019-09-01,4.202592999880927,0
Lincoln,NE,3128000,2019,10,2,285751,2019-10-01,8.398920738685078,0
Lincoln,NE,3128000,2019,11,3,285963,2019-11-01,12.589041239600927,0
Lincoln,NE,3128000,2019,12,0,286176,2019-12-01,0,0
Lincoln,NE,3128000,2020,1,2,286388,2020-01-01,8.380239395505399,0
Lincoln,NE,3128000,2020,2,1,286617,2020-02-01,4.186771894200274,0
Lincoln,NE,3128000,2020,3,1,286846,2020-03-01,4.183429436003989,0
Lincoln,NE,3128000,2020,4,0,287075,2020-04-01,0,0
Lincoln,NE,3128000,2020,5,2,287304,2020-05-01,8.353521009105338,0
Lincoln,NE,3128000,2020,6,0,287533,2020-06-01,0,0
Lincoln,NE,3128000,2020,7,4,287762,2020-07-01,16.680451206205127,0
Lincoln,NE,3128000,2020,8,3,287991,2020-08-01,12.500390637207413,0
Lincoln,NE,3128000,2020,9,1,288220,2020-09-01,4.163486225799736,0
Lincoln,NE,3128000,2020,10,0,288449,2020-10-01,0,0
Lincoln,NE,3128000,2020,11,1,288678,2020-11-01,4.156880676740174,0
Lincoln,NE,3128000,2020,12,2,288907,2020-12-01,8.307171511939828,0
Lincoln,NE,3128000,2021,1,4,289136,2021-01-01,16.601184217807536,0
Lincoln,NE,3128000,2021,2,1,289400,2021-02-01,4.14651002073255,0
Lincoln,NE,3128000,2021,3,3,289663,2021-03-01,12.42823557030066,0
Lincoln,NE,3128000,2021,4,2,289926,2021-04-01,8.277974379669296,0
Lincoln,NE,3128000,2021,5,1,290190,2021-05-01,4.135221751266411,0
Lincoln,NE,3128000,2021,6,2,290454,2021-06-01,8.262926315354584,0
Lincoln,NE,3128000,2021,7,3,290717,2021-07-01,12.383176766408567,0
Lincoln,NE,3128000,2021,8,2,290980,2021-08-01,8.247989552546567,0
Lincoln,NE,3128000,2021,9,1,291244,2021-09-01,4.120256554641469,0
Lincoln,NE,3128000,2021,10,4,291508,2021-10-01,16.466100415769038,0
Lincoln,NE,3128000,2021,11,2,291771,2021-11-01,8.225629003567866,0
Lincoln,NE,3128000,2021,12,1,292034,2021-12-01,4.109110583014306,0
Lincoln,NE,3128000,2022,1,0,292298,2022-01-01,0,0
Lincoln,NE,3128000,2022,2,0,292527,2022-02-01,0,0
Lincoln,NE,3128000,2022,3,0,292756,2022-03-01,0,0
Lincoln,NE,3128000,2022,4,0,292985,2022-04-01,0,0
Lincoln,NE,3128000,2022,5,9,293214,2022-05-01,36.833166219894004,0
Lincoln,NE,3128000,2022,6,4,293443,2022-06-01,16.357520881397747,0
Lincoln,NE,3128000,2022,7,4,293672,2022-07-01,16.34476558882018,0
Lincoln,NE,3128000,2022,8,2,293901,2022-08-01,8.166015086712871,0
Lincoln,NE,3128000,2022,9,6,294130,2022-09-01,24.478971883180908,0
Lincoln,NE,3128000,2022,10,0,294359,2022-10-01,0,0
Lincoln,NE,3128000,2022,11,1,294588,2022-11-01,4.073485681697829,0
Lincoln,NE,3128000,2022,12,2,294817,2022-12-01,8.140643178649807,0
Lincoln,NE,3128000,2023,1,4,295046,2023-01-01,16.268649634294313,0
Lincoln,NE,3128000,2023,2,0,295046,2023-02-01,0,0
Lincoln,NE,3128000,2023,3,1,295046,2023-03-01,4.067162408573578,0
Lincoln,NE,3128000,2023,4,1,295046,2023-04-01,4.067162408573578,0
Lincoln,NE,3128000,2023,5,2,295046,2023-05-01,8.134324817147156,0
Lincoln,NE,3128000,2023,6,0,295046,2023-06-01,0,0
Lincoln,NE,3128000,2023,7,0,295046,2023-07-01,0,0
Lincoln,NE,3128000,2023,8,0,295046,2023-08-01,0,0
Lincoln,NE,3128000,2023,9,2,295046,2023-09-01,8.134324817147156,0
Lincoln,NE,3128000,2023,10,4,295046,2023-10-01,16.268649634294313,0
Lincoln,NE,3128000,2023,11,0,295046,2023-11-01,0,0
Lincoln,NE,3128000,2023,12,0,295046,2023-12-01,0,0
Lincoln,NE,3128000,2024,1,0,295046,2024-01-01,0,0
Lincoln,NE,3128000,2024,2,0,295046,2024-02-01,0,0
Lincoln,NE,3128000,2024,3,0,295046,2024-03-01,0,0
Lincoln,NE,3128000,2024,4,2,295046,2024-04-01,8.134324817147156,0
Lincoln,NE,3128000,2024,5,2,295046,2024-05-01,8.134324817147156,0
Lincoln,NE,3128000,2024,6,1,295046,2024-06-01,4.067162408573578,0
Lincoln,NE,3128000,2024,7,1,295046,2024-07-01,4.067162408573578,0
Lincoln,NE,3128000,2024,8,1,295046,2024-08-01,4.067162408573578,0
Lincoln,NE,3128000,2024,9,4,295046,2024-09-01,16.268649634294313,0
Lincoln,NE,3128000,2024,10,0,295046,2024-10-01,0,0
Lincoln,NE,3128000,2024,11,0,295046,2024-11-01,0,0
Lincoln,NE,3128000,2024,12,2,295046,2024-12-01,8.134324817147156,0
Lincoln,NE,3128000,2025,1,0,295046,2025-01-01,0,0
Lincoln,NE,3128000,2025,2,2,295046,2025-02-01,8.134324817147156,0
Lincoln,NE,3128000,2025,3,3,295046,2025-03-01,12.201487225720735,0
Lincoln,NE,3128000,2025,4,1,295046,2025-04-01,4.067162408573578,0
Lincoln,NE,3128000,2025,5,1,295046,2025-05-01,4.067162408573578,0
Lincoln,NE,3128000,2025,6,5,295046,2025-06-01,20.335812042867893,0
Lincoln,NE,3128000,2025,7,0,295046,2025-07-01,0,0
Lincoln,NE,3128000,2025,8,0,295046,2025-08-01,0,0
Lincoln,NE,3128000,2025,9,0,295046,2025-09-01,0,0
Long Beach,CA,643000,2018,1,2,468883,2018-01-01,5.118547697399991,0
Long Beach,CA,643000,2018,2,4,468707,2018-02-01,10.240939435510885,0
Long Beach,CA,643000,2018,3,6,468532,2018-03-01,15.367146747714138,0
Long Beach,CA,643000,2018,4,3,468356,2018-04-01,7.686460726455943,0
Long Beach,CA,643000,2018,5,3,468181,2018-05-01,7.6893338260202775,0
Long Beach,CA,643000,2018,6,9,468005,2018-06-01,23.07667653123364,0
Long Beach,CA,643000,2018,7,6,467829,2018-07-01,15.390238741078472,0
Long Beach,CA,643000,2018,8,8,467654,2018-08-01,20.527997194507048,0
Long Beach,CA,643000,2018,9,6,467478,2018-09-01,15.401794309037003,0
Long Beach,CA,643000,2018,10,7,467303,2018-10-01,17.97548913659874,0
Long Beach,CA,643000,2018,11,9,467127,2018-11-01,23.1200508641119,0
Long Beach,CA,643000,2018,12,4,466952,2018-12-01,10.279429149034591,0
Long Beach,CA,643000,2019,1,8,466776,2019-01-01,20.56661010848887,0
Long Beach,CA,643000,2019,2,9,466385,2019-02-01,23.156833946203246,0
Long Beach,CA,643000,2019,3,0,465994,2019-03-01,0,0
Long Beach,CA,643000,2019,4,1,465602,2019-04-01,2.5773085167159935,0
Long Beach,CA,643000,2019,5,15,465211,2019-05-01,38.69212034969079,0
Long Beach,CA,643000,2019,6,6,464820,2019-06-01,15.48986704530786,0
Long Beach,CA,643000,2019,7,7,464428,2019-07-01,18.086764794542965,0
Long Beach,CA,643000,2019,8,10,464037,2019-08-01,25.86000685290182,0
Long Beach,CA,643000,2019,9,4,463646,2019-09-01,10.352726002165443,0
Long Beach,CA,643000,2019,10,22,463255,2019-10-01,56.98805193683825,0
Long Beach,CA,643000,2019,11,11,462864,2019-11-01,28.518096028206987,0
Long Beach,CA,643000,2019,12,5,462472,2019-12-01,12.973758411320038,0
Long Beach,CA,643000,2020,1,8,462081,2020-01-01,20.775578307699302,0
Long Beach,CA,643000,2020,2,14,462455,2020-02-01,36.3278589268145,0
Long Beach,CA,643000,2020,3,8,462828,2020-03-01,20.742046721460238,0
Long Beach,CA,643000,2020,4,4,463202,2020-04-01,10.362649556780843,0
Long Beach,CA,643000,2020,5,6,463576,2020-05-01,15.531433896491624,0
Long Beach,CA,643000,2020,6,17,463949,2020-06-01,43.97035018935271,0
Long Beach,CA,643000,2020,7,5,464323,2020-07-01,12.922039183930153,0
Long Beach,CA,643000,2020,8,5,464697,2020-08-01,12.911639197154276,0
Long Beach,CA,643000,2020,9,4,465070,2020-09-01,10.321026942180746,0
Long Beach,CA,643000,2020,10,11,465444,2020-10-01,28.360017531647205,0
Long Beach,CA,643000,2020,11,11,465818,2020-11-01,28.3372475945541,0
Long Beach,CA,643000,2020,12,11,466191,2020-12-01,28.3145749274439,0
Long Beach,CA,643000,2021,1,6,466565,2021-01-01,15.431933385487554,0
Long Beach,CA,643000,2021,2,6,466028,2021-02-01,15.449715467740136,0
Long Beach,CA,643000,2021,3,5,465491,2021-03-01,12.8896154812875,0
Long Beach,CA,643000,2021,4,4,464953,2021-04-01,10.3236241082432,0
Long Beach,CA,643000,2021,5,5,464416,2021-05-01,12.919451526217873,0
Long Beach,CA,643000,2021,6,15,463879,2021-06-01,38.80322239204621,0
Long Beach,CA,643000,2021,7,5,463342,2021-07-01,12.949398068813103,0
Long Beach,CA,643000,2021,8,6,462805,2021-08-01,15.557308153541989,0
Long Beach,CA,643000,2021,9,6,462268,2021-09-01,15.575380515198976,0
Long Beach,CA,643000,2021,10,7,461731,2021-10-01,18.19241073265603,0
Long Beach,CA,643000,2021,11,3,461193,2021-11-01,7.805842673240921,0
Long Beach,CA,643000,2021,12,5,460656,2021-12-01,13.024903615713242,0
Long Beach,CA,643000,2022,1,9,460119,2022-01-01,23.472188716397284,0
Long Beach,CA,643000,2022,2,11,460493,2022-02-01,28.664930845854336,0
Long Beach,CA,643000,2022,3,1,460866,2022-03-01,2.6037937274609106,0
Long Beach,CA,643000,2022,4,7,461240,2022-04-01,18.211776949093746,0
Long Beach,CA,643000,2022,5,0,461614,2022-05-01,0,0
Long Beach,CA,643000,2022,6,8,461987,2022-06-01,20.779805492362335,0
Long Beach,CA,643000,2022,7,8,462361,2022-07-01,20.76299687906203,0
Long Beach,CA,643000,2022,8,4,462735,2022-08-01,10.373107718240462,0
Long Beach,CA,643000,2022,9,9,463108,2022-09-01,23.320694092954557,0
Long Beach,CA,643000,2022,10,5,463482,2022-10-01,12.945486556112211,0
Long Beach,CA,643000,2022,11,2,463856,2022-11-01,5.174019523300334,0
Long Beach,CA,643000,2022,12,5,464229,2022-12-01,12.924655719483273,0
Long Beach,CA,643000,2023,1,7,464603,2023-01-01,18.07995213117436,0
Long Beach,CA,643000,2023,2,8,464603,2023-02-01,20.66280243562784,0
Long Beach,CA,643000,2023,3,7,464603,2023-03-01,18.07995213117436,0
Long Beach,CA,643000,2023,4,7,464603,2023-04-01,18.07995213117436,0
Long Beach,CA,643000,2023,5,11,464603,2023-05-01,28.411353348988275,0
Long Beach,CA,643000,2023,6,11,464603,2023-06-01,28.411353348988275,0
Long Beach,CA,643000,2023,7,11,464603,2023-07-01,28.411353348988275,0
Long Beach,CA,643000,2023,8,12,464603,2023-08-01,30.994203653441758,0
Long Beach,CA,643000,2023,9,8,464603,2023-09-01,20.66280243562784,0
Long Beach,CA,643000,2023,10,12,464603,2023-10-01,30.994203653441758,0
Long Beach,CA,643000,2023,11,10,464603,2023-11-01,25.8285030445348,0
Long Beach,CA,643000,2023,12,13,464603,2023-12-01,33.57705395789524,0
Long Beach,CA,643000,2024,1,4,464603,2024-01-01,10.33140121781392,0
Long Beach,CA,643000,2024,2,12,464603,2024-02-01,30.994203653441758,0
Long Beach,CA,643000,2024,3,13,464603,2024-03-01,33.57705395789524,0
Long Beach,CA,643000,2024,4,7,464603,2024-04-01,18.07995213117436,0
Long Beach,CA,643000,2024,5,20,464603,2024-05-01,51.6570060890696,0
Long Beach,CA,643000,2024,6,11,464603,2024-06-01,28.411353348988275,0
Long Beach,CA,643000,2024,7,12,464603,2024-07-01,30.994203653441758,0
Long Beach,CA,643000,2024,8,6,464603,2024-08-01,15.497101826720879,0
Long Beach,CA,643000,2024,9,5,464603,2024-09-01,12.9142515222674,0
Long Beach,CA,643000,2024,10,8,464603,2024-10-01,20.66280243562784,0
Long Beach,CA,643000,2024,11,15,464603,2024-11-01,38.7427545668022,0
Long Beach,CA,643000,2024,12,9,464603,2024-12-01,23.245652740081315,0
Long Beach,CA,643000,2025,1,13,464603,2025-01-01,33.57705395789524,0
Long Beach,CA,643000,2025,2,14,464603,2025-02-01,36.15990426234872,0
Long Beach,CA,643000,2025,3,8,464603,2025-03-01,20.66280243562784,0
Long Beach,CA,643000,2025,4,10,464603,2025-04-01,25.8285030445348,0
Long Beach,CA,643000,2025,5,12,464603,2025-05-01,30.994203653441758,0
Long Beach,CA,643000,2025,6,9,464603,2025-06-01,23.245652740081315,0
Long Beach,CA,643000,2025,7,8,464603,2025-07-01,20.66280243562784,0
Long Beach,CA,643000,2025,8,7,464603,2025-08-01,18.07995213117436,0
Long Beach,CA,643000,2025,9,2,464603,2025-09-01,5.16570060890696,0
Los Angeles,CA,644000,2018,1,20,3959657,2018-01-01,6.061131052512882,0
Los Angeles,CA,644000,2018,2,12,3960264,2018-02-01,3.636121228281751,0
Los Angeles,CA,644000,2018,3,9,3960870,2018-03-01,2.7266736853267086,0
Los Angeles,CA,644000,2018,4,6,3961477,2018-04-01,1.8175039259346957,0
Los Angeles,CA,644000,2018,5,24,3962083,2018-05-01,7.268903755928384,0
Los Angeles,CA,644000,2018,6,9,3962690,2018-06-01,2.725421367808231,0
Los Angeles,CA,644000,2018,7,21,3963297,2018-07-01,6.358342561761079,0
Los Angeles,CA,644000,2018,8,18,3963903,2018-08-01,5.449174714921128,0
Los Angeles,CA,644000,2018,9,7,3964510,2018-09-01,2.118799044522526,0
Los Angeles,CA,644000,2018,10,25,3965116,2018-10-01,7.565982937195281,0
Los Angeles,CA,644000,2018,11,20,3965723,2018-11-01,6.051859900451948,0
Los Angeles,CA,644000,2018,12,19,3966329,2018-12-01,5.748388497272919,0
Los Angeles,CA,644000,2019,1,4,3966936,2019-01-01,1.210001875502907,0
Los Angeles,CA,644000,2019,2,11,3967464,2019-02-01,3.327062324951153,0
Los Angeles,CA,644000,2019,3,27,3967993,2019-03-01,8.165336985221497,0
Los Angeles,CA,644000,2019,4,34,3968522,2019-04-01,10.280905586513065,0
Los Angeles,CA,644000,2019,5,23,3969050,2019-05-01,6.9538050667036195,0
Los Angeles,CA,644000,2019,6,13,3969578,2019-06-01,3.92988876903288,0
Los Angeles,CA,644000,2019,7,28,3970107,2019-07-01,8.46324796787593,0
Los Angeles,CA,644000,2019,8,21,3970636,2019-08-01,6.346590319535712,0
Los Angeles,CA,644000,2019,9,18,3971164,2019-09-01,5.439211274074805,0
Los Angeles,CA,644000,2019,10,8,3971692,2019-10-01,2.4171058581581857,0
Los Angeles,CA,644000,2019,11,20,3972221,2019-11-01,6.041959901022626,0
Los Angeles,CA,644000,2019,12,12,3972750,2019-12-01,3.624693222578818,0
Los Angeles,CA,644000,2020,1,18,3973278,2020-01-01,5.4363173178418425,0
Los Angeles,CA,644000,2020,2,18,3967375,2020-02-01,5.444405935914805,0
Los Angeles,CA,644000,2020,3,13,3961472,2020-03-01,3.9379301431387117,0
Los Angeles,CA,644000,2020,4,22,3955568,2020-04-01,6.674136306088025,0
Los Angeles,CA,644000,2020,5,26,3949665,2020-05-01,7.899404126679098,0
Los Angeles,CA,644000,2020,6,21,3943762,2020-06-01,6.389837926325168,0
Los Angeles,CA,644000,2020,7,23,3937859,2020-07-01,7.008884777235549,0
Los Angeles,CA,644000,2020,8,25,3931956,2020-08-01,7.6297903638799625,0
Los Angeles,CA,644000,2020,9,21,3926053,2020-09-01,6.418660165820482,0
Los Angeles,CA,644000,2020,10,34,3920150,2020-10-01,10.407765008992003,0
Los Angeles,CA,644000,2020,11,23,3914246,2020-11-01,7.051166431542626,0
Los Angeles,CA,644000,2020,12,42,3908343,2020-12-01,12.89549049302991,0
Los Angeles,CA,644000,2021,1,26,3902440,2021-01-01,7.994998001250499,0
Los Angeles,CA,644000,2021,2,21,3906371,2021-02-01,6.451000173818615,0
Los Angeles,CA,644000,2021,3,19,3910302,2021-03-01,5.830751691301592,0
Los Angeles,CA,644000,2021,4,16,3914232,2021-04-01,4.905176800966319,0
Los Angeles,CA,644000,2021,5,36,3918163,2021-05-01,11.025574995220977,0
Los Angeles,CA,644000,2021,6,31,3922094,2021-06-01,9.484729330811552,0
Los Angeles,CA,644000,2021,7,45,3926025,2021-07-01,13.754369877929967,0
Los Angeles,CA,644000,2021,8,22,3929956,2021-08-01,6.7176324620428325,0
Los Angeles,CA,644000,2021,9,17,3933887,2021-09-01,5.185710723261751,0
Los Angeles,CA,644000,2021,10,37,3937818,2021-10-01,11.275279863112008,0
Los Angeles,CA,644000,2021,11,31,3941748,2021-11-01,9.437437400868852,0
Los Angeles,CA,644000,2021,12,38,3945679,2021-12-01,11.556946218889069,0
Los Angeles,CA,644000,2022,1,35,3949610,2022-01-01,10.633961327827304,0
Los Angeles,CA,644000,2022,2,48,3943707,2022-02-01,14.60554752165919,0
Los Angeles,CA,644000,2022,3,35,3937804,2022-03-01,10.665843195852307,0
Los Angeles,CA,644000,2022,4,56,3931900,2022-04-01,17.090973829446323,0
Los Angeles,CA,644000,2022,5,35,3925997,2022-05-01,10.697919534834082,0
Los Angeles,CA,644000,2022,6,46,3920094,2022-06-01,14.081294989354845,0
Los Angeles,CA,644000,2022,7,48,3914191,2022-07-01,14.715684543753742,0
Los Angeles,CA,644000,2022,8,59,3908288,2022-08-01,18.11534871534544,0
Los Angeles,CA,644000,2022,9,48,3902385,2022-09-01,14.760204336578784,0
Los Angeles,CA,644000,2022,10,34,3896482,2022-10-01,10.470983825922973,0
Los Angeles,CA,644000,2022,11,25,3890578,2022-11-01,7.710936524084596,0
Los Angeles,CA,644000,2022,12,31,3884675,2022-12-01,9.576090663955156,0
Los Angeles,CA,644000,2023,1,32,3878772,2023-01-01,9.900040528290914,0
Los Angeles,CA,644000,2023,2,34,3878772,2023-02-01,10.518793061309097,0
Los Angeles,CA,644000,2023,3,36,3878772,2023-03-01,11.137545594327277,0
Los Angeles,CA,644000,2023,4,85,3878772,2023-04-01,26.296982653272735,0
Los Angeles,CA,644000,2023,5,80,3878772,2023-05-01,24.750101320727282,0
Los Angeles,CA,644000,2023,6,88,3878772,2023-06-01,27.22511145280001,0
Los Angeles,CA,644000,2023,7,93,3878772,2023-07-01,28.771992785345464,0
Los Angeles,CA,644000,2023,8,78,3878772,2023-08-01,24.1313487877091,0
Los Angeles,CA,644000,2023,9,55,3878772,2023-09-01,17.015694658000005,0
Los Angeles,CA,644000,2023,10,110,3878772,2023-10-01,34.03138931600001,0
Los Angeles,CA,644000,2023,11,83,3878772,2023-11-01,25.678230120254558,0
Los Angeles,CA,644000,2023,12,68,3878772,2023-12-01,21.037586122618194,0
Los Angeles,CA,644000,2024,1,87,3878772,2024-01-01,26.915735186290917,0
Los Angeles,CA,644000,2024,2,95,3878772,2024-02-01,29.390745318363646,0
Los Angeles,CA,644000,2024,3,77,3878772,2024-03-01,23.82197252120001,0
Los Angeles,CA,644000,2024,4,54,3878772,2024-04-01,16.706318391490914,0
Los Angeles,CA,644000,2024,5,65,3878772,2024-05-01,20.109457323090915,0
Los Angeles,CA,644000,2024,6,78,3878772,2024-06-01,24.1313487877091,0
Los Angeles,CA,644000,2024,7,67,3878772,2024-07-01,20.728209856109096,0
Los Angeles,CA,644000,2024,8,49,3878772,2024-08-01,15.159437058945459,0
Los Angeles,CA,644000,2024,9,57,3878772,2024-09-01,17.63444719101819,0
Los Angeles,CA,644000,2024,10,45,3878772,2024-10-01,13.921931992909096,0
Los Angeles,CA,644000,2024,11,33,3878772,2024-11-01,10.209416794800003,0
Los Angeles,CA,644000,2024,12,34,3878772,2024-12-01,10.518793061309097,0
Los Angeles,CA,644000,2025,1,47,3878772,2025-01-01,14.54068452592728,0
Los Angeles,CA,644000,2025,2,44,3878772,2025-02-01,13.612555726400005,0
Los Angeles,CA,644000,2025,3,40,3878772,2025-03-01,12.375050660363641,0
Los Angeles,CA,644000,2025,4,27,3878772,2025-04-01,8.353159195745457,0
Los Angeles,CA,644000,2025,5,37,3878772,2025-05-01,11.446921860836367,0
Los Angeles,CA,644000,2025,6,20,3878772,2025-06-01,6.1875253301818205,0
Los Angeles,CA,644000,2025,7,28,3878772,2025-07-01,8.662535462254548,0
Los Angeles,CA,644000,2025,8,38,3878772,2025-08-01,11.75629812734546,0
Los Angeles,CA,644000,2025,9,30,3878772,2025-09-01,9.281287995272729,0
Louisville/Jefferson County,KY,2148006,2018,1,32,617032,2018-01-01,62.23340118502769,0
Louisville/Jefferson County,KY,2148006,2018,2,17,617095,2018-02-01,33.05811909025353,0
Louisville/Jefferson County,KY,2148006,2018,3,23,617158,2018-03-01,44.721124898324256,0
Louisville/Jefferson County,KY,2148006,2018,4,15,617222,2018-04-01,29.16292679133278,0
Louisville/Jefferson County,KY,2148006,2018,5,19,617285,2018-05-01,36.93593720890674,0
Louisville/Jefferson County,KY,2148006,2018,6,23,617348,2018-06-01,44.7073611642056,0
Louisville/Jefferson County,KY,2148006,2018,7,24,617411,2018-07-01,46.64639923810881,0
Louisville/Jefferson County,KY,2148006,2018,8,15,617474,2018-08-01,29.15102498242841,0
Louisville/Jefferson County,KY,2148006,2018,9,19,617537,2018-09-01,36.92086466074098,0
Louisville/Jefferson County,KY,2148006,2018,10,13,617600,2018-10-01,25.259067357512954,0
Louisville/Jefferson County,KY,2148006,2018,11,28,617664,2018-11-01,54.39850792663973,0
Louisville/Jefferson County,KY,2148006,2018,12,16,617727,2018-12-01,31.08169142679533,0
Louisville/Jefferson County,KY,2148006,2019,1,15,617790,2019-01-01,29.136114213567716,0
Louisville/Jefferson County,KY,2148006,2019,2,16,617869,2019-02-01,31.07454816474042,0
Louisville/Jefferson County,KY,2148006,2019,3,9,617947,2019-03-01,17.477227011377998,0
Louisville/Jefferson County,KY,2148006,2019,4,28,618026,2019-04-01,54.3666447689903,0
Louisville/Jefferson County,KY,2148006,2019,5,26,618104,2019-05-01,50.47694239157165,0
Louisville/Jefferson County,KY,2148006,2019,6,36,618183,2019-06-01,69.88221934281597,0
Louisville/Jefferson County,KY,2148006,2019,7,38,618262,2019-07-01,73.75513940691809,0
Louisville/Jefferson County,KY,2148006,2019,8,24,618340,2019-08-01,46.576317236471844,0
Louisville/Jefferson County,KY,2148006,2019,9,29,618419,2019-09-01,56.27252720243071,0
Louisville/Jefferson County,KY,2148006,2019,10,31,618497,2019-10-01,60.145805072619595,0
Louisville/Jefferson County,KY,2148006,2019,11,16,618576,2019-11-01,31.039031582214633,0
Louisville/Jefferson County,KY,2148006,2019,12,19,618654,2019-12-01,36.85420283389423,0
Louisville/Jefferson County,KY,2148006,2020,1,22,618733,2020-01-01,42.66783895476724,0
Louisville/Jefferson County,KY,2148006,2020,2,15,619694,2020-02-01,29.046593964117775,0
Louisville/Jefferson County,KY,2148006,2020,3,27,620654,2020-03-01,52.202998772262816,0
Louisville/Jefferson County,KY,2148006,2020,4,36,621615,2020-04-01,69.49639246157187,0
Louisville/Jefferson County,KY,2148006,2020,5,33,622575,2020-05-01,63.606794362125044,0
Louisville/Jefferson County,KY,2148006,2020,6,55,623536,2020-06-01,105.8479382104642,0
Louisville/Jefferson County,KY,2148006,2020,7,68,624497,2020-07-01,130.6651593202209,0
Louisville/Jefferson County,KY,2148006,2020,8,46,625457,2020-08-01,88.25546760208935,0
Louisville/Jefferson County,KY,2148006,2020,9,54,626418,2020-09-01,103.4453032958823,0
Louisville/Jefferson County,KY,2148006,2020,10,38,627378,2020-10-01,72.68345399424271,0
Louisville/Jefferson County,KY,2148006,2020,11,37,628339,2020-11-01,70.66249269900484,0
Louisville/Jefferson County,KY,2148006,2020,12,39,629299,2020-12-01,74.36846395751462,0
Louisville/Jefferson County,KY,2148006,2021,1,46,630260,2021-01-01,87.58290229429124,0
Louisville/Jefferson County,KY,2148006,2021,2,34,629915,2021-02-01,64.77064365827135,0
Louisville/Jefferson County,KY,2148006,2021,3,45,629571,2021-03-01,85.77269283369152,0
Louisville/Jefferson County,KY,2148006,2021,4,40,629226,2021-04-01,76.28419677508558,0
Louisville/Jefferson County,KY,2148006,2021,5,48,628882,2021-05-01,91.59110930190401,0
Louisville/Jefferson County,KY,2148006,2021,6,53,628537,2021-06-01,101.18736048951772,0
Louisville/Jefferson County,KY,2148006,2021,7,34,628192,2021-07-01,64.94829606235037,0
Louisville/Jefferson County,KY,2148006,2021,8,47,627848,2021-08-01,89.8306596501064,0
Louisville/Jefferson County,KY,2148006,2021,9,41,627503,2021-09-01,78.4059996525913,0
Louisville/Jefferson County,KY,2148006,2021,10,40,627159,2021-10-01,76.53561537026496,0
Louisville/Jefferson County,KY,2148006,2021,11,33,626814,2021-11-01,63.17663613129254,0
Louisville/Jefferson County,KY,2148006,2021,12,38,626470,2021-12-01,72.78880074065798,0
Louisville/Jefferson County,KY,2148006,2022,1,42,626125,2022-01-01,80.49510880415252,0
Louisville/Jefferson County,KY,2148006,2022,2,21,627086,2022-02-01,40.1858756215256,0
Louisville/Jefferson County,KY,2148006,2022,3,46,628046,2022-03-01,87.89165124847544,0
Louisville/Jefferson County,KY,2148006,2022,4,26,629007,2022-04-01,49.60199171074408,0
Louisville/Jefferson County,KY,2148006,2022,5,28,629967,2022-05-01,53.33612713046873,0
Louisville/Jefferson County,KY,2148006,2022,6,40,630928,2022-06-01,76.07841148276825,0
Louisville/Jefferson County,KY,2148006,2022,7,48,631889,2022-07-01,91.15525036834,0
Louisville/Jefferson County,KY,2148006,2022,8,42,632849,2022-08-01,79.63985089650137,0
Louisville/Jefferson County,KY,2148006,2022,9,33,633810,2022-09-01,62.47929190135846,0
Louisville/Jefferson County,KY,2148006,2022,10,31,634770,2022-10-01,58.6039037761709,0
Louisville/Jefferson County,KY,2148006,2022,11,29,635731,2022-11-01,54.740133798729346,0
Louisville/Jefferson County,KY,2148006,2022,12,40,636691,2022-12-01,75.3897887672356,0
Louisville/Jefferson County,KY,2148006,2023,1,46,637652,2023-01-01,86.56759486365604,0
Louisville/Jefferson County,KY,2148006,2023,2,24,637652,2023-02-01,45.165701667994455,0
Louisville/Jefferson County,KY,2148006,2023,3,34,637652,2023-03-01,63.98474402965881,0
Louisville/Jefferson County,KY,2148006,2023,4,51,637652,2023-04-01,95.97711604448821,0
Louisville/Jefferson County,KY,2148006,2023,5,61,637652,2023-05-01,114.79615840615257,0
Louisville/Jefferson County,KY,2148006,2023,6,43,637652,2023-06-01,80.92188215515674,0
Louisville/Jefferson County,KY,2148006,2023,7,41,637652,2023-07-01,77.15807368282385,0
Louisville/Jefferson County,KY,2148006,2023,8,45,637652,2023-08-01,84.68569062748959,0
Louisville/Jefferson County,KY,2148006,2023,9,24,637652,2023-09-01,45.165701667994455,0
Louisville/Jefferson County,KY,2148006,2023,10,39,637652,2023-10-01,73.394265210491,0
Louisville/Jefferson County,KY,2148006,2023,11,33,637652,2023-11-01,62.102839793492365,0
Louisville/Jefferson County,KY,2148006,2023,12,39,637652,2023-12-01,73.394265210491,0
Louisville/Jefferson County,KY,2148006,2024,1,35,637652,2024-01-01,65.86664826582525,0
Louisville/Jefferson County,KY,2148006,2024,2,37,637652,2024-02-01,69.63045673815813,0
Louisville/Jefferson County,KY,2148006,2024,3,42,637652,2024-03-01,79.0399779189903,0
Louisville/Jefferson County,KY,2148006,2024,4,32,637652,2024-04-01,60.220935557325944,0
Louisville/Jefferson County,KY,2148006,2024,5,48,637652,2024-05-01,90.33140333598891,0
Louisville/Jefferson County,KY,2148006,2024,6,61,637652,2024-06-01,114.79615840615257,0
Louisville/Jefferson County,KY,2148006,2024,7,54,637652,2024-07-01,101.62282875298752,0
Louisville/Jefferson County,KY,2148006,2024,8,37,637652,2024-08-01,69.63045673815813,0
Louisville/Jefferson County,KY,2148006,2024,9,26,637652,2024-09-01,48.92951014032733,0
Louisville/Jefferson County,KY,2148006,2024,10,34,637652,2024-10-01,63.98474402965881,0
Louisville/Jefferson County,KY,2148006,2024,11,34,637652,2024-11-01,63.98474402965881,0
Louisville/Jefferson County,KY,2148006,2024,12,32,637652,2024-12-01,60.220935557325944,0
Louisville/Jefferson County,KY,2148006,2025,1,16,637652,2025-01-01,30.110467778662972,0
Louisville/Jefferson County,KY,2148006,2025,2,24,637652,2025-02-01,45.165701667994455,0
Louisville/Jefferson County,KY,2148006,2025,3,22,637652,2025-03-01,41.40189319566158,0
Louisville/Jefferson County,KY,2148006,2025,4,26,637652,2025-04-01,48.92951014032733,0
Louisville/Jefferson County,KY,2148006,2025,5,36,637652,2025-05-01,67.74855250199168,0
Louisville/Jefferson County,KY,2148006,2025,6,28,637652,2025-06-01,52.69331861266019,0
Louisville/Jefferson County,KY,2148006,2025,7,32,637652,2025-07-01,60.220935557325944,0
Louisville/Jefferson County,KY,2148006,2025,8,21,637652,2025-08-01,39.51998895949515,0
Louisville/Jefferson County,KY,2148006,2025,9,43,637652,2025-09-01,80.92188215515674,0
Lubbock,TX,4845000,2018,1,7,250415,2018-01-01,33.54431643471837,0
Lubbock,TX,4845000,2018,2,3,250701,2018-02-01,14.359735302212595,0
Lubbock,TX,4845000,2018,3,2,250988,2018-03-01,9.562210145504965,0
Lubbock,TX,4845000,2018,4,0,251274,2018-04-01,0,0
Lubbock,TX,4845000,2018,5,0,251560,2018-05-01,0,0
Lubbock,TX,4845000,2018,6,6,251847,2018-06-01,28.58878604867241,0
Lubbock,TX,4845000,2018,7,4,252133,2018-07-01,19.03757144046991,0
Lubbock,TX,4845000,2018,8,3,252419,2018-08-01,14.262000879490056,0
Lubbock,TX,4845000,2018,9,2,252706,2018-09-01,9.497202282494282,0
Lubbock,TX,4845000,2018,10,4,252992,2018-10-01,18.972931950417404,0
Lubbock,TX,4845000,2018,11,3,253278,2018-11-01,14.213630872006254,0
Lubbock,TX,4845000,2018,12,6,253565,2018-12-01,28.39508607260466,0
Lubbock,TX,4845000,2019,1,3,253851,2019-01-01,14.181547443185178,0
Lubbock,TX,4845000,2019,2,4,254115,2019-02-01,18.889085650197746,0
Lubbock,TX,4845000,2019,3,2,254378,2019-03-01,9.4347781647784,0
Lubbock,TX,4845000,2019,4,6,254641,2019-04-01,28.2751010245797,0
Lubbock,TX,4845000,2019,5,1,254905,2019-05-01,4.707636178184029,0
Lubbock,TX,4845000,2019,6,9,255169,2019-06-01,42.32489056272509,0
Lubbock,TX,4845000,2019,7,12,255432,2019-07-01,56.37508221366156,0
Lubbock,TX,4845000,2019,8,0,255695,2019-08-01,0,0
Lubbock,TX,4845000,2019,9,5,255959,2019-09-01,23.441254263378116,0
Lubbock,TX,4845000,2019,10,0,256223,2019-10-01,0,0
Lubbock,TX,4845000,2019,11,9,256486,2019-11-01,42.10756142635465,0
Lubbock,TX,4845000,2019,12,2,256749,2019-12-01,9.347650818503675,0
Lubbock,TX,4845000,2020,1,4,257013,2020-01-01,18.67609809620525,0
Lubbock,TX,4845000,2020,2,3,256890,2020-02-01,14.013780217213593,0
Lubbock,TX,4845000,2020,3,3,256767,2020-03-01,14.02049328768884,0
Lubbock,TX,4845000,2020,4,11,256644,2020-04-01,51.43311357366625,0
Lubbock,TX,4845000,2020,5,4,256521,2020-05-01,18.71191832247652,0
Lubbock,TX,4845000,2020,6,11,256398,2020-06-01,51.48246086162918,0
Lubbock,TX,4845000,2020,7,9,256275,2020-07-01,42.14223002633889,0
Lubbock,TX,4845000,2020,8,2,256152,2020-08-01,9.369436896842501,0
Lubbock,TX,4845000,2020,9,4,256029,2020-09-01,18.74787621714728,0
Lubbock,TX,4845000,2020,10,3,255906,2020-10-01,14.067665470915102,0
Lubbock,TX,4845000,2020,11,7,255783,2020-11-01,32.84033731717902,0
Lubbock,TX,4845000,2020,12,5,255660,2020-12-01,23.46866932644919,0
Lubbock,TX,4845000,2021,1,2,255537,2021-01-01,9.39198628770002,0
Lubbock,TX,4845000,2021,2,4,256002,2021-02-01,18.749853516769402,0
Lubbock,TX,4845000,2021,3,4,256468,2021-03-01,18.715785205171795,0
Lubbock,TX,4845000,2021,4,4,256933,2021-04-01,18.681913183592613,0
Lubbock,TX,4845000,2021,5,4,257398,2021-05-01,18.648163544394283,0
Lubbock,TX,4845000,2021,6,4,257864,2021-06-01,18.6144634380914,0
Lubbock,TX,4845000,2021,7,7,258329,2021-07-01,32.51667447324923,0
Lubbock,TX,4845000,2021,8,12,258794,2021-08-01,55.64271196395589,0
Lubbock,TX,4845000,2021,9,12,259260,2021-09-01,55.542698449433,0
Lubbock,TX,4845000,2021,10,6,259725,2021-10-01,27.721628645682934,0
Lubbock,TX,4845000,2021,11,10,260190,2021-11-01,46.12014297244322,0
Lubbock,TX,4845000,2021,12,13,260656,2021-12-01,59.848996378368426,0
Lubbock,TX,4845000,2022,1,9,261121,2022-01-01,41.360135722519445,0
Lubbock,TX,4845000,2022,2,6,260998,2022-02-01,27.586418286730165,0
Lubbock,TX,4845000,2022,3,10,260875,2022-03-01,45.99904168663153,0
Lubbock,TX,4845000,2022,4,5,260752,2022-04-01,23.01037000674971,0
Lubbock,TX,4845000,2022,5,5,260629,2022-05-01,23.021229410387946,0
Lubbock,TX,4845000,2022,6,3,260506,2022-06-01,13.819259441241275,0
Lubbock,TX,4845000,2022,7,5,260383,2022-07-01,23.042978996324642,0
Lubbock,TX,4845000,2022,8,6,260260,2022-08-01,27.66464304925843,0
Lubbock,TX,4845000,2022,9,7,260137,2022-09-01,32.29067760449302,0
Lubbock,TX,4845000,2022,10,13,260014,2022-10-01,59.996769404724354,0
Lubbock,TX,4845000,2022,11,5,259891,2022-11-01,23.086601690708797,0
Lubbock,TX,4845000,2022,12,3,259768,2022-12-01,13.858519910073603,0
Lubbock,TX,4845000,2023,1,4,259645,2023-01-01,18.48678002657475,0
Lubbock,TX,4845000,2023,2,4,259645,2023-02-01,18.48678002657475,0
Lubbock,TX,4845000,2023,3,4,259645,2023-03-01,18.48678002657475,0
Lubbock,TX,4845000,2023,4,1,259645,2023-04-01,4.621695006643687,0
Lubbock,TX,4845000,2023,5,3,259645,2023-05-01,13.865085019931058,0
Lubbock,TX,4845000,2023,6,2,259645,2023-06-01,9.243390013287375,0
Lubbock,TX,4845000,2023,7,4,259645,2023-07-01,18.48678002657475,0
Lubbock,TX,4845000,2023,8,5,259645,2023-08-01,23.10847503321843,0
Lubbock,TX,4845000,2023,9,7,259645,2023-09-01,32.35186504650581,0
Lubbock,TX,4845000,2023,10,4,259645,2023-10-01,18.48678002657475,0
Lubbock,TX,4845000,2023,11,3,259645,2023-11-01,13.865085019931058,0
Lubbock,TX,4845000,2023,12,3,259645,2023-12-01,13.865085019931058,0
Lubbock,TX,4845000,2024,1,9,259645,2024-01-01,41.59525505979318,0
Lubbock,TX,4845000,2024,2,8,259645,2024-02-01,36.9735600531495,0
Lubbock,TX,4845000,2024,3,7,259645,2024-03-01,32.35186504650581,0
Lubbock,TX,4845000,2024,4,5,259645,2024-04-01,23.10847503321843,0
Lubbock,TX,4845000,2024,5,5,259645,2024-05-01,23.10847503321843,0
Lubbock,TX,4845000,2024,6,2,259645,2024-06-01,9.243390013287375,0
Lubbock,TX,4845000,2024,7,2,259645,2024-07-01,9.243390013287375,0
Lubbock,TX,4845000,2024,8,9,259645,2024-08-01,41.59525505979318,0
Lubbock,TX,4845000,2024,9,6,259645,2024-09-01,27.730170039862116,0
Lubbock,TX,4845000,2024,10,1,259645,2024-10-01,4.621695006643687,0
Lubbock,TX,4845000,2024,11,2,259645,2024-11-01,9.243390013287375,0
Lubbock,TX,4845000,2024,12,3,259645,2024-12-01,13.865085019931058,0
Lubbock,TX,4845000,2025,1,7,259645,2025-01-01,32.35186504650581,0
Lubbock,TX,4845000,2025,2,5,259645,2025-02-01,23.10847503321843,0
Lubbock,TX,4845000,2025,3,1,259645,2025-03-01,4.621695006643687,0
Lubbock,TX,4845000,2025,4,4,259645,2025-04-01,18.48678002657475,0
Lubbock,TX,4845000,2025,5,2,259645,2025-05-01,9.243390013287375,0
Lubbock,TX,4845000,2025,6,3,259645,2025-06-01,13.865085019931058,0
Lubbock,TX,4845000,2025,7,8,259645,2025-07-01,36.9735600531495,0
Lubbock,TX,4845000,2025,8,6,259645,2025-08-01,27.730170039862116,0
Lubbock,TX,4845000,2025,9,3,259645,2025-09-01,13.865085019931058,0
Madison,WI,5548000,2018,1,0,252086,2018-01-01,0,0
Madison,WI,5548000,2018,2,3,252327,2018-02-01,14.267200894077922,0
Madison,WI,5548000,2018,3,2,252568,2018-03-01,9.502391435177852,0
Madison,WI,5548000,2018,4,2,252809,2018-04-01,9.493332911407427,0
Madison,WI,5548000,2018,5,2,253050,2018-05-01,9.48429164196799,0
Madison,WI,5548000,2018,6,3,253291,2018-06-01,14.212901366412545,0
Madison,WI,5548000,2018,7,1,253532,2018-07-01,4.733130334632314,0
Madison,WI,5548000,2018,8,4,253772,2018-08-01,18.91461626972243,0
Madison,WI,5548000,2018,9,5,254013,2018-09-01,23.620838303551395,0
Madison,WI,5548000,2018,10,2,254254,2018-10-01,9.439379518119676,0
Madison,WI,5548000,2018,11,3,254495,2018-11-01,14.145661014951177,0
Madison,WI,5548000,2018,12,5,254736,2018-12-01,23.553796872055774,0
Madison,WI,5548000,2019,1,1,254977,2019-01-01,4.706306843362343,0
Madison,WI,5548000,2019,2,1,255259,2019-02-01,4.701107502575815,0
Madison,WI,5548000,2019,3,2,255542,2019-03-01,9.391802521698978,0
Madison,WI,5548000,2019,4,1,255824,2019-04-01,4.690724873350428,0
Madison,WI,5548000,2019,5,4,256107,2019-05-01,18.742166360154155,0
Madison,WI,5548000,2019,6,2,256389,2019-06-01,9.36077600833109,0
Madison,WI,5548000,2019,7,3,256671,2019-07-01,14.025737227813035,0
Madison,WI,5548000,2019,8,3,256954,2019-08-01,14.010289779493606,0
Madison,WI,5548000,2019,9,1,257236,2019-09-01,4.664976908364304,0
Madison,WI,5548000,2019,10,2,257519,2019-10-01,9.319700682279754,0
Madison,WI,5548000,2019,11,1,257801,2019-11-01,4.654753084743659,0
Madison,WI,5548000,2019,12,6,258084,2019-12-01,27.89789370902497,0
Madison,WI,5548000,2020,1,4,258366,2020-01-01,18.57829590580804,0
Madison,WI,5548000,2020,2,2,258956,2020-02-01,9.267983750135159,0
Madison,WI,5548000,2020,3,3,259546,2020-03-01,13.870373652454672,0
Madison,WI,5548000,2020,4,2,260136,2020-04-01,9.225943352707816,0
Madison,WI,5548000,2020,5,6,260726,2020-05-01,27.615197563725907,0
Madison,WI,5548000,2020,6,8,261316,2020-06-01,36.737130523963316,0
Madison,WI,5548000,2020,7,6,261906,2020-07-01,27.490779134498638,0
Madison,WI,5548000,2020,8,9,262497,2020-08-01,41.143327352312596,0
Madison,WI,5548000,2020,9,2,263087,2020-09-01,9.122457590074767,0
Madison,WI,5548000,2020,10,5,263677,2020-10-01,22.75511326357627,0
Madison,WI,5548000,2020,11,2,264267,2020-11-01,9.081724165332789,0
Madison,WI,5548000,2020,12,1,264857,2020-12-01,4.530746780338069,0
Madison,WI,5548000,2021,1,6,265447,2021-01-01,27.12405866331132,0
Madison,WI,5548000,2021,2,1,265548,2021-02-01,4.518957024718695,0
Madison,WI,5548000,2021,3,2,265649,2021-03-01,9.034477826003485,0
Madison,WI,5548000,2021,4,2,265751,2021-04-01,9.031010231382007,0
Madison,WI,5548000,2021,5,3,265852,2021-05-01,13.54136888193431,0
Madison,WI,5548000,2021,6,4,265953,2021-06-01,18.048301767605555,0
Madison,WI,5548000,2021,7,3,266055,2021-07-01,13.531036815696005,0
Madison,WI,5548000,2021,8,3,266156,2021-08-01,13.525902102526338,0
Madison,WI,5548000,2021,9,4,266257,2021-09-01,18.02769504651521,0
Madison,WI,5548000,2021,10,5,266358,2021-10-01,22.52607393057464,0
Madison,WI,5548000,2021,11,4,266459,2021-11-01,18.014028424635683,0
Madison,WI,5548000,2021,12,1,266561,2021-12-01,4.501783831843368,0
Madison,WI,5548000,2022,1,4,266662,2022-01-01,18.000315005512597,0
Madison,WI,5548000,2022,2,0,267252,2022-02-01,0,0
Madison,WI,5548000,2022,3,3,267842,2022-03-01,13.440759850956908,0
Madison,WI,5548000,2022,4,0,268432,2022-04-01,0,0
Madison,WI,5548000,2022,5,1,269022,2022-05-01,4.460601735174075,0
Madison,WI,5548000,2022,6,5,269612,2022-06-01,22.254202335207633,0
Madison,WI,5548000,2022,7,1,270202,2022-07-01,4.441121827373594,0
Madison,WI,5548000,2022,8,6,270793,2022-08-01,26.5885750370209,0
Madison,WI,5548000,2022,9,1,271383,2022-09-01,4.421795027691491,0
Madison,WI,5548000,2022,10,2,271973,2022-10-01,8.824405363767728,0
Madison,WI,5548000,2022,11,3,272563,2022-11-01,13.2079555919182,0
Madison,WI,5548000,2022,12,2,273153,2022-12-01,8.786284609724222,0
Madison,WI,5548000,2023,1,0,273743,2023-01-01,0,0
Madison,WI,5548000,2023,2,1,273743,2023-02-01,4.383673737775943,0
Madison,WI,5548000,2023,3,1,273743,2023-03-01,4.383673737775943,0
Madison,WI,5548000,2023,4,3,273743,2023-04-01,13.15102121332783,0
Madison,WI,5548000,2023,5,4,273743,2023-05-01,17.534694951103774,0
Madison,WI,5548000,2023,6,2,273743,2023-06-01,8.767347475551887,0
Madison,WI,5548000,2023,7,2,273743,2023-07-01,8.767347475551887,0
Madison,WI,5548000,2023,8,0,273743,2023-08-01,0,0
Madison,WI,5548000,2023,9,3,273743,2023-09-01,13.15102121332783,0
Madison,WI,5548000,2023,10,5,273743,2023-10-01,21.918368688879717,0
Madison,WI,5548000,2023,11,0,273743,2023-11-01,0,0
Madison,WI,5548000,2023,12,0,273743,2023-12-01,0,0
Madison,WI,5548000,2024,1,2,273743,2024-01-01,8.767347475551887,0
Madison,WI,5548000,2024,2,1,273743,2024-02-01,4.383673737775943,0
Madison,WI,5548000,2024,3,2,273743,2024-03-01,8.767347475551887,0
Madison,WI,5548000,2024,4,1,273743,2024-04-01,4.383673737775943,0
Madison,WI,5548000,2024,5,1,273743,2024-05-01,4.383673737775943,0
Madison,WI,5548000,2024,6,16,273743,2024-06-01,70.1387798044151,0
Madison,WI,5548000,2024,7,1,273743,2024-07-01,4.383673737775943,0
Madison,WI,5548000,2024,8,1,273743,2024-08-01,4.383673737775943,0
Madison,WI,5548000,2024,9,1,273743,2024-09-01,4.383673737775943,0
Madison,WI,5548000,2024,10,4,273743,2024-10-01,17.534694951103774,0
Madison,WI,5548000,2024,11,3,273743,2024-11-01,13.15102121332783,0
Madison,WI,5548000,2024,12,9,273743,2024-12-01,39.45306363998349,0
Madison,WI,5548000,2025,1,1,273743,2025-01-01,4.383673737775943,0
Madison,WI,5548000,2025,2,1,273743,2025-02-01,4.383673737775943,0
Madison,WI,5548000,2025,3,5,273743,2025-03-01,21.918368688879717,0
Madison,WI,5548000,2025,4,2,273743,2025-04-01,8.767347475551887,0
Madison,WI,5548000,2025,5,5,273743,2025-05-01,21.918368688879717,0
Madison,WI,5548000,2025,6,1,273743,2025-06-01,4.383673737775943,0
Madison,WI,5548000,2025,7,1,273743,2025-07-01,4.383673737775943,0
Madison,WI,5548000,2025,8,5,273743,2025-08-01,21.918368688879717,0
Madison,WI,5548000,2025,9,2,273743,2025-09-01,8.767347475551887,0
Memphis,TN,4748000,2018,1,31,653248,2018-01-01,56.94621338297247,0
Memphis,TN,4748000,2018,2,34,653138,2018-02-01,62.467656146174306,0
Memphis,TN,4748000,2018,3,22,653029,2018-03-01,40.426994819525625,0
Memphis,TN,4748000,2018,4,25,652919,2018-04-01,45.94750650540113,0
Memphis,TN,4748000,2018,5,52,652809,2018-05-01,95.58691745977768,0
Memphis,TN,4748000,2018,6,61,652700,2018-06-01,112.14953271028037,0
Memphis,TN,4748000,2018,7,62,652590,2018-07-01,114.00726336597253,0
Memphis,TN,4748000,2018,8,50,652480,2018-08-01,91.95684158901423,0
Memphis,TN,4748000,2018,9,64,652371,2018-09-01,117.72442367916415,0
Memphis,TN,4748000,2018,10,53,652261,2018-10-01,97.50697956799502,0
Memphis,TN,4748000,2018,11,49,652151,2018-11-01,90.16316773262633,0
Memphis,TN,4748000,2018,12,36,652042,2018-12-01,66.25340085454619,0
Memphis,TN,4748000,2019,1,42,651932,2019-01-01,77.30867636501966,0
Memphis,TN,4748000,2019,2,38,651847,2019-02-01,69.95506614282186,0
Memphis,TN,4748000,2019,3,63,651762,2019-03-01,115.99326134386479,0
Memphis,TN,4748000,2019,4,59,651676,2019-04-01,108.64294526728006,0
Memphis,TN,4748000,2019,5,52,651591,2019-05-01,95.76559528906938,0
Memphis,TN,4748000,2019,6,60,651506,2019-06-01,110.51318023164792,0
Memphis,TN,4748000,2019,7,52,651421,2019-07-01,95.79058703971779,0
Memphis,TN,4748000,2019,8,53,651336,2019-08-01,97.64545488043036,0
Memphis,TN,4748000,2019,9,41,651251,2019-09-01,75.54690894908414,0
Memphis,TN,4748000,2019,10,32,651166,2019-10-01,58.97113792796307,0
Memphis,TN,4748000,2019,11,55,651080,2019-11-01,101.37003133255516,0
Memphis,TN,4748000,2019,12,47,650995,2019-12-01,86.63661011221285,0
Memphis,TN,4748000,2020,1,42,650910,2020-01-01,77.43005945522421,0
Memphis,TN,4748000,2020,2,30,649512,2020-02-01,55.42622769094335,0
Memphis,TN,4748000,2020,3,40,648115,2020-03-01,74.06093054473358,0
Memphis,TN,4748000,2020,4,37,646717,2020-04-01,68.65445009177121,0
Memphis,TN,4748000,2020,5,66,645320,2020-05-01,122.7298084671171,0
Memphis,TN,4748000,2020,6,60,643922,2020-06-01,111.81478502054597,0
Memphis,TN,4748000,2020,7,67,642524,2020-07-01,125.13151259719481,0
Memphis,TN,4748000,2020,8,74,641127,2020-08-01,138.5060994155604,0
Memphis,TN,4748000,2020,9,70,639729,2020-09-01,131.30559971487926,0
Memphis,TN,4748000,2020,10,62,638332,2020-10-01,116.55376825852377,0
Memphis,TN,4748000,2020,11,83,636934,2020-11-01,156.37412981564808,0
Memphis,TN,4748000,2020,12,67,635537,2020-12-01,126.50718998264458,0
Memphis,TN,4748000,2021,1,53,634139,2021-01-01,100.29346878208091,0
Memphis,TN,4748000,2021,2,39,634679,2021-02-01,73.73806286327418,0
Memphis,TN,4748000,2021,3,47,635219,2021-03-01,88.78827616932114,0
Memphis,TN,4748000,2021,4,56,635759,2021-04-01,105.7004305090451,0
Memphis,TN,4748000,2021,5,65,636299,2021-05-01,122.58387959119848,0
Memphis,TN,4748000,2021,6,78,636839,2021-06-01,146.97592327103084,0
Memphis,TN,4748000,2021,7,71,637379,2021-07-01,133.6724303750202,0
Memphis,TN,4748000,2021,8,48,637918,2021-08-01,90.29373681256838,0
Memphis,TN,4748000,2021,9,54,638458,2021-09-01,101.49453840346585,0
Memphis,TN,4748000,2021,10,85,638998,2021-10-01,159.6249127540305,0
Memphis,TN,4748000,2021,11,67,639538,2021-11-01,125.71575105779486,0
Memphis,TN,4748000,2021,12,63,640078,2021-12-01,118.11060526998273,0
Memphis,TN,4748000,2022,1,55,640618,2022-01-01,103.0255159861259,0
Memphis,TN,4748000,2022,2,34,639220,2022-02-01,63.82779011920779,0
Memphis,TN,4748000,2022,3,57,637823,2022-03-01,107.23978282376146,0
Memphis,TN,4748000,2022,4,45,636425,2022-04-01,84.8489609930471,0
Memphis,TN,4748000,2022,5,59,635028,2022-05-01,111.49114684706815,0
Memphis,TN,4748000,2022,6,75,633630,2022-06-01,142.03872922683587,0
Memphis,TN,4748000,2022,7,63,632232,2022-07-01,119.57635804578067,0
Memphis,TN,4748000,2022,8,70,630835,2022-08-01,133.15684767015148,0
Memphis,TN,4748000,2022,9,62,629437,2022-09-01,118.2008683950896,0
Memphis,TN,4748000,2022,10,57,628040,2022-10-01,108.91026049296222,0
Memphis,TN,4748000,2022,11,58,626642,2022-11-01,111.06820162070208,0
Memphis,TN,4748000,2022,12,74,625245,2022-12-01,142.0243264640261,0
Memphis,TN,4748000,2023,1,44,623847,2023-01-01,84.63613674506729,0
Memphis,TN,4748000,2023,2,80,623847,2023-02-01,153.8838849910315,0
Memphis,TN,4748000,2023,3,84,623847,2023-03-01,161.578079240583,0
Memphis,TN,4748000,2023,4,67,623847,2023-04-01,128.87775367998884,0
Memphis,TN,4748000,2023,5,81,623847,2023-05-01,155.80743355341937,0
Memphis,TN,4748000,2023,6,94,623847,2023-06-01,180.81356486446194,0
Memphis,TN,4748000,2023,7,95,623847,2023-07-01,182.73711342684982,0
Memphis,TN,4748000,2023,8,79,623847,2023-08-01,151.9603364286436,0
Memphis,TN,4748000,2023,9,75,623847,2023-09-01,144.266142179092,0
Memphis,TN,4748000,2023,10,83,623847,2023-10-01,159.6545306781951,0
Memphis,TN,4748000,2023,11,74,623847,2023-11-01,142.3425936167041,0
Memphis,TN,4748000,2023,12,84,623847,2023-12-01,161.578079240583,0
Memphis,TN,4748000,2024,1,70,623847,2024-01-01,134.64839936715254,0
Memphis,TN,4748000,2024,2,59,623847,2024-02-01,113.48936518088568,0
Memphis,TN,4748000,2024,3,82,623847,2024-03-01,157.73098211580722,0
Memphis,TN,4748000,2024,4,110,623847,2024-04-01,211.59034186266823,0
Memphis,TN,4748000,2024,5,108,623847,2024-05-01,207.74324473789244,0
Memphis,TN,4748000,2024,6,98,623847,2024-06-01,188.5077591140135,0
Memphis,TN,4748000,2024,7,70,623847,2024-07-01,134.64839936715254,0
Memphis,TN,4748000,2024,8,71,623847,2024-08-01,136.57194792954041,0
Memphis,TN,4748000,2024,9,73,623847,2024-09-01,140.4190450543162,0
Memphis,TN,4748000,2024,10,76,623847,2024-10-01,146.1896907414799,0
Memphis,TN,4748000,2024,11,65,623847,2024-11-01,125.03065655521306,0
Memphis,TN,4748000,2024,12,39,623847,2024-12-01,75.01839393312784,0
Memphis,TN,4748000,2025,1,70,623847,2025-01-01,134.64839936715254,0
Memphis,TN,4748000,2025,2,52,623847,2025-02-01,100.02452524417043,0
Memphis,TN,4748000,2025,3,69,623847,2025-03-01,132.72485080476463,0
Memphis,TN,4748000,2025,4,107,623847,2025-04-01,205.81969617550453,0
Memphis,TN,4748000,2025,5,85,623847,2025-05-01,163.50162780297092,0
Memphis,TN,4748000,2025,6,61,623847,2025-06-01,117.33646230566147,0
Memphis,TN,4748000,2025,7,63,623847,2025-07-01,121.18355943043726,0
Memphis,TN,4748000,2025,8,50,623847,2025-08-01,96.17742811939465,0
Memphis,TN,4748000,2025,9,48,623847,2025-09-01,92.33033099461886,0
Mesa,AZ,446000,2018,1,2,491194,2018-01-01,4.886053168401894,0
Mesa,AZ,446000,2018,2,2,491904,2018-02-01,4.8790007806401245,0
Mesa,AZ,446000,2018,3,0,492615,2018-03-01,0,0
Mesa,AZ,446000,2018,4,0,493326,2018-04-01,0,0
Mesa,AZ,446000,2018,5,1,494036,2018-05-01,2.428972787408205,0
Mesa,AZ,446000,2018,6,0,494746,2018-06-01,0,0
Mesa,AZ,446000,2018,7,0,495457,2018-07-01,0,0
Mesa,AZ,446000,2018,8,2,496168,2018-08-01,4.837071314554747,0
Mesa,AZ,446000,2018,9,1,496878,2018-09-01,2.4150797580090084,0
Mesa,AZ,446000,2018,10,2,497588,2018-10-01,4.823267442140888,0
Mesa,AZ,446000,2018,11,0,498299,2018-11-01,0,0
Mesa,AZ,446000,2018,12,2,499010,2018-12-01,4.809522855253402,0
Mesa,AZ,446000,2019,1,0,499720,2019-01-01,0,0
Mesa,AZ,446000,2019,2,1,500486,2019-02-01,2.397669465279748,0
Mesa,AZ,446000,2019,3,0,501253,2019-03-01,0,0
Mesa,AZ,446000,2019,4,0,502020,2019-04-01,0,0
Mesa,AZ,446000,2019,5,1,502786,2019-05-01,2.3867013003544253,0
Mesa,AZ,446000,2019,6,0,503552,2019-06-01,0,0
Mesa,AZ,446000,2019,7,0,504319,2019-07-01,0,0
Mesa,AZ,446000,2019,8,2,505086,2019-08-01,4.751666052909801,0
Mesa,AZ,446000,2019,9,1,505852,2019-09-01,2.3722353573772565,0
Mesa,AZ,446000,2019,10,1,506618,2019-10-01,2.368648567559779,0
Mesa,AZ,446000,2019,11,3,507385,2019-11-01,7.095203839293633,0
Mesa,AZ,446000,2019,12,0,508152,2019-12-01,0,0
Mesa,AZ,446000,2020,1,2,508918,2020-01-01,4.715887431767003,0
Mesa,AZ,446000,2020,2,2,507988,2020-02-01,4.724521051678386,0
Mesa,AZ,446000,2020,3,0,507057,2020-03-01,0,0
Mesa,AZ,446000,2020,4,2,506126,2020-04-01,4.741902214073176,0
Mesa,AZ,446000,2020,5,0,505196,2020-05-01,0,0
Mesa,AZ,446000,2020,6,0,504266,2020-06-01,0,0
Mesa,AZ,446000,2020,7,3,503335,2020-07-01,7.152294197701332,0
Mesa,AZ,446000,2020,8,3,502404,2020-08-01,7.165548044999642,0
Mesa,AZ,446000,2020,9,2,501474,2020-09-01,4.785891192763733,0
Mesa,AZ,446000,2020,10,11,500544,2020-10-01,26.37130801687764,0
Mesa,AZ,446000,2020,11,3,499613,2020-11-01,7.205577116688318,0
Mesa,AZ,446000,2020,12,2,498682,2020-12-01,4.812686240931095,0
Mesa,AZ,446000,2021,1,2,497752,2021-01-01,4.821678265481605,0
Mesa,AZ,446000,2021,2,2,499451,2021-02-01,4.8052761932602,0
Mesa,AZ,446000,2021,3,11,501149,2021-03-01,26.33947189358853,0
Mesa,AZ,446000,2021,4,7,502848,2021-04-01,16.704849179075985,0
Mesa,AZ,446000,2021,5,3,504547,2021-05-01,7.135113279833197,0
Mesa,AZ,446000,2021,6,2,506245,2021-06-01,4.740787563333959,0
Mesa,AZ,446000,2021,7,4,507944,2021-07-01,9.449860614555936,0
Mesa,AZ,446000,2021,8,1,509643,2021-08-01,2.354589389042918,0
Mesa,AZ,446000,2021,9,2,511341,2021-09-01,4.693541100752727,0
Mesa,AZ,446000,2021,10,1,513040,2021-10-01,2.3389989084671763,0
Mesa,AZ,446000,2021,11,0,514739,2021-11-01,0,0
Mesa,AZ,446000,2021,12,0,516437,2021-12-01,0,0
Mesa,AZ,446000,2022,1,2,518136,2022-01-01,4.631988512668489,0
Mesa,AZ,446000,2022,2,1,517206,2022-02-01,2.3201586988550016,0
Mesa,AZ,446000,2022,3,3,516275,2022-03-01,6.973027940535568,0
Mesa,AZ,446000,2022,4,1,515344,2022-04-01,2.3285417119438665,0
Mesa,AZ,446000,2022,5,1,514414,2022-05-01,2.3327514414459953,0
Mesa,AZ,446000,2022,6,5,513484,2022-06-01,11.684882099539614,0
Mesa,AZ,446000,2022,7,1,512553,2022-07-01,2.3412212980901486,0
Mesa,AZ,446000,2022,8,3,511622,2022-08-01,7.0364448753181055,0
Mesa,AZ,446000,2022,9,0,510692,2022-09-01,0,0
Mesa,AZ,446000,2022,10,2,509762,2022-10-01,4.7080794566876305,0
Mesa,AZ,446000,2022,11,5,508831,2022-11-01,11.79173438725235,0
Mesa,AZ,446000,2022,12,6,507900,2022-12-01,14.176018901358535,0
Mesa,AZ,446000,2023,1,0,506970,2023-01-01,0,0
Mesa,AZ,446000,2023,2,4,506970,2023-02-01,9.468015858926563,0
Mesa,AZ,446000,2023,3,4,506970,2023-03-01,9.468015858926563,0
Mesa,AZ,446000,2023,4,7,506970,2023-04-01,16.569027753121485,0
Mesa,AZ,446000,2023,5,7,506970,2023-05-01,16.569027753121485,0
Mesa,AZ,446000,2023,6,3,506970,2023-06-01,7.101011894194924,0
Mesa,AZ,446000,2023,7,1,506970,2023-07-01,2.3670039647316408,0
Mesa,AZ,446000,2023,8,4,506970,2023-08-01,9.468015858926563,0
Mesa,AZ,446000,2023,9,3,506970,2023-09-01,7.101011894194924,0
Mesa,AZ,446000,2023,10,1,506970,2023-10-01,2.3670039647316408,0
Mesa,AZ,446000,2023,11,1,506970,2023-11-01,2.3670039647316408,0
Mesa,AZ,446000,2023,12,1,506970,2023-12-01,2.3670039647316408,0
Mesa,AZ,446000,2024,1,5,506970,2024-01-01,11.835019823658206,0
Mesa,AZ,446000,2024,2,0,506970,2024-02-01,0,0
Mesa,AZ,446000,2024,3,0,506970,2024-03-01,0,0
Mesa,AZ,446000,2024,4,2,506970,2024-04-01,4.7340079294632815,0
Mesa,AZ,446000,2024,5,0,506970,2024-05-01,0,0
Mesa,AZ,446000,2024,6,1,506970,2024-06-01,2.3670039647316408,0
Mesa,AZ,446000,2024,7,0,506970,2024-07-01,0,0
Mesa,AZ,446000,2024,8,1,506970,2024-08-01,2.3670039647316408,0
Mesa,AZ,446000,2024,9,1,506970,2024-09-01,2.3670039647316408,0
Mesa,AZ,446000,2024,10,1,506970,2024-10-01,2.3670039647316408,0
Mesa,AZ,446000,2024,11,1,506970,2024-11-01,2.3670039647316408,0
Mesa,AZ,446000,2024,12,2,506970,2024-12-01,4.7340079294632815,0
Mesa,AZ,446000,2025,1,0,506970,2025-01-01,0,0
Mesa,AZ,446000,2025,2,2,506970,2025-02-01,4.7340079294632815,0
Mesa,AZ,446000,2025,3,0,506970,2025-03-01,0,0
Mesa,AZ,446000,2025,4,1,506970,2025-04-01,2.3670039647316408,0
Mesa,AZ,446000,2025,5,4,506970,2025-05-01,9.468015858926563,0
Mesa,AZ,446000,2025,6,2,506970,2025-06-01,4.7340079294632815,0
Mesa,AZ,446000,2025,7,3,506970,2025-07-01,7.101011894194924,0
Mesa,AZ,446000,2025,8,0,506970,2025-08-01,0,0
Mesa,AZ,446000,2025,9,2,506970,2025-09-01,4.7340079294632815,0
Miami,FL,1245000,2018,1,8,451214,2018-01-01,21.275935587105007,0
Miami,FL,1245000,2018,2,5,451469,2018-02-01,13.289949033045456,0
Miami,FL,1245000,2018,3,15,451725,2018-03-01,39.84725219990038,0
Miami,FL,1245000,2018,4,8,451980,2018-04-01,21.239877870702244,0
Miami,FL,1245000,2018,5,3,452236,2018-05-01,7.960445431146569,0
Miami,FL,1245000,2018,6,5,452491,2018-06-01,13.259932241746245,0
Miami,FL,1245000,2018,7,7,452746,2018-07-01,18.553449395466775,0
Miami,FL,1245000,2018,8,8,453002,2018-08-01,21.191959417397715,0
Miami,FL,1245000,2018,9,4,453257,2018-09-01,10.5900184663447,0
Miami,FL,1245000,2018,10,2,453513,2018-10-01,5.292020294897831,0
Miami,FL,1245000,2018,11,2,453768,2018-11-01,5.289046384936796,0
Miami,FL,1245000,2018,12,22,454024,2018-12-01,58.14670590100964,0
Miami,FL,1245000,2019,1,9,454279,2019-01-01,23.773936281448186,0
Miami,FL,1245000,2019,2,3,454846,2019-02-01,7.914766756220786,0
Miami,FL,1245000,2019,3,18,455413,2019-03-01,47.429476101911895,0
Miami,FL,1245000,2019,4,7,455979,2019-04-01,18.42190100859908,0
Miami,FL,1245000,2019,5,11,456546,2019-05-01,28.912749208184934,0
Miami,FL,1245000,2019,6,5,457113,2019-06-01,13.125857282553767,0
Miami,FL,1245000,2019,7,8,457679,2019-07-01,20.97539978893504,0
Miami,FL,1245000,2019,8,11,458246,2019-08-01,28.805488754948215,0
Miami,FL,1245000,2019,9,4,458813,2019-09-01,10.461778545943552,0
Miami,FL,1245000,2019,10,1,459380,2019-10-01,2.612216465671122,0
Miami,FL,1245000,2019,11,4,459947,2019-11-01,10.435985015664848,0
Miami,FL,1245000,2019,12,4,460513,2019-12-01,10.423158521040666,0
Miami,FL,1245000,2020,1,15,461080,2020-01-01,39.038778519996534,0
Miami,FL,1245000,2020,2,2,459391,2020-02-01,5.224307833631917,0
Miami,FL,1245000,2020,3,4,457701,2020-03-01,10.487195789390888,0
Miami,FL,1245000,2020,4,4,456012,2020-04-01,10.526038788452937,0
Miami,FL,1245000,2020,5,6,454322,2020-05-01,15.847790773944471,0
Miami,FL,1245000,2020,6,10,452633,2020-06-01,26.51154467305742,0
Miami,FL,1245000,2020,7,5,450944,2020-07-01,13.305421515753618,0
Miami,FL,1245000,2020,8,6,449254,2020-08-01,16.026568489095254,0
Miami,FL,1245000,2020,9,1,447565,2020-09-01,2.6811748014254917,0
Miami,FL,1245000,2020,10,8,445875,2020-10-01,21.530698065601346,0
Miami,FL,1245000,2020,11,6,444186,2020-11-01,16.209425781091703,0
Miami,FL,1245000,2020,12,13,442496,2020-12-01,35.25455597338733,0
Miami,FL,1245000,2021,1,26,440807,2021-01-01,70.77927528374096,0
Miami,FL,1245000,2021,2,1,442405,2021-02-01,2.7124467399780743,0
Miami,FL,1245000,2021,3,6,444003,2021-03-01,16.216106647928054,0
Miami,FL,1245000,2021,4,8,445600,2021-04-01,21.543985637342907,0
Miami,FL,1245000,2021,5,13,447198,2021-05-01,34.88387694041566,0
Miami,FL,1245000,2021,6,4,448796,2021-06-01,10.695282489148745,0
Miami,FL,1245000,2021,7,7,450393,2021-07-01,18.65037866929548,0
Miami,FL,1245000,2021,8,5,451991,2021-08-01,13.274600600454434,0
Miami,FL,1245000,2021,9,7,453589,2021-09-01,18.51896761164843,0
Miami,FL,1245000,2021,10,11,455187,2021-10-01,28.999070711597653,0
Miami,FL,1245000,2021,11,6,456785,2021-11-01,15.762338955963967,0
Miami,FL,1245000,2021,12,7,458382,2021-12-01,18.325326910742568,0
Miami,FL,1245000,2022,1,6,459980,2022-01-01,15.652854471933564,0
Miami,FL,1245000,2022,2,5,458291,2022-02-01,13.092118326565437,0
Miami,FL,1245000,2022,3,9,456601,2022-03-01,23.653036239517654,0
Miami,FL,1245000,2022,4,10,454912,2022-04-01,26.378728193584692,0
Miami,FL,1245000,2022,5,6,453222,2022-05-01,15.88625441836451,0
Miami,FL,1245000,2022,6,14,451533,2022-06-01,37.20658290756157,0
Miami,FL,1245000,2022,7,11,449844,2022-07-01,29.343505748659535,0
Miami,FL,1245000,2022,8,3,448154,2022-08-01,8.032952958134928,0
Miami,FL,1245000,2022,9,5,446465,2022-09-01,13.438903385483744,0
Miami,FL,1245000,2022,10,8,444775,2022-10-01,21.58394693946377,0
Miami,FL,1245000,2022,11,7,443086,2022-11-01,18.95794495876647,0
Miami,FL,1245000,2022,12,6,441396,2022-12-01,16.31188320691624,0
Miami,FL,1245000,2023,1,4,439707,2023-01-01,10.916360212596114,0
Miami,FL,1245000,2023,2,2,439707,2023-02-01,5.458180106298057,0
Miami,FL,1245000,2023,3,4,439707,2023-03-01,10.916360212596114,0
Miami,FL,1245000,2023,4,5,439707,2023-04-01,13.645450265745144,0
Miami,FL,1245000,2023,5,8,439707,2023-05-01,21.832720425192228,0
Miami,FL,1245000,2023,6,4,439707,2023-06-01,10.916360212596114,0
Miami,FL,1245000,2023,7,10,439707,2023-07-01,27.290900531490287,0
Miami,FL,1245000,2023,8,5,439707,2023-08-01,13.645450265745144,0
Miami,FL,1245000,2023,9,6,439707,2023-09-01,16.37454031889417,0
Miami,FL,1245000,2023,10,11,439707,2023-10-01,30.01999058463932,0
Miami,FL,1245000,2023,11,1,439707,2023-11-01,2.7290900531490285,0
Miami,FL,1245000,2023,12,13,439707,2023-12-01,35.478170690937375,0
Miami,FL,1245000,2024,1,9,439707,2024-01-01,24.561810478341258,0
Miami,FL,1245000,2024,2,5,439707,2024-02-01,13.645450265745144,0
Miami,FL,1245000,2024,3,7,439707,2024-03-01,19.103630372043202,0
Miami,FL,1245000,2024,4,7,439707,2024-04-01,19.103630372043202,0
Miami,FL,1245000,2024,5,3,439707,2024-05-01,8.187270159447085,0
Miami,FL,1245000,2024,6,5,439707,2024-06-01,13.645450265745144,0
Miami,FL,1245000,2024,7,8,439707,2024-07-01,21.832720425192228,0
Miami,FL,1245000,2024,8,0,439707,2024-08-01,0,0
Miami,FL,1245000,2024,9,1,439707,2024-09-01,2.7290900531490285,0
Miami,FL,1245000,2024,10,8,439707,2024-10-01,21.832720425192228,0
Miami,FL,1245000,2024,11,13,439707,2024-11-01,35.478170690937375,0
Miami,FL,1245000,2024,12,5,439707,2024-12-01,13.645450265745144,0
Miami,FL,1245000,2025,1,5,439707,2025-01-01,13.645450265745144,0
Miami,FL,1245000,2025,2,3,439707,2025-02-01,8.187270159447085,0
Miami,FL,1245000,2025,3,3,439707,2025-03-01,8.187270159447085,0
Miami,FL,1245000,2025,4,8,439707,2025-04-01,21.832720425192228,0
Miami,FL,1245000,2025,5,9,439707,2025-05-01,24.561810478341258,0
Miami,FL,1245000,2025,6,13,439707,2025-06-01,35.478170690937375,0
Miami,FL,1245000,2025,7,6,439707,2025-07-01,16.37454031889417,0
Miami,FL,1245000,2025,8,8,439707,2025-08-01,21.832720425192228,0
Miami,FL,1245000,2025,9,2,439707,2025-09-01,5.458180106298057,0
Milwaukee,WI,5553000,2018,1,31,596886,2018-01-01,62.323458750917254,0
Milwaukee,WI,5553000,2018,2,17,596691,2018-02-01,34.18854985243619,0
Milwaukee,WI,5553000,2018,3,47,596496,2018-03-01,94.55218475899252,0
Milwaukee,WI,5553000,2018,4,44,596302,2018-04-01,88.54573689170924,0
Milwaukee,WI,5553000,2018,5,60,596107,2018-05-01,120.7836848082643,0
Milwaukee,WI,5553000,2018,6,47,595912,2018-06-01,94.64484689014486,0
Milwaukee,WI,5553000,2018,7,48,595717,2018-07-01,96.69020692711473,0
Milwaukee,WI,5553000,2018,8,65,595522,2018-08-01,130.97752895778828,0
Milwaukee,WI,5553000,2018,9,32,595327,2018-09-01,64.5023659266252,0
Milwaukee,WI,5553000,2018,10,22,595132,2018-10-01,44.35990670977195,0
Milwaukee,WI,5553000,2018,11,31,594938,2018-11-01,62.52752387643754,0
Milwaukee,WI,5553000,2018,12,30,594743,2018-12-01,60.53034672118881,0
Milwaukee,WI,5553000,2019,1,25,594548,2019-01-01,50.4584995660569,0
Milwaukee,WI,5553000,2019,2,23,594390,2019-02-01,46.4341593902993,0
Milwaukee,WI,5553000,2019,3,34,594232,2019-03-01,68.66005196623541,0
Milwaukee,WI,5553000,2019,4,30,594073,2019-04-01,60.598613301732286,0
Milwaukee,WI,5553000,2019,5,40,593915,2019-05-01,80.81964590892636,0
Milwaukee,WI,5553000,2019,6,43,593757,2019-06-01,86.90423860266068,0
Milwaukee,WI,5553000,2019,7,49,593598,2019-07-01,99.05693752337439,0
Milwaukee,WI,5553000,2019,8,53,593440,2019-08-01,107.17174440550014,0
Milwaukee,WI,5553000,2019,9,51,593282,2019-09-01,103.1549920611109,0
Milwaukee,WI,5553000,2019,10,57,593124,2019-10-01,115.32158536832094,0
Milwaukee,WI,5553000,2019,11,41,592966,2019-11-01,82.9727168168158,0
Milwaukee,WI,5553000,2019,12,59,592807,2019-12-01,119.43178808617307,0
Milwaukee,WI,5553000,2020,1,32,592649,2020-01-01,64.7938324370749,0
Milwaukee,WI,5553000,2020,2,49,591445,2020-02-01,99.41752825706533,0
Milwaukee,WI,5553000,2020,3,35,590241,2020-03-01,71.15737469948716,0
Milwaukee,WI,5553000,2020,4,55,589036,2020-04-01,112.04748096890512,0
Milwaukee,WI,5553000,2020,5,61,587832,2020-05-01,124.52537459682358,0
Milwaukee,WI,5553000,2020,6,118,586628,2020-06-01,241.37954547004233,0
Milwaukee,WI,5553000,2020,7,123,585423,2020-07-01,252.12538625916645,0
Milwaukee,WI,5553000,2020,8,95,584219,2020-08-01,195.13230483774066,0
Milwaukee,WI,5553000,2020,9,105,583015,2020-09-01,216.1179386465185,0
Milwaukee,WI,5553000,2020,10,107,581811,2020-10-01,220.6902241449543,0
Milwaukee,WI,5553000,2020,11,88,580607,2020-11-01,181.87862013375656,0
Milwaukee,WI,5553000,2020,12,75,579402,2020-12-01,155.33256702600266,0
Milwaukee,WI,5553000,2021,1,65,578198,2021-01-01,134.90188482146255,0
Milwaukee,WI,5553000,2021,2,59,578532,2021-02-01,122.37871025284686,0
Milwaukee,WI,5553000,2021,3,54,578866,2021-03-01,111.94300580790718,0
Milwaukee,WI,5553000,2021,4,93,579200,2021-04-01,192.67955801104972,0
Milwaukee,WI,5553000,2021,5,124,579534,2021-05-01,256.75801592313826,0
Milwaukee,WI,5553000,2021,6,113,579868,2021-06-01,233.8463236460712,0
Milwaukee,WI,5553000,2021,7,106,580202,2021-07-01,219.23399092040358,0
Milwaukee,WI,5553000,2021,8,130,580535,2021-08-01,268.7176483760669,0
Milwaukee,WI,5553000,2021,9,109,580869,2021-09-01,225.17985983070193,0
Milwaukee,WI,5553000,2021,10,81,581203,2021-10-01,167.2393294597585,0
Milwaukee,WI,5553000,2021,11,81,581537,2021-11-01,167.14327721194007,0
Milwaukee,WI,5553000,2021,12,70,581871,2021-12-01,144.36189464675158,0
Milwaukee,WI,5553000,2022,1,79,582205,2022-01-01,162.82924399481283,0
Milwaukee,WI,5553000,2022,2,59,581001,2022-02-01,121.8586542880305,0
Milwaukee,WI,5553000,2022,3,82,579797,2022-03-01,169.71457251417308,0
Milwaukee,WI,5553000,2022,4,59,578592,2022-04-01,122.36601957856313,0
Milwaukee,WI,5553000,2022,5,125,577388,2022-05-01,259.79064338018804,0
Milwaukee,WI,5553000,2022,6,84,576184,2022-06-01,174.94411507435126,0
Milwaukee,WI,5553000,2022,7,111,574979,2022-07-01,231.66063456230575,0
Milwaukee,WI,5553000,2022,8,103,573775,2022-08-01,215.41545030717614,0
Milwaukee,WI,5553000,2022,9,96,572571,2022-09-01,201.19775538754146,0
Milwaukee,WI,5553000,2022,10,94,571367,2022-10-01,197.42127214207332,0
Milwaukee,WI,5553000,2022,11,91,570163,2022-11-01,191.52417817361,0
Milwaukee,WI,5553000,2022,12,68,568958,2022-12-01,143.42007670161945,0
Milwaukee,WI,5553000,2023,1,87,567754,2023-01-01,183.88245613417078,0
Milwaukee,WI,5553000,2023,2,47,567754,2023-02-01,99.33879814144858,0
Milwaukee,WI,5553000,2023,3,76,567754,2023-03-01,160.6329501861722,0
Milwaukee,WI,5553000,2023,4,64,567754,2023-04-01,135.2698527883555,0
Milwaukee,WI,5553000,2023,5,94,567754,2023-05-01,198.67759628289716,0
Milwaukee,WI,5553000,2023,6,112,567754,2023-06-01,236.72224237962214,0
Milwaukee,WI,5553000,2023,7,132,567754,2023-07-01,278.99407137598325,0
Milwaukee,WI,5553000,2023,8,109,567754,2023-08-01,230.381468030168,0
Milwaukee,WI,5553000,2023,9,81,567754,2023-09-01,171.20090743526245,0
Milwaukee,WI,5553000,2023,10,73,567754,2023-10-01,154.292175836718,0
Milwaukee,WI,5553000,2023,11,47,567754,2023-11-01,99.33879814144858,0
Milwaukee,WI,5553000,2023,12,71,567754,2023-12-01,150.0649929370819,0
Milwaukee,WI,5553000,2024,1,54,567754,2024-01-01,114.13393829017497,0
Milwaukee,WI,5553000,2024,2,51,567754,2024-02-01,107.79316394072079,0
Milwaukee,WI,5553000,2024,3,44,567754,2024-03-01,92.99802379199443,0
Milwaukee,WI,5553000,2024,4,57,567754,2024-04-01,120.47471263962913,0
Milwaukee,WI,5553000,2024,5,63,567754,2024-05-01,133.15626133853746,0
Milwaukee,WI,5553000,2024,6,86,567754,2024-06-01,181.7688646843527,0
Milwaukee,WI,5553000,2024,7,130,567754,2024-07-01,274.76688847634716,0
Milwaukee,WI,5553000,2024,8,85,567754,2024-08-01,179.6552732345347,0
Milwaukee,WI,5553000,2024,9,65,567754,2024-09-01,137.38344423817358,0
Milwaukee,WI,5553000,2024,10,66,567754,2024-10-01,139.49703568799163,0
Milwaukee,WI,5553000,2024,11,41,567754,2024-11-01,86.65724944254026,0
Milwaukee,WI,5553000,2024,12,43,567754,2024-12-01,90.88443234217635,0
Milwaukee,WI,5553000,2025,1,40,567754,2025-01-01,84.5436579927222,0
Milwaukee,WI,5553000,2025,2,31,567754,2025-02-01,65.52133494435971,0
Milwaukee,WI,5553000,2025,3,68,567754,2025-03-01,143.72421858762772,0
Milwaukee,WI,5553000,2025,4,40,567754,2025-04-01,84.5436579927222,0
Milwaukee,WI,5553000,2025,5,69,567754,2025-05-01,145.8378100374458,0
Milwaukee,WI,5553000,2025,6,96,567754,2025-06-01,202.9047791825333,0
Milwaukee,WI,5553000,2025,7,75,567754,2025-07-01,158.51935873635412,0
Milwaukee,WI,5553000,2025,8,47,567754,2025-08-01,99.33879814144858,0
Milwaukee,WI,5553000,2025,9,38,567754,2025-09-01,80.3164750930861,0
Minneapolis,MN,2743000,2018,1,6,416021,2018-01-01,17.306818646174115,0
Minneapolis,MN,2743000,2018,2,10,416380,2018-02-01,28.819828041692688,0
Minneapolis,MN,2743000,2018,3,8,416738,2018-03-01,23.03605622717391,0
Minneapolis,MN,2743000,2018,4,17,417097,2018-04-01,48.90948628256737,0
Minneapolis,MN,2743000,2018,5,13,417455,2018-05-01,37.36929728952822,0
Minneapolis,MN,2743000,2018,6,9,417814,2018-06-01,25.848822681863226,0
Minneapolis,MN,2743000,2018,7,11,418173,2018-07-01,31.565883019707158,0
Minneapolis,MN,2743000,2018,8,10,418531,2018-08-01,28.671711294981737,0
Minneapolis,MN,2743000,2018,9,16,418890,2018-09-01,45.83542218720905,0
Minneapolis,MN,2743000,2018,10,9,419248,2018-10-01,25.76040911346029,0
Minneapolis,MN,2743000,2018,11,13,419607,2018-11-01,37.17764479620216,0
Minneapolis,MN,2743000,2018,12,8,419965,2018-12-01,22.859047777791005,0
Minneapolis,MN,2743000,2019,1,3,420324,2019-01-01,8.56482142347332,0
Minneapolis,MN,2743000,2019,2,10,420675,2019-02-01,28.52558388304511,0
Minneapolis,MN,2743000,2019,3,12,421026,2019-03-01,34.20216328682789,0
Minneapolis,MN,2743000,2019,4,2,421377,2019-04-01,5.695612242718516,0
Minneapolis,MN,2743000,2019,5,21,421728,2019-05-01,59.75415433644434,0
Minneapolis,MN,2743000,2019,6,14,422079,2019-06-01,39.80297527240162,0
Minneapolis,MN,2743000,2019,7,18,422430,2019-07-01,51.13273205028051,0
Minneapolis,MN,2743000,2019,8,14,422781,2019-08-01,39.73688505396411,0
Minneapolis,MN,2743000,2019,9,7,423132,2019-09-01,19.851961090156262,0
Minneapolis,MN,2743000,2019,10,9,423483,2019-10-01,25.502794681250485,0
Minneapolis,MN,2743000,2019,11,8,423834,2019-11-01,22.65037727034641,0
Minneapolis,MN,2743000,2019,12,13,424185,2019-12-01,36.776406520739776,0
Minneapolis,MN,2743000,2020,1,9,424536,2020-01-01,25.43953869636497,0
Minneapolis,MN,2743000,2020,2,10,424582,2020-02-01,28.26309169960102,0
Minneapolis,MN,2743000,2020,3,7,424628,2020-03-01,19.782020968942227,0
Minneapolis,MN,2743000,2020,4,6,424675,2020-04-01,16.954141402248776,0
Minneapolis,MN,2743000,2020,5,20,424721,2020-05-01,56.50768386776261,0
Minneapolis,MN,2743000,2020,6,99,424767,2020-06-01,279.68274371596664,0
Minneapolis,MN,2743000,2020,7,86,424814,2020-07-01,242.92984694478054,0
Minneapolis,MN,2743000,2020,8,62,424860,2020-08-01,175.1165089676599,0
Minneapolis,MN,2743000,2020,9,33,424906,2020-09-01,93.1970835902529,0
Minneapolis,MN,2743000,2020,10,60,424952,2020-10-01,169.43090043110755,0
Minneapolis,MN,2743000,2020,11,35,424998,2020-11-01,98.82399446585629,0
Minneapolis,MN,2743000,2020,12,21,425045,2020-12-01,59.28784011104707,0
Minneapolis,MN,2743000,2021,1,21,425091,2021-01-01,59.28142444794173,0
Minneapolis,MN,2743000,2021,2,24,425613,2021-02-01,67.66710603294543,0
Minneapolis,MN,2743000,2021,3,28,426135,2021-03-01,78.8482523144074,0
Minneapolis,MN,2743000,2021,4,46,426657,2021-04-01,129.37793121875418,0
Minneapolis,MN,2743000,2021,5,84,427179,2021-05-01,235.96665566425315,0
Minneapolis,MN,2743000,2021,6,51,427701,2021-06-01,143.09061704321476,0
Minneapolis,MN,2743000,2021,7,70,428223,2021-07-01,196.15947765533377,0
Minneapolis,MN,2743000,2021,8,55,428746,2021-08-01,153.93729620801128,0
Minneapolis,MN,2743000,2021,9,53,429268,2021-09-01,148.15919192672175,0
Minneapolis,MN,2743000,2021,10,52,429790,2021-10-01,145.18718443891203,0
Minneapolis,MN,2743000,2021,11,41,430312,2021-11-01,114.3356448344457,0
Minneapolis,MN,2743000,2021,12,31,430834,2021-12-01,86.34416039588334,0
Minneapolis,MN,2743000,2022,1,35,431356,2022-01-01,97.3673717300791,0
Minneapolis,MN,2743000,2022,2,32,431402,2022-02-01,89.01210471903237,0
Minneapolis,MN,2743000,2022,3,29,431448,2022-03-01,80.65861934694331,0
Minneapolis,MN,2743000,2022,4,40,431495,2022-04-01,111.24114995538766,0
Minneapolis,MN,2743000,2022,5,47,431541,2022-05-01,130.69441837507907,0
Minneapolis,MN,2743000,2022,6,58,431587,2022-06-01,161.2652837087308,0
Minneapolis,MN,2743000,2022,7,70,431634,2022-07-01,194.6093217865136,0
Minneapolis,MN,2743000,2022,8,53,431680,2022-08-01,147.33135656041512,0
Minneapolis,MN,2743000,2022,9,58,431726,2022-09-01,161.21336217878934,0
Minneapolis,MN,2743000,2022,10,45,431772,2022-10-01,125.0660070592813,0
Minneapolis,MN,2743000,2022,11,24,431818,2022-11-01,66.69476492411155,0
Minneapolis,MN,2743000,2022,12,21,431865,2022-12-01,58.35156819839533,0
Minneapolis,MN,2743000,2023,1,35,431911,2023-01-01,97.24225592772584,0
Minneapolis,MN,2743000,2023,2,19,431911,2023-02-01,52.78865321790832,0
Minneapolis,MN,2743000,2023,3,19,431911,2023-03-01,52.78865321790832,0
Minneapolis,MN,2743000,2023,4,35,431911,2023-04-01,97.24225592772584,0
Minneapolis,MN,2743000,2023,5,29,431911,2023-05-01,80.57215491154427,0
Minneapolis,MN,2743000,2023,6,29,431911,2023-06-01,80.57215491154427,0
Minneapolis,MN,2743000,2023,7,34,431911,2023-07-01,94.46390575836224,0
Minneapolis,MN,2743000,2023,8,47,431911,2023-08-01,130.58245796008902,0
Minneapolis,MN,2743000,2023,9,30,431911,2023-09-01,83.35050508090788,0
Minneapolis,MN,2743000,2023,10,46,431911,2023-10-01,127.80410779072541,0
Minneapolis,MN,2743000,2023,11,42,431911,2023-11-01,116.69070711327103,0
Minneapolis,MN,2743000,2023,12,37,431911,2023-12-01,102.79895626645302,0
Minneapolis,MN,2743000,2024,1,24,431911,2024-01-01,66.6804040647263,0
Minneapolis,MN,2743000,2024,2,25,431911,2024-02-01,69.4587542340899,0
Minneapolis,MN,2743000,2024,3,17,431911,2024-03-01,47.23195287918112,0
Minneapolis,MN,2743000,2024,4,25,431911,2024-04-01,69.4587542340899,0
Minneapolis,MN,2743000,2024,5,37,431911,2024-05-01,102.79895626645302,0
Minneapolis,MN,2743000,2024,6,28,431911,2024-06-01,77.79380474218067,0
Minneapolis,MN,2743000,2024,7,46,431911,2024-07-01,127.80410779072541,0
Minneapolis,MN,2743000,2024,8,38,431911,2024-08-01,105.57730643581664,0
Minneapolis,MN,2743000,2024,9,43,431911,2024-09-01,119.46905728263462,0
Minneapolis,MN,2743000,2024,10,26,431911,2024-10-01,72.23710440345349,0
Minneapolis,MN,2743000,2024,11,30,431911,2024-11-01,83.35050508090788,0
Minneapolis,MN,2743000,2024,12,25,431911,2024-12-01,69.4587542340899,0
Minneapolis,MN,2743000,2025,1,20,431911,2025-01-01,55.567003387271924,0
Minneapolis,MN,2743000,2025,2,21,431911,2025-02-01,58.345353556635516,0
Minneapolis,MN,2743000,2025,3,11,431911,2025-03-01,30.561851862999553,0
Minneapolis,MN,2743000,2025,4,30,431911,2025-04-01,83.35050508090788,0
Minneapolis,MN,2743000,2025,5,19,431911,2025-05-01,52.78865321790832,0
Minneapolis,MN,2743000,2025,6,23,431911,2025-06-01,63.902053895362705,0
Minneapolis,MN,2743000,2025,7,28,431911,2025-07-01,77.79380474218067,0
Minneapolis,MN,2743000,2025,8,61,431911,2025-08-01,169.47936033117932,0
Minneapolis,MN,2743000,2025,9,39,431911,2025-09-01,108.35565660518023,0
Nashville-Davidson,TN,4752006,2018,1,25,660062,2018-01-01,45.45027588317461,0
Nashville-Davidson,TN,4752006,2018,2,21,660369,2018-02-01,38.16048300268486,0
Nashville-Davidson,TN,4752006,2018,3,9,660677,2018-03-01,16.346868439494642,0
Nashville-Davidson,TN,4752006,2018,4,16,660984,2018-04-01,29.04760175737991,0
Nashville-Davidson,TN,4752006,2018,5,20,661291,2018-05-01,36.29264574899704,0
Nashville-Davidson,TN,4752006,2018,6,30,661599,2018-06-01,54.41362517174301,0
Nashville-Davidson,TN,4752006,2018,7,27,661906,2018-07-01,48.94954872746281,0
Nashville-Davidson,TN,4752006,2018,8,20,662213,2018-08-01,36.24211545227895,0
Nashville-Davidson,TN,4752006,2018,9,19,662521,2018-09-01,34.41400348064439,0
Nashville-Davidson,TN,4752006,2018,10,16,662828,2018-10-01,28.966790781318835,0
Nashville-Davidson,TN,4752006,2018,11,17,663135,2018-11-01,30.762966816711533,0
Nashville-Davidson,TN,4752006,2018,12,26,663443,2018-12-01,47.02740099752353,0
Nashville-Davidson,TN,4752006,2019,1,16,663750,2019-01-01,28.926553672316388,0
Nashville-Davidson,TN,4752006,2019,2,10,664027,2019-02-01,18.071554319327376,0
Nashville-Davidson,TN,4752006,2019,3,14,664303,2019-03-01,25.28966450550427,0
Nashville-Davidson,TN,4752006,2019,4,26,664580,2019-04-01,46.94694393451503,0
Nashville-Davidson,TN,4752006,2019,5,22,664857,2019-05-01,39.70778678723395,0
Nashville-Davidson,TN,4752006,2019,6,20,665133,2019-06-01,36.083008962117354,0
Nashville-Davidson,TN,4752006,2019,7,26,665410,2019-07-01,46.88838460498039,0
Nashville-Davidson,TN,4752006,2019,8,19,665687,2019-08-01,34.25033086120054,0
Nashville-Davidson,TN,4752006,2019,9,28,665963,2019-09-01,50.45325340897318,0
Nashville-Davidson,TN,4752006,2019,10,35,666240,2019-10-01,63.040345821325644,0
Nashville-Davidson,TN,4752006,2019,11,16,666517,2019-11-01,28.806467051853147,0
Nashville-Davidson,TN,4752006,2019,12,21,666793,2019-12-01,37.79283825715027,0
Nashville-Davidson,TN,4752006,2020,1,15,667070,2020-01-01,26.983674876699595,0
Nashville-Davidson,TN,4752006,2020,2,11,668368,2020-02-01,19.749599023292557,0
Nashville-Davidson,TN,4752006,2020,3,19,669666,2020-03-01,34.04682334178531,0
Nashville-Davidson,TN,4752006,2020,4,13,670964,2020-04-01,23.250129664184666,0
Nashville-Davidson,TN,4752006,2020,5,26,672262,2020-05-01,46.41047686764982,0
Nashville-Davidson,TN,4752006,2020,6,26,673560,2020-06-01,46.32104044183147,0
Nashville-Davidson,TN,4752006,2020,7,29,674858,2020-07-01,51.56640359897935,0
Nashville-Davidson,TN,4752006,2020,8,29,676156,2020-08-01,51.46741284555635,0
Nashville-Davidson,TN,4752006,2020,9,39,677454,2020-09-01,69.08218122558876,0
Nashville-Davidson,TN,4752006,2020,10,35,678752,2020-10-01,61.8782707085946,0
Nashville-Davidson,TN,4752006,2020,11,32,680050,2020-11-01,56.466436291449156,0
Nashville-Davidson,TN,4752006,2020,12,31,681348,2020-12-01,54.59765053981225,0
Nashville-Davidson,TN,4752006,2021,1,16,682646,2021-01-01,28.1258514662065,0
Nashville-Davidson,TN,4752006,2021,2,21,682534,2021-02-01,36.921237623327194,0
Nashville-Davidson,TN,4752006,2021,3,18,682422,2021-03-01,31.651969016239214,0
Nashville-Davidson,TN,4752006,2021,4,25,682310,2021-04-01,43.96828421098913,0
Nashville-Davidson,TN,4752006,2021,5,20,682197,2021-05-01,35.180453739902106,0
Nashville-Davidson,TN,4752006,2021,6,30,682085,2021-06-01,52.779345682722834,0
Nashville-Davidson,TN,4752006,2021,7,27,681973,2021-07-01,47.509212241540354,0
Nashville-Davidson,TN,4752006,2021,8,31,681861,2021-08-01,54.556573847162404,0
Nashville-Davidson,TN,4752006,2021,9,28,681749,2021-09-01,49.28500078474629,0
Nashville-Davidson,TN,4752006,2021,10,25,681636,2021-10-01,44.011759942256575,0
Nashville-Davidson,TN,4752006,2021,11,26,681524,2021-11-01,45.7797524371849,0
Nashville-Davidson,TN,4752006,2021,12,17,681412,2021-12-01,29.93783496621721,0
Nashville-Davidson,TN,4752006,2022,1,12,681300,2022-01-01,21.136063408190225,0
Nashville-Davidson,TN,4752006,2022,2,18,682598,2022-02-01,31.643807922085912,0
Nashville-Davidson,TN,4752006,2022,3,22,683896,2022-03-01,38.60236059283868,0
Nashville-Davidson,TN,4752006,2022,4,14,685194,2022-04-01,24.51860349039834,0
Nashville-Davidson,TN,4752006,2022,5,27,686492,2022-05-01,47.19647133542708,0
Nashville-Davidson,TN,4752006,2022,6,23,687790,2022-06-01,40.12852760290205,0
Nashville-Davidson,TN,4752006,2022,7,26,689088,2022-07-01,45.27723599888548,0
Nashville-Davidson,TN,4752006,2022,8,27,690386,2022-08-01,46.93026799500569,0
Nashville-Davidson,TN,4752006,2022,9,16,691684,2022-09-01,27.758340513876277,0
Nashville-Davidson,TN,4752006,2022,10,34,692982,2022-10-01,58.87598812090357,0
Nashville-Davidson,TN,4752006,2022,11,21,694280,2022-11-01,36.29659503370398,0
Nashville-Davidson,TN,4752006,2022,12,13,695578,2022-12-01,22.427391320599558,0
Nashville-Davidson,TN,4752006,2023,1,26,696876,2023-01-01,44.771236202710384,0
Nashville-Davidson,TN,4752006,2023,2,12,696876,2023-02-01,20.66364747817402,0
Nashville-Davidson,TN,4752006,2023,3,18,696876,2023-03-01,30.99547121726103,0
Nashville-Davidson,TN,4752006,2023,4,18,696876,2023-04-01,30.99547121726103,0
Nashville-Davidson,TN,4752006,2023,5,29,696876,2023-05-01,49.93714807225388,0
Nashville-Davidson,TN,4752006,2023,6,23,696876,2023-06-01,39.60532433316687,0
Nashville-Davidson,TN,4752006,2023,7,23,696876,2023-07-01,39.60532433316687,0
Nashville-Davidson,TN,4752006,2023,8,30,696876,2023-08-01,51.659118695435055,0
Nashville-Davidson,TN,4752006,2023,9,20,696876,2023-09-01,34.43941246362337,0
Nashville-Davidson,TN,4752006,2023,10,28,696876,2023-10-01,48.21517744907271,0
Nashville-Davidson,TN,4752006,2023,11,24,696876,2023-11-01,41.32729495634804,0
Nashville-Davidson,TN,4752006,2023,12,22,696876,2023-12-01,37.88335370998571,0
Nashville-Davidson,TN,4752006,2024,1,12,696876,2024-01-01,20.66364747817402,0
Nashville-Davidson,TN,4752006,2024,2,20,696876,2024-02-01,34.43941246362337,0
Nashville-Davidson,TN,4752006,2024,3,34,696876,2024-03-01,58.547001188159726,0
Nashville-Davidson,TN,4752006,2024,4,25,696876,2024-04-01,43.04926557952921,0
Nashville-Davidson,TN,4752006,2024,5,33,696876,2024-05-01,56.82503056497856,0
Nashville-Davidson,TN,4752006,2024,6,18,696876,2024-06-01,30.99547121726103,0
Nashville-Davidson,TN,4752006,2024,7,26,696876,2024-07-01,44.771236202710384,0
Nashville-Davidson,TN,4752006,2024,8,27,696876,2024-08-01,46.493206825891555,0
Nashville-Davidson,TN,4752006,2024,9,19,696876,2024-09-01,32.717441840442206,0
Nashville-Davidson,TN,4752006,2024,10,30,696876,2024-10-01,51.659118695435055,0
Nashville-Davidson,TN,4752006,2024,11,19,696876,2024-11-01,32.717441840442206,0
Nashville-Davidson,TN,4752006,2024,12,16,696876,2024-12-01,27.55152997089869,0
Nashville-Davidson,TN,4752006,2025,1,16,696876,2025-01-01,27.55152997089869,0
Nashville-Davidson,TN,4752006,2025,2,15,696876,2025-02-01,25.829559347717527,0
Nashville-Davidson,TN,4752006,2025,3,7,696876,2025-03-01,12.053794362268178,0
Nashville-Davidson,TN,4752006,2025,4,14,696876,2025-04-01,24.107588724536356,0
Nashville-Davidson,TN,4752006,2025,5,23,696876,2025-05-01,39.60532433316687,0
Nashville-Davidson,TN,4752006,2025,6,25,696876,2025-06-01,43.04926557952921,0
Nashville-Davidson,TN,4752006,2025,7,18,696876,2025-07-01,30.99547121726103,0
Nashville-Davidson,TN,4752006,2025,8,24,696876,2025-08-01,41.32729495634804,0
Nashville-Davidson,TN,4752006,2025,9,10,696876,2025-09-01,17.219706231811685,0
New Orleans,LA,2255000,2018,1,53,389648,2018-01-01,163.2242434197019,0
New Orleans,LA,2255000,2018,2,47,389748,2018-02-01,144.70888882046862,0
New Orleans,LA,2255000,2018,3,27,389848,2018-03-01,83.10931439945826,0
New Orleans,LA,2255000,2018,4,48,389947,2018-04-01,147.71238142619382,0
New Orleans,LA,2255000,2018,5,48,390047,2018-05-01,147.67451102046675,0
New Orleans,LA,2255000,2018,6,37,390147,2018-06-01,113.80325877169375,0
New Orleans,LA,2255000,2018,7,47,390246,2018-07-01,144.5242231823004,0
New Orleans,LA,2255000,2018,8,34,390346,2018-08-01,104.52265426057909,0
New Orleans,LA,2255000,2018,9,39,390446,2018-09-01,119.86292598720438,0
New Orleans,LA,2255000,2018,10,26,390546,2018-10-01,79.8881565807869,0
New Orleans,LA,2255000,2018,11,18,390646,2018-11-01,55.29302744684446,0
New Orleans,LA,2255000,2018,12,36,390745,2018-12-01,110.55803657116533,0
New Orleans,LA,2255000,2019,1,30,390845,2019-01-01,92.10812470416661,0
New Orleans,LA,2255000,2019,2,32,390879,2019-02-01,98.24012034414741,0
New Orleans,LA,2255000,2019,3,40,390912,2019-03-01,122.78978388998036,0
New Orleans,LA,2255000,2019,4,43,390946,2019-04-01,131.98753792083818,0
New Orleans,LA,2255000,2019,5,71,390980,2019-05-01,217.91395979333979,0
New Orleans,LA,2255000,2019,6,39,391013,2019-06-01,119.68911519565847,0
New Orleans,LA,2255000,2019,7,52,391047,2019-07-01,159.57161159656,0
New Orleans,LA,2255000,2019,8,29,391081,2019-08-01,88.9841234935985,0
New Orleans,LA,2255000,2019,9,38,391114,2019-09-01,116.59004791441882,0
New Orleans,LA,2255000,2019,10,38,391148,2019-10-01,116.57991348543263,0
New Orleans,LA,2255000,2019,11,36,391182,2019-11-01,110.43452919612866,0
New Orleans,LA,2255000,2019,12,72,391215,2019-12-01,220.85042751428244,0
New Orleans,LA,2255000,2020,1,49,391249,2020-01-01,150.28792405859184,0
New Orleans,LA,2255000,2020,2,32,390643,2020-02-01,98.29947036040579,0
New Orleans,LA,2255000,2020,3,36,390037,2020-03-01,110.75872289039245,0
New Orleans,LA,2255000,2020,4,43,389430,2020-04-01,132.5013481241815,0
New Orleans,LA,2255000,2020,5,30,388824,2020-05-01,92.5868773532498,0
New Orleans,LA,2255000,2020,6,68,388218,2020-06-01,210.19118124352812,0
New Orleans,LA,2255000,2020,7,63,387611,2020-07-01,195.0409044118975,0
New Orleans,LA,2255000,2020,8,59,387005,2020-08-01,182.9433728246405,0
New Orleans,LA,2255000,2020,9,66,386399,2020-09-01,204.96947455868155,0
New Orleans,LA,2255000,2020,10,86,385793,2020-10-01,267.50096554369827,0
New Orleans,LA,2255000,2020,11,58,385187,2020-11-01,180.69145635756138,0
New Orleans,LA,2255000,2020,12,74,384580,2020-12-01,230.90124291434813,0
New Orleans,LA,2255000,2021,1,69,383974,2021-01-01,215.63960059795716,0
New Orleans,LA,2255000,2021,2,51,384405,2021-02-01,159.20708627619308,0
New Orleans,LA,2255000,2021,3,53,384836,2021-03-01,165.26520387905498,0
New Orleans,LA,2255000,2021,4,59,385267,2021-04-01,183.76865913768893,0
New Orleans,LA,2255000,2021,5,90,385698,2021-05-01,280.0118227214038,0
New Orleans,LA,2255000,2021,6,71,386129,2021-06-01,220.6516475064033,0
New Orleans,LA,2255000,2021,7,78,386560,2021-07-01,242.13576158940396,0
New Orleans,LA,2255000,2021,8,71,386990,2021-08-01,220.1607276673816,0
New Orleans,LA,2255000,2021,9,32,387421,2021-09-01,99.11698126843923,0
New Orleans,LA,2255000,2021,10,70,387852,2021-10-01,216.57745738065034,0
New Orleans,LA,2255000,2021,11,70,388283,2021-11-01,216.3370531287746,0
New Orleans,LA,2255000,2021,12,69,388714,2021-12-01,213.01007938998856,0
New Orleans,LA,2255000,2022,1,90,389145,2022-01-01,277.5315113903558,0
New Orleans,LA,2255000,2022,2,51,388539,2022-02-01,157.5131453985314,0
New Orleans,LA,2255000,2022,3,78,387933,2022-03-01,241.27877752086056,0
New Orleans,LA,2255000,2022,4,95,387326,2022-04-01,294.3257101253208,0
New Orleans,LA,2255000,2022,5,79,386720,2022-05-01,245.13860157219693,0
New Orleans,LA,2255000,2022,6,102,386114,2022-06-01,317.0048224099618,0
New Orleans,LA,2255000,2022,7,68,385507,2022-07-01,211.66930820970822,0
New Orleans,LA,2255000,2022,8,78,384901,2022-08-01,243.1794149664459,0
New Orleans,LA,2255000,2022,9,75,384295,2022-09-01,234.19508450539303,0
New Orleans,LA,2255000,2022,10,52,383689,2022-10-01,162.63171474814237,0
New Orleans,LA,2255000,2022,11,65,383083,2022-11-01,203.61122785401597,0
New Orleans,LA,2255000,2022,12,95,382476,2022-12-01,298.0579173595206,0
New Orleans,LA,2255000,2023,1,76,381870,2023-01-01,238.82473092937386,0
New Orleans,LA,2255000,2023,2,78,381870,2023-02-01,245.10959226962052,0
New Orleans,LA,2255000,2023,3,69,381870,2023-03-01,216.82771623851045,0
New Orleans,LA,2255000,2023,4,75,381870,2023-04-01,235.68230025925055,0
New Orleans,LA,2255000,2023,5,73,381870,2023-05-01,229.3974389190039,0
New Orleans,LA,2255000,2023,6,60,381870,2023-06-01,188.5458402074004,0
New Orleans,LA,2255000,2023,7,52,381870,2023-07-01,163.40639484641372,0
New Orleans,LA,2255000,2023,8,64,381870,2023-08-01,201.11556288789382,0
New Orleans,LA,2255000,2023,9,36,381870,2023-09-01,113.12750412444025,0
New Orleans,LA,2255000,2023,10,35,381870,2023-10-01,109.98507345431692,0
New Orleans,LA,2255000,2023,11,55,381870,2023-11-01,172.83368685678374,0
New Orleans,LA,2255000,2023,12,43,381870,2023-12-01,135.12451881530365,0
New Orleans,LA,2255000,2024,1,47,381870,2024-01-01,147.69424149579697,0
New Orleans,LA,2255000,2024,2,41,381870,2024-02-01,128.83965747505695,0
New Orleans,LA,2255000,2024,3,33,381870,2024-03-01,103.70021211407024,0
New Orleans,LA,2255000,2024,4,48,381870,2024-04-01,150.83667216592033,0
New Orleans,LA,2255000,2024,5,38,381870,2024-05-01,119.41236546468693,0
New Orleans,LA,2255000,2024,6,33,381870,2024-06-01,103.70021211407024,0
New Orleans,LA,2255000,2024,7,26,381870,2024-07-01,81.70319742320686,0
New Orleans,LA,2255000,2024,8,21,381870,2024-08-01,65.99104407259016,0
New Orleans,LA,2255000,2024,9,19,381870,2024-09-01,59.706182732343464,0
New Orleans,LA,2255000,2024,10,23,381870,2024-10-01,72.27590541283683,0
New Orleans,LA,2255000,2024,11,48,381870,2024-11-01,150.83667216592033,0
New Orleans,LA,2255000,2024,12,28,381870,2024-12-01,87.98805876345352,0
New Orleans,LA,2255000,2025,1,25,381870,2025-01-01,78.5607667530835,0
New Orleans,LA,2255000,2025,2,11,381870,2025-02-01,34.566737371356744,0
New Orleans,LA,2255000,2025,3,34,381870,2025-03-01,106.84264278419357,0
New Orleans,LA,2255000,2025,4,35,381870,2025-04-01,109.98507345431692,0
New Orleans,LA,2255000,2025,5,30,381870,2025-05-01,94.2729201037002,0
New Orleans,LA,2255000,2025,6,28,381870,2025-06-01,87.98805876345352,0
New Orleans,LA,2255000,2025,7,23,381870,2025-07-01,72.27590541283683,0
New Orleans,LA,2255000,2025,8,28,381870,2025-08-01,87.98805876345352,0
New Orleans,LA,2255000,2025,9,38,381870,2025-09-01,119.41236546468693,0
New York,NY,3651000,2018,1,38,8443713,2018-01-01,5.400467779992049,1
New York,NY,3651000,2018,2,24,8441680,2018-02-01,3.411643180030515,1
New York,NY,3651000,2018,3,34,8439647,2018-03-01,4.834325416691007,1
New York,NY,3651000,2018,4,29,8437614,2018-04-01,4.124388719370192,1
New York,NY,3651000,2018,5,42,8435581,2018-05-01,5.974692199624424,1
New York,NY,3651000,2018,6,54,8433548,2018-06-01,7.683598883886118,1
New York,NY,3651000,2018,7,70,8431515,2018-07-01,9.96262237569405,1
New York,NY,3651000,2018,8,64,8429481,2018-08-01,9.110881203718236,1
New York,NY,3651000,2018,9,49,8427448,2018-09-01,6.977201164575563,1
New York,NY,3651000,2018,10,50,8425415,2018-10-01,7.121310938392946,1
New York,NY,3651000,2018,11,37,8423382,2018-11-01,5.271041963904759,1
New York,NY,3651000,2018,12,46,8421349,2018-12-01,6.554769313087487,1
New York,NY,3651000,2019,1,28,8419316,2019-01-01,3.990823007474716,1
New York,NY,3651000,2019,2,33,8416002,2019-02-01,4.705322075731447,1
New York,NY,3651000,2019,3,52,8412689,2019-03-01,7.417366789619823,1
New York,NY,3651000,2019,4,56,8409375,2019-04-01,7.99108138238573,1
New York,NY,3651000,2019,5,46,8406061,2019-05-01,6.566690391611481,1
New York,NY,3651000,2019,6,79,8402748,2019-06-01,11.282023452327739,1
New York,NY,3651000,2019,7,122,8399434,2019-07-01,17.42974586144733,1
New York,NY,3651000,2019,8,106,8396120,2019-08-01,15.14985493299286,1
New York,NY,3651000,2019,9,66,8392807,2019-09-01,9.436652123657794,1
New York,NY,3651000,2019,10,64,8389493,2019-10-01,9.154307656016877,1
New York,NY,3651000,2019,11,50,8386179,2019-11-01,7.154629062890264,1
New York,NY,3651000,2019,12,46,8382866,2019-12-01,6.584860118245956,1
New York,NY,3651000,2020,1,62,8379552,2020-01-01,8.878756286732274,1
New York,NY,3651000,2020,2,36,8409260,2020-02-01,5.137193998045013,1
New York,NY,3651000,2020,3,42,8438968,2020-03-01,5.972294242613552,1
New York,NY,3651000,2020,4,50,8468676,2020-04-01,7.084932756903204,1
New York,NY,3651000,2020,5,88,8498384,2020-05-01,12.425891793075014,1
New York,NY,3651000,2020,6,217,8528092,2020-06-01,30.534379788585774,1
New York,NY,3651000,2020,7,263,8557800,2020-07-01,36.87863703288228,1
New York,NY,3651000,2020,8,284,8587507,2020-08-01,39.68555717043375,1
New York,NY,3651000,2020,9,162,8617215,2020-09-01,22.55949282917973,1
New York,NY,3651000,2020,10,160,8646923,2020-10-01,22.204430408366076,1
New York,NY,3651000,2020,11,131,8676631,2020-11-01,18.117631140473762,1
New York,NY,3651000,2020,12,106,8706339,2020-12-01,14.610044474491517,1
New York,NY,3651000,2021,1,68,8736047,2021-01-01,9.340609087840301,1
New York,NY,3651000,2021,2,54,8713671,2021-02-01,7.436590158154926,1
New York,NY,3651000,2021,3,92,8691296,2021-03-01,12.702363375956821,1
New York,NY,3651000,2021,4,131,8668920,2021-04-01,18.13374676430282,1
New York,NY,3651000,2021,5,178,8646545,2021-05-01,24.703508742509293,1
New York,NY,3651000,2021,6,179,8624169,2021-06-01,24.90674753706705,1
New York,NY,3651000,2021,7,178,8601793,2021-07-01,24.832032112374712,1
New York,NY,3651000,2021,8,178,8579418,2021-08-01,24.89679369859354,1
New York,NY,3651000,2021,9,137,8557042,2021-09-01,19.21224647489167,1
New York,NY,3651000,2021,10,119,8534667,2021-10-01,16.731760008914232,1
New York,NY,3651000,2021,11,112,8512291,2021-11-01,15.788933907452176,1
New York,NY,3651000,2021,12,116,8489916,2021-12-01,16.395921938450275,1
New York,NY,3651000,2022,1,83,8467540,2022-01-01,11.762566223484034,1
New York,NY,3651000,2022,2,74,8497248,2022-02-01,10.450442307909572,1
New York,NY,3651000,2022,3,99,8526956,2022-03-01,13.932287207767931,1
New York,NY,3651000,2022,4,109,8556664,2022-04-01,15.286331215062319,1
New York,NY,3651000,2022,5,123,8586372,2022-05-01,17.190030900128715,1
New York,NY,3651000,2022,6,131,8616080,2022-06-01,18.244955942841756,1
New York,NY,3651000,2022,7,189,8645788,2022-07-01,26.232426703037362,1
New York,NY,3651000,2022,8,115,8675495,2022-08-01,15.906873325383739,1
New York,NY,3651000,2022,9,143,8705203,2022-09-01,19.71234903999367,1
New York,NY,3651000,2022,10,88,8734911,2022-10-01,12.089419113715069,1
New York,NY,3651000,2022,11,73,8764619,2022-11-01,9.994729947759279,1
New York,NY,3651000,2022,12,89,8794327,2022-12-01,12.14419250046081,1
New York,NY,3651000,2023,1,79,8824035,2023-01-01,10.743384404073646,1
New York,NY,3651000,2023,2,72,8824035,2023-02-01,9.791438950548134,1
New York,NY,3651000,2023,3,93,8824035,2023-03-01,12.64727531112467,1
New York,NY,3651000,2023,4,74,8824035,2023-04-01,10.063423365841139,1
New York,NY,3651000,2023,5,78,8824035,2023-05-01,10.607392196427146,1
New York,NY,3651000,2023,6,106,8824035,2023-06-01,14.415174010529196,1
New York,NY,3651000,2023,7,129,8824035,2023-07-01,17.54299478639874,1
New York,NY,3651000,2023,8,75,8824035,2023-08-01,10.19941557348764,1
New York,NY,3651000,2023,9,75,8824035,2023-09-01,10.19941557348764,1
New York,NY,3651000,2023,10,65,8824035,2023-10-01,8.83949349702262,1
New York,NY,3651000,2023,11,55,8824035,2023-11-01,7.479571420557601,1
New York,NY,3651000,2023,12,76,8824035,2023-12-01,10.335407781134142,1
New York,NY,3651000,2024,1,66,8824035,2024-01-01,8.975485704669122,1
New York,NY,3651000,2024,2,57,8824035,2024-02-01,7.751555835850605,1
New York,NY,3651000,2024,3,62,8824035,2024-03-01,8.431516874083115,1
New York,NY,3651000,2024,4,58,8824035,2024-04-01,7.887548043497108,1
New York,NY,3651000,2024,5,79,8824035,2024-05-01,10.743384404073646,1
New York,NY,3651000,2024,6,116,8824035,2024-06-01,15.775096086994216,1
New York,NY,3651000,2024,7,97,8824035,2024-07-01,13.191244141710678,1
New York,NY,3651000,2024,8,81,8824035,2024-08-01,11.01536881936665,1
New York,NY,3651000,2024,9,106,8824035,2024-09-01,14.415174010529196,1
New York,NY,3651000,2024,10,83,8824035,2024-10-01,11.287353234659655,1
New York,NY,3651000,2024,11,58,8824035,2024-11-01,7.887548043497108,1
New York,NY,3651000,2024,12,63,8824035,2024-12-01,8.567509081729616,1
New York,NY,3651000,2025,1,66,8824035,2025-01-01,8.975485704669122,1
New York,NY,3651000,2025,2,29,8824035,2025-02-01,3.943774021748554,1
New York,NY,3651000,2025,3,41,8824035,2025-03-01,5.575680513506576,1
New York,NY,3651000,2025,4,70,8824035,2025-04-01,9.51945453525513,1
New York,NY,3651000,2025,5,66,8824035,2025-05-01,8.975485704669122,1
New York,NY,3651000,2025,6,62,8824035,2025-06-01,8.431516874083115,1
New York,NY,3651000,2025,7,72,8824035,2025-07-01,9.791438950548134,1
New York,NY,3651000,2025,8,102,8824035,2025-08-01,13.871205179943189,1
New York,NY,3651000,2025,9,66,8824035,2025-09-01,8.975485704669122,1
Newark,NJ,3451000,2018,1,4,280463,2018-01-01,17.114557000388643,0
Newark,NJ,3451000,2018,2,3,280512,2018-02-01,12.833675564681723,0
Newark,NJ,3451000,2018,3,7,280561,2018-03-01,29.940013045291398,0
Newark,NJ,3451000,2018,4,14,280611,2018-04-01,59.86935651132707,0
Newark,NJ,3451000,2018,5,19,280660,2018-05-01,81.23708401624742,0
Newark,NJ,3451000,2018,6,18,280709,2018-06-01,76.94801377939433,0
Newark,NJ,3451000,2018,7,23,280759,2018-07-01,98.30495193386498,0
Newark,NJ,3451000,2018,8,30,280808,2018-08-01,128.20147574143186,0
Newark,NJ,3451000,2018,9,14,280857,2018-09-01,59.8169175060618,0
Newark,NJ,3451000,2018,10,12,280906,2018-10-01,51.26269997792856,0
Newark,NJ,3451000,2018,11,19,280955,2018-11-01,81.15178587318255,0
Newark,NJ,3451000,2018,12,18,281005,2018-12-01,76.86695966263946,0
Newark,NJ,3451000,2019,1,14,281054,2019-01-01,59.77498985959994,0
Newark,NJ,3451000,2019,2,25,281126,2019-02-01,106.7137155581483,0
Newark,NJ,3451000,2019,3,19,281198,2019-03-01,81.08165776427998,0
Newark,NJ,3451000,2019,4,19,281270,2019-04-01,81.0609023358339,0
Newark,NJ,3451000,2019,5,26,281342,2019-05-01,110.89705767357879,0
Newark,NJ,3451000,2019,6,36,281414,2019-06-01,153.51048632974903,0
Newark,NJ,3451000,2019,7,22,281486,2019-07-01,93.78796814051142,0
Newark,NJ,3451000,2019,8,27,281557,2019-08-01,115.07438991039115,0
Newark,NJ,3451000,2019,9,15,281629,2019-09-01,63.91387250602743,0
Newark,NJ,3451000,2019,10,13,281701,2019-10-01,55.37786518329719,0
Newark,NJ,3451000,2019,11,15,281773,2019-11-01,63.881209342271966,0
Newark,NJ,3451000,2019,12,7,281845,2019-12-01,29.803615462399545,0
Newark,NJ,3451000,2020,1,4,281917,2020-01-01,17.026287879056603,0
Newark,NJ,3451000,2020,2,11,283945,2020-02-01,46.48787617320256,0
Newark,NJ,3451000,2020,3,10,285972,2020-03-01,41.9621501405732,0
Newark,NJ,3451000,2020,4,10,287999,2020-04-01,41.66681134309494,0
Newark,NJ,3451000,2020,5,20,290027,2020-05-01,82.7509162940002,0
Newark,NJ,3451000,2020,6,33,292055,2020-06-01,135.59089897450824,0
Newark,NJ,3451000,2020,7,34,294082,2020-07-01,138.7368149019661,0
Newark,NJ,3451000,2020,8,37,296109,2020-08-01,149.94478384648897,0
Newark,NJ,3451000,2020,9,15,298137,2020-09-01,60.37492830477264,0
Newark,NJ,3451000,2020,10,35,300165,2020-10-01,139.9230423267203,0
Newark,NJ,3451000,2020,11,32,302192,2020-11-01,127.07153068248002,0
Newark,NJ,3451000,2020,12,15,304219,2020-12-01,59.16790207054787,0
Newark,NJ,3451000,2021,1,19,306247,2021-01-01,74.44970889510753,0
Newark,NJ,3451000,2021,2,16,305196,2021-02-01,62.91039201038021,0
Newark,NJ,3451000,2021,3,15,304146,2021-03-01,59.18210333195242,0
Newark,NJ,3451000,2021,4,21,303095,2021-04-01,83.14224912981079,0
Newark,NJ,3451000,2021,5,32,302044,2021-05-01,127.13379507621406,0
Newark,NJ,3451000,2021,6,36,300994,2021-06-01,143.52445563698944,0
Newark,NJ,3451000,2021,7,30,299943,2021-07-01,120.02280433282324,0
Newark,NJ,3451000,2021,8,36,298892,2021-08-01,144.53381154396908,0
Newark,NJ,3451000,2021,9,14,297842,2021-09-01,56.405745328059844,0
Newark,NJ,3451000,2021,10,23,296791,2021-10-01,92.9947336677999,0
Newark,NJ,3451000,2021,11,34,295740,2021-11-01,137.9590180564009,0
Newark,NJ,3451000,2021,12,18,294690,2021-12-01,73.29736333095796,0
Newark,NJ,3451000,2022,1,11,293639,2022-01-01,44.953156767323144,0
Newark,NJ,3451000,2022,2,16,295667,2022-02-01,64.93792002489286,0
Newark,NJ,3451000,2022,3,21,297694,2022-03-01,84.65068157235282,0
Newark,NJ,3451000,2022,4,7,299721,2022-04-01,28.02606423974296,0
Newark,NJ,3451000,2022,5,23,301749,2022-05-01,91.46674885418012,0
Newark,NJ,3451000,2022,6,23,303777,2022-06-01,90.85612143118144,0
Newark,NJ,3451000,2022,7,29,305804,2022-07-01,113.79838066212346,0
Newark,NJ,3451000,2022,8,20,307831,2022-08-01,77.96485734055373,0
Newark,NJ,3451000,2022,9,15,309859,2022-09-01,58.090938136378156,0
Newark,NJ,3451000,2022,10,11,311887,2022-10-01,42.32302083767519,0
Newark,NJ,3451000,2022,11,13,313914,2022-11-01,49.69513943309314,0
Newark,NJ,3451000,2022,12,11,315941,2022-12-01,41.77995258608411,0
Newark,NJ,3451000,2023,1,20,317969,2023-01-01,75.47905613440304,0
Newark,NJ,3451000,2023,2,6,317969,2023-02-01,22.64371684032091,0
Newark,NJ,3451000,2023,3,9,317969,2023-03-01,33.96557526048137,0
Newark,NJ,3451000,2023,4,16,317969,2023-04-01,60.38324490752243,0
Newark,NJ,3451000,2023,5,39,317969,2023-05-01,147.18415946208594,0
Newark,NJ,3451000,2023,6,16,317969,2023-06-01,60.38324490752243,0
Newark,NJ,3451000,2023,7,19,317969,2023-07-01,71.70510332768289,0
Newark,NJ,3451000,2023,8,11,317969,2023-08-01,41.51348087392168,0
Newark,NJ,3451000,2023,9,6,317969,2023-09-01,22.64371684032091,0
Newark,NJ,3451000,2023,10,9,317969,2023-10-01,33.96557526048137,0
Newark,NJ,3451000,2023,11,6,317969,2023-11-01,22.64371684032091,0
Newark,NJ,3451000,2023,12,14,317969,2023-12-01,52.83533929408213,0
Newark,NJ,3451000,2024,1,14,317969,2024-01-01,52.83533929408213,0
Newark,NJ,3451000,2024,2,4,317969,2024-02-01,15.095811226880608,0
Newark,NJ,3451000,2024,3,9,317969,2024-03-01,33.96557526048137,0
Newark,NJ,3451000,2024,4,15,317969,2024-04-01,56.60929210080228,0
Newark,NJ,3451000,2024,5,12,317969,2024-05-01,45.28743368064182,0
Newark,NJ,3451000,2024,6,9,317969,2024-06-01,33.96557526048137,0
Newark,NJ,3451000,2024,7,11,317969,2024-07-01,41.51348087392168,0
Newark,NJ,3451000,2024,8,10,317969,2024-08-01,37.73952806720152,0
Newark,NJ,3451000,2024,9,13,317969,2024-09-01,49.06138648736197,0
Newark,NJ,3451000,2024,10,6,317969,2024-10-01,22.64371684032091,0
Newark,NJ,3451000,2024,11,11,317969,2024-11-01,41.51348087392168,0
Newark,NJ,3451000,2024,12,12,317969,2024-12-01,45.28743368064182,0
Newark,NJ,3451000,2025,1,8,317969,2025-01-01,30.191622453761216,0
Newark,NJ,3451000,2025,2,6,317969,2025-02-01,22.64371684032091,0
Newark,NJ,3451000,2025,3,4,317969,2025-03-01,15.095811226880608,0
Newark,NJ,3451000,2025,4,10,317969,2025-04-01,37.73952806720152,0
Newark,NJ,3451000,2025,5,9,317969,2025-05-01,33.96557526048137,0
Newark,NJ,3451000,2025,6,17,317969,2025-06-01,64.15719771424259,0
Newark,NJ,3451000,2025,7,11,317969,2025-07-01,41.51348087392168,0
Newark,NJ,3451000,2025,8,12,317969,2025-08-01,45.28743368064182,0
Newark,NJ,3451000,2025,9,9,317969,2025-09-01,33.96557526048137,0
Norfolk,VA,5157000,2018,1,8,245592,2018-01-01,39.089221147268645,0
Norfolk,VA,5157000,2018,2,7,245509,2018-02-01,34.214631642831826,0
Norfolk,VA,5157000,2018,3,8,245427,2018-03-01,39.115500739527434,0
Norfolk,VA,5157000,2018,4,6,245344,2018-04-01,29.346550149993483,0
Norfolk,VA,5157000,2018,5,7,245262,2018-05-01,34.24908872960344,0
Norfolk,VA,5157000,2018,6,5,245179,2018-06-01,24.471916436562672,0
Norfolk,VA,5157000,2018,7,7,245096,2018-07-01,34.27228514541241,0
Norfolk,VA,5157000,2018,8,12,245014,2018-08-01,58.77215179540761,0
Norfolk,VA,5157000,2018,9,10,244931,2018-09-01,48.993389975135855,0
Norfolk,VA,5157000,2018,10,17,244849,2018-10-01,83.31665638822295,0
Norfolk,VA,5157000,2018,11,2,244766,2018-11-01,9.805283413545999,0
Norfolk,VA,5157000,2018,12,4,244684,2018-12-01,19.617138840300143,0
Norfolk,VA,5157000,2019,1,9,244601,2019-01-01,44.15353984652557,0
Norfolk,VA,5157000,2019,2,5,244576,2019-02-01,24.532251733612455,0
Norfolk,VA,5157000,2019,3,8,244551,2019-03-01,39.25561539310819,0
Norfolk,VA,5157000,2019,4,8,244526,2019-04-01,39.25962883292574,0
Norfolk,VA,5157000,2019,5,17,244501,2019-05-01,83.4352415736541,0
Norfolk,VA,5157000,2019,6,10,244476,2019-06-01,49.08457271879448,0
Norfolk,VA,5157000,2019,7,17,244451,2019-07-01,83.45230741539204,0
Norfolk,VA,5157000,2019,8,25,244425,2019-08-01,122.73703590058301,0
Norfolk,VA,5157000,2019,9,7,244400,2019-09-01,34.369885433715226,0
Norfolk,VA,5157000,2019,10,11,244375,2019-10-01,54.015345268542205,0
Norfolk,VA,5157000,2019,11,4,244350,2019-11-01,19.643953345610804,0
Norfolk,VA,5157000,2019,12,8,244325,2019-12-01,39.29192673692827,0
Norfolk,VA,5157000,2020,1,11,244300,2020-01-01,54.03192795742939,0
Norfolk,VA,5157000,2020,2,15,243821,2020-02-01,73.82465005065191,0
Norfolk,VA,5157000,2020,3,11,243343,2020-03-01,54.24442042713372,0
Norfolk,VA,5157000,2020,4,7,242864,2020-04-01,34.587258712695174,0
Norfolk,VA,5157000,2020,5,9,242385,2020-05-01,44.55721269880562,0
Norfolk,VA,5157000,2020,6,12,241907,2020-06-01,59.52700831311206,0
Norfolk,VA,5157000,2020,7,21,241428,2020-07-01,104.3789452756101,0
Norfolk,VA,5157000,2020,8,15,240949,2020-08-01,74.70460553893147,0
Norfolk,VA,5157000,2020,9,9,240471,2020-09-01,44.91186047382013,0
Norfolk,VA,5157000,2020,10,12,239992,2020-10-01,60.00200006666889,0
Norfolk,VA,5157000,2020,11,17,239513,2020-11-01,85.17282986727233,0
Norfolk,VA,5157000,2020,12,15,239035,2020-12-01,75.30277992762566,0
Norfolk,VA,5157000,2021,1,6,238556,2021-01-01,30.181592582035243,0
Norfolk,VA,5157000,2021,2,12,238735,2021-02-01,60.317925733553935,0
Norfolk,VA,5157000,2021,3,15,238914,2021-03-01,75.340917652377,0
Norfolk,VA,5157000,2021,4,16,239092,2021-04-01,80.30381610426112,0
Norfolk,VA,5157000,2021,5,19,239271,2021-05-01,95.28944167910026,0
Norfolk,VA,5157000,2021,6,14,239450,2021-06-01,70.16078513259554,0
Norfolk,VA,5157000,2021,7,30,239629,2021-07-01,150.23223399505068,0
Norfolk,VA,5157000,2021,8,34,239808,2021-08-01,170.1361088871097,0
Norfolk,VA,5157000,2021,9,14,239987,2021-09-01,70.00379187205974,0
Norfolk,VA,5157000,2021,10,13,240166,2021-10-01,64.95507274135389,0
Norfolk,VA,5157000,2021,11,22,240344,2021-11-01,109.84255899876844,0
Norfolk,VA,5157000,2021,12,8,240523,2021-12-01,39.91302287099362,0
Norfolk,VA,5157000,2022,1,9,240702,2022-01-01,44.868758880275195,0
Norfolk,VA,5157000,2022,2,10,240223,2022-02-01,49.95358479412879,0
Norfolk,VA,5157000,2022,3,23,239745,2022-03-01,115.1223174623037,0
Norfolk,VA,5157000,2022,4,24,239266,2022-04-01,120.36812585156271,0
Norfolk,VA,5157000,2022,5,20,238787,2022-05-01,100.50798410298717,0
Norfolk,VA,5157000,2022,6,10,238309,2022-06-01,50.35479146821983,0
Norfolk,VA,5157000,2022,7,25,237830,2022-07-01,126.14052053988144,0
Norfolk,VA,5157000,2022,8,25,237351,2022-08-01,126.3950857590657,0
Norfolk,VA,5157000,2022,9,24,236873,2022-09-01,121.58414002440126,0
Norfolk,VA,5157000,2022,10,10,236394,2022-10-01,50.7627097134445,0
Norfolk,VA,5157000,2022,11,7,235915,2022-11-01,35.60604454994383,0
Norfolk,VA,5157000,2022,12,14,235437,2022-12-01,71.35666866295443,0
Norfolk,VA,5157000,2023,1,6,234958,2023-01-01,30.6437746320619,0
Norfolk,VA,5157000,2023,2,11,234958,2023-02-01,56.180253492113486,0
Norfolk,VA,5157000,2023,3,13,234958,2023-03-01,66.39484503613411,0
Norfolk,VA,5157000,2023,4,7,234958,2023-04-01,35.751070404072216,0
Norfolk,VA,5157000,2023,5,8,234958,2023-05-01,40.858366176082534,0
Norfolk,VA,5157000,2023,6,7,234958,2023-06-01,35.751070404072216,0
Norfolk,VA,5157000,2023,7,11,234958,2023-07-01,56.180253492113486,0
Norfolk,VA,5157000,2023,8,10,234958,2023-08-01,51.07295772010316,0
Norfolk,VA,5157000,2023,9,9,234958,2023-09-01,45.96566194809285,0
Norfolk,VA,5157000,2023,10,6,234958,2023-10-01,30.6437746320619,0
Norfolk,VA,5157000,2023,11,4,234958,2023-11-01,20.429183088041267,0
Norfolk,VA,5157000,2023,12,7,234958,2023-12-01,35.751070404072216,0
Norfolk,VA,5157000,2024,1,3,234958,2024-01-01,15.32188731603095,0
Norfolk,VA,5157000,2024,2,5,234958,2024-02-01,25.53647886005158,0
Norfolk,VA,5157000,2024,3,5,234958,2024-03-01,25.53647886005158,0
Norfolk,VA,5157000,2024,4,2,234958,2024-04-01,10.214591544020633,0
Norfolk,VA,5157000,2024,5,0,234958,2024-05-01,0,0
Norfolk,VA,5157000,2024,6,10,234958,2024-06-01,51.07295772010316,0
Norfolk,VA,5157000,2024,7,11,234958,2024-07-01,56.180253492113486,0
Norfolk,VA,5157000,2024,8,3,234958,2024-08-01,15.32188731603095,0
Norfolk,VA,5157000,2024,9,2,234958,2024-09-01,10.214591544020633,0
Norfolk,VA,5157000,2024,10,9,234958,2024-10-01,45.96566194809285,0
Norfolk,VA,5157000,2024,11,13,234958,2024-11-01,66.39484503613411,0
Norfolk,VA,5157000,2024,12,5,234958,2024-12-01,25.53647886005158,0
Norfolk,VA,5157000,2025,1,7,234958,2025-01-01,35.751070404072216,0
Norfolk,VA,5157000,2025,2,5,234958,2025-02-01,25.53647886005158,0
Norfolk,VA,5157000,2025,3,7,234958,2025-03-01,35.751070404072216,0
Norfolk,VA,5157000,2025,4,4,234958,2025-04-01,20.429183088041267,0
Norfolk,VA,5157000,2025,5,5,234958,2025-05-01,25.53647886005158,0
Norfolk,VA,5157000,2025,6,20,234958,2025-06-01,102.14591544020632,0
Norfolk,VA,5157000,2025,7,9,234958,2025-07-01,45.96566194809285,0
Norfolk,VA,5157000,2025,8,2,234958,2025-08-01,10.214591544020633,0
Norfolk,VA,5157000,2025,9,5,234958,2025-09-01,25.53647886005158,0
North Las Vegas,NV,3251800,2018,1,0,236986,2018-01-01,0,0
North Las Vegas,NV,3251800,2018,2,0,237351,2018-02-01,0,0
North Las Vegas,NV,3251800,2018,3,0,237716,2018-03-01,0,0
North Las Vegas,NV,3251800,2018,4,0,238082,2018-04-01,0,0
North Las Vegas,NV,3251800,2018,5,1,238447,2018-05-01,5.032564888633533,0
North Las Vegas,NV,3251800,2018,6,0,238812,2018-06-01,0,0
North Las Vegas,NV,3251800,2018,7,1,239178,2018-07-01,5.017183854702355,0
North Las Vegas,NV,3251800,2018,8,1,239543,2018-08-01,5.009538997173785,0
North Las Vegas,NV,3251800,2018,9,4,239908,2018-09-01,20.007669606682562,0
North Las Vegas,NV,3251800,2018,10,2,240273,2018-10-01,9.988637924361038,0
North Las Vegas,NV,3251800,2018,11,7,240638,2018-11-01,34.907205013339535,0
North Las Vegas,NV,3251800,2018,12,6,241004,2018-12-01,29.875022821197987,0
North Las Vegas,NV,3251800,2019,1,1,241369,2019-01-01,4.97164093151979,0
North Las Vegas,NV,3251800,2019,2,0,241859,2019-02-01,0,0
North Las Vegas,NV,3251800,2019,3,6,242349,2019-03-01,29.70922099946771,0
North Las Vegas,NV,3251800,2019,4,0,242839,2019-04-01,0,0
North Las Vegas,NV,3251800,2019,5,2,243329,2019-05-01,9.863189344467779,0
North Las Vegas,NV,3251800,2019,6,0,243819,2019-06-01,0,0
North Las Vegas,NV,3251800,2019,7,0,244309,2019-07-01,0,0
North Las Vegas,NV,3251800,2019,8,2,244798,2019-08-01,9.804001666680284,0
North Las Vegas,NV,3251800,2019,9,1,245288,2019-09-01,4.89220834284596,0
North Las Vegas,NV,3251800,2019,10,2,245778,2019-10-01,9.764909796645753,0
North Las Vegas,NV,3251800,2019,11,4,246268,2019-11-01,19.49096106680527,0
North Las Vegas,NV,3251800,2019,12,3,246758,2019-12-01,14.589192650288947,0
North Las Vegas,NV,3251800,2020,1,2,247248,2020-01-01,9.706853038245002,0
North Las Vegas,NV,3251800,2020,2,1,248280,2020-02-01,4.833252779120348,0
North Las Vegas,NV,3251800,2020,3,1,249313,2020-03-01,4.813226747101034,0
North Las Vegas,NV,3251800,2020,4,0,250346,2020-04-01,0,0
North Las Vegas,NV,3251800,2020,5,6,251378,2020-05-01,28.642124609154344,0
North Las Vegas,NV,3251800,2020,6,5,252410,2020-06-01,23.77084901549067,0
North Las Vegas,NV,3251800,2020,7,5,253443,2020-07-01,23.673962192682378,0
North Las Vegas,NV,3251800,2020,8,2,254476,2020-08-01,9.431144783791005,0
North Las Vegas,NV,3251800,2020,9,4,255508,2020-09-01,18.78610454467179,0
North Las Vegas,NV,3251800,2020,10,10,256540,2020-10-01,46.77633117642473,0
North Las Vegas,NV,3251800,2020,11,0,257573,2020-11-01,0,0
North Las Vegas,NV,3251800,2020,12,3,258606,2020-12-01,13.920790700911812,0
North Las Vegas,NV,3251800,2021,1,3,259638,2021-01-01,13.86545883114182,0
North Las Vegas,NV,3251800,2021,2,4,259658,2021-02-01,18.485854470110684,0
North Las Vegas,NV,3251800,2021,3,1,259677,2021-03-01,4.621125475109462,0
North Las Vegas,NV,3251800,2021,4,0,259696,2021-04-01,0,0
North Las Vegas,NV,3251800,2021,5,5,259716,2021-05-01,23.10215774153306,0
North Las Vegas,NV,3251800,2021,6,1,259736,2021-06-01,4.620075769242616,0
North Las Vegas,NV,3251800,2021,7,10,259755,2021-07-01,46.197378298781544,0
North Las Vegas,NV,3251800,2021,8,0,259774,2021-08-01,0,0
North Las Vegas,NV,3251800,2021,9,7,259794,2021-09-01,32.333310238111736,0
North Las Vegas,NV,3251800,2021,10,6,259814,2021-10-01,27.71213252557599,0
North Las Vegas,NV,3251800,2021,11,2,259833,2021-11-01,9.236702035538212,0
North Las Vegas,NV,3251800,2021,12,2,259852,2021-12-01,9.236026661330294,0
North Las Vegas,NV,3251800,2022,1,7,259872,2022-01-01,32.323605467306976,0
North Las Vegas,NV,3251800,2022,2,3,260904,2022-02-01,13.798178640419465,0
North Las Vegas,NV,3251800,2022,3,1,261937,2022-03-01,4.58125427106518,0
North Las Vegas,NV,3251800,2022,4,6,262970,2022-04-01,27.37954899798456,0
North Las Vegas,NV,3251800,2022,5,4,264002,2022-05-01,18.181680441814834,0
North Las Vegas,NV,3251800,2022,6,5,265034,2022-06-01,22.6386048582446,0
North Las Vegas,NV,3251800,2022,7,2,266067,2022-07-01,9.02028436446459,0
North Las Vegas,NV,3251800,2022,8,4,267100,2022-08-01,17.970797454137028,0
North Las Vegas,NV,3251800,2022,9,2,268132,2022-09-01,8.95081527009085,0
North Las Vegas,NV,3251800,2022,10,1,269164,2022-10-01,4.458248502771545,0
North Las Vegas,NV,3251800,2022,11,2,270197,2022-11-01,8.882408020814443,0
North Las Vegas,NV,3251800,2022,12,0,271230,2022-12-01,0,0
North Las Vegas,NV,3251800,2023,1,1,272262,2023-01-01,4.407519227802631,0
North Las Vegas,NV,3251800,2023,2,3,272262,2023-02-01,13.222557683407896,0
North Las Vegas,NV,3251800,2023,3,1,272262,2023-03-01,4.407519227802631,0
North Las Vegas,NV,3251800,2023,4,2,272262,2023-04-01,8.815038455605261,0
North Las Vegas,NV,3251800,2023,5,3,272262,2023-05-01,13.222557683407896,0
North Las Vegas,NV,3251800,2023,6,7,272262,2023-06-01,30.85263459461842,0
North Las Vegas,NV,3251800,2023,7,3,272262,2023-07-01,13.222557683407896,0
North Las Vegas,NV,3251800,2023,8,1,272262,2023-08-01,4.407519227802631,0
North Las Vegas,NV,3251800,2023,9,3,272262,2023-09-01,13.222557683407896,0
North Las Vegas,NV,3251800,2023,10,4,272262,2023-10-01,17.630076911210523,0
North Las Vegas,NV,3251800,2023,11,3,272262,2023-11-01,13.222557683407896,0
North Las Vegas,NV,3251800,2023,12,3,272262,2023-12-01,13.222557683407896,0
North Las Vegas,NV,3251800,2024,1,4,272262,2024-01-01,17.630076911210523,0
North Las Vegas,NV,3251800,2024,2,2,272262,2024-02-01,8.815038455605261,0
North Las Vegas,NV,3251800,2024,3,13,272262,2024-03-01,57.297749961434214,0
North Las Vegas,NV,3251800,2024,4,1,272262,2024-04-01,4.407519227802631,0
North Las Vegas,NV,3251800,2024,5,3,272262,2024-05-01,13.222557683407896,0
North Las Vegas,NV,3251800,2024,6,6,272262,2024-06-01,26.44511536681579,0
North Las Vegas,NV,3251800,2024,7,1,272262,2024-07-01,4.407519227802631,0
North Las Vegas,NV,3251800,2024,8,0,272262,2024-08-01,0,0
North Las Vegas,NV,3251800,2024,9,3,272262,2024-09-01,13.222557683407896,0
North Las Vegas,NV,3251800,2024,10,2,272262,2024-10-01,8.815038455605261,0
North Las Vegas,NV,3251800,2024,11,0,272262,2024-11-01,0,0
North Las Vegas,NV,3251800,2024,12,4,272262,2024-12-01,17.630076911210523,0
North Las Vegas,NV,3251800,2025,1,3,272262,2025-01-01,13.222557683407896,0
North Las Vegas,NV,3251800,2025,2,2,272262,2025-02-01,8.815038455605261,0
North Las Vegas,NV,3251800,2025,3,4,272262,2025-03-01,17.630076911210523,0
North Las Vegas,NV,3251800,2025,4,0,272262,2025-04-01,0,0
North Las Vegas,NV,3251800,2025,5,1,272262,2025-05-01,4.407519227802631,0
North Las Vegas,NV,3251800,2025,6,2,272262,2025-06-01,8.815038455605261,0
North Las Vegas,NV,3251800,2025,7,1,272262,2025-07-01,4.407519227802631,0
North Las Vegas,NV,3251800,2025,8,1,272262,2025-08-01,4.407519227802631,0
North Las Vegas,NV,3251800,2025,9,4,272262,2025-09-01,17.630076911210523,0
Oakland,CA,653000,2018,1,18,421042,2018-01-01,51.30129535770778,0
Oakland,CA,653000,2018,2,17,421380,2018-02-01,48.41235939057384,0
Oakland,CA,653000,2018,3,23,421718,2018-03-01,65.44657804504432,0
Oakland,CA,653000,2018,4,19,422056,2018-04-01,54.021267319976495,0
Oakland,CA,653000,2018,5,11,422394,2018-05-01,31.25044389835083,0
Oakland,CA,653000,2018,6,26,422732,2018-06-01,73.80562625966333,0
Oakland,CA,653000,2018,7,33,423070,2018-07-01,93.60153166142717,0
Oakland,CA,653000,2018,8,28,423407,2018-08-01,79.35626949955953,0
Oakland,CA,653000,2018,9,25,423745,2018-09-01,70.79729554331024,0
Oakland,CA,653000,2018,10,23,424083,2018-10-01,65.0815995925326,0
Oakland,CA,653000,2018,11,41,424421,2018-11-01,115.92263342294561,0
Oakland,CA,653000,2018,12,16,424759,2018-12-01,45.20210283949251,0
Oakland,CA,653000,2019,1,28,425097,2019-01-01,79.04078363291202,0
Oakland,CA,653000,2019,2,17,424887,2019-02-01,48.01276574712806,0
Oakland,CA,653000,2019,3,31,424677,2019-03-01,87.59598471308782,0
Oakland,CA,653000,2019,4,25,424467,2019-04-01,70.67687240704225,0
Oakland,CA,653000,2019,5,19,424256,2019-05-01,53.741137426459495,0
Oakland,CA,653000,2019,6,36,424046,2019-06-01,101.87573989614333,0
Oakland,CA,653000,2019,7,25,423836,2019-07-01,70.7820949612586,0
Oakland,CA,653000,2019,8,14,423626,2019-08-01,39.65762252552959,0
Oakland,CA,653000,2019,9,23,423416,2019-09-01,65.18412152587527,0
Oakland,CA,653000,2019,10,18,423205,2019-10-01,51.03909452865632,0
Oakland,CA,653000,2019,11,16,422995,2019-11-01,45.39060745398882,0
Oakland,CA,653000,2019,12,27,422785,2019-12-01,76.63469612214246,0
Oakland,CA,653000,2020,1,11,422575,2020-01-01,31.237058510323607,0
Oakland,CA,653000,2020,2,19,423823,2020-02-01,53.79604221573629,0
Oakland,CA,653000,2020,3,20,425071,2020-03-01,56.46115590101418,0
Oakland,CA,653000,2020,4,33,426318,2020-04-01,92.88840724529577,0
Oakland,CA,653000,2020,5,29,427566,2020-05-01,81.39094315263608,0
Oakland,CA,653000,2020,6,26,428814,2020-06-01,72.75881850872406,0
Oakland,CA,653000,2020,7,46,430061,2020-07-01,128.35388468147545,0
Oakland,CA,653000,2020,8,35,431309,2020-08-01,97.37798191088059,0
Oakland,CA,653000,2020,9,44,432557,2020-09-01,122.06483769769072,0
Oakland,CA,653000,2020,10,46,433805,2020-10-01,127.24611288482151,0
Oakland,CA,653000,2020,11,45,435053,2020-11-01,124.12280802568881,0
Oakland,CA,653000,2020,12,40,436300,2020-12-01,110.01604400641762,0
Oakland,CA,653000,2021,1,42,437548,2021-01-01,115.18736230082185,0
Oakland,CA,653000,2021,2,34,437138,2021-02-01,93.33437038189312,0
Oakland,CA,653000,2021,3,39,436728,2021-03-01,107.16052096499423,0
Oakland,CA,653000,2021,4,30,436318,2021-04-01,82.50862902745246,0
Oakland,CA,653000,2021,5,42,435908,2021-05-01,115.62072730943228,0
Oakland,CA,653000,2021,6,50,435498,2021-06-01,137.77330779934695,0
Oakland,CA,653000,2021,7,37,435088,2021-07-01,102.04832125914757,0
Oakland,CA,653000,2021,8,32,434677,2021-08-01,88.34145814018225,0
Oakland,CA,653000,2021,9,40,434267,2021-09-01,110.53107880635646,0
Oakland,CA,653000,2021,10,44,433857,2021-10-01,121.6990851824449,0
Oakland,CA,653000,2021,11,39,433447,2021-11-01,107.97167819825722,0
Oakland,CA,653000,2021,12,16,433037,2021-12-01,44.338012687137585,0
Oakland,CA,653000,2022,1,26,432627,2022-01-01,72.11755160912287,0
Oakland,CA,653000,2022,2,21,433875,2022-02-01,58.081244598098536,0
Oakland,CA,653000,2022,3,20,435123,2022-03-01,55.15681772740121,0
Oakland,CA,653000,2022,4,48,436370,2022-04-01,131.9980750280725,0
Oakland,CA,653000,2022,5,23,437618,2022-05-01,63.06870375533,0
Oakland,CA,653000,2022,6,31,438866,2022-06-01,84.7639142699594,0
Oakland,CA,653000,2022,7,45,440113,2022-07-01,122.69576222470138,0
Oakland,CA,653000,2022,8,39,441361,2022-08-01,106.03564882261914,0
Oakland,CA,653000,2022,9,59,442609,2022-09-01,159.96059727660307,0
Oakland,CA,653000,2022,10,32,443857,2022-10-01,86.51435034256528,0
Oakland,CA,653000,2022,11,25,445105,2022-11-01,67.39982700711067,0
Oakland,CA,653000,2022,12,22,446352,2022-12-01,59.14614474674696,0
Oakland,CA,653000,2023,1,23,447600,2023-01-01,61.662198391420915,0
Oakland,CA,653000,2023,2,22,447600,2023-02-01,58.981233243967836,0
Oakland,CA,653000,2023,3,22,447600,2023-03-01,58.981233243967836,0
Oakland,CA,653000,2023,4,36,447600,2023-04-01,96.51474530831099,0
Oakland,CA,653000,2023,5,36,447600,2023-05-01,96.51474530831099,0
Oakland,CA,653000,2023,6,36,447600,2023-06-01,96.51474530831099,0
Oakland,CA,653000,2023,7,44,447600,2023-07-01,117.96246648793567,0
Oakland,CA,653000,2023,8,40,447600,2023-08-01,107.23860589812332,0
Oakland,CA,653000,2023,9,36,447600,2023-09-01,96.51474530831099,0
Oakland,CA,653000,2023,10,35,447600,2023-10-01,93.83378016085791,0
Oakland,CA,653000,2023,11,23,447600,2023-11-01,61.662198391420915,0
Oakland,CA,653000,2023,12,16,447600,2023-12-01,42.89544235924933,0
Oakland,CA,653000,2024,1,27,447600,2024-01-01,72.38605898123325,0
Oakland,CA,653000,2024,2,20,447600,2024-02-01,53.61930294906166,0
Oakland,CA,653000,2024,3,19,447600,2024-03-01,50.93833780160858,0
Oakland,CA,653000,2024,4,22,447600,2024-04-01,58.981233243967836,0
Oakland,CA,653000,2024,5,23,447600,2024-05-01,61.662198391420915,0
Oakland,CA,653000,2024,6,46,447600,2024-06-01,123.32439678284183,0
Oakland,CA,653000,2024,7,25,447600,2024-07-01,67.02412868632709,0
Oakland,CA,653000,2024,8,32,447600,2024-08-01,85.79088471849866,0
Oakland,CA,653000,2024,9,19,447600,2024-09-01,50.93833780160858,0
Oakland,CA,653000,2024,10,14,447600,2024-10-01,37.533512064343164,0
Oakland,CA,653000,2024,11,12,447600,2024-11-01,32.171581769437,0
Oakland,CA,653000,2024,12,23,447600,2024-12-01,61.662198391420915,0
Oakland,CA,653000,2025,1,29,447600,2025-01-01,77.7479892761394,0
Oakland,CA,653000,2025,2,16,447600,2025-02-01,42.89544235924933,0
Oakland,CA,653000,2025,3,17,447600,2025-03-01,45.57640750670242,0
Oakland,CA,653000,2025,4,10,447600,2025-04-01,26.80965147453083,0
Oakland,CA,653000,2025,5,21,447600,2025-05-01,56.30026809651474,0
Oakland,CA,653000,2025,6,6,447600,2025-06-01,16.0857908847185,0
Oakland,CA,653000,2025,7,9,447600,2025-07-01,24.128686327077748,0
Oakland,CA,653000,2025,8,16,447600,2025-08-01,42.89544235924933,0
Oakland,CA,653000,2025,9,19,447600,2025-09-01,50.93833780160858,0
Oklahoma City,OK,4055000,2018,1,5,637284,2018-01-01,9.414954714067825,0
Oklahoma City,OK,4055000,2018,2,20,637818,2018-02-01,37.62828894763083,0
Oklahoma City,OK,4055000,2018,3,9,638352,2018-03-01,16.91856530566208,0
Oklahoma City,OK,4055000,2018,4,6,638886,2018-04-01,11.26961617565575,0
Oklahoma City,OK,4055000,2018,5,10,639420,2018-05-01,18.767007600638074,0
Oklahoma City,OK,4055000,2018,6,13,639954,2018-06-01,24.376752079055684,0
Oklahoma City,OK,4055000,2018,7,17,640488,2018-07-01,31.850713830704088,0
Oklahoma City,OK,4055000,2018,8,20,641022,2018-08-01,37.44021266040791,0
Oklahoma City,OK,4055000,2018,9,14,641556,2018-09-01,26.186334474309334,0
Oklahoma City,OK,4055000,2018,10,22,642090,2018-10-01,41.11573143951782,0
Oklahoma City,OK,4055000,2018,11,23,642624,2018-11-01,42.94890947116821,0
Oklahoma City,OK,4055000,2018,12,6,643158,2018-12-01,11.1947608519213,0
Oklahoma City,OK,4055000,2019,1,14,643692,2019-01-01,26.099438862064467,0
Oklahoma City,OK,4055000,2019,2,14,644203,2019-02-01,26.078736050592745,0
Oklahoma City,OK,4055000,2019,3,23,644714,2019-03-01,42.8096799511101,0
Oklahoma City,OK,4055000,2019,4,15,645224,2019-04-01,27.89728838356912,0
Oklahoma City,OK,4055000,2019,5,19,645735,2019-05-01,35.308601825826386,0
Oklahoma City,OK,4055000,2019,6,18,646246,2019-06-01,33.423804557397645,0
Oklahoma City,OK,4055000,2019,7,18,646756,2019-07-01,33.397448187569964,0
Oklahoma City,OK,4055000,2019,8,14,647267,2019-08-01,25.955285840310104,0
Oklahoma City,OK,4055000,2019,9,21,647778,2019-09-01,38.90221650009725,0
Oklahoma City,OK,4055000,2019,10,10,648289,2019-10-01,18.510263169666615,0
Oklahoma City,OK,4055000,2019,11,11,648800,2019-11-01,20.34525277435265,0
Oklahoma City,OK,4055000,2019,12,14,649310,2019-12-01,25.873619688592502,0
Oklahoma City,OK,4055000,2020,1,8,649821,2020-01-01,14.77329910852373,0
Oklahoma City,OK,4055000,2020,2,12,651768,2020-02-01,22.093751150716205,0
Oklahoma City,OK,4055000,2020,3,11,653715,2020-03-01,20.192285629058535,0
Oklahoma City,OK,4055000,2020,4,11,655661,2020-04-01,20.132354982224044,0
Oklahoma City,OK,4055000,2020,5,8,657608,2020-05-01,14.598362550333938,0
Oklahoma City,OK,4055000,2020,6,15,659555,2020-06-01,27.291128109103862,0
Oklahoma City,OK,4055000,2020,7,13,661502,2020-07-01,23.58269513924372,0
Oklahoma City,OK,4055000,2020,8,21,663449,2020-08-01,37.983326525475206,0
Oklahoma City,OK,4055000,2020,9,12,665396,2020-09-01,21.641248219105613,0
Oklahoma City,OK,4055000,2020,10,12,667343,2020-10-01,21.578109008410966,0
Oklahoma City,OK,4055000,2020,11,18,669289,2020-11-01,32.273053942317894,0
Oklahoma City,OK,4055000,2020,12,14,671236,2020-12-01,25.0284549696381,0
Oklahoma City,OK,4055000,2021,1,15,673183,2021-01-01,26.738643132699426,0
Oklahoma City,OK,4055000,2021,2,14,673069,2021-02-01,24.960293818315805,0
Oklahoma City,OK,4055000,2021,3,10,672955,2021-03-01,17.83180153204895,0
Oklahoma City,OK,4055000,2021,4,23,672841,2021-04-01,41.02009241410675,0
Oklahoma City,OK,4055000,2021,5,16,672728,2021-05-01,28.540509685935476,0
Oklahoma City,OK,4055000,2021,6,22,672614,2021-06-01,39.24985206968633,0
Oklahoma City,OK,4055000,2021,7,18,672500,2021-07-01,32.11895910780669,0
Oklahoma City,OK,4055000,2021,8,21,672386,2021-08-01,37.4784721871068,0
Oklahoma City,OK,4055000,2021,9,19,672272,2021-09-01,33.91484399171764,0
Oklahoma City,OK,4055000,2021,10,18,672159,2021-10-01,32.13525371229129,0
Oklahoma City,OK,4055000,2021,11,17,672045,2021-11-01,30.355110148873962,0
Oklahoma City,OK,4055000,2021,12,8,671931,2021-12-01,14.287181273077145,0
Oklahoma City,OK,4055000,2022,1,14,671817,2022-01-01,25.006809890193313,0
Oklahoma City,OK,4055000,2022,2,9,673764,2022-02-01,16.029351523678915,0
Oklahoma City,OK,4055000,2022,3,16,675711,2022-03-01,28.41451448918251,0
Oklahoma City,OK,4055000,2022,4,18,677657,2022-04-01,31.874532396182733,0
Oklahoma City,OK,4055000,2022,5,17,679604,2022-05-01,30.017480768212078,0
Oklahoma City,OK,4055000,2022,6,10,681551,2022-06-01,17.606899557039753,0
Oklahoma City,OK,4055000,2022,7,18,683498,2022-07-01,31.60214075242356,0
Oklahoma City,OK,4055000,2022,8,17,685445,2022-08-01,29.76168766275923,0
Oklahoma City,OK,4055000,2022,9,21,687392,2022-09-01,36.66030445509986,0
Oklahoma City,OK,4055000,2022,10,13,689339,2022-10-01,22.630374895370785,0
Oklahoma City,OK,4055000,2022,11,12,691285,2022-11-01,20.830771678830004,0
Oklahoma City,OK,4055000,2022,12,15,693232,2022-12-01,25.965333394880787,0
Oklahoma City,OK,4055000,2023,1,14,695179,2023-01-01,24.16643770884909,0
Oklahoma City,OK,4055000,2023,2,14,695179,2023-02-01,24.16643770884909,0
Oklahoma City,OK,4055000,2023,3,14,695179,2023-03-01,24.16643770884909,0
Oklahoma City,OK,4055000,2023,4,20,695179,2023-04-01,34.52348244121298,0
Oklahoma City,OK,4055000,2023,5,18,695179,2023-05-01,31.07113419709168,0
Oklahoma City,OK,4055000,2023,6,18,695179,2023-06-01,31.07113419709168,0
Oklahoma City,OK,4055000,2023,7,17,695179,2023-07-01,29.344960075031036,0
Oklahoma City,OK,4055000,2023,8,15,695179,2023-08-01,25.892611830909733,0
Oklahoma City,OK,4055000,2023,9,20,695179,2023-09-01,34.52348244121298,0
Oklahoma City,OK,4055000,2023,10,10,695179,2023-10-01,17.26174122060649,0
Oklahoma City,OK,4055000,2023,11,12,695179,2023-11-01,20.714089464727792,0
Oklahoma City,OK,4055000,2023,12,8,695179,2023-12-01,13.809392976485192,0
Oklahoma City,OK,4055000,2024,1,12,695179,2024-01-01,20.714089464727792,0
Oklahoma City,OK,4055000,2024,2,15,695179,2024-02-01,25.892611830909733,0
Oklahoma City,OK,4055000,2024,3,10,695179,2024-03-01,17.26174122060649,0
Oklahoma City,OK,4055000,2024,4,15,695179,2024-04-01,25.892611830909733,0
Oklahoma City,OK,4055000,2024,5,17,695179,2024-05-01,29.344960075031036,0
Oklahoma City,OK,4055000,2024,6,14,695179,2024-06-01,24.16643770884909,0
Oklahoma City,OK,4055000,2024,7,21,695179,2024-07-01,36.24965656327363,0
Oklahoma City,OK,4055000,2024,8,21,695179,2024-08-01,36.24965656327363,0
Oklahoma City,OK,4055000,2024,9,15,695179,2024-09-01,25.892611830909733,0
Oklahoma City,OK,4055000,2024,10,28,695179,2024-10-01,48.33287541769818,0
Oklahoma City,OK,4055000,2024,11,8,695179,2024-11-01,13.809392976485192,0
Oklahoma City,OK,4055000,2024,12,7,695179,2024-12-01,12.083218854424546,0
Oklahoma City,OK,4055000,2025,1,4,695179,2025-01-01,6.904696488242596,0
Oklahoma City,OK,4055000,2025,2,9,695179,2025-02-01,15.53556709854584,0
Oklahoma City,OK,4055000,2025,3,14,695179,2025-03-01,24.16643770884909,0
Oklahoma City,OK,4055000,2025,4,3,695179,2025-04-01,5.178522366181948,0
Oklahoma City,OK,4055000,2025,5,20,695179,2025-05-01,34.52348244121298,0
Oklahoma City,OK,4055000,2025,6,11,695179,2025-06-01,18.987915342667144,0
Oklahoma City,OK,4055000,2025,7,9,695179,2025-07-01,15.53556709854584,0
Oklahoma City,OK,4055000,2025,8,11,695179,2025-08-01,18.987915342667144,0
Oklahoma City,OK,4055000,2025,9,8,695179,2025-09-01,13.809392976485192,0
Omaha,NE,3137000,2018,1,11,465112,2018-01-01,28.38026109840211,0
Omaha,NE,3137000,2018,2,9,466008,2018-02-01,23.175567801411134,0
Omaha,NE,3137000,2018,3,4,466904,2018-03-01,10.280485924301354,0
Omaha,NE,3137000,2018,4,7,467800,2018-04-01,17.956391620350576,0
Omaha,NE,3137000,2018,5,20,468695,2018-05-01,51.20600817162547,0
Omaha,NE,3137000,2018,6,18,469591,2018-06-01,45.99747439793352,0
Omaha,NE,3137000,2018,7,14,470487,2018-07-01,35.70768161500743,0
Omaha,NE,3137000,2018,8,15,471383,2018-08-01,38.18550944773146,0
Omaha,NE,3137000,2018,9,8,472279,2018-09-01,20.326967745760452,0
Omaha,NE,3137000,2018,10,8,473174,2018-10-01,20.288519656616803,0
Omaha,NE,3137000,2018,11,3,474070,2018-11-01,7.593815259349885,0
Omaha,NE,3137000,2018,12,6,474966,2018-12-01,15.158979800659417,0
Omaha,NE,3137000,2019,1,9,475862,2019-01-01,22.695655463138472,0
Omaha,NE,3137000,2019,2,10,476168,2019-02-01,25.201189496144217,0
Omaha,NE,3137000,2019,3,5,476473,2019-03-01,12.592528852631734,0
Omaha,NE,3137000,2019,4,2,476779,2019-04-01,5.033778752839366,0
Omaha,NE,3137000,2019,5,8,477084,2019-05-01,20.122242623940437,0
Omaha,NE,3137000,2019,6,19,477390,2019-06-01,47.759693332495445,0
Omaha,NE,3137000,2019,7,6,477696,2019-07-01,15.07234726688103,0
Omaha,NE,3137000,2019,8,19,478001,2019-08-01,47.69864498191426,0
Omaha,NE,3137000,2019,9,8,478307,2019-09-01,20.07079135367034,0
Omaha,NE,3137000,2019,10,14,478612,2019-10-01,35.101501842828846,0
Omaha,NE,3137000,2019,11,13,478918,2019-11-01,32.57342593095269,0
Omaha,NE,3137000,2019,12,16,479223,2019-12-01,40.06485498400536,0
Omaha,NE,3137000,2020,1,5,479529,2020-01-01,12.512277672466109,0
Omaha,NE,3137000,2020,2,12,480240,2020-02-01,29.985007496251875,0
Omaha,NE,3137000,2020,3,10,480951,2020-03-01,24.950566689745944,0
Omaha,NE,3137000,2020,4,13,481661,2020-04-01,32.387924286998526,0
Omaha,NE,3137000,2020,5,10,482372,2020-05-01,24.87706583300855,0
Omaha,NE,3137000,2020,6,18,483083,2020-06-01,44.7128133260744,0
Omaha,NE,3137000,2020,7,38,483794,2020-07-01,94.25499282752575,0
Omaha,NE,3137000,2020,8,16,484505,2020-08-01,39.62807401368407,0
Omaha,NE,3137000,2020,9,16,485216,2020-09-01,39.57000593550089,0
Omaha,NE,3137000,2020,10,14,485927,2020-10-01,34.57309431252019,0
Omaha,NE,3137000,2020,11,10,486637,2020-11-01,24.659037434473746,0
Omaha,NE,3137000,2020,12,5,487348,2020-12-01,12.31153097991579,0
Omaha,NE,3137000,2021,1,11,488059,2021-01-01,27.04591043295995,0
Omaha,NE,3137000,2021,2,5,488389,2021-02-01,12.28528898071005,0
Omaha,NE,3137000,2021,3,12,488719,2021-03-01,29.46478446714779,0
Omaha,NE,3137000,2021,4,13,489049,2021-04-01,31.898644103147127,0
Omaha,NE,3137000,2021,5,10,489378,2021-05-01,24.520922477103586,0
Omaha,NE,3137000,2021,6,19,489708,2021-06-01,46.55835722512191,0
Omaha,NE,3137000,2021,7,16,490038,2021-07-01,39.1806349711655,0
Omaha,NE,3137000,2021,8,18,490368,2021-08-01,44.04855129209084,0
Omaha,NE,3137000,2021,9,9,490698,2021-09-01,22.009464069549907,0
Omaha,NE,3137000,2021,10,12,491027,2021-10-01,29.326289593036634,0
Omaha,NE,3137000,2021,11,10,491357,2021-11-01,24.42216148340209,0
Omaha,NE,3137000,2021,12,11,491687,2021-12-01,26.84634737139684,0
Omaha,NE,3137000,2022,1,7,492017,2022-01-01,17.072580825459283,0
Omaha,NE,3137000,2022,2,13,492728,2022-02-01,31.66046987384521,0
Omaha,NE,3137000,2022,3,9,493439,2022-03-01,21.887203889437195,0
Omaha,NE,3137000,2022,4,6,494149,2022-04-01,14.570504038255669,0
Omaha,NE,3137000,2022,5,12,494860,2022-05-01,29.099139150466797,0
Omaha,NE,3137000,2022,6,19,495571,2022-06-01,46.0075347427513,0
Omaha,NE,3137000,2022,7,9,496282,2022-07-01,21.76182090021399,0
Omaha,NE,3137000,2022,8,17,496993,2022-08-01,41.046855790725424,0
Omaha,NE,3137000,2022,9,15,497704,2022-09-01,36.16607461463038,0
Omaha,NE,3137000,2022,10,12,498415,2022-10-01,28.891586328661855,0
Omaha,NE,3137000,2022,11,18,499125,2022-11-01,43.27573253193088,0
Omaha,NE,3137000,2022,12,1,499836,2022-12-01,2.400787458286318,0
Omaha,NE,3137000,2023,1,8,500547,2023-01-01,19.17901815413937,0
Omaha,NE,3137000,2023,2,4,500547,2023-02-01,9.589509077069685,0
Omaha,NE,3137000,2023,3,5,500547,2023-03-01,11.986886346337108,0
Omaha,NE,3137000,2023,4,12,500547,2023-04-01,28.768527231209056,0
Omaha,NE,3137000,2023,5,12,500547,2023-05-01,28.768527231209056,0
Omaha,NE,3137000,2023,6,17,500547,2023-06-01,40.755413577546165,0
Omaha,NE,3137000,2023,7,17,500547,2023-07-01,40.755413577546165,0
Omaha,NE,3137000,2023,8,5,500547,2023-08-01,11.986886346337108,0
Omaha,NE,3137000,2023,9,8,500547,2023-09-01,19.17901815413937,0
Omaha,NE,3137000,2023,10,9,500547,2023-10-01,21.576395423406794,0
Omaha,NE,3137000,2023,11,6,500547,2023-11-01,14.384263615604528,0
Omaha,NE,3137000,2023,12,4,500547,2023-12-01,9.589509077069685,0
Omaha,NE,3137000,2024,1,3,500547,2024-01-01,7.192131807802264,0
Omaha,NE,3137000,2024,2,6,500547,2024-02-01,14.384263615604528,0
Omaha,NE,3137000,2024,3,15,500547,2024-03-01,35.96065903901132,0
Omaha,NE,3137000,2024,4,6,500547,2024-04-01,14.384263615604528,0
Omaha,NE,3137000,2024,5,13,500547,2024-05-01,31.165904500476476,0
Omaha,NE,3137000,2024,6,7,500547,2024-06-01,16.78164088487195,0
Omaha,NE,3137000,2024,7,4,500547,2024-07-01,9.589509077069685,0
Omaha,NE,3137000,2024,8,4,500547,2024-08-01,9.589509077069685,0
Omaha,NE,3137000,2024,9,16,500547,2024-09-01,38.35803630827874,0
Omaha,NE,3137000,2024,10,11,500547,2024-10-01,26.371149961941637,0
Omaha,NE,3137000,2024,11,7,500547,2024-11-01,16.78164088487195,0
Omaha,NE,3137000,2024,12,15,500547,2024-12-01,35.96065903901132,0
Omaha,NE,3137000,2025,1,8,500547,2025-01-01,19.17901815413937,0
Omaha,NE,3137000,2025,2,3,500547,2025-02-01,7.192131807802264,0
Omaha,NE,3137000,2025,3,12,500547,2025-03-01,28.768527231209056,0
Omaha,NE,3137000,2025,4,7,500547,2025-04-01,16.78164088487195,0
Omaha,NE,3137000,2025,5,6,500547,2025-05-01,14.384263615604528,0
Omaha,NE,3137000,2025,6,11,500547,2025-06-01,26.371149961941637,0
Omaha,NE,3137000,2025,7,6,500547,2025-07-01,14.384263615604528,0
Omaha,NE,3137000,2025,8,13,500547,2025-08-01,31.165904500476476,0
Omaha,NE,3137000,2025,9,9,500547,2025-09-01,21.576395423406794,0
Orlando,FL,1253000,2018,1,10,275690,2018-01-01,43.52715005984983,0
Orlando,FL,1253000,2018,2,9,276118,2018-02-01,39.11371225345686,0
Orlando,FL,1253000,2018,3,6,276547,2018-03-01,26.035357461841926,0
Orlando,FL,1253000,2018,4,4,276976,2018-04-01,17.33002137369303,0
Orlando,FL,1253000,2018,5,1,277404,2018-05-01,4.325820824501449,0
Orlando,FL,1253000,2018,6,9,277832,2018-06-01,38.87241210515707,0
Orlando,FL,1253000,2018,7,9,278261,2018-07-01,38.812481806649146,0
Orlando,FL,1253000,2018,8,6,278690,2018-08-01,25.835157343284656,0
Orlando,FL,1253000,2018,9,4,279118,2018-09-01,17.197027780365293,0
Orlando,FL,1253000,2018,10,0,279546,2018-10-01,0,0
Orlando,FL,1253000,2018,11,11,279975,2018-11-01,47.14706670238414,0
Orlando,FL,1253000,2018,12,9,280404,2018-12-01,38.515855693927335,0
Orlando,FL,1253000,2019,1,6,280832,2019-01-01,25.638103919781223,0
Orlando,FL,1253000,2019,2,3,281164,2019-02-01,12.803915152722254,0
Orlando,FL,1253000,2019,3,4,281496,2019-03-01,17.051752067524937,0
Orlando,FL,1253000,2019,4,4,281828,2019-04-01,17.031664703294208,0
Orlando,FL,1253000,2019,5,7,282160,2019-05-01,29.770343067762973,0
Orlando,FL,1253000,2019,6,5,282492,2019-06-01,21.239539526783055,0
Orlando,FL,1253000,2019,7,7,282824,2019-07-01,29.700449749667637,0
Orlando,FL,1253000,2019,8,3,283157,2019-08-01,12.713794820541256,0
Orlando,FL,1253000,2019,9,1,283489,2019-09-01,4.232968474967283,0
Orlando,FL,1253000,2019,10,8,283821,2019-10-01,33.82413563478389,0
Orlando,FL,1253000,2019,11,12,284153,2019-11-01,50.67692405147931,0
Orlando,FL,1253000,2019,12,9,284485,2019-12-01,37.96333725855493,0
Orlando,FL,1253000,2020,1,4,284817,2020-01-01,16.852926616037667,0
Orlando,FL,1253000,2020,2,5,286330,2020-02-01,20.95484231481158,0
Orlando,FL,1253000,2020,3,6,287842,2020-03-01,25.013722806261768,0
Orlando,FL,1253000,2020,4,13,289355,2020-04-01,53.913013426413926,0
Orlando,FL,1253000,2020,5,9,290867,2020-05-01,37.130372300742266,0
Orlando,FL,1253000,2020,6,8,292380,2020-06-01,32.83398317258362,0
Orlando,FL,1253000,2020,7,5,293893,2020-07-01,20.415593430262035,0
Orlando,FL,1253000,2020,8,12,295405,2020-08-01,48.74663597434031,0
Orlando,FL,1253000,2020,9,8,296918,2020-09-01,32.33215904727905,0
Orlando,FL,1253000,2020,10,3,298430,2020-10-01,12.063130382334217,0
Orlando,FL,1253000,2020,11,4,299943,2020-11-01,16.003040577709765,0
Orlando,FL,1253000,2020,12,6,301455,2020-12-01,23.884161815196297,0
Orlando,FL,1253000,2021,1,9,302968,2021-01-01,35.64732909086108,0
Orlando,FL,1253000,2021,2,11,302853,2021-02-01,43.58550187714832,0
Orlando,FL,1253000,2021,3,8,302739,2021-03-01,31.71048328758436,0
Orlando,FL,1253000,2021,4,8,302624,2021-04-01,31.7225335730147,0
Orlando,FL,1253000,2021,5,5,302510,2021-05-01,19.834055072559586,0
Orlando,FL,1253000,2021,6,8,302395,2021-06-01,31.746556656029362,0
Orlando,FL,1253000,2021,7,4,302280,2021-07-01,15.879317189360858,0
Orlando,FL,1253000,2021,8,1,302166,2021-08-01,3.9713270189233736,0
Orlando,FL,1253000,2021,9,3,302051,2021-09-01,11.918517071620355,0
Orlando,FL,1253000,2021,10,5,301937,2021-10-01,19.87169508871056,0
Orlando,FL,1253000,2021,11,19,301822,2021-11-01,75.54121303284718,0
Orlando,FL,1253000,2021,12,16,301708,2021-12-01,63.63768942155993,0
Orlando,FL,1253000,2022,1,10,301593,2022-01-01,39.78872188678119,0
Orlando,FL,1253000,2022,2,6,303106,2022-02-01,23.754066234254683,0
Orlando,FL,1253000,2022,3,9,304618,2022-03-01,35.454241049445535,0
Orlando,FL,1253000,2022,4,12,306131,2022-04-01,47.03868605270293,0
Orlando,FL,1253000,2022,5,14,307643,2022-05-01,54.60875105235614,0
Orlando,FL,1253000,2022,6,0,309156,2022-06-01,0,0
Orlando,FL,1253000,2022,7,16,310669,2022-07-01,61.8021109283514,0
Orlando,FL,1253000,2022,8,13,312181,2022-08-01,49.97101040742389,0
Orlando,FL,1253000,2022,9,7,313694,2022-09-01,26.777687810413973,0
Orlando,FL,1253000,2022,10,5,315206,2022-10-01,19.03517065030488,0
Orlando,FL,1253000,2022,11,7,316719,2022-11-01,26.52193269112368,0
Orlando,FL,1253000,2022,12,6,318231,2022-12-01,22.625074238524846,0
Orlando,FL,1253000,2023,1,10,319744,2023-01-01,37.53002401921537,0
Orlando,FL,1253000,2023,2,2,319744,2023-02-01,7.506004803843073,0
Orlando,FL,1253000,2023,3,4,319744,2023-03-01,15.012009607686146,0
Orlando,FL,1253000,2023,4,14,319744,2023-04-01,52.542033626901514,0
Orlando,FL,1253000,2023,5,7,319744,2023-05-01,26.271016813450757,0
Orlando,FL,1253000,2023,6,4,319744,2023-06-01,15.012009607686146,0
Orlando,FL,1253000,2023,7,9,319744,2023-07-01,33.77702161729384,0
Orlando,FL,1253000,2023,8,13,319744,2023-08-01,48.78903122497998,0
Orlando,FL,1253000,2023,9,4,319744,2023-09-01,15.012009607686146,0
Orlando,FL,1253000,2023,10,12,319744,2023-10-01,45.036028823058444,0
Orlando,FL,1253000,2023,11,4,319744,2023-11-01,15.012009607686146,0
Orlando,FL,1253000,2023,12,5,319744,2023-12-01,18.765012009607684,0
Orlando,FL,1253000,2024,1,7,319744,2024-01-01,26.271016813450757,0
Orlando,FL,1253000,2024,2,12,319744,2024-02-01,45.036028823058444,0
Orlando,FL,1253000,2024,3,5,319744,2024-03-01,18.765012009607684,0
Orlando,FL,1253000,2024,4,2,319744,2024-04-01,7.506004803843073,0
Orlando,FL,1253000,2024,5,2,319744,2024-05-01,7.506004803843073,0
Orlando,FL,1253000,2024,6,3,319744,2024-06-01,11.259007205764611,0
Orlando,FL,1253000,2024,7,5,319744,2024-07-01,18.765012009607684,0
Orlando,FL,1253000,2024,8,3,319744,2024-08-01,11.259007205764611,0
Orlando,FL,1253000,2024,9,4,319744,2024-09-01,15.012009607686146,0
Orlando,FL,1253000,2024,10,2,319744,2024-10-01,7.506004803843073,0
Orlando,FL,1253000,2024,11,10,319744,2024-11-01,37.53002401921537,0
Orlando,FL,1253000,2024,12,7,319744,2024-12-01,26.271016813450757,0
Orlando,FL,1253000,2025,1,0,319744,2025-01-01,0,0
Orlando,FL,1253000,2025,2,0,319744,2025-02-01,0,0
Orlando,FL,1253000,2025,3,3,319744,2025-03-01,11.259007205764611,0
Orlando,FL,1253000,2025,4,2,319744,2025-04-01,7.506004803843073,0
Orlando,FL,1253000,2025,5,2,319744,2025-05-01,7.506004803843073,0
Orlando,FL,1253000,2025,6,5,319744,2025-06-01,18.765012009607684,0
Orlando,FL,1253000,2025,7,0,319744,2025-07-01,0,0
Orlando,FL,1253000,2025,8,4,319744,2025-08-01,15.012009607686146,0
Orlando,FL,1253000,2025,9,2,319744,2025-09-01,7.506004803843073,0
Philadelphia,PA,4260000,2018,1,82,1575522,2018-01-01,62.45549094204968,0
Philadelphia,PA,4260000,2018,2,105,1575818,2018-02-01,79.95847236165598,0
Philadelphia,PA,4260000,2018,3,83,1576114,2018-03-01,63.19339844706665,0
Philadelphia,PA,4260000,2018,4,108,1576410,2018-04-01,82.21211486859383,0
Philadelphia,PA,4260000,2018,5,145,1576706,2018-05-01,110.35665495025705,0
Philadelphia,PA,4260000,2018,6,126,1577002,2018-06-01,95.87812824587412,0
Philadelphia,PA,4260000,2018,7,123,1577298,2018-07-01,93.57775131902785,0
Philadelphia,PA,4260000,2018,8,147,1577595,2018-08-01,111.81577020718245,0
Philadelphia,PA,4260000,2018,9,123,1577891,2018-09-01,93.54258310618414,0
Philadelphia,PA,4260000,2018,10,143,1578187,2018-10-01,108.73236188106986,0
Philadelphia,PA,4260000,2018,11,118,1578483,2018-11-01,89.70638264713652,0
Philadelphia,PA,4260000,2018,12,124,1578779,2018-12-01,94.25005019701933,0
Philadelphia,PA,4260000,2019,1,90,1579075,2019-01-01,68.39447144689137,0
Philadelphia,PA,4260000,2019,2,81,1579280,2019-02-01,61.54703409148472,0
Philadelphia,PA,4260000,2019,3,129,1579484,2019-03-01,98.00669079268927,0
Philadelphia,PA,4260000,2019,4,115,1579689,2019-04-01,87.35896749296856,0
Philadelphia,PA,4260000,2019,5,116,1579894,2019-05-01,88.10717681059616,0
Philadelphia,PA,4260000,2019,6,144,1580098,2019-06-01,109.3603055000386,0
Philadelphia,PA,4260000,2019,7,127,1580303,2019-07-01,96.43720223273638,0
Philadelphia,PA,4260000,2019,8,156,1580508,2019-08-01,118.4429310069927,0
Philadelphia,PA,4260000,2019,9,118,1580712,2019-09-01,89.5798855199429,0
Philadelphia,PA,4260000,2019,10,157,1580917,2019-10-01,119.17134169599038,0
Philadelphia,PA,4260000,2019,11,94,1581122,2019-11-01,71.34174339488035,0
Philadelphia,PA,4260000,2019,12,79,1581326,2019-12-01,59.94968779366178,0
Philadelphia,PA,4260000,2020,1,115,1581531,2020-01-01,87.25722100926254,0
Philadelphia,PA,4260000,2020,2,86,1582809,2020-02-01,65.2005390416658,0
Philadelphia,PA,4260000,2020,3,141,1584087,2020-03-01,106.81231523268607,0
Philadelphia,PA,4260000,2020,4,135,1585365,2020-04-01,102.18467040713023,0
Philadelphia,PA,4260000,2020,5,185,1586642,2020-05-01,139.91814158455404,0
Philadelphia,PA,4260000,2020,6,210,1587920,2020-06-01,158.69817119250342,0
Philadelphia,PA,4260000,2020,7,217,1589198,2020-07-01,163.85623440250993,0
Philadelphia,PA,4260000,2020,8,289,1590476,2020-08-01,218.04793030514134,0
Philadelphia,PA,4260000,2020,9,239,1591754,2020-09-01,180.17859543622944,0
Philadelphia,PA,4260000,2020,10,264,1593031,2020-10-01,198.86618653372096,0
Philadelphia,PA,4260000,2020,11,225,1594309,2020-11-01,169.35236519394923,0
Philadelphia,PA,4260000,2020,12,186,1595587,2020-12-01,139.88582258441562,0
Philadelphia,PA,4260000,2021,1,200,1596865,2021-01-01,150.2944832531241,0
Philadelphia,PA,4260000,2021,2,123,1596721,2021-02-01,92.43944308366959,0
Philadelphia,PA,4260000,2021,3,176,1596577,2021-03-01,132.28300294943494,0
Philadelphia,PA,4260000,2021,4,176,1596433,2021-04-01,132.2949350207619,0
Philadelphia,PA,4260000,2021,5,198,1596288,2021-05-01,148.84532114505654,0
Philadelphia,PA,4260000,2021,6,225,1596144,2021-06-01,169.15766998466302,0
Philadelphia,PA,4260000,2021,7,230,1596000,2021-07-01,172.93233082706766,0
Philadelphia,PA,4260000,2021,8,184,1595856,2021-08-01,138.358348121635,0
Philadelphia,PA,4260000,2021,9,224,1595712,2021-09-01,168.45144988569365,0
Philadelphia,PA,4260000,2021,10,190,1595567,2021-10-01,142.8959109833683,0
Philadelphia,PA,4260000,2021,11,193,1595423,2021-11-01,145.16526338156086,0
Philadelphia,PA,4260000,2021,12,204,1595279,2021-12-01,153.4527816137491,0
Philadelphia,PA,4260000,2022,1,182,1595135,2022-01-01,136.91631115861668,0
Philadelphia,PA,4260000,2022,2,143,1596413,2022-02-01,107.49098134380014,0
Philadelphia,PA,4260000,2022,3,168,1597691,2022-03-01,126.1820965380665,0
Philadelphia,PA,4260000,2022,4,191,1598969,2022-04-01,143.3423662372441,0
Philadelphia,PA,4260000,2022,5,227,1600246,2022-05-01,170.2238280864317,0
Philadelphia,PA,4260000,2022,6,228,1601524,2022-06-01,170.83727749318774,0
Philadelphia,PA,4260000,2022,7,200,1602802,2022-07-01,149.7377717272626,0
Philadelphia,PA,4260000,2022,8,203,1604080,2022-08-01,151.8627499875318,0
Philadelphia,PA,4260000,2022,9,182,1605358,2022-09-01,136.04442124435798,0
Philadelphia,PA,4260000,2022,10,204,1606635,2022-10-01,152.36814833487384,0
Philadelphia,PA,4260000,2022,11,162,1607913,2022-11-01,120.90206373106008,0
Philadelphia,PA,4260000,2022,12,142,1609191,2022-12-01,105.89171826091497,0
Philadelphia,PA,4260000,2023,1,155,1610469,2023-01-01,115.4943063169797,0
Philadelphia,PA,4260000,2023,2,118,1610469,2023-02-01,87.92469771228133,0
Philadelphia,PA,4260000,2023,3,159,1610469,2023-03-01,118.47480454451467,0
Philadelphia,PA,4260000,2023,4,154,1610469,2023-04-01,114.74918176009596,0
Philadelphia,PA,4260000,2023,5,181,1610469,2023-05-01,134.86754479595695,0
Philadelphia,PA,4260000,2023,6,187,1610469,2023-06-01,139.3382921372594,0
Philadelphia,PA,4260000,2023,7,169,1610469,2023-07-01,125.92605011335208,0
Philadelphia,PA,4260000,2023,8,176,1610469,2023-08-01,131.14192201153827,0
Philadelphia,PA,4260000,2023,9,129,1610469,2023-09-01,96.12106783800246,0
Philadelphia,PA,4260000,2023,10,122,1610469,2023-10-01,90.9051959398163,0
Philadelphia,PA,4260000,2023,11,102,1610469,2023-11-01,76.0027048021415,0
Philadelphia,PA,4260000,2023,12,96,1610469,2023-12-01,71.53195746083904,0
Philadelphia,PA,4260000,2024,1,81,1610469,2024-01-01,60.355089107582955,0
Philadelphia,PA,4260000,2024,2,91,1610469,2024-02-01,67.80633467642035,0
Philadelphia,PA,4260000,2024,3,86,1610469,2024-03-01,64.08071189200164,0
Philadelphia,PA,4260000,2024,4,90,1610469,2024-04-01,67.06121011953661,0
Philadelphia,PA,4260000,2024,5,95,1610469,2024-05-01,70.78683290395531,0
Philadelphia,PA,4260000,2024,6,126,1610469,2024-06-01,93.88569416735126,0
Philadelphia,PA,4260000,2024,7,120,1610469,2024-07-01,89.4149468260488,0
Philadelphia,PA,4260000,2024,8,102,1610469,2024-08-01,76.0027048021415,0
Philadelphia,PA,4260000,2024,9,83,1610469,2024-09-01,61.84533822135043,0
Philadelphia,PA,4260000,2024,10,85,1610469,2024-10-01,63.33558733511791,0
Philadelphia,PA,4260000,2024,11,81,1610469,2024-11-01,60.355089107582955,0
Philadelphia,PA,4260000,2024,12,81,1610469,2024-12-01,60.355089107582955,0
Philadelphia,PA,4260000,2025,1,66,1610469,2025-01-01,49.17822075432685,0
Philadelphia,PA,4260000,2025,2,75,1610469,2025-02-01,55.8843417662805,0
Philadelphia,PA,4260000,2025,3,71,1610469,2025-03-01,52.90384353874555,0
Philadelphia,PA,4260000,2025,4,77,1610469,2025-04-01,57.37459088004798,0
Philadelphia,PA,4260000,2025,5,124,1610469,2025-05-01,92.39544505358376,0
Philadelphia,PA,4260000,2025,6,89,1610469,2025-06-01,66.31608556265287,0
Philadelphia,PA,4260000,2025,7,128,1610469,2025-07-01,95.37594328111874,0
Philadelphia,PA,4260000,2025,8,83,1610469,2025-08-01,61.84533822135043,0
Philadelphia,PA,4260000,2025,9,54,1610469,2025-09-01,40.23672607172196,0
Phoenix,AZ,455000,2018,1,17,1610071,2018-01-01,12.670248703318052,0
Phoenix,AZ,455000,2018,2,12,1611983,2018-02-01,8.933096688984932,0
Phoenix,AZ,455000,2018,3,13,1613895,2018-03-01,9.666056341955333,0
Phoenix,AZ,455000,2018,4,11,1615807,2018-04-01,8.169292495947847,0
Phoenix,AZ,455000,2018,5,20,1617720,2018-05-01,14.835694681403456,0
Phoenix,AZ,455000,2018,6,20,1619632,2018-06-01,14.818180920110247,0
Phoenix,AZ,455000,2018,7,17,1621544,2018-07-01,12.580602191491565,0
Phoenix,AZ,455000,2018,8,15,1623456,2018-08-01,11.087457867660103,0
Phoenix,AZ,455000,2018,9,12,1625368,2018-09-01,8.85953211826491,0
Phoenix,AZ,455000,2018,10,13,1627281,2018-10-01,9.586543442712108,0
Phoenix,AZ,455000,2018,11,20,1629193,2018-11-01,14.731219689748237,0
Phoenix,AZ,455000,2018,12,8,1631105,2018-12-01,5.88558063398739,0
Phoenix,AZ,455000,2019,1,17,1633017,2019-01-01,12.492215329050461,0
Phoenix,AZ,455000,2019,2,14,1635134,2019-02-01,10.27438729792176,0
Phoenix,AZ,455000,2019,3,23,1637251,2019-03-01,16.857525205359472,0
Phoenix,AZ,455000,2019,4,25,1639368,2019-04-01,18.299735019836913,0
Phoenix,AZ,455000,2019,5,18,1641485,2019-05-01,13.158816559395913,0
Phoenix,AZ,455000,2019,6,18,1643602,2019-06-01,13.141867678428234,0
Phoenix,AZ,455000,2019,7,21,1645719,2019-07-01,15.312456136193362,0
Phoenix,AZ,455000,2019,8,15,1647837,2019-08-01,10.923410507228567,0
Phoenix,AZ,455000,2019,9,13,1649954,2019-09-01,9.454809043161204,0
Phoenix,AZ,455000,2019,10,11,1652071,2019-10-01,7.989971375322247,0
Phoenix,AZ,455000,2019,11,25,1654188,2019-11-01,18.135786258877467,0
Phoenix,AZ,455000,2019,12,22,1656305,2019-12-01,15.939093343315392,0
Phoenix,AZ,455000,2020,1,18,1658422,2020-01-01,13.024429246597066,0
Phoenix,AZ,455000,2020,2,19,1652813,2020-02-01,13.794664006151933,0
Phoenix,AZ,455000,2020,3,19,1647205,2020-03-01,13.841628698310167,0
Phoenix,AZ,455000,2020,4,20,1641596,2020-04-01,14.619918664519163,0
Phoenix,AZ,455000,2020,5,24,1635988,2020-05-01,17.604041105435982,0
Phoenix,AZ,455000,2020,6,25,1630379,2020-06-01,18.40062954687223,0
Phoenix,AZ,455000,2020,7,14,1624770,2020-07-01,10.339925035543493,0
Phoenix,AZ,455000,2020,8,13,1619162,2020-08-01,9.63461346054317,0
Phoenix,AZ,455000,2020,9,25,1613553,2020-09-01,18.592509821493316,0
Phoenix,AZ,455000,2020,10,36,1607945,2020-10-01,26.866590586120793,0
Phoenix,AZ,455000,2020,11,31,1602336,2020-11-01,23.216104487448327,0
Phoenix,AZ,455000,2020,12,28,1596728,2020-12-01,21.04303300249009,0
Phoenix,AZ,455000,2021,1,33,1591119,2021-01-01,24.88814475850015,0
Phoenix,AZ,455000,2021,2,20,1597423,2021-02-01,15.024198349466612,0
Phoenix,AZ,455000,2021,3,16,1603727,2021-03-01,11.972112460537236,0
Phoenix,AZ,455000,2021,4,24,1610032,2021-04-01,17.88784322299184,0
Phoenix,AZ,455000,2021,5,34,1616336,2021-05-01,25.24227635838093,0
Phoenix,AZ,455000,2021,6,24,1622640,2021-06-01,17.748853719863927,0
Phoenix,AZ,455000,2021,7,28,1628945,2021-07-01,20.62684743806574,0
Phoenix,AZ,455000,2021,8,23,1635249,2021-08-01,16.878163509043578,0
Phoenix,AZ,455000,2021,9,16,1641553,2021-09-01,11.696241303204953,0
Phoenix,AZ,455000,2021,10,29,1647857,2021-10-01,21.11833733145534,0
Phoenix,AZ,455000,2021,11,20,1654161,2021-11-01,14.508865823822472,0
Phoenix,AZ,455000,2021,12,25,1660466,2021-12-01,18.06721727515047,0
Phoenix,AZ,455000,2022,1,17,1666770,2022-01-01,12.239241167047643,0
Phoenix,AZ,455000,2022,2,37,1661161,2022-02-01,26.728294247216255,0
Phoenix,AZ,455000,2022,3,17,1655553,2022-03-01,12.3221666718009,0
Phoenix,AZ,455000,2022,4,33,1649944,2022-04-01,24.000814573100662,0
Phoenix,AZ,455000,2022,5,33,1644336,2022-05-01,24.08266923548472,0
Phoenix,AZ,455000,2022,6,32,1638727,2022-06-01,23.432823160904775,0
Phoenix,AZ,455000,2022,7,31,1633118,2022-07-01,22.77851324888955,0
Phoenix,AZ,455000,2022,8,41,1627510,2022-08-01,30.23022900012903,0
Phoenix,AZ,455000,2022,9,28,1621901,2022-09-01,20.716430904229046,0
Phoenix,AZ,455000,2022,10,26,1616293,2022-10-01,19.303430751726328,0
Phoenix,AZ,455000,2022,11,13,1610684,2022-11-01,9.685326234071983,0
Phoenix,AZ,455000,2022,12,41,1605076,2022-12-01,30.65275413749879,0
Phoenix,AZ,455000,2023,1,30,1599467,2023-01-01,22.507497810208026,0
Phoenix,AZ,455000,2023,2,29,1599467,2023-02-01,21.757247883201092,0
Phoenix,AZ,455000,2023,3,37,1599467,2023-03-01,27.759247299256565,0
Phoenix,AZ,455000,2023,4,27,1599467,2023-04-01,20.25674802918722,0
Phoenix,AZ,455000,2023,5,35,1599467,2023-05-01,26.258747445242697,0
Phoenix,AZ,455000,2023,6,29,1599467,2023-06-01,21.757247883201092,0
Phoenix,AZ,455000,2023,7,27,1599467,2023-07-01,20.25674802918722,0
Phoenix,AZ,455000,2023,8,15,1599467,2023-08-01,11.253748905104013,0
Phoenix,AZ,455000,2023,9,28,1599467,2023-09-01,21.00699795619416,0
Phoenix,AZ,455000,2023,10,30,1599467,2023-10-01,22.507497810208026,0
Phoenix,AZ,455000,2023,11,37,1599467,2023-11-01,27.759247299256565,0
Phoenix,AZ,455000,2023,12,30,1599467,2023-12-01,22.507497810208026,0
Phoenix,AZ,455000,2024,1,30,1599467,2024-01-01,22.507497810208026,0
Phoenix,AZ,455000,2024,2,21,1599467,2024-02-01,15.75524846714562,0
Phoenix,AZ,455000,2024,3,21,1599467,2024-03-01,15.75524846714562,0
Phoenix,AZ,455000,2024,4,20,1599467,2024-04-01,15.004998540138683,0
Phoenix,AZ,455000,2024,5,26,1599467,2024-05-01,19.50649810218029,0
Phoenix,AZ,455000,2024,6,15,1599467,2024-06-01,11.253748905104013,0
Phoenix,AZ,455000,2024,7,24,1599467,2024-07-01,18.00599824816642,0
Phoenix,AZ,455000,2024,8,26,1599467,2024-08-01,19.50649810218029,0
Phoenix,AZ,455000,2024,9,23,1599467,2024-09-01,17.255748321159487,0
Phoenix,AZ,455000,2024,10,28,1599467,2024-10-01,21.00699795619416,0
Phoenix,AZ,455000,2024,11,27,1599467,2024-11-01,20.25674802918722,0
Phoenix,AZ,455000,2024,12,28,1599467,2024-12-01,21.00699795619416,0
Phoenix,AZ,455000,2025,1,28,1599467,2025-01-01,21.00699795619416,0
Phoenix,AZ,455000,2025,2,19,1599467,2025-02-01,14.254748613131751,0
Phoenix,AZ,455000,2025,3,22,1599467,2025-03-01,16.505498394152553,0
Phoenix,AZ,455000,2025,4,23,1599467,2025-04-01,17.255748321159487,0
Phoenix,AZ,455000,2025,5,18,1599467,2025-05-01,13.504498686124816,0
Phoenix,AZ,455000,2025,6,34,1599467,2025-06-01,25.508497518235764,0
Phoenix,AZ,455000,2025,7,14,1599467,2025-07-01,10.50349897809708,0
Phoenix,AZ,455000,2025,8,16,1599467,2025-08-01,12.003998832110948,0
Phoenix,AZ,455000,2025,9,20,1599467,2025-09-01,15.004998540138683,0
Pittsburgh,PA,4261000,2018,1,11,303587,2018-01-01,43.4801226666491,0
Pittsburgh,PA,4261000,2018,2,4,303472,2018-02-01,15.816945220646385,0
Pittsburgh,PA,4261000,2018,3,3,303357,2018-03-01,11.867205965248864,0
Pittsburgh,PA,4261000,2018,4,10,303241,2018-04-01,39.57248525100498,0
Pittsburgh,PA,4261000,2018,5,11,303126,2018-05-01,43.54624809485165,0
Pittsburgh,PA,4261000,2018,6,10,303011,2018-06-01,39.60252268069476,0
Pittsburgh,PA,4261000,2018,7,13,302896,2018-07-01,51.50282605250648,0
Pittsburgh,PA,4261000,2018,8,21,302781,2018-08-01,83.22847206396702,0
Pittsburgh,PA,4261000,2018,9,6,302666,2018-09-01,23.788598653301,0
Pittsburgh,PA,4261000,2018,10,25,302551,2018-10-01,99.15683636808339,0
Pittsburgh,PA,4261000,2018,11,9,302435,2018-11-01,35.71015259477243,0
Pittsburgh,PA,4261000,2018,12,8,302320,2018-12-01,31.754432389521035,0
Pittsburgh,PA,4261000,2019,1,10,302205,2019-01-01,39.70814513327046,0
Pittsburgh,PA,4261000,2019,2,8,302128,2019-02-01,31.77461208494413,0
Pittsburgh,PA,4261000,2019,3,8,302052,2019-03-01,31.78260696833658,0
Pittsburgh,PA,4261000,2019,4,12,301975,2019-04-01,47.6860667273781,0
Pittsburgh,PA,4261000,2019,5,12,301899,2019-05-01,47.69807120924548,0
Pittsburgh,PA,4261000,2019,6,17,301822,2019-06-01,67.58950639781062,0
Pittsburgh,PA,4261000,2019,7,25,301745,2019-07-01,99.42169712836997,0
Pittsburgh,PA,4261000,2019,8,17,301669,2019-08-01,67.62378633535431,0
Pittsburgh,PA,4261000,2019,9,14,301592,2019-09-01,55.704395342051505,0
Pittsburgh,PA,4261000,2019,10,8,301516,2019-10-01,31.8391063824142,0
Pittsburgh,PA,4261000,2019,11,6,301439,2019-11-01,23.885429556228623,0
Pittsburgh,PA,4261000,2019,12,7,301363,2019-12-01,27.873362025198844,0
Pittsburgh,PA,4261000,2020,1,6,301286,2020-01-01,23.89755912986332,0
Pittsburgh,PA,4261000,2020,2,7,301446,2020-02-01,27.865687386795646,0
Pittsburgh,PA,4261000,2020,3,12,301606,2020-03-01,47.74440826774003,0
Pittsburgh,PA,4261000,2020,4,18,301766,2020-04-01,71.57864040349145,0
Pittsburgh,PA,4261000,2020,5,16,301926,2020-05-01,63.591741022634686,0
Pittsburgh,PA,4261000,2020,6,16,302086,2020-06-01,63.55805962540469,0
Pittsburgh,PA,4261000,2020,7,17,302246,2020-07-01,67.49468975602655,0
Pittsburgh,PA,4261000,2020,8,19,302407,2020-08-01,75.39508014034067,0
Pittsburgh,PA,4261000,2020,9,15,302567,2020-09-01,59.49095572220368,0
Pittsburgh,PA,4261000,2020,10,31,302727,2020-10-01,122.88299358828252,0
Pittsburgh,PA,4261000,2020,11,26,302887,2020-11-01,103.00871282029273,0
Pittsburgh,PA,4261000,2020,12,8,303047,2020-12-01,31.6782545281755,0
Pittsburgh,PA,4261000,2021,1,14,303207,2021-01-01,55.407691774926036,0
Pittsburgh,PA,4261000,2021,2,5,302972,2021-02-01,19.8038102530927,0
Pittsburgh,PA,4261000,2021,3,19,302737,2021-03-01,75.31289535141062,0
Pittsburgh,PA,4261000,2021,4,29,302501,2021-04-01,115.04094201341482,0
Pittsburgh,PA,4261000,2021,5,20,302266,2021-05-01,79.40026334420676,0
Pittsburgh,PA,4261000,2021,6,27,302031,2021-06-01,107.27375666736197,0
Pittsburgh,PA,4261000,2021,7,15,301795,2021-07-01,59.643135240809166,0
Pittsburgh,PA,4261000,2021,8,19,301560,2021-08-01,75.60684440907282,0
Pittsburgh,PA,4261000,2021,9,19,301325,2021-09-01,75.6658093420725,0
Pittsburgh,PA,4261000,2021,10,9,301090,2021-10-01,35.86967351954565,0
Pittsburgh,PA,4261000,2021,11,20,300855,2021-11-01,79.772647953333,0
Pittsburgh,PA,4261000,2021,12,14,300619,2021-12-01,55.88469125371317,0
Pittsburgh,PA,4261000,2022,1,17,300384,2022-01-01,67.91307126877597,0
Pittsburgh,PA,4261000,2022,2,12,300544,2022-02-01,47.913117546848376,0
Pittsburgh,PA,4261000,2022,3,18,300704,2022-03-01,71.83143556454188,0
Pittsburgh,PA,4261000,2022,4,35,300864,2022-04-01,139.59795788130185,0
Pittsburgh,PA,4261000,2022,5,21,301024,2022-05-01,83.71425534176677,0
Pittsburgh,PA,4261000,2022,6,26,301184,2022-06-01,103.59116022099445,0
Pittsburgh,PA,4261000,2022,7,25,301344,2022-07-01,99.55399808856322,0
Pittsburgh,PA,4261000,2022,8,19,301505,2022-08-01,75.62063647369033,0
Pittsburgh,PA,4261000,2022,9,22,301665,2022-09-01,87.51429565909203,0
Pittsburgh,PA,4261000,2022,10,35,301825,2022-10-01,139.15348297854717,0
Pittsburgh,PA,4261000,2022,11,18,301985,2022-11-01,71.52673146017186,0
Pittsburgh,PA,4261000,2022,12,13,302145,2022-12-01,51.63083949759221,0
Pittsburgh,PA,4261000,2023,1,15,302305,2023-01-01,59.542515009675654,0
Pittsburgh,PA,4261000,2023,2,17,302305,2023-02-01,67.48151701096575,0
Pittsburgh,PA,4261000,2023,3,9,302305,2023-03-01,35.7255090058054,0
Pittsburgh,PA,4261000,2023,4,16,302305,2023-04-01,63.51201601032071,0
Pittsburgh,PA,4261000,2023,5,15,302305,2023-05-01,59.542515009675654,0
Pittsburgh,PA,4261000,2023,6,34,302305,2023-06-01,134.9630340219315,0
Pittsburgh,PA,4261000,2023,7,6,302305,2023-07-01,23.817006003870265,0
Pittsburgh,PA,4261000,2023,8,15,302305,2023-08-01,59.542515009675654,0
Pittsburgh,PA,4261000,2023,9,18,302305,2023-09-01,71.4510180116108,0
Pittsburgh,PA,4261000,2023,10,22,302305,2023-10-01,87.32902201419097,0
Pittsburgh,PA,4261000,2023,11,5,302305,2023-11-01,19.84750500322522,0
Pittsburgh,PA,4261000,2023,12,10,302305,2023-12-01,39.69501000645044,0
Pittsburgh,PA,4261000,2024,1,8,302305,2024-01-01,31.756008005160353,0
Pittsburgh,PA,4261000,2024,2,11,302305,2024-02-01,43.664511007095484,0
Pittsburgh,PA,4261000,2024,3,9,302305,2024-03-01,35.7255090058054,0
Pittsburgh,PA,4261000,2024,4,11,302305,2024-04-01,43.664511007095484,0
Pittsburgh,PA,4261000,2024,5,11,302305,2024-05-01,43.664511007095484,0
Pittsburgh,PA,4261000,2024,6,7,302305,2024-06-01,27.78650700451531,0
Pittsburgh,PA,4261000,2024,7,15,302305,2024-07-01,59.542515009675654,0
Pittsburgh,PA,4261000,2024,8,11,302305,2024-08-01,43.664511007095484,0
Pittsburgh,PA,4261000,2024,9,15,302305,2024-09-01,59.542515009675654,0
Pittsburgh,PA,4261000,2024,10,9,302305,2024-10-01,35.7255090058054,0
Pittsburgh,PA,4261000,2024,11,10,302305,2024-11-01,39.69501000645044,0
Pittsburgh,PA,4261000,2024,12,5,302305,2024-12-01,19.84750500322522,0
Pittsburgh,PA,4261000,2025,1,4,302305,2025-01-01,15.878004002580177,0
Pittsburgh,PA,4261000,2025,2,9,302305,2025-02-01,35.7255090058054,0
Pittsburgh,PA,4261000,2025,3,8,302305,2025-03-01,31.756008005160353,0
Pittsburgh,PA,4261000,2025,4,14,302305,2025-04-01,55.57301400903062,0
Pittsburgh,PA,4261000,2025,5,6,302305,2025-05-01,23.817006003870265,0
Pittsburgh,PA,4261000,2025,6,15,302305,2025-06-01,59.542515009675654,0
Pittsburgh,PA,4261000,2025,7,14,302305,2025-07-01,55.57301400903062,0
Pittsburgh,PA,4261000,2025,8,11,302305,2025-08-01,43.664511007095484,0
Pittsburgh,PA,4261000,2025,9,8,302305,2025-09-01,31.756008005160353,0
Plano,TX,4858016,2018,1,0,284579,2018-01-01,0,0
Plano,TX,4858016,2018,2,1,284786,2018-02-01,4.213690279718806,0
Plano,TX,4858016,2018,3,4,284993,2018-03-01,16.842518939061662,0
Plano,TX,4858016,2018,4,1,285200,2018-04-01,4.207573632538569,0
Plano,TX,4858016,2018,5,0,285407,2018-05-01,0,0
Plano,TX,4858016,2018,6,0,285614,2018-06-01,0,0
Plano,TX,4858016,2018,7,0,285821,2018-07-01,0,0
Plano,TX,4858016,2018,8,0,286029,2018-08-01,0,0
Plano,TX,4858016,2018,9,0,286236,2018-09-01,0,0
Plano,TX,4858016,2018,10,0,286443,2018-10-01,0,0
Plano,TX,4858016,2018,11,0,286650,2018-11-01,0,0
Plano,TX,4858016,2018,12,0,286857,2018-12-01,0,0
Plano,TX,4858016,2019,1,0,287064,2019-01-01,0,0
Plano,TX,4858016,2019,2,0,287214,2019-02-01,0,0
Plano,TX,4858016,2019,3,0,287365,2019-03-01,0,0
Plano,TX,4858016,2019,4,0,287516,2019-04-01,0,0
Plano,TX,4858016,2019,5,0,287666,2019-05-01,0,0
Plano,TX,4858016,2019,6,0,287816,2019-06-01,0,0
Plano,TX,4858016,2019,7,1,287967,2019-07-01,4.1671441519340755,0
Plano,TX,4858016,2019,8,0,288118,2019-08-01,0,0
Plano,TX,4858016,2019,9,0,288268,2019-09-01,0,0
Plano,TX,4858016,2019,10,0,288418,2019-10-01,0,0
Plano,TX,4858016,2019,11,1,288569,2019-11-01,4.15845083844765,0
Plano,TX,4858016,2019,12,0,288720,2019-12-01,0,0
Plano,TX,4858016,2020,1,1,288870,2020-01-01,4.154117769238757,0
Plano,TX,4858016,2020,2,2,288313,2020-02-01,8.324286452570643,0
Plano,TX,4858016,2020,3,0,287755,2020-03-01,0,0
Plano,TX,4858016,2020,4,0,287198,2020-04-01,0,0
Plano,TX,4858016,2020,5,0,286640,2020-05-01,0,0
Plano,TX,4858016,2020,6,0,286083,2020-06-01,0,0
Plano,TX,4858016,2020,7,0,285526,2020-07-01,0,0
Plano,TX,4858016,2020,8,0,284968,2020-08-01,0,0
Plano,TX,4858016,2020,9,2,284411,2020-09-01,8.438492182088597,0
Plano,TX,4858016,2020,10,1,283853,2020-10-01,4.227540311358344,0
Plano,TX,4858016,2020,11,3,283296,2020-11-01,12.707556760420196,0
Plano,TX,4858016,2020,12,0,282738,2020-12-01,0,0
Plano,TX,4858016,2021,1,0,282181,2021-01-01,0,0
Plano,TX,4858016,2021,2,0,282764,2021-02-01,0,0
Plano,TX,4858016,2021,3,0,283347,2021-03-01,0,0
Plano,TX,4858016,2021,4,0,283930,2021-04-01,0,0
Plano,TX,4858016,2021,5,0,284513,2021-05-01,0,0
Plano,TX,4858016,2021,6,0,285096,2021-06-01,0,0
Plano,TX,4858016,2021,7,1,285679,2021-07-01,4.200518764067362,0
Plano,TX,4858016,2021,8,0,286263,2021-08-01,0,0
Plano,TX,4858016,2021,9,0,286846,2021-09-01,0,0
Plano,TX,4858016,2021,10,2,287429,2021-10-01,8.349888146290041,0
Plano,TX,4858016,2021,11,1,288012,2021-11-01,4.16649306278905,0
Plano,TX,4858016,2021,12,0,288595,2021-12-01,0,0
Plano,TX,4858016,2022,1,1,289178,2022-01-01,4.149693268505903,0
Plano,TX,4858016,2022,2,0,288621,2022-02-01,0,0
Plano,TX,4858016,2022,3,0,288063,2022-03-01,0,0
Plano,TX,4858016,2022,4,0,287506,2022-04-01,0,0
Plano,TX,4858016,2022,5,0,286948,2022-05-01,0,0
Plano,TX,4858016,2022,6,0,286391,2022-06-01,0,0
Plano,TX,4858016,2022,7,0,285834,2022-07-01,0,0
Plano,TX,4858016,2022,8,0,285276,2022-08-01,0,0
Plano,TX,4858016,2022,9,1,284719,2022-09-01,4.214681844204286,0
Plano,TX,4858016,2022,10,1,284161,2022-10-01,4.222958111774663,0
Plano,TX,4858016,2022,11,0,283604,2022-11-01,0,0
Plano,TX,4858016,2022,12,2,283046,2022-12-01,8.479187128593939,0
Plano,TX,4858016,2023,1,2,282489,2023-01-01,8.49590603527925,0
Plano,TX,4858016,2023,2,0,282489,2023-02-01,0,0
Plano,TX,4858016,2023,3,1,282489,2023-03-01,4.247953017639625,0
Plano,TX,4858016,2023,4,1,282489,2023-04-01,4.247953017639625,0
Plano,TX,4858016,2023,5,0,282489,2023-05-01,0,0
Plano,TX,4858016,2023,6,0,282489,2023-06-01,0,0
Plano,TX,4858016,2023,7,1,282489,2023-07-01,4.247953017639625,0
Plano,TX,4858016,2023,8,2,282489,2023-08-01,8.49590603527925,0
Plano,TX,4858016,2023,9,0,282489,2023-09-01,0,0
Plano,TX,4858016,2023,10,0,282489,2023-10-01,0,0
Plano,TX,4858016,2023,11,0,282489,2023-11-01,0,0
Plano,TX,4858016,2023,12,1,282489,2023-12-01,4.247953017639625,0
Plano,TX,4858016,2024,1,0,282489,2024-01-01,0,0
Plano,TX,4858016,2024,2,0,282489,2024-02-01,0,0
Plano,TX,4858016,2024,3,0,282489,2024-03-01,0,0
Plano,TX,4858016,2024,4,2,282489,2024-04-01,8.49590603527925,0
Plano,TX,4858016,2024,5,1,282489,2024-05-01,4.247953017639625,0
Plano,TX,4858016,2024,6,1,282489,2024-06-01,4.247953017639625,0
Plano,TX,4858016,2024,7,0,282489,2024-07-01,0,0
Plano,TX,4858016,2024,8,1,282489,2024-08-01,4.247953017639625,0
Plano,TX,4858016,2024,9,0,282489,2024-09-01,0,0
Plano,TX,4858016,2024,10,0,282489,2024-10-01,0,0
Plano,TX,4858016,2024,11,0,282489,2024-11-01,0,0
Plano,TX,4858016,2024,12,0,282489,2024-12-01,0,0
Plano,TX,4858016,2025,1,0,282489,2025-01-01,0,0
Plano,TX,4858016,2025,2,0,282489,2025-02-01,0,0
Plano,TX,4858016,2025,3,0,282489,2025-03-01,0,0
Plano,TX,4858016,2025,4,0,282489,2025-04-01,0,0
Plano,TX,4858016,2025,5,2,282489,2025-05-01,8.49590603527925,0
Plano,TX,4858016,2025,6,0,282489,2025-06-01,0,0
Plano,TX,4858016,2025,7,1,282489,2025-07-01,4.247953017639625,0
Plano,TX,4858016,2025,8,1,282489,2025-08-01,4.247953017639625,0
Plano,TX,4858016,2025,9,0,282489,2025-09-01,0,0
Portland,OR,4159000,2018,1,7,639387,2018-01-01,13.137583341544325,0
Portland,OR,4159000,2018,2,5,639879,2018-02-01,9.376772796106764,0
Portland,OR,4159000,2018,3,5,640371,2018-03-01,9.369568578214814,0
Portland,OR,4159000,2018,4,6,640863,2018-04-01,11.234850506270451,0
Portland,OR,4159000,2018,5,9,641355,2018-05-01,16.839347943026873,0
Portland,OR,4159000,2018,6,8,641847,2018-06-01,14.956835507527494,0
Portland,OR,4159000,2018,7,5,642339,2018-07-01,9.34086206816027,0
Portland,OR,4159000,2018,8,6,642831,2018-08-01,11.200455485189732,0
Portland,OR,4159000,2018,9,10,643323,2018-09-01,18.653149351103565,0
Portland,OR,4159000,2018,10,13,643815,2018-10-01,24.230563127606533,0
Portland,OR,4159000,2018,11,5,644307,2018-11-01,9.312330922991679,0
Portland,OR,4159000,2018,12,8,644799,2018-12-01,14.888360558871835,0
Portland,OR,4159000,2019,1,6,645291,2019-01-01,11.157756733008828,0
Portland,OR,4159000,2019,2,5,645715,2019-02-01,9.292025119441238,0
Portland,OR,4159000,2019,3,1,646139,2019-03-01,1.8571855281913026,0
Portland,OR,4159000,2019,4,5,646563,2019-04-01,9.279838159622496,0
Portland,OR,4159000,2019,5,10,646987,2019-05-01,18.547513319433,0
Portland,OR,4159000,2019,6,6,647411,2019-06-01,11.121219750668432,0
Portland,OR,4159000,2019,7,5,647835,2019-07-01,9.261617541503623,0
Portland,OR,4159000,2019,8,13,648260,2019-08-01,24.064418597476323,0
Portland,OR,4159000,2019,9,3,648684,2019-09-01,5.549697541483988,0
Portland,OR,4159000,2019,10,5,649108,2019-10-01,9.243454093925816,0
Portland,OR,4159000,2019,11,6,649532,2019-11-01,11.084904207952803,0
Portland,OR,4159000,2019,12,9,649956,2019-12-01,16.616509425253405,0
Portland,OR,4159000,2020,1,10,650380,2020-01-01,18.450751868138628,0
Portland,OR,4159000,2020,2,7,650113,2020-02-01,12.9208306863576,0
Portland,OR,4159000,2020,3,5,649846,2020-03-01,9.232956731287105,0
Portland,OR,4159000,2020,4,4,649579,2020-04-01,7.3894014430885235,0
Portland,OR,4159000,2020,5,11,649312,2020-05-01,20.32920999457888,0
Portland,OR,4159000,2020,6,8,649045,2020-06-01,14.79096210586323,0
Portland,OR,4159000,2020,7,30,648778,2020-07-01,55.488934581628854,0
Portland,OR,4159000,2020,8,31,648511,2020-08-01,57.36217273107164,0
Portland,OR,4159000,2020,9,22,648244,2020-09-01,40.72540586569255,0
Portland,OR,4159000,2020,10,12,647977,2020-10-01,22.22301100193371,0
Portland,OR,4159000,2020,11,8,647710,2020-11-01,14.821447870188818,0
Portland,OR,4159000,2020,12,19,647443,2020-12-01,35.21545526015418,0
Portland,OR,4159000,2021,1,19,647176,2021-01-01,35.229983806568846,0
Portland,OR,4159000,2021,2,23,648145,2021-02-01,42.58306397488216,0
Portland,OR,4159000,2021,3,15,649114,2021-03-01,27.730105959815994,0
Portland,OR,4159000,2021,4,13,650082,2021-04-01,23.99697268959916,0
Portland,OR,4159000,2021,5,24,651051,2021-05-01,44.236165830326655,0
Portland,OR,4159000,2021,6,17,652020,2021-06-01,31.28738382258213,0
Portland,OR,4159000,2021,7,23,652989,2021-07-01,42.26717448532823,0
Portland,OR,4159000,2021,8,31,653958,2021-08-01,56.88438707072931,0
Portland,OR,4159000,2021,9,25,654927,2021-09-01,45.80663188416419,0
Portland,OR,4159000,2021,10,15,655896,2021-10-01,27.443375169234145,0
Portland,OR,4159000,2021,11,3,656864,2021-11-01,5.480586544551079,0
Portland,OR,4159000,2021,12,20,657833,2021-12-01,36.48342360447104,0
Portland,OR,4159000,2022,1,14,658802,2022-01-01,25.500833330803488,0
Portland,OR,4159000,2022,2,27,658535,2022-02-01,49.20011844472958,0
Portland,OR,4159000,2022,3,30,658268,2022-03-01,54.688971665036135,0
Portland,OR,4159000,2022,4,24,658001,2022-04-01,43.76893044235495,0
Portland,OR,4159000,2022,5,18,657734,2022-05-01,32.8400234745353,0
Portland,OR,4159000,2022,6,10,657467,2022-06-01,18.25186663361051,0
Portland,OR,4159000,2022,7,20,657200,2022-07-01,36.51856360316494,0
Portland,OR,4159000,2022,8,25,656933,2022-08-01,45.666757492773236,0
Portland,OR,4159000,2022,9,13,656666,2022-09-01,23.756369295806387,0
Portland,OR,4159000,2022,10,19,656399,2022-10-01,34.734970650473265,0
Portland,OR,4159000,2022,11,15,656132,2022-11-01,27.433504233904152,0
Portland,OR,4159000,2022,12,18,655865,2022-12-01,32.93360676358702,0
Portland,OR,4159000,2023,1,12,655598,2023-01-01,21.96467957498345,0
Portland,OR,4159000,2023,2,8,655598,2023-02-01,14.643119716655635,0
Portland,OR,4159000,2023,3,18,655598,2023-03-01,32.947019362475174,0
Portland,OR,4159000,2023,4,14,655598,2023-04-01,25.625459504147358,0
Portland,OR,4159000,2023,5,25,655598,2023-05-01,45.75974911454885,0
Portland,OR,4159000,2023,6,19,655598,2023-06-01,34.77740932705713,0
Portland,OR,4159000,2023,7,20,655598,2023-07-01,36.60779929163908,0
Portland,OR,4159000,2023,8,10,655598,2023-08-01,18.30389964581954,0
Portland,OR,4159000,2023,9,5,655598,2023-09-01,9.15194982290977,0
Portland,OR,4159000,2023,10,11,655598,2023-10-01,20.134289610401495,0
Portland,OR,4159000,2023,11,13,655598,2023-11-01,23.795069539565407,0
Portland,OR,4159000,2023,12,8,655598,2023-12-01,14.643119716655635,0
Portland,OR,4159000,2024,1,6,655598,2024-01-01,10.982339787491725,0
Portland,OR,4159000,2024,2,16,655598,2024-02-01,29.28623943331127,0
Portland,OR,4159000,2024,3,8,655598,2024-03-01,14.643119716655635,0
Portland,OR,4159000,2024,4,8,655598,2024-04-01,14.643119716655635,0
Portland,OR,4159000,2024,5,11,655598,2024-05-01,20.134289610401495,0
Portland,OR,4159000,2024,6,9,655598,2024-06-01,16.473509681237587,0
Portland,OR,4159000,2024,7,16,655598,2024-07-01,29.28623943331127,0
Portland,OR,4159000,2024,8,10,655598,2024-08-01,18.30389964581954,0
Portland,OR,4159000,2024,9,11,655598,2024-09-01,20.134289610401495,0
Portland,OR,4159000,2024,10,10,655598,2024-10-01,18.30389964581954,0
Portland,OR,4159000,2024,11,7,655598,2024-11-01,12.812729752073679,0
Portland,OR,4159000,2024,12,5,655598,2024-12-01,9.15194982290977,0
Portland,OR,4159000,2025,1,5,655598,2025-01-01,9.15194982290977,0
Portland,OR,4159000,2025,2,2,655598,2025-02-01,3.6607799291639087,0
Portland,OR,4159000,2025,3,9,655598,2025-03-01,16.473509681237587,0
Portland,OR,4159000,2025,4,5,655598,2025-04-01,9.15194982290977,0
Portland,OR,4159000,2025,5,6,655598,2025-05-01,10.982339787491725,0
Portland,OR,4159000,2025,6,11,655598,2025-06-01,20.134289610401495,0
Portland,OR,4159000,2025,7,3,655598,2025-07-01,5.491169893745862,0
Portland,OR,4159000,2025,8,8,655598,2025-08-01,14.643119716655635,0
Portland,OR,4159000,2025,9,18,655598,2025-09-01,32.947019362475174,0
Raleigh,NC,3755000,2018,1,3,457159,2018-01-01,7.8747219238820625,0
Raleigh,NC,3755000,2018,2,5,457769,2018-02-01,13.107047440958212,0
Raleigh,NC,3755000,2018,3,5,458380,2018-03-01,13.089576334045987,0
Raleigh,NC,3755000,2018,4,7,458991,2018-04-01,18.301012438152384,0
Raleigh,NC,3755000,2018,5,4,459601,2018-05-01,10.443841506001945,0
Raleigh,NC,3755000,2018,6,3,460211,2018-06-01,7.822498810328307,0
Raleigh,NC,3755000,2018,7,4,460822,2018-07-01,10.416169366913905,0
Raleigh,NC,3755000,2018,8,9,461433,2018-08-01,23.405348122045886,0
Raleigh,NC,3755000,2018,9,2,462043,2018-09-01,5.194321740617215,0
Raleigh,NC,3755000,2018,10,2,462653,2018-10-01,5.187473117001295,0
Raleigh,NC,3755000,2018,11,3,463264,2018-11-01,7.770947019410099,0
Raleigh,NC,3755000,2018,12,13,463875,2018-12-01,33.629749393694425,0
Raleigh,NC,3755000,2019,1,10,464485,2019-01-01,25.835064641484657,0
Raleigh,NC,3755000,2019,2,3,464919,2019-02-01,7.7432843140418,0
Raleigh,NC,3755000,2019,3,5,465354,2019-03-01,12.893410178057993,0
Raleigh,NC,3755000,2019,4,3,465788,2019-04-01,7.728838012142864,0
Raleigh,NC,3755000,2019,5,9,466223,2019-05-01,23.16488032550947,0
Raleigh,NC,3755000,2019,6,6,466657,2019-06-01,15.428891027028417,0
Raleigh,NC,3755000,2019,7,7,467091,2019-07-01,17.983647726031972,0
Raleigh,NC,3755000,2019,8,4,467526,2019-08-01,10.266808690853555,0
Raleigh,NC,3755000,2019,9,5,467960,2019-09-01,12.821608684502948,0
Raleigh,NC,3755000,2019,10,5,468395,2019-10-01,12.80970121371919,0
Raleigh,NC,3755000,2019,11,11,468829,2019-11-01,28.155254901040678,0
Raleigh,NC,3755000,2019,12,15,469264,2019-12-01,38.35793924102424,0
Raleigh,NC,3755000,2020,1,5,469698,2020-01-01,12.774165527636907,0
Raleigh,NC,3755000,2020,2,7,469075,2020-02-01,17.907584075041303,0
Raleigh,NC,3755000,2020,3,4,468452,2020-03-01,10.246514050532392,0
Raleigh,NC,3755000,2020,4,4,467828,2020-04-01,10.260181092196277,0
Raleigh,NC,3755000,2020,5,9,467205,2020-05-01,23.11619096542203,0
Raleigh,NC,3755000,2020,6,19,466582,2020-06-01,48.866008547265,0
Raleigh,NC,3755000,2020,7,12,465958,2020-07-01,30.904072899274183,0
Raleigh,NC,3755000,2020,8,10,465335,2020-08-01,25.787873252602964,0
Raleigh,NC,3755000,2020,9,9,464712,2020-09-01,23.240200382172187,0
Raleigh,NC,3755000,2020,10,15,464089,2020-10-01,38.78566395669796,0
Raleigh,NC,3755000,2020,11,10,463466,2020-11-01,25.89186693306521,0
Raleigh,NC,3755000,2020,12,8,462842,2020-12-01,20.741419318039416,0
Raleigh,NC,3755000,2021,1,5,462219,2021-01-01,12.98085972233941,0
Raleigh,NC,3755000,2021,2,8,463373,2021-02-01,20.717650791047387,0
Raleigh,NC,3755000,2021,3,7,464527,2021-03-01,18.08291014300568,0
Raleigh,NC,3755000,2021,4,9,465682,2021-04-01,23.191791823604948,0
Raleigh,NC,3755000,2021,5,8,466836,2021-05-01,20.563966789193636,0
Raleigh,NC,3755000,2021,6,14,467990,2021-06-01,35.89820295305455,0
Raleigh,NC,3755000,2021,7,11,469145,2021-07-01,28.136290485883894,0
Raleigh,NC,3755000,2021,8,6,470299,2021-08-01,15.309409545842113,0
Raleigh,NC,3755000,2021,9,7,471453,2021-09-01,17.81725856023824,0
Raleigh,NC,3755000,2021,10,13,472607,2021-10-01,33.00839809820845,0
Raleigh,NC,3755000,2021,11,11,473761,2021-11-01,27.86214990258801,0
Raleigh,NC,3755000,2021,12,4,474916,2021-12-01,10.107050509984923,0
Raleigh,NC,3755000,2022,1,10,476070,2022-01-01,25.206377213434997,0
Raleigh,NC,3755000,2022,2,4,475447,2022-02-01,10.095762514013128,0
Raleigh,NC,3755000,2022,3,12,474824,2022-03-01,30.32702643505804,0
Raleigh,NC,3755000,2022,4,4,474200,2022-04-01,10.122311261071276,0
Raleigh,NC,3755000,2022,5,8,473577,2022-05-01,20.27125472731995,0
Raleigh,NC,3755000,2022,6,7,472954,2022-06-01,17.760712458294044,0
Raleigh,NC,3755000,2022,7,10,472330,2022-07-01,25.405966167721722,0
Raleigh,NC,3755000,2022,8,18,471707,2022-08-01,45.79113729497336,0
Raleigh,NC,3755000,2022,9,8,471084,2022-09-01,20.37853121736251,0
Raleigh,NC,3755000,2022,10,19,470461,2022-10-01,48.46310321153082,0
Raleigh,NC,3755000,2022,11,8,469838,2022-11-01,20.432574632107237,0
Raleigh,NC,3755000,2022,12,3,469214,2022-12-01,7.672405341699096,0
Raleigh,NC,3755000,2023,1,6,468591,2023-01-01,15.365211879869651,0
Raleigh,NC,3755000,2023,2,6,468591,2023-02-01,15.365211879869651,0
Raleigh,NC,3755000,2023,3,13,468591,2023-03-01,33.291292406384244,0
Raleigh,NC,3755000,2023,4,7,468591,2023-04-01,17.926080526514593,0
Raleigh,NC,3755000,2023,5,7,468591,2023-05-01,17.926080526514593,0
Raleigh,NC,3755000,2023,6,13,468591,2023-06-01,33.291292406384244,0
Raleigh,NC,3755000,2023,7,17,468591,2023-07-01,43.534766992964016,0
Raleigh,NC,3755000,2023,8,13,468591,2023-08-01,33.291292406384244,0
Raleigh,NC,3755000,2023,9,11,468591,2023-09-01,28.16955511309436,0
Raleigh,NC,3755000,2023,10,12,468591,2023-10-01,30.730423759739303,0
Raleigh,NC,3755000,2023,11,9,468591,2023-11-01,23.04781781980448,0
Raleigh,NC,3755000,2023,12,10,468591,2023-12-01,25.608686466449416,0
Raleigh,NC,3755000,2024,1,7,468591,2024-01-01,17.926080526514593,0
Raleigh,NC,3755000,2024,2,16,468591,2024-02-01,40.973898346319075,0
Raleigh,NC,3755000,2024,3,3,468591,2024-03-01,7.682605939934826,0
Raleigh,NC,3755000,2024,4,5,468591,2024-04-01,12.804343233224708,0
Raleigh,NC,3755000,2024,5,5,468591,2024-05-01,12.804343233224708,0
Raleigh,NC,3755000,2024,6,16,468591,2024-06-01,40.973898346319075,0
Raleigh,NC,3755000,2024,7,7,468591,2024-07-01,17.926080526514593,0
Raleigh,NC,3755000,2024,8,12,468591,2024-08-01,30.730423759739303,0
Raleigh,NC,3755000,2024,9,10,468591,2024-09-01,25.608686466449416,0
Raleigh,NC,3755000,2024,10,5,468591,2024-10-01,12.804343233224708,0
Raleigh,NC,3755000,2024,11,7,468591,2024-11-01,17.926080526514593,0
Raleigh,NC,3755000,2024,12,6,468591,2024-12-01,15.365211879869651,0
Raleigh,NC,3755000,2025,1,11,468591,2025-01-01,28.16955511309436,0
Raleigh,NC,3755000,2025,2,8,468591,2025-02-01,20.486949173159537,0
Raleigh,NC,3755000,2025,3,11,468591,2025-03-01,28.16955511309436,0
Raleigh,NC,3755000,2025,4,4,468591,2025-04-01,10.243474586579769,0
Raleigh,NC,3755000,2025,5,7,468591,2025-05-01,17.926080526514593,0
Raleigh,NC,3755000,2025,6,8,468591,2025-06-01,20.486949173159537,0
Raleigh,NC,3755000,2025,7,11,468591,2025-07-01,28.16955511309436,0
Raleigh,NC,3755000,2025,8,7,468591,2025-08-01,17.926080526514593,0
Raleigh,NC,3755000,2025,9,10,468591,2025-09-01,25.608686466449416,0
Reno,NV,3260600,2018,1,4,242633,2018-01-01,19.78296439478554,0
Reno,NV,3260600,2018,2,4,242955,2018-02-01,19.756745076248684,0
Reno,NV,3260600,2018,3,3,243277,2018-03-01,14.797946373886557,0
Reno,NV,3260600,2018,4,5,243600,2018-04-01,24.63054187192118,0
Reno,NV,3260600,2018,5,4,243922,2018-05-01,19.678421790572397,0
Reno,NV,3260600,2018,6,2,244244,2018-06-01,9.826239334436057,0
Reno,NV,3260600,2018,7,1,244567,2018-07-01,4.906630902779197,0
Reno,NV,3260600,2018,8,2,244889,2018-08-01,9.800358529782882,0
Reno,NV,3260600,2018,9,1,245211,2018-09-01,4.893744571002117,0
Reno,NV,3260600,2018,10,3,245533,2018-10-01,14.661980263345457,0
Reno,NV,3260600,2018,11,2,245855,2018-11-01,9.76185149783409,0
Reno,NV,3260600,2018,12,1,246178,2018-12-01,4.874521687559408,0
Reno,NV,3260600,2019,1,1,246500,2019-01-01,4.8681541582150105,0
Reno,NV,3260600,2019,2,0,246867,2019-02-01,0,0
Reno,NV,3260600,2019,3,2,247234,2019-03-01,9.707402703511653,0
Reno,NV,3260600,2019,4,1,247601,2019-04-01,4.846507081958474,0
Reno,NV,3260600,2019,5,1,247968,2019-05-01,4.83933410762679,0
Reno,NV,3260600,2019,6,3,248335,2019-06-01,14.496547003040249,0
Reno,NV,3260600,2019,7,4,248702,2019-07-01,19.300206673046457,0
Reno,NV,3260600,2019,8,2,249068,2019-08-01,9.635922719899787,0
Reno,NV,3260600,2019,9,5,249435,2019-09-01,24.05436286006374,0
Reno,NV,3260600,2019,10,3,249802,2019-10-01,14.411413839761092,0
Reno,NV,3260600,2019,11,3,250169,2019-11-01,14.39027217600902,0
Reno,NV,3260600,2019,12,1,250536,2019-12-01,4.789730817128078,0
Reno,NV,3260600,2020,1,6,250903,2020-01-01,28.696348788177104,0
Reno,NV,3260600,2020,2,4,251654,2020-02-01,19.07380768833398,0
Reno,NV,3260600,2020,3,6,252405,2020-03-01,28.52558388304511,0
Reno,NV,3260600,2020,4,6,253155,2020-04-01,28.441073650530306,0
Reno,NV,3260600,2020,5,3,253906,2020-05-01,14.178475498806646,0
Reno,NV,3260600,2020,6,4,254657,2020-06-01,18.848883007339285,0
Reno,NV,3260600,2020,7,4,255408,2020-07-01,18.793459875963165,0
Reno,NV,3260600,2020,8,2,256159,2020-08-01,9.369180860325033,0
Reno,NV,3260600,2020,9,2,256910,2020-09-01,9.341792845743647,0
Reno,NV,3260600,2020,10,3,257661,2020-10-01,13.971846728841383,0
Reno,NV,3260600,2020,11,2,258411,2020-11-01,9.287530329591233,0
Reno,NV,3260600,2020,12,0,259162,2020-12-01,0,0
Reno,NV,3260600,2021,1,2,259913,2021-01-01,9.23385902205738,0
Reno,NV,3260600,2021,2,4,260003,2021-02-01,18.461325446244853,0
Reno,NV,3260600,2021,3,2,260093,2021-03-01,9.227468636218584,0
Reno,NV,3260600,2021,4,2,260183,2021-04-01,9.22427675905036,0
Reno,NV,3260600,2021,5,0,260273,2021-05-01,0,0
Reno,NV,3260600,2021,6,3,260363,2021-06-01,13.826849437132005,0
Reno,NV,3260600,2021,7,5,260453,2021-07-01,23.03678590763017,0
Reno,NV,3260600,2021,8,4,260543,2021-08-01,18.42306260386961,0
Reno,NV,3260600,2021,9,1,260633,2021-09-01,4.604175219561606,0
Reno,NV,3260600,2021,10,6,260723,2021-10-01,27.61551531702228,0
Reno,NV,3260600,2021,11,4,260813,2021-11-01,18.403990598628138,0
Reno,NV,3260600,2021,12,3,260903,2021-12-01,13.798231526659334,0
Reno,NV,3260600,2022,1,5,260993,2022-01-01,22.98912231362527,0
Reno,NV,3260600,2022,2,0,261744,2022-02-01,0,0
Reno,NV,3260600,2022,3,6,262495,2022-03-01,27.429093887502617,0
Reno,NV,3260600,2022,4,0,263245,2022-04-01,0,0
Reno,NV,3260600,2022,5,1,263996,2022-05-01,4.54552341702147,0
Reno,NV,3260600,2022,6,2,264747,2022-06-01,9.065258529841698,0
Reno,NV,3260600,2022,7,2,265498,2022-07-01,9.039616117635537,0
Reno,NV,3260600,2022,8,3,266249,2022-08-01,13.521177544328806,0
Reno,NV,3260600,2022,9,0,267000,2022-09-01,0,0
Reno,NV,3260600,2022,10,4,267751,2022-10-01,17.927103913710873,0
Reno,NV,3260600,2022,11,2,268501,2022-11-01,8.938514195477858,0
Reno,NV,3260600,2022,12,0,269252,2022-12-01,0,0
Reno,NV,3260600,2023,1,4,270003,2023-01-01,17.777580249108343,0
Reno,NV,3260600,2023,2,0,270003,2023-02-01,0,0
Reno,NV,3260600,2023,3,2,270003,2023-03-01,8.888790124554172,0
Reno,NV,3260600,2023,4,2,270003,2023-04-01,8.888790124554172,0
Reno,NV,3260600,2023,5,2,270003,2023-05-01,8.888790124554172,0
Reno,NV,3260600,2023,6,3,270003,2023-06-01,13.333185186831258,0
Reno,NV,3260600,2023,7,4,270003,2023-07-01,17.777580249108343,0
Reno,NV,3260600,2023,8,5,270003,2023-08-01,22.221975311385428,0
Reno,NV,3260600,2023,9,3,270003,2023-09-01,13.333185186831258,0
Reno,NV,3260600,2023,10,9,270003,2023-10-01,39.999555560493775,0
Reno,NV,3260600,2023,11,4,270003,2023-11-01,17.777580249108343,0
Reno,NV,3260600,2023,12,1,270003,2023-12-01,4.444395062277086,0
Reno,NV,3260600,2024,1,4,270003,2024-01-01,17.777580249108343,0
Reno,NV,3260600,2024,2,2,270003,2024-02-01,8.888790124554172,0
Reno,NV,3260600,2024,3,0,270003,2024-03-01,0,0
Reno,NV,3260600,2024,4,1,270003,2024-04-01,4.444395062277086,0
Reno,NV,3260600,2024,5,2,270003,2024-05-01,8.888790124554172,0
Reno,NV,3260600,2024,6,3,270003,2024-06-01,13.333185186831258,0
Reno,NV,3260600,2024,7,0,270003,2024-07-01,0,0
Reno,NV,3260600,2024,8,3,270003,2024-08-01,13.333185186831258,0
Reno,NV,3260600,2024,9,3,270003,2024-09-01,13.333185186831258,0
Reno,NV,3260600,2024,10,4,270003,2024-10-01,17.777580249108343,0
Reno,NV,3260600,2024,11,6,270003,2024-11-01,26.666370373662517,0
Reno,NV,3260600,2024,12,2,270003,2024-12-01,8.888790124554172,0
Reno,NV,3260600,2025,1,1,270003,2025-01-01,4.444395062277086,0
Reno,NV,3260600,2025,2,2,270003,2025-02-01,8.888790124554172,0
Reno,NV,3260600,2025,3,3,270003,2025-03-01,13.333185186831258,0
Reno,NV,3260600,2025,4,2,270003,2025-04-01,8.888790124554172,0
Reno,NV,3260600,2025,5,1,270003,2025-05-01,4.444395062277086,0
Reno,NV,3260600,2025,6,7,270003,2025-06-01,31.110765435939598,0
Reno,NV,3260600,2025,7,9,270003,2025-07-01,39.999555560493775,0
Reno,NV,3260600,2025,8,0,270003,2025-08-01,0,0
Reno,NV,3260600,2025,9,6,270003,2025-09-01,26.666370373662517,0
Riverside,CA,662000,2018,1,0,323935,2018-01-01,0,0
Riverside,CA,662000,2018,2,0,324142,2018-02-01,0,0
Riverside,CA,662000,2018,3,4,324348,2018-03-01,14.798919678863442,0
Riverside,CA,662000,2018,4,0,324555,2018-04-01,0,0
Riverside,CA,662000,2018,5,2,324761,2018-05-01,7.390049913628792,0
Riverside,CA,662000,2018,6,2,324968,2018-06-01,7.385342556805593,0
Riverside,CA,662000,2018,7,2,325175,2018-07-01,7.38064119320366,0
Riverside,CA,662000,2018,8,3,325381,2018-08-01,11.063952720042042,0
Riverside,CA,662000,2018,9,0,325588,2018-09-01,0,0
Riverside,CA,662000,2018,10,8,325794,2018-10-01,29.46647267905486,0
Riverside,CA,662000,2018,11,0,326001,2018-11-01,0,0
Riverside,CA,662000,2018,12,1,326207,2018-12-01,3.6786457678713207,0
Riverside,CA,662000,2019,1,3,326414,2019-01-01,11.028938709736714,0
Riverside,CA,662000,2019,2,1,326510,2019-02-01,3.675231999019938,0
Riverside,CA,662000,2019,3,2,326606,2019-03-01,7.348303460438572,0
Riverside,CA,662000,2019,4,1,326703,2019-04-01,3.6730608534356888,0
Riverside,CA,662000,2019,5,0,326799,2019-05-01,0,0
Riverside,CA,662000,2019,6,1,326895,2019-06-01,3.670903501124214,0
Riverside,CA,662000,2019,7,0,326992,2019-07-01,0,0
Riverside,CA,662000,2019,8,7,327088,2019-08-01,25.681162256028955,0
Riverside,CA,662000,2019,9,5,327184,2019-09-01,18.338305051591767,0
Riverside,CA,662000,2019,10,5,327280,2019-10-01,18.332925934979222,0
Riverside,CA,662000,2019,11,0,327376,2019-11-01,0,0
Riverside,CA,662000,2019,12,0,327473,2019-12-01,0,0
Riverside,CA,662000,2020,1,1,327569,2020-01-01,3.6633503170324415,0
Riverside,CA,662000,2020,2,2,326510,2020-02-01,7.350463998039876,0
Riverside,CA,662000,2020,3,0,325451,2020-03-01,0,0
Riverside,CA,662000,2020,4,2,324391,2020-04-01,7.398478996026401,0
Riverside,CA,662000,2020,5,0,323332,2020-05-01,0,0
Riverside,CA,662000,2020,6,5,322273,2020-06-01,18.61775575366227,0
Riverside,CA,662000,2020,7,3,321213,2020-07-01,11.207516507737855,0
Riverside,CA,662000,2020,8,2,320154,2020-08-01,7.496392361176184,0
Riverside,CA,662000,2020,9,2,319095,2020-09-01,7.521271094815024,0
Riverside,CA,662000,2020,10,2,318036,2020-10-01,7.5463155114515335,0
Riverside,CA,662000,2020,11,1,316977,2020-11-01,3.7857636358473954,0
Riverside,CA,662000,2020,12,1,315917,2020-12-01,3.7984660527923477,0
Riverside,CA,662000,2021,1,0,314858,2021-01-01,0,0
Riverside,CA,662000,2021,2,0,315638,2021-02-01,0,0
Riverside,CA,662000,2021,3,3,316417,2021-03-01,11.377391227399286,0
Riverside,CA,662000,2021,4,1,317197,2021-04-01,3.7831379237508544,0
Riverside,CA,662000,2021,5,2,317976,2021-05-01,7.547739452034117,0
Riverside,CA,662000,2021,6,2,318756,2021-06-01,7.529270037269887,0
Riverside,CA,662000,2021,7,3,319536,2021-07-01,11.266336187471834,0
Riverside,CA,662000,2021,8,1,320315,2021-08-01,3.7463122239045936,0
Riverside,CA,662000,2021,9,7,321095,2021-09-01,26.160482100312997,0
Riverside,CA,662000,2021,10,0,321874,2021-10-01,0,0
Riverside,CA,662000,2021,11,0,322654,2021-11-01,0,0
Riverside,CA,662000,2021,12,0,323433,2021-12-01,0,0
Riverside,CA,662000,2022,1,0,324213,2022-01-01,0,0
Riverside,CA,662000,2022,2,2,323154,2022-02-01,7.426799606379619,0
Riverside,CA,662000,2022,3,3,322095,2022-03-01,11.176826712615842,0
Riverside,CA,662000,2022,4,0,321035,2022-04-01,0,0
Riverside,CA,662000,2022,5,5,319976,2022-05-01,18.751406355476664,0
Riverside,CA,662000,2022,6,3,318917,2022-06-01,11.288203513766906,0
Riverside,CA,662000,2022,7,5,317857,2022-07-01,18.87641297816314,0
Riverside,CA,662000,2022,8,1,316798,2022-08-01,3.787902701405943,0
Riverside,CA,662000,2022,9,0,315739,2022-09-01,0,0
Riverside,CA,662000,2022,10,0,314680,2022-10-01,0,0
Riverside,CA,662000,2022,11,1,313621,2022-11-01,3.8262743885135246,0
Riverside,CA,662000,2022,12,0,312561,2022-12-01,0,0
Riverside,CA,662000,2023,1,1,311502,2023-01-01,3.8523027139472616,0
Riverside,CA,662000,2023,2,1,311502,2023-02-01,3.8523027139472616,0
Riverside,CA,662000,2023,3,0,311502,2023-03-01,0,0
Riverside,CA,662000,2023,4,0,311502,2023-04-01,0,0
Riverside,CA,662000,2023,5,4,311502,2023-05-01,15.409210855789047,0
Riverside,CA,662000,2023,6,0,311502,2023-06-01,0,0
Riverside,CA,662000,2023,7,0,311502,2023-07-01,0,0
Riverside,CA,662000,2023,8,0,311502,2023-08-01,0,0
Riverside,CA,662000,2023,9,0,311502,2023-09-01,0,0
Riverside,CA,662000,2023,10,2,311502,2023-10-01,7.704605427894523,0
Riverside,CA,662000,2023,11,0,311502,2023-11-01,0,0
Riverside,CA,662000,2023,12,0,311502,2023-12-01,0,0
Riverside,CA,662000,2024,1,0,311502,2024-01-01,0,0
Riverside,CA,662000,2024,2,0,311502,2024-02-01,0,0
Riverside,CA,662000,2024,3,2,311502,2024-03-01,7.704605427894523,0
Riverside,CA,662000,2024,4,0,311502,2024-04-01,0,0
Riverside,CA,662000,2024,5,1,311502,2024-05-01,3.8523027139472616,0
Riverside,CA,662000,2024,6,0,311502,2024-06-01,0,0
Riverside,CA,662000,2024,7,1,311502,2024-07-01,3.8523027139472616,0
Riverside,CA,662000,2024,8,0,311502,2024-08-01,0,0
Riverside,CA,662000,2024,9,2,311502,2024-09-01,7.704605427894523,0
Riverside,CA,662000,2024,10,0,311502,2024-10-01,0,0
Riverside,CA,662000,2024,11,4,311502,2024-11-01,15.409210855789047,0
Riverside,CA,662000,2024,12,1,311502,2024-12-01,3.8523027139472616,0
Riverside,CA,662000,2025,1,0,311502,2025-01-01,0,0
Riverside,CA,662000,2025,2,2,311502,2025-02-01,7.704605427894523,0
Riverside,CA,662000,2025,3,2,311502,2025-03-01,7.704605427894523,0
Riverside,CA,662000,2025,4,0,311502,2025-04-01,0,0
Riverside,CA,662000,2025,5,0,311502,2025-05-01,0,0
Riverside,CA,662000,2025,6,0,311502,2025-06-01,0,0
Riverside,CA,662000,2025,7,0,311502,2025-07-01,0,0
Riverside,CA,662000,2025,8,3,311502,2025-08-01,11.556908141841786,0
Riverside,CA,662000,2025,9,1,311502,2025-09-01,3.8523027139472616,0
Rochester,NY,3663000,2018,1,6,207778,2018-01-01,34.6523693557547,0
Rochester,NY,3663000,2018,2,5,207700,2018-02-01,28.88781896966779,0
Rochester,NY,3663000,2018,3,4,207623,2018-03-01,23.11882594895556,0
Rochester,NY,3663000,2018,4,9,207546,2018-04-01,52.03665693388454,0
Rochester,NY,3663000,2018,5,11,207468,2018-05-01,63.62426976690382,0
Rochester,NY,3663000,2018,6,17,207390,2018-06-01,98.36539852451901,0
Rochester,NY,3663000,2018,7,13,207313,2018-07-01,75.24853723596688,0
Rochester,NY,3663000,2018,8,9,207236,2018-08-01,52.11449748113263,0
Rochester,NY,3663000,2018,9,11,207158,2018-09-01,63.71947981733749,0
Rochester,NY,3663000,2018,10,14,207080,2018-10-01,81.12806644774966,0
Rochester,NY,3663000,2018,11,7,207003,2018-11-01,40.57912204170954,0
Rochester,NY,3663000,2018,12,10,206926,2018-12-01,57.99174584150856,0
Rochester,NY,3663000,2019,1,7,206848,2019-01-01,40.609529702970306,0
Rochester,NY,3663000,2019,2,8,206807,2019-02-01,46.420092163224645,0
Rochester,NY,3663000,2019,3,4,206766,2019-03-01,23.214648443167636,0
Rochester,NY,3663000,2019,4,14,206725,2019-04-01,81.26738420607087,0
Rochester,NY,3663000,2019,5,16,206684,2019-05-01,92.89543457645487,0
Rochester,NY,3663000,2019,6,16,206643,2019-06-01,92.9138659427128,0
Rochester,NY,3663000,2019,7,22,206602,2019-07-01,127.78191885848152,0
Rochester,NY,3663000,2019,8,9,206562,2019-08-01,52.28454410782234,0
Rochester,NY,3663000,2019,9,4,206521,2019-09-01,23.242188445727066,0
Rochester,NY,3663000,2019,10,2,206480,2019-10-01,11.623401782254938,0
Rochester,NY,3663000,2019,11,18,206439,2019-11-01,104.63139232412482,0
Rochester,NY,3663000,2019,12,11,206398,2019-12-01,63.95410808244266,0
Rochester,NY,3663000,2020,1,9,206357,2020-01-01,52.33648482968836,0
Rochester,NY,3663000,2020,2,5,206752,2020-02-01,29.020275499148738,0
Rochester,NY,3663000,2020,3,7,207147,2020-03-01,40.55091311966864,0
Rochester,NY,3663000,2020,4,19,207543,2020-04-01,109.85675257657448,0
Rochester,NY,3663000,2020,5,14,207938,2020-05-01,80.7933133914917,0
Rochester,NY,3663000,2020,6,30,208333,2020-06-01,172.80027648044236,0
Rochester,NY,3663000,2020,7,36,208729,2020-07-01,206.96692840956456,0
Rochester,NY,3663000,2020,8,37,209124,2020-08-01,212.31422505307853,0
Rochester,NY,3663000,2020,9,33,209519,2020-09-01,189.00433850867938,0
Rochester,NY,3663000,2020,10,23,209914,2020-10-01,131.48241660870644,0
Rochester,NY,3663000,2020,11,21,210309,2020-11-01,119.82368800194001,0
Rochester,NY,3663000,2020,12,17,210705,2020-12-01,96.81782587029258,0
Rochester,NY,3663000,2021,1,12,211100,2021-01-01,68.21411653244908,0
Rochester,NY,3663000,2021,2,13,210773,2021-02-01,74.01327494508311,0
Rochester,NY,3663000,2021,3,16,210446,2021-03-01,91.23480607851896,0
Rochester,NY,3663000,2021,4,26,210119,2021-04-01,148.48728577615543,0
Rochester,NY,3663000,2021,5,42,209792,2021-05-01,240.2379499694936,0
Rochester,NY,3663000,2021,6,61,209465,2021-06-01,349.46172391569,0
Rochester,NY,3663000,2021,7,36,209138,2021-07-01,206.56217425814532,0
Rochester,NY,3663000,2021,8,35,208810,2021-08-01,201.13979215554812,0
Rochester,NY,3663000,2021,9,35,208483,2021-09-01,201.4552745307771,0
Rochester,NY,3663000,2021,10,27,208156,2021-10-01,155.65249140068028,0
Rochester,NY,3663000,2021,11,43,207829,2021-11-01,248.28103873857833,0
Rochester,NY,3663000,2021,12,24,207502,2021-12-01,138.7938429509113,0
Rochester,NY,3663000,2022,1,20,207175,2022-01-01,115.84409315795824,0
Rochester,NY,3663000,2022,2,20,207570,2022-02-01,115.62364503540977,0
Rochester,NY,3663000,2022,3,27,207965,2022-03-01,155.79544634914527,0
Rochester,NY,3663000,2022,4,32,208361,2022-04-01,184.29552555420642,0
Rochester,NY,3663000,2022,5,35,208756,2022-05-01,201.19182203146258,0
Rochester,NY,3663000,2022,6,33,209151,2022-06-01,189.3368905718835,0
Rochester,NY,3663000,2022,7,47,209547,2022-07-01,269.1520279459978,0
Rochester,NY,3663000,2022,8,42,209942,2022-08-01,240.06630402682643,0
Rochester,NY,3663000,2022,9,37,210337,2022-09-01,211.08982252290372,0
Rochester,NY,3663000,2022,10,23,210732,2022-10-01,130.97204031661067,0
Rochester,NY,3663000,2022,11,18,211127,2022-11-01,102.30808944379449,0
Rochester,NY,3663000,2022,12,27,211523,2022-12-01,153.17483205136085,0
Rochester,NY,3663000,2023,1,9,211918,2023-01-01,50.96310837210619,0
Rochester,NY,3663000,2023,2,11,211918,2023-02-01,62.288243565907564,0
Rochester,NY,3663000,2023,3,13,211918,2023-03-01,73.61337875970894,0
Rochester,NY,3663000,2023,4,17,211918,2023-04-01,96.2636491473117,0
Rochester,NY,3663000,2023,5,32,211918,2023-05-01,181.20216310082202,0
Rochester,NY,3663000,2023,6,37,211918,2023-06-01,209.51500108532548,0
Rochester,NY,3663000,2023,7,49,211918,2023-07-01,277.4658122481337,0
Rochester,NY,3663000,2023,8,46,211918,2023-08-01,260.47810945743163,0
Rochester,NY,3663000,2023,9,21,211918,2023-09-01,118.91391953491444,0
Rochester,NY,3663000,2023,10,19,211918,2023-10-01,107.58878434111307,0
Rochester,NY,3663000,2023,11,18,211918,2023-11-01,101.92621674421238,0
Rochester,NY,3663000,2023,12,16,211918,2023-12-01,90.60108155041101,0
Rochester,NY,3663000,2024,1,19,211918,2024-01-01,107.58878434111307,0
Rochester,NY,3663000,2024,2,12,211918,2024-02-01,67.95081116280826,0
Rochester,NY,3663000,2024,3,16,211918,2024-03-01,90.60108155041101,0
Rochester,NY,3663000,2024,4,12,211918,2024-04-01,67.95081116280826,0
Rochester,NY,3663000,2024,5,24,211918,2024-05-01,135.90162232561653,0
Rochester,NY,3663000,2024,6,19,211918,2024-06-01,107.58878434111307,0
Rochester,NY,3663000,2024,7,26,211918,2024-07-01,147.22675751941787,0
Rochester,NY,3663000,2024,8,19,211918,2024-08-01,107.58878434111307,0
Rochester,NY,3663000,2024,9,19,211918,2024-09-01,107.58878434111307,0
Rochester,NY,3663000,2024,10,14,211918,2024-10-01,79.27594635660964,0
Rochester,NY,3663000,2024,11,16,211918,2024-11-01,90.60108155041101,0
Rochester,NY,3663000,2024,12,17,211918,2024-12-01,96.2636491473117,0
Rochester,NY,3663000,2025,1,14,211918,2025-01-01,79.27594635660964,0
Rochester,NY,3663000,2025,2,8,211918,2025-02-01,45.300540775205505,0
Rochester,NY,3663000,2025,3,10,211918,2025-03-01,56.62567596900688,0
Rochester,NY,3663000,2025,4,15,211918,2025-04-01,84.93851395351032,0
Rochester,NY,3663000,2025,5,19,211918,2025-05-01,107.58878434111307,0
Rochester,NY,3663000,2025,6,19,211918,2025-06-01,107.58878434111307,0
Rochester,NY,3663000,2025,7,15,211918,2025-07-01,84.93851395351032,0
Rochester,NY,3663000,2025,8,22,211918,2025-08-01,124.57648713181513,0
Rochester,NY,3663000,2025,9,15,211918,2025-09-01,84.93851395351032,0
Sacramento,CA,664000,2018,1,7,495011,2018-01-01,16.969319873699774,0
Sacramento,CA,664000,2018,2,3,495504,2018-02-01,7.265329845975007,0
Sacramento,CA,664000,2018,3,6,495997,2018-03-01,14.516216831956646,0
Sacramento,CA,664000,2018,4,2,496491,2018-04-01,4.83392448201478,0
Sacramento,CA,664000,2018,5,7,496984,2018-05-01,16.901952577950198,0
Sacramento,CA,664000,2018,6,2,497477,2018-06-01,4.824343637997335,0
Sacramento,CA,664000,2018,7,2,497971,2018-07-01,4.819557765412042,0
Sacramento,CA,664000,2018,8,6,498464,2018-08-01,14.444373114206844,0
Sacramento,CA,664000,2018,9,3,498957,2018-09-01,7.2150505955423005,0
Sacramento,CA,664000,2018,10,4,499450,2018-10-01,9.610571628791671,0
Sacramento,CA,664000,2018,11,2,499943,2018-11-01,4.800547262387912,0
Sacramento,CA,664000,2018,12,9,500437,2018-12-01,21.581138085313434,0
Sacramento,CA,664000,2019,1,5,500930,2019-01-01,11.977721438125087,0
Sacramento,CA,664000,2019,2,2,501143,2019-02-01,4.789052226609969,0
Sacramento,CA,664000,2019,3,2,501355,2019-03-01,4.78702715640614,0
Sacramento,CA,664000,2019,4,5,501568,2019-04-01,11.962485645017225,0
Sacramento,CA,664000,2019,5,5,501781,2019-05-01,11.957407713723716,0
Sacramento,CA,664000,2019,6,6,501993,2019-06-01,14.342829481686,0
Sacramento,CA,664000,2019,7,1,502206,2019-07-01,2.389457712572132,0
Sacramento,CA,664000,2019,8,7,502419,2019-08-01,16.719112931636744,0
Sacramento,CA,664000,2019,9,5,502631,2019-09-01,11.93718652450804,0
Sacramento,CA,664000,2019,10,1,502844,2019-10-01,2.386426008861595,0
Sacramento,CA,664000,2019,11,9,503057,2019-11-01,21.46874012288866,0
Sacramento,CA,664000,2019,12,6,503269,2019-12-01,14.306464336170121,0
Sacramento,CA,664000,2020,1,6,503482,2020-01-01,14.300411931310354,0
Sacramento,CA,664000,2020,2,0,504742,2020-02-01,0,0
Sacramento,CA,664000,2020,3,1,506002,2020-03-01,2.3715321283315083,0
Sacramento,CA,664000,2020,4,2,507263,2020-04-01,4.731273520836332,0
Sacramento,CA,664000,2020,5,9,508523,2020-05-01,21.237977436615452,0
Sacramento,CA,664000,2020,6,12,509783,2020-06-01,28.247313072424934,0
Sacramento,CA,664000,2020,7,11,511044,2020-07-01,25.82947847934816,0
Sacramento,CA,664000,2020,8,5,512304,2020-08-01,11.711796121053125,0
Sacramento,CA,664000,2020,9,8,513564,2020-09-01,18.69289903497909,0
Sacramento,CA,664000,2020,10,18,514824,2020-10-01,41.95608596335835,0
Sacramento,CA,664000,2020,11,8,516084,2020-11-01,18.60162299160602,0
Sacramento,CA,664000,2020,12,5,517345,2020-12-01,11.597676598788043,0
Sacramento,CA,664000,2021,1,12,518605,2021-01-01,27.766797466279733,0
Sacramento,CA,664000,2021,2,2,518551,2021-02-01,4.628281499794619,0
Sacramento,CA,664000,2021,3,8,518497,2021-03-01,18.515054089030407,0
Sacramento,CA,664000,2021,4,7,518444,2021-04-01,16.20232850606816,0
Sacramento,CA,664000,2021,5,8,518390,2021-05-01,18.518875749918013,0
Sacramento,CA,664000,2021,6,4,518336,2021-06-01,9.260402518829485,0
Sacramento,CA,664000,2021,7,7,518283,2021-07-01,16.20736161517935,0
Sacramento,CA,664000,2021,8,7,518229,2021-08-01,16.209050439091598,0
Sacramento,CA,664000,2021,9,4,518175,2021-09-01,9.263279779997106,0
Sacramento,CA,664000,2021,10,12,518121,2021-10-01,27.792735673713285,0
Sacramento,CA,664000,2021,11,10,518067,2021-11-01,23.163027176021632,0
Sacramento,CA,664000,2021,12,4,518014,2021-12-01,9.266158829684139,0
Sacramento,CA,664000,2022,1,11,517960,2022-01-01,25.48459340489613,0
Sacramento,CA,664000,2022,2,8,519220,2022-02-01,18.4892723700936,0
Sacramento,CA,664000,2022,3,4,520480,2022-03-01,9.222256378727327,0
Sacramento,CA,664000,2022,4,26,521741,2022-04-01,59.79978571743452,0
Sacramento,CA,664000,2022,5,9,523001,2022-05-01,20.650056118439544,0
Sacramento,CA,664000,2022,6,8,524261,2022-06-01,18.311489887670454,0
Sacramento,CA,664000,2022,7,8,525522,2022-07-01,18.26755112060009,0
Sacramento,CA,664000,2022,8,9,526782,2022-08-01,20.50183947059694,0
Sacramento,CA,664000,2022,9,11,528042,2022-09-01,24.998011521810767,0
Sacramento,CA,664000,2022,10,10,529302,2022-10-01,22.671367196798805,0
Sacramento,CA,664000,2022,11,8,530562,2022-11-01,18.094021056917004,0
Sacramento,CA,664000,2022,12,3,531823,2022-12-01,6.769169441712751,0
Sacramento,CA,664000,2023,1,4,533083,2023-01-01,9.004226358747136,0
Sacramento,CA,664000,2023,2,2,533083,2023-02-01,4.502113179373568,0
Sacramento,CA,664000,2023,3,5,533083,2023-03-01,11.255282948433921,0
Sacramento,CA,664000,2023,4,7,533083,2023-04-01,15.757396127807489,0
Sacramento,CA,664000,2023,5,9,533083,2023-05-01,20.259509307181062,0
Sacramento,CA,664000,2023,6,22,533083,2023-06-01,49.52324497310925,0
Sacramento,CA,664000,2023,7,7,533083,2023-07-01,15.757396127807489,0
Sacramento,CA,664000,2023,8,8,533083,2023-08-01,18.008452717494272,0
Sacramento,CA,664000,2023,9,5,533083,2023-09-01,11.255282948433921,0
Sacramento,CA,664000,2023,10,3,533083,2023-10-01,6.753169769060352,0
Sacramento,CA,664000,2023,11,8,533083,2023-11-01,18.008452717494272,0
Sacramento,CA,664000,2023,12,6,533083,2023-12-01,13.506339538120704,0
Sacramento,CA,664000,2024,1,6,533083,2024-01-01,13.506339538120704,0
Sacramento,CA,664000,2024,2,5,533083,2024-02-01,11.255282948433921,0
Sacramento,CA,664000,2024,3,6,533083,2024-03-01,13.506339538120704,0
Sacramento,CA,664000,2024,4,4,533083,2024-04-01,9.004226358747136,0
Sacramento,CA,664000,2024,5,13,533083,2024-05-01,29.263735665928195,0
Sacramento,CA,664000,2024,6,7,533083,2024-06-01,15.757396127807489,0
Sacramento,CA,664000,2024,7,7,533083,2024-07-01,15.757396127807489,0
Sacramento,CA,664000,2024,8,11,533083,2024-08-01,24.761622486554625,0
Sacramento,CA,664000,2024,9,10,533083,2024-09-01,22.510565896867842,0
Sacramento,CA,664000,2024,10,11,533083,2024-10-01,24.761622486554625,0
Sacramento,CA,664000,2024,11,9,533083,2024-11-01,20.259509307181062,0
Sacramento,CA,664000,2024,12,5,533083,2024-12-01,11.255282948433921,0
Sacramento,CA,664000,2025,1,11,533083,2025-01-01,24.761622486554625,0
Sacramento,CA,664000,2025,2,4,533083,2025-02-01,9.004226358747136,0
Sacramento,CA,664000,2025,3,5,533083,2025-03-01,11.255282948433921,0
Sacramento,CA,664000,2025,4,13,533083,2025-04-01,29.263735665928195,0
Sacramento,CA,664000,2025,5,10,533083,2025-05-01,22.510565896867842,0
Sacramento,CA,664000,2025,6,5,533083,2025-06-01,11.255282948433921,0
Sacramento,CA,664000,2025,7,6,533083,2025-07-01,13.506339538120704,0
Sacramento,CA,664000,2025,8,5,533083,2025-08-01,11.255282948433921,0
Sacramento,CA,664000,2025,9,0,533083,2025-09-01,0,0
San Antonio,TX,4865000,2018,1,23,1486521,2018-01-01,18.566841638967762,0
San Antonio,TX,4865000,2018,2,26,1488318,2018-02-01,20.96326188354908,0
San Antonio,TX,4865000,2018,3,24,1490115,2018-03-01,19.32736735084205,0
San Antonio,TX,4865000,2018,4,23,1491911,2018-04-01,18.499763055571012,0
San Antonio,TX,4865000,2018,5,23,1493708,2018-05-01,18.47750698262311,0
San Antonio,TX,4865000,2018,6,22,1495505,2018-06-01,17.652899856570187,0
San Antonio,TX,4865000,2018,7,23,1497302,2018-07-01,18.43315510164282,0
San Antonio,TX,4865000,2018,8,20,1499099,2018-08-01,16.009616442943393,0
San Antonio,TX,4865000,2018,9,27,1500896,2018-09-01,21.587105302432683,0
San Antonio,TX,4865000,2018,10,21,1502693,2018-10-01,16.769892453082566,0
San Antonio,TX,4865000,2018,11,25,1504489,2018-11-01,19.94032525329198,0
San Antonio,TX,4865000,2018,12,14,1506286,2018-12-01,11.153260403402806,0
San Antonio,TX,4865000,2019,1,25,1508083,2019-01-01,19.892804308516176,0
San Antonio,TX,4865000,2019,2,23,1509837,2019-02-01,18.280118979730926,0
San Antonio,TX,4865000,2019,3,21,1511591,2019-03-01,16.671176263949707,0
San Antonio,TX,4865000,2019,4,28,1513345,2019-04-01,22.202472007374393,0
San Antonio,TX,4865000,2019,5,20,1515100,2019-05-01,15.840538578311664,0
San Antonio,TX,4865000,2019,6,30,1516854,2019-06-01,23.733332278518567,0
San Antonio,TX,4865000,2019,7,42,1518608,2019-07-01,33.18828822184527,0
San Antonio,TX,4865000,2019,8,28,1520362,2019-08-01,22.099999868452382,0
San Antonio,TX,4865000,2019,9,21,1522116,2019-09-01,16.555899813154845,0
San Antonio,TX,4865000,2019,10,26,1523871,2019-10-01,20.47417399504289,0
San Antonio,TX,4865000,2019,11,21,1525625,2019-11-01,16.517820565342074,0
San Antonio,TX,4865000,2019,12,27,1527379,2019-12-01,21.212809656280463,0
San Antonio,TX,4865000,2020,1,39,1529133,2020-01-01,30.605578455242288,0
San Antonio,TX,4865000,2020,2,31,1521250,2020-02-01,24.453574363188167,0
San Antonio,TX,4865000,2020,3,31,1513367,2020-03-01,24.580950952412728,0
San Antonio,TX,4865000,2020,4,39,1505485,2020-04-01,31.086327661849836,0
San Antonio,TX,4865000,2020,5,31,1497602,2020-05-01,24.839710417053396,0
San Antonio,TX,4865000,2020,6,56,1489719,2020-06-01,45.10917830812388,0
San Antonio,TX,4865000,2020,7,38,1481837,2020-07-01,30.77261534163339,0
San Antonio,TX,4865000,2020,8,48,1473954,2020-08-01,39.07856011788699,0
San Antonio,TX,4865000,2020,9,41,1466071,2020-09-01,33.55908410984189,0
San Antonio,TX,4865000,2020,10,41,1458188,2020-10-01,33.74050533950355,0
San Antonio,TX,4865000,2020,11,50,1450305,2020-11-01,41.37060825136781,0
San Antonio,TX,4865000,2020,12,29,1442423,2020-12-01,24.12607120102772,0
San Antonio,TX,4865000,2021,1,37,1434540,2021-01-01,30.950688025429756,0
San Antonio,TX,4865000,2021,2,21,1441294,2021-02-01,17.484288424152187,0
San Antonio,TX,4865000,2021,3,35,1448048,2021-03-01,29.004563384639184,0
San Antonio,TX,4865000,2021,4,31,1454803,2021-04-01,25.57047242822568,0
San Antonio,TX,4865000,2021,5,45,1461557,2021-05-01,36.946899778797544,0
San Antonio,TX,4865000,2021,6,34,1468311,2021-06-01,27.787028769790602,0
San Antonio,TX,4865000,2021,7,44,1475066,2021-07-01,35.79500849453516,0
San Antonio,TX,4865000,2021,8,40,1481820,2021-08-01,32.39259829129044,0
San Antonio,TX,4865000,2021,9,35,1488574,2021-09-01,28.214922469423755,0
San Antonio,TX,4865000,2021,10,43,1495328,2021-10-01,34.507479295512425,0
San Antonio,TX,4865000,2021,11,42,1502082,2021-11-01,33.55342784215509,0
San Antonio,TX,4865000,2021,12,49,1508837,2021-12-01,38.97041231093882,0
San Antonio,TX,4865000,2022,1,52,1515591,2022-01-01,41.172057632962975,0
San Antonio,TX,4865000,2022,2,55,1507708,2022-02-01,43.775054586166554,0
San Antonio,TX,4865000,2022,3,40,1499825,2022-03-01,32.00373376893971,0
San Antonio,TX,4865000,2022,4,51,1491943,2022-04-01,41.020333886750365,0
San Antonio,TX,4865000,2022,5,35,1484060,2022-05-01,28.300742557578538,0
San Antonio,TX,4865000,2022,6,56,1476177,2022-06-01,45.522996226062325,0
San Antonio,TX,4865000,2022,7,45,1468295,2022-07-01,36.77735060052646,0
San Antonio,TX,4865000,2022,8,39,1460412,2022-08-01,32.04575147287204,0
San Antonio,TX,4865000,2022,9,39,1452529,2022-09-01,32.21966652645145,0
San Antonio,TX,4865000,2022,10,44,1444646,2022-10-01,36.54874619803052,0
San Antonio,TX,4865000,2022,11,35,1436763,2022-11-01,29.232378617767857,0
San Antonio,TX,4865000,2022,12,40,1428881,2022-12-01,33.592720457476865,0
San Antonio,TX,4865000,2023,1,34,1420998,2023-01-01,28.712214936263106,0
San Antonio,TX,4865000,2023,2,45,1420998,2023-02-01,38.001460945054106,0
San Antonio,TX,4865000,2023,3,40,1420998,2023-03-01,33.77907639560365,0
San Antonio,TX,4865000,2023,4,40,1420998,2023-04-01,33.77907639560365,0
San Antonio,TX,4865000,2023,5,39,1420998,2023-05-01,32.93459948571356,0
San Antonio,TX,4865000,2023,6,45,1420998,2023-06-01,38.001460945054106,0
San Antonio,TX,4865000,2023,7,58,1420998,2023-07-01,48.9796607736253,0
San Antonio,TX,4865000,2023,8,45,1420998,2023-08-01,38.001460945054106,0
San Antonio,TX,4865000,2023,9,33,1420998,2023-09-01,27.86773802637302,0
San Antonio,TX,4865000,2023,10,38,1420998,2023-10-01,32.09012257582347,0
San Antonio,TX,4865000,2023,11,37,1420998,2023-11-01,31.24564566593338,0
San Antonio,TX,4865000,2023,12,47,1420998,2023-12-01,39.690414764834294,0
San Antonio,TX,4865000,2024,1,15,1420998,2024-01-01,12.66715364835137,0
San Antonio,TX,4865000,2024,2,37,1420998,2024-02-01,31.24564566593338,0
San Antonio,TX,4865000,2024,3,22,1420998,2024-03-01,18.578492017582008,0
San Antonio,TX,4865000,2024,4,49,1420998,2024-04-01,41.379368584614475,0
San Antonio,TX,4865000,2024,5,35,1420998,2024-05-01,29.5566918461532,0
San Antonio,TX,4865000,2024,6,20,1420998,2024-06-01,16.889538197801826,0
San Antonio,TX,4865000,2024,7,34,1420998,2024-07-01,28.712214936263106,0
San Antonio,TX,4865000,2024,8,38,1420998,2024-08-01,32.09012257582347,0
San Antonio,TX,4865000,2024,9,30,1420998,2024-09-01,25.33430729670274,0
San Antonio,TX,4865000,2024,10,34,1420998,2024-10-01,28.712214936263106,0
San Antonio,TX,4865000,2024,11,32,1420998,2024-11-01,27.02326111648292,0
San Antonio,TX,4865000,2024,12,28,1420998,2024-12-01,23.64535347692256,0
San Antonio,TX,4865000,2025,1,42,1420998,2025-01-01,35.468030215383834,0
San Antonio,TX,4865000,2025,2,25,1420998,2025-02-01,21.111922747252283,0
San Antonio,TX,4865000,2025,3,29,1420998,2025-03-01,24.48983038681265,0
San Antonio,TX,4865000,2025,4,26,1420998,2025-04-01,21.956399657142374,0
San Antonio,TX,4865000,2025,5,28,1420998,2025-05-01,23.64535347692256,0
San Antonio,TX,4865000,2025,6,40,1420998,2025-06-01,33.77907639560365,0
San Antonio,TX,4865000,2025,7,24,1420998,2025-07-01,20.26744583736219,0
San Antonio,TX,4865000,2025,8,26,1420998,2025-08-01,21.956399657142374,0
San Antonio,TX,4865000,2025,9,26,1420998,2025-09-01,21.956399657142374,0
San Bernardino,CA,665000,2018,1,5,215182,2018-01-01,27.883373144593882,0
San Bernardino,CA,665000,2018,2,3,215258,2018-02-01,16.724117105984448,0
San Bernardino,CA,665000,2018,3,1,215333,2018-03-01,5.572764044526385,0
San Bernardino,CA,665000,2018,4,1,215409,2018-04-01,5.570797877526008,0
San Bernardino,CA,665000,2018,5,2,215484,2018-05-01,11.13771788160606,0
San Bernardino,CA,665000,2018,6,10,215560,2018-06-01,55.668955279272595,0
San Bernardino,CA,665000,2018,7,5,215636,2018-07-01,27.82466749522343,0
San Bernardino,CA,665000,2018,8,7,215711,2018-08-01,38.94099049190816,0
San Bernardino,CA,665000,2018,9,10,215787,2018-09-01,55.61039358256059,0
San Bernardino,CA,665000,2018,10,2,215862,2018-10-01,11.118214414764989,0
San Bernardino,CA,665000,2018,11,1,215938,2018-11-01,5.557150663616408,0
San Bernardino,CA,665000,2018,12,9,216013,2018-12-01,49.99699092184267,0
San Bernardino,CA,665000,2019,1,5,216089,2019-01-01,27.76633701854329,0
San Bernardino,CA,665000,2019,2,0,216147,2019-02-01,0,0
San Bernardino,CA,665000,2019,3,4,216205,2019-03-01,22.201151684743646,0
San Bernardino,CA,665000,2019,4,1,216263,2019-04-01,5.548799378534469,0
San Bernardino,CA,665000,2019,5,2,216321,2019-05-01,11.09462326819865,0
San Bernardino,CA,665000,2019,6,3,216379,2019-06-01,16.637474061715785,0
San Bernardino,CA,665000,2019,7,2,216437,2019-07-01,11.088677074622176,0
San Bernardino,CA,665000,2019,8,3,216494,2019-08-01,16.628636359437213,0
San Bernardino,CA,665000,2019,9,9,216552,2019-09-01,49.87254793305996,0
San Bernardino,CA,665000,2019,10,11,216610,2019-10-01,60.93901481926042,0
San Bernardino,CA,665000,2019,11,2,216668,2019-11-01,11.076854911662082,0
San Bernardino,CA,665000,2019,12,4,216726,2019-12-01,22.14778106918413,0
San Bernardino,CA,665000,2020,1,7,216784,2020-01-01,38.748247103107246,0
San Bernardino,CA,665000,2020,2,4,217120,2020-02-01,22.107590272660282,0
San Bernardino,CA,665000,2020,3,4,217457,2020-03-01,22.07332943984328,0
San Bernardino,CA,665000,2020,4,4,217793,2020-04-01,22.03927582612848,0
San Bernardino,CA,665000,2020,5,9,218130,2020-05-01,49.51175904277266,0
San Bernardino,CA,665000,2020,6,3,218466,2020-06-01,16.478536705940513,0
San Bernardino,CA,665000,2020,7,3,218802,2020-07-01,16.45323168892423,0
San Bernardino,CA,665000,2020,8,7,219139,2020-08-01,38.331835045336526,0
San Bernardino,CA,665000,2020,9,11,219475,2020-09-01,60.143524319398566,0
San Bernardino,CA,665000,2020,10,3,219812,2020-10-01,16.37763179444252,0
San Bernardino,CA,665000,2020,11,8,220148,2020-11-01,43.60702799934589,0
San Bernardino,CA,665000,2020,12,10,220485,2020-12-01,54.42547112048439,0
San Bernardino,CA,665000,2021,1,10,220821,2021-01-01,54.34265762767127,0
San Bernardino,CA,665000,2021,2,5,220717,2021-02-01,27.184131716179543,0
San Bernardino,CA,665000,2021,3,2,220612,2021-03-01,10.878827987598136,0
San Bernardino,CA,665000,2021,4,7,220508,2021-04-01,38.093856005224296,0
San Bernardino,CA,665000,2021,5,0,220403,2021-05-01,0,0
San Bernardino,CA,665000,2021,6,0,220299,2021-06-01,0,0
San Bernardino,CA,665000,2021,7,2,220195,2021-07-01,10.899430050636935,0
San Bernardino,CA,665000,2021,8,3,220090,2021-08-01,16.356944886182927,0
San Bernardino,CA,665000,2021,9,1,219986,2021-09-01,5.454892584073532,0
San Bernardino,CA,665000,2021,10,5,219881,2021-10-01,27.28748732268818,0
San Bernardino,CA,665000,2021,11,5,219777,2021-11-01,27.300399950859283,0
San Bernardino,CA,665000,2021,12,1,219672,2021-12-01,5.4626898284715395,0
San Bernardino,CA,665000,2022,1,9,219568,2022-01-01,49.18749544560227,0
San Bernardino,CA,665000,2022,2,8,219904,2022-02-01,43.655413271245635,0
San Bernardino,CA,665000,2022,3,5,220241,2022-03-01,27.24288393169301,0
San Bernardino,CA,665000,2022,4,10,220577,2022-04-01,54.40277091446525,0
San Bernardino,CA,665000,2022,5,0,220914,2022-05-01,0,0
San Bernardino,CA,665000,2022,6,2,221250,2022-06-01,10.847457627118644,0
San Bernardino,CA,665000,2022,7,4,221586,2022-07-01,21.662018358560562,0
San Bernardino,CA,665000,2022,8,0,221923,2022-08-01,0,0
San Bernardino,CA,665000,2022,9,6,222259,2022-09-01,32.39463868729725,0
San Bernardino,CA,665000,2022,10,0,222596,2022-10-01,0,0
San Bernardino,CA,665000,2022,11,0,222932,2022-11-01,0,0
San Bernardino,CA,665000,2022,12,1,223269,2022-12-01,5.374682557811429,0
San Bernardino,CA,665000,2023,1,0,223605,2023-01-01,0,0
San Bernardino,CA,665000,2023,2,0,223605,2023-02-01,0,0
San Bernardino,CA,665000,2023,3,0,223605,2023-03-01,0,0
San Bernardino,CA,665000,2023,4,0,223605,2023-04-01,0,0
San Bernardino,CA,665000,2023,5,0,223605,2023-05-01,0,0
San Bernardino,CA,665000,2023,6,0,223605,2023-06-01,0,0
San Bernardino,CA,665000,2023,7,2,223605,2023-07-01,10.733212584691756,0
San Bernardino,CA,665000,2023,8,1,223605,2023-08-01,5.366606292345878,0
San Bernardino,CA,665000,2023,9,3,223605,2023-09-01,16.099818877037634,0
San Bernardino,CA,665000,2023,10,4,223605,2023-10-01,21.466425169383513,0
San Bernardino,CA,665000,2023,11,2,223605,2023-11-01,10.733212584691756,0
San Bernardino,CA,665000,2023,12,0,223605,2023-12-01,0,0
San Bernardino,CA,665000,2024,1,3,223605,2024-01-01,16.099818877037634,0
San Bernardino,CA,665000,2024,2,1,223605,2024-02-01,5.366606292345878,0
San Bernardino,CA,665000,2024,3,1,223605,2024-03-01,5.366606292345878,0
San Bernardino,CA,665000,2024,4,0,223605,2024-04-01,0,0
San Bernardino,CA,665000,2024,5,0,223605,2024-05-01,0,0
San Bernardino,CA,665000,2024,6,0,223605,2024-06-01,0,0
San Bernardino,CA,665000,2024,7,0,223605,2024-07-01,0,0
San Bernardino,CA,665000,2024,8,0,223605,2024-08-01,0,0
San Bernardino,CA,665000,2024,9,0,223605,2024-09-01,0,0
San Bernardino,CA,665000,2024,10,5,223605,2024-10-01,26.83303146172939,0
San Bernardino,CA,665000,2024,11,1,223605,2024-11-01,5.366606292345878,0
San Bernardino,CA,665000,2024,12,0,223605,2024-12-01,0,0
San Bernardino,CA,665000,2025,1,2,223605,2025-01-01,10.733212584691756,0
San Bernardino,CA,665000,2025,2,0,223605,2025-02-01,0,0
San Bernardino,CA,665000,2025,3,1,223605,2025-03-01,5.366606292345878,0
San Bernardino,CA,665000,2025,4,0,223605,2025-04-01,0,0
San Bernardino,CA,665000,2025,5,0,223605,2025-05-01,0,0
San Bernardino,CA,665000,2025,6,1,223605,2025-06-01,5.366606292345878,0
San Bernardino,CA,665000,2025,7,3,223605,2025-07-01,16.099818877037634,0
San Bernardino,CA,665000,2025,8,0,223605,2025-08-01,0,0
San Bernardino,CA,665000,2025,9,0,223605,2025-09-01,0,0
San Diego,CA,666000,2018,1,4,1401932,2018-01-01,3.4238465203733135,0
San Diego,CA,666000,2018,2,4,1402569,2018-02-01,3.4222915236255758,0
San Diego,CA,666000,2018,3,6,1403206,2018-03-01,5.1311069080377365,0
San Diego,CA,666000,2018,4,6,1403842,2018-04-01,5.128782298862692,0
San Diego,CA,666000,2018,5,11,1404479,2018-05-01,9.398502932404115,0
San Diego,CA,666000,2018,6,5,1405116,2018-06-01,4.270110083437951,0
San Diego,CA,666000,2018,7,3,1405752,2018-07-01,2.560906902497738,0
San Diego,CA,666000,2018,8,7,1406389,2018-08-01,5.972742960873556,0
San Diego,CA,666000,2018,9,3,1407026,2018-09-01,2.5585881142210587,0
San Diego,CA,666000,2018,10,9,1407663,2018-10-01,7.672290882121644,0
San Diego,CA,666000,2018,11,11,1408300,2018-11-01,9.37300291131151,0
San Diego,CA,666000,2018,12,7,1408936,2018-12-01,5.961945751971701,0
San Diego,CA,666000,2019,1,2,1409573,2019-01-01,1.702643282753004,0
San Diego,CA,666000,2019,2,10,1409987,2019-02-01,8.510716765473724,0
San Diego,CA,666000,2019,3,7,1410402,2019-03-01,5.955748786516185,0
San Diego,CA,666000,2019,4,2,1410816,2019-04-01,1.7011431682090365,0
San Diego,CA,666000,2019,5,12,1411230,2019-05-01,10.203864713760337,0
San Diego,CA,666000,2019,6,7,1411645,2019-06-01,5.950504553198573,0
San Diego,CA,666000,2019,7,4,1412059,2019-07-01,3.399291389382455,0
San Diego,CA,666000,2019,8,11,1412473,2019-08-01,9.345311379403359,0
San Diego,CA,666000,2019,9,4,1412888,2019-09-01,3.397296884112541,0
San Diego,CA,666000,2019,10,6,1413302,2019-10-01,5.094452565693673,0
San Diego,CA,666000,2019,11,11,1413716,2019-11-01,9.337094579109241,0
San Diego,CA,666000,2019,12,9,1414131,2019-12-01,7.637199099659084,0
San Diego,CA,666000,2020,1,3,1414545,2020-01-01,2.5449879643277518,0
San Diego,CA,666000,2020,2,3,1412116,2020-02-01,2.5493656328516923,0
San Diego,CA,666000,2020,3,3,1409687,2020-03-01,2.5537583875002037,0
San Diego,CA,666000,2020,4,2,1407258,2020-04-01,1.7054442042610523,0
San Diego,CA,666000,2020,5,11,1404829,2020-05-01,9.396161383342742,0
San Diego,CA,666000,2020,6,12,1402400,2020-06-01,10.26811180832858,0
San Diego,CA,666000,2020,7,8,1399971,2020-07-01,6.857284900901519,0
San Diego,CA,666000,2020,8,7,1397543,2020-08-01,6.010548512639684,0
San Diego,CA,666000,2020,9,8,1395114,2020-09-01,6.881158098908047,0
San Diego,CA,666000,2020,10,10,1392685,2020-10-01,8.616449520171468,0
San Diego,CA,666000,2020,11,19,1390256,2020-11-01,16.399857292469875,0
San Diego,CA,666000,2020,12,10,1387827,2020-12-01,8.646610852793613,0
San Diego,CA,666000,2021,1,14,1385398,2021-01-01,12.126479177824713,0
San Diego,CA,666000,2021,2,8,1387595,2021-02-01,6.918445223570278,0
San Diego,CA,666000,2021,3,7,1389792,2021-03-01,6.0440699039856325,0
San Diego,CA,666000,2021,4,16,1391989,2021-04-01,13.793212446362721,0
San Diego,CA,666000,2021,5,10,1394186,2021-05-01,8.607172931014944,0
San Diego,CA,666000,2021,6,12,1396383,2021-06-01,10.31235699661196,0
San Diego,CA,666000,2021,7,11,1398580,2021-07-01,9.438144403609375,0
San Diego,CA,666000,2021,8,15,1400776,2021-08-01,12.850020274476433,0
San Diego,CA,666000,2021,9,8,1402973,2021-09-01,6.842612081629511,0
San Diego,CA,666000,2021,10,7,1405170,2021-10-01,5.977924379256603,0
San Diego,CA,666000,2021,11,6,1407367,2021-11-01,5.115936354909558,0
San Diego,CA,666000,2021,12,8,1409564,2021-12-01,6.810616616201889,0
San Diego,CA,666000,2022,1,8,1411761,2022-01-01,6.800017850046856,0
San Diego,CA,666000,2022,2,12,1409332,2022-02-01,10.217606639173736,0
San Diego,CA,666000,2022,3,7,1406903,2022-03-01,5.970560870223462,0
San Diego,CA,666000,2022,4,17,1404474,2022-04-01,14.525010786956543,0
San Diego,CA,666000,2022,5,9,1402045,2022-05-01,7.7030337827958455,0
San Diego,CA,666000,2022,6,8,1399616,2022-06-01,6.859024189491975,0
San Diego,CA,666000,2022,7,11,1397187,2022-07-01,9.447554264389806,0
San Diego,CA,666000,2022,8,18,1394759,2022-08-01,15.486546421281382,0
San Diego,CA,666000,2022,9,10,1392330,2022-09-01,8.61864644157635,0
San Diego,CA,666000,2022,10,14,1389901,2022-10-01,12.08719182157578,0
San Diego,CA,666000,2022,11,10,1387472,2022-11-01,8.648823183458838,0
San Diego,CA,666000,2022,12,3,1385043,2022-12-01,2.5991972812396438,0
San Diego,CA,666000,2023,1,15,1382614,2023-01-01,13.018817978119705,0
San Diego,CA,666000,2023,2,3,1382614,2023-02-01,2.603763595623941,0
San Diego,CA,666000,2023,3,4,1382614,2023-03-01,3.471684794165255,0
San Diego,CA,666000,2023,4,5,1382614,2023-04-01,4.339605992706569,0
San Diego,CA,666000,2023,5,9,1382614,2023-05-01,7.811290786871823,0
San Diego,CA,666000,2023,6,9,1382614,2023-06-01,7.811290786871823,0
San Diego,CA,666000,2023,7,8,1382614,2023-07-01,6.94336958833051,0
San Diego,CA,666000,2023,8,7,1382614,2023-08-01,6.075448389789196,0
San Diego,CA,666000,2023,9,5,1382614,2023-09-01,4.339605992706569,0
San Diego,CA,666000,2023,10,6,1382614,2023-10-01,5.207527191247882,0
San Diego,CA,666000,2023,11,6,1382614,2023-11-01,5.207527191247882,0
San Diego,CA,666000,2023,12,5,1382614,2023-12-01,4.339605992706569,0
San Diego,CA,666000,2024,1,8,1382614,2024-01-01,6.94336958833051,0
San Diego,CA,666000,2024,2,4,1382614,2024-02-01,3.471684794165255,0
San Diego,CA,666000,2024,3,6,1382614,2024-03-01,5.207527191247882,0
San Diego,CA,666000,2024,4,1,1382614,2024-04-01,0.8679211985413138,0
San Diego,CA,666000,2024,5,7,1382614,2024-05-01,6.075448389789196,0
San Diego,CA,666000,2024,6,1,1382614,2024-06-01,0.8679211985413138,0
San Diego,CA,666000,2024,7,3,1382614,2024-07-01,2.603763595623941,0
San Diego,CA,666000,2024,8,8,1382614,2024-08-01,6.94336958833051,0
San Diego,CA,666000,2024,9,9,1382614,2024-09-01,7.811290786871823,0
San Diego,CA,666000,2024,10,1,1382614,2024-10-01,0.8679211985413138,0
San Diego,CA,666000,2024,11,5,1382614,2024-11-01,4.339605992706569,0
San Diego,CA,666000,2024,12,3,1382614,2024-12-01,2.603763595623941,0
San Diego,CA,666000,2025,1,4,1382614,2025-01-01,3.471684794165255,0
San Diego,CA,666000,2025,2,4,1382614,2025-02-01,3.471684794165255,0
San Diego,CA,666000,2025,3,2,1382614,2025-03-01,1.7358423970826276,0
San Diego,CA,666000,2025,4,3,1382614,2025-04-01,2.603763595623941,0
San Diego,CA,666000,2025,5,0,1382614,2025-05-01,0,0
San Diego,CA,666000,2025,6,3,1382614,2025-06-01,2.603763595623941,0
San Diego,CA,666000,2025,7,3,1382614,2025-07-01,2.603763595623941,0
San Diego,CA,666000,2025,8,5,1382614,2025-08-01,4.339605992706569,0
San Diego,CA,666000,2025,9,7,1382614,2025-09-01,6.075448389789196,0
San Francisco,CA,667000,2018,1,16,870044,2018-01-01,22.067849442097184,0
San Francisco,CA,667000,2018,2,3,870454,2018-02-01,4.135772826593938,0
San Francisco,CA,667000,2018,3,6,870864,2018-03-01,8.267651435815466,0
San Francisco,CA,667000,2018,4,6,871273,2018-04-01,8.263770368185403,0
San Francisco,CA,667000,2018,5,7,871683,2018-05-01,9.636530711279216,0
San Francisco,CA,667000,2018,6,21,872093,2018-06-01,28.896000770560022,0
San Francisco,CA,667000,2018,7,10,872502,2018-07-01,13.75355013512863,0
San Francisco,CA,667000,2018,8,16,872912,2018-08-01,21.995344318785857,0
San Francisco,CA,667000,2018,9,4,873322,2018-09-01,5.496254531547356,0
San Francisco,CA,667000,2018,10,7,873732,2018-10-01,9.613931960830094,0
San Francisco,CA,667000,2018,11,3,874142,2018-11-01,4.118324025158383,0
San Francisco,CA,667000,2018,12,9,874551,2018-12-01,12.349194043572075,0
San Francisco,CA,667000,2019,1,6,874961,2019-01-01,8.22893820410281,0
San Francisco,CA,667000,2019,2,8,874946,2019-02-01,10.972105707095066,0
San Francisco,CA,667000,2019,3,11,874931,2019-03-01,15.086903995857961,0
San Francisco,CA,667000,2019,4,1,874917,2019-04-01,1.3715586735656067,0
San Francisco,CA,667000,2019,5,9,874902,2019-05-01,12.344239697703285,0
San Francisco,CA,667000,2019,6,14,874887,2019-06-01,19.20247986311375,0
San Francisco,CA,667000,2019,7,7,874873,2019-07-01,9.60139357369584,0
San Francisco,CA,667000,2019,8,14,874858,2019-08-01,19.2031163914601,0
San Francisco,CA,667000,2019,9,4,874843,2019-09-01,5.4866987562339755,0
San Francisco,CA,667000,2019,10,6,874828,2019-10-01,8.230189248629443,0
San Francisco,CA,667000,2019,11,5,874813,2019-11-01,6.8586086397893045,0
San Francisco,CA,667000,2019,12,7,874799,2019-12-01,9.602205763838324,0
San Francisco,CA,667000,2020,1,4,874784,2020-01-01,5.48706880784285,0
San Francisco,CA,667000,2020,2,6,874046,2020-02-01,8.23755271461685,0
San Francisco,CA,667000,2020,3,7,873309,2020-03-01,9.618588609529962,0
San Francisco,CA,667000,2020,4,7,872571,2020-04-01,9.626723785227792,0
San Francisco,CA,667000,2020,5,5,871834,2020-05-01,6.8820440588460645,0
San Francisco,CA,667000,2020,6,12,871096,2020-06-01,16.53089900539091,0
San Francisco,CA,667000,2020,7,14,870358,2020-07-01,19.302402000096514,0
San Francisco,CA,667000,2020,8,12,869621,2020-08-01,16.558937744143712,0
San Francisco,CA,667000,2020,9,16,868883,2020-09-01,22.09733646532387,0
San Francisco,CA,667000,2020,10,14,868146,2020-10-01,19.351583719789065,0
San Francisco,CA,667000,2020,11,7,867408,2020-11-01,9.684024127054396,0
San Francisco,CA,667000,2020,12,13,866671,2020-12-01,17.999910000449997,0
San Francisco,CA,667000,2021,1,11,865933,2021-01-01,15.243673586755559,0
San Francisco,CA,667000,2021,2,18,866740,2021-02-01,24.92096822576551,0
San Francisco,CA,667000,2021,3,9,867547,2021-03-01,12.448893258809031,0
San Francisco,CA,667000,2021,4,7,868355,2021-04-01,9.673463042188965,0
San Francisco,CA,667000,2021,5,7,869162,2021-05-01,9.66448142003447,0
San Francisco,CA,667000,2021,6,12,869969,2021-06-01,16.5523139330252,0
San Francisco,CA,667000,2021,7,7,870777,2021-07-01,9.6465570404363,0
San Francisco,CA,667000,2021,8,9,871584,2021-08-01,12.391232514594119,0
San Francisco,CA,667000,2021,9,11,872391,2021-09-01,15.130830097972126,0
San Francisco,CA,667000,2021,10,11,873198,2021-10-01,15.116846350999428,0
San Francisco,CA,667000,2021,11,10,874005,2021-11-01,13.72989857037431,0
San Francisco,CA,667000,2021,12,15,874813,2021-12-01,20.575825919367915,0
San Francisco,CA,667000,2022,1,4,875620,2022-01-01,5.481830017587538,0
San Francisco,CA,667000,2022,2,16,874882,2022-02-01,21.94581669299403,0
San Francisco,CA,667000,2022,3,10,874145,2022-03-01,13.727699637931924,0
San Francisco,CA,667000,2022,4,15,873407,2022-04-01,20.60894863448541,0
San Francisco,CA,667000,2022,5,8,872670,2022-05-01,11.000721922376156,0
San Francisco,CA,667000,2022,6,9,871932,2022-06-01,12.386287004032425,0
San Francisco,CA,667000,2022,7,18,871194,2022-07-01,24.7935591842919,0
San Francisco,CA,667000,2022,8,12,870457,2022-08-01,16.54303429118268,0
San Francisco,CA,667000,2022,9,17,869719,2022-09-01,23.455851832603404,0
San Francisco,CA,667000,2022,10,11,868982,2022-10-01,15.190188059131257,0
San Francisco,CA,667000,2022,11,5,868244,2022-11-01,6.910499813416505,0
San Francisco,CA,667000,2022,12,14,867507,2022-12-01,19.365837970183527,0
San Francisco,CA,667000,2023,1,13,866769,2023-01-01,17.99787486631386,0
San Francisco,CA,667000,2023,2,5,866769,2023-02-01,6.92225956396687,0
San Francisco,CA,667000,2023,3,10,866769,2023-03-01,13.84451912793374,0
San Francisco,CA,667000,2023,4,8,866769,2023-04-01,11.075615302346991,0
San Francisco,CA,667000,2023,5,10,866769,2023-05-01,13.84451912793374,0
San Francisco,CA,667000,2023,6,21,866769,2023-06-01,29.073490168660854,0
San Francisco,CA,667000,2023,7,10,866769,2023-07-01,13.84451912793374,0
San Francisco,CA,667000,2023,8,9,866769,2023-08-01,12.460067215140366,0
San Francisco,CA,667000,2023,9,5,866769,2023-09-01,6.92225956396687,0
San Francisco,CA,667000,2023,10,9,866769,2023-10-01,12.460067215140366,0
San Francisco,CA,667000,2023,11,7,866769,2023-11-01,9.6911633895536191,0
San Francisco,CA,667000,2023,12,4,866769,2023-12-01,5.5378076511734955,0
San Francisco,CA,667000,2024,1,11,866769,2024-01-01,15.228971040727114,0
San Francisco,CA,667000,2024,2,7,866769,2024-02-01,9.6911633895536191,0
San Francisco,CA,667000,2024,3,4,866769,2024-03-01,5.5378076511734955,0
San Francisco,CA,667000,2024,4,6,866769,2024-04-01,8.306711476760245,0
San Francisco,CA,667000,2024,5,3,866769,2024-05-01,4.153355738380123,0
San Francisco,CA,667000,2024,6,14,866769,2024-06-01,19.382326779107238,0
San Francisco,CA,667000,2024,7,13,866769,2024-07-01,17.99787486631386,0
San Francisco,CA,667000,2024,8,9,866769,2024-08-01,12.460067215140366,0
San Francisco,CA,667000,2024,9,8,866769,2024-09-01,11.075615302346991,0
San Francisco,CA,667000,2024,10,4,866769,2024-10-01,5.5378076511734955,0
San Francisco,CA,667000,2024,11,6,866769,2024-11-01,8.306711476760245,0
San Francisco,CA,667000,2024,12,3,866769,2024-12-01,4.153355738380123,0
San Francisco,CA,667000,2025,1,5,866769,2025-01-01,6.92225956396687,0
San Francisco,CA,667000,2025,2,6,866769,2025-02-01,8.306711476760245,0
San Francisco,CA,667000,2025,3,7,866769,2025-03-01,9.6911633895536191,0
San Francisco,CA,667000,2025,4,4,866769,2025-04-01,5.5378076511734955,0
San Francisco,CA,667000,2025,5,7,866769,2025-05-01,9.6911633895536191,0
San Francisco,CA,667000,2025,6,1,866769,2025-06-01,1.3844519127933739,0
San Francisco,CA,667000,2025,7,6,866769,2025-07-01,8.306711476760245,0
San Francisco,CA,667000,2025,8,6,866769,2025-08-01,8.306711476760245,0
San Francisco,CA,667000,2025,9,12,866769,2025-09-01,16.61342295352049,0
San Jose,CA,668000,2018,1,1,1026658,2018-01-01,1.1688410356710806,0
San Jose,CA,668000,2018,2,4,1026744,2018-02-01,4.6749725345363595,0
San Jose,CA,668000,2018,3,3,1026830,2018-03-01,3.505935743988781,0
San Jose,CA,668000,2018,4,0,1026916,2018-04-01,0,0
San Jose,CA,668000,2018,5,8,1027002,2018-05-01,9.347596207212838,0
San Jose,CA,668000,2018,6,3,1027088,2018-06-01,3.5050550683096287,0
San Jose,CA,668000,2018,7,4,1027174,2018-07-01,4.673015477416678,0
San Jose,CA,668000,2018,8,6,1027260,2018-08-01,7.008936393902225,0
San Jose,CA,668000,2018,9,0,1027346,2018-09-01,0,0
San Jose,CA,668000,2018,10,3,1027432,2018-10-01,3.5038815220861332,0
San Jose,CA,668000,2018,11,3,1027518,2018-11-01,3.5035882583078832,0
San Jose,CA,668000,2018,12,4,1027604,2018-12-01,4.671060058154698,0
San Jose,CA,668000,2019,1,5,1027690,2019-01-01,5.838336463330382,0
San Jose,CA,668000,2019,2,1,1027833,2019-02-01,1.1675048378481718,0
San Jose,CA,668000,2019,3,0,1027976,2019-03-01,0,0
San Jose,CA,668000,2019,4,4,1028120,2019-04-01,4.668715714118974,0
San Jose,CA,668000,2019,5,3,1028263,2019-05-01,3.501049828691687,0
San Jose,CA,668000,2019,6,6,1028406,2019-06-01,7.0011260144339875,0
San Jose,CA,668000,2019,7,7,1028550,2019-07-01,8.16683680910019,0
San Jose,CA,668000,2019,8,6,1028693,2019-08-01,6.999172736666819,0
San Jose,CA,668000,2019,9,3,1028836,2019-09-01,3.4990999537341225,0
San Jose,CA,668000,2019,10,5,1028979,2019-10-01,5.831022790552577,0
San Jose,CA,668000,2019,11,1,1029122,2019-11-01,1.166042510023107,0
San Jose,CA,668000,2019,12,6,1029266,2019-12-01,6.995276245402062,0
San Jose,CA,668000,2020,1,2,1029409,2020-01-01,2.3314348329964085,0
San Jose,CA,668000,2020,2,1,1028070,2020-02-01,1.1672356940675246,0
San Jose,CA,668000,2020,3,6,1026730,2020-03-01,7.012554420344198,0
San Jose,CA,668000,2020,4,3,1025391,2020-04-01,3.510855858887,0
San Jose,CA,668000,2020,5,7,1024052,2020-05-01,8.202708456211209,0
San Jose,CA,668000,2020,6,4,1022712,2020-06-01,4.6934034214910945,0
San Jose,CA,668000,2020,7,13,1021373,2020-07-01,15.273558239741995,0
San Jose,CA,668000,2020,8,5,1020034,2020-08-01,5.882156869280828,0
San Jose,CA,668000,2020,9,11,1018694,2020-09-01,12.957767494458592,0
San Jose,CA,668000,2020,10,7,1017355,2020-10-01,8.25670488669147,0
San Jose,CA,668000,2020,11,3,1016016,2020-11-01,3.5432512873813007,0
San Jose,CA,668000,2020,12,5,1014676,2020-12-01,5.913217618234786,0
San Jose,CA,668000,2021,1,4,1013337,2021-01-01,4.73682496543598,0
San Jose,CA,668000,2021,2,11,1014272,2021-02-01,13.014260474507825,0
San Jose,CA,668000,2021,3,10,1015208,2021-03-01,11.820237823185003,0
San Jose,CA,668000,2021,4,8,1016143,2021-04-01,9.447489182132829,0
San Jose,CA,668000,2021,5,18,1017078,2021-05-01,21.237309232920186,0
San Jose,CA,668000,2021,6,12,1018014,2021-06-01,14.145188573045163,0
San Jose,CA,668000,2021,7,3,1018949,2021-07-01,3.533052193976342,0
San Jose,CA,668000,2021,8,2,1019884,2021-08-01,2.3532087962944805,0
San Jose,CA,668000,2021,9,4,1020820,2021-09-01,4.70210223153935,0
San Jose,CA,668000,2021,10,5,1021755,2021-10-01,5.8722492182568224,0
San Jose,CA,668000,2021,11,2,1022690,2021-11-01,2.34675219274658,0
San Jose,CA,668000,2021,12,3,1023626,2021-12-01,3.5169094962417913,0
San Jose,CA,668000,2022,1,3,1024561,2022-01-01,3.5137000139571972,0
San Jose,CA,668000,2022,2,5,1023222,2022-02-01,5.863830136568604,0
San Jose,CA,668000,2022,3,4,1021882,2022-03-01,4.697215529777411,0
San Jose,CA,668000,2022,4,6,1020543,2022-04-01,7.055067743348394,0
San Jose,CA,668000,2022,5,5,1019204,2022-05-01,5.886947068496592,0
San Jose,CA,668000,2022,6,7,1017864,2022-06-01,8.252575982646011,0
San Jose,CA,668000,2022,7,4,1016525,2022-07-01,4.72196945476009,0
San Jose,CA,668000,2022,8,1,1015186,2022-08-01,1.1820493978443358,0
San Jose,CA,668000,2022,9,6,1013846,2022-09-01,7.101670273394579,0
San Jose,CA,668000,2022,10,2,1012507,2022-10-01,2.370353982737897,0
San Jose,CA,668000,2022,11,3,1011168,2022-11-01,3.5602392480774707,0
San Jose,CA,668000,2022,12,2,1009828,2022-12-01,2.3766423588967625,0
San Jose,CA,668000,2023,1,2,1008489,2023-01-01,2.3797978956637107,0
San Jose,CA,668000,2023,2,4,1008489,2023-02-01,4.759595791327421,0
San Jose,CA,668000,2023,3,2,1008489,2023-03-01,2.3797978956637107,0
San Jose,CA,668000,2023,4,4,1008489,2023-04-01,4.759595791327421,0
San Jose,CA,668000,2023,5,3,1008489,2023-05-01,3.5696968434955663,0
San Jose,CA,668000,2023,6,3,1008489,2023-06-01,3.5696968434955663,0
San Jose,CA,668000,2023,7,4,1008489,2023-07-01,4.759595791327421,0
San Jose,CA,668000,2023,8,2,1008489,2023-08-01,2.3797978956637107,0
San Jose,CA,668000,2023,9,3,1008489,2023-09-01,3.5696968434955663,0
San Jose,CA,668000,2023,10,1,1008489,2023-10-01,1.1898989478318553,0
San Jose,CA,668000,2023,11,1,1008489,2023-11-01,1.1898989478318553,0
San Jose,CA,668000,2023,12,3,1008489,2023-12-01,3.5696968434955663,0
San Jose,CA,668000,2024,1,1,1008489,2024-01-01,1.1898989478318553,0
San Jose,CA,668000,2024,2,7,1008489,2024-02-01,8.329292634822988,0
San Jose,CA,668000,2024,3,2,1008489,2024-03-01,2.3797978956637107,0
San Jose,CA,668000,2024,4,1,1008489,2024-04-01,1.1898989478318553,0
San Jose,CA,668000,2024,5,5,1008489,2024-05-01,5.949494739159277,0
San Jose,CA,668000,2024,6,0,1008489,2024-06-01,0,0
San Jose,CA,668000,2024,7,5,1008489,2024-07-01,5.949494739159277,0
San Jose,CA,668000,2024,8,2,1008489,2024-08-01,2.3797978956637107,0
San Jose,CA,668000,2024,9,3,1008489,2024-09-01,3.5696968434955663,0
San Jose,CA,668000,2024,10,3,1008489,2024-10-01,3.5696968434955663,0
San Jose,CA,668000,2024,11,0,1008489,2024-11-01,0,0
San Jose,CA,668000,2024,12,1,1008489,2024-12-01,1.1898989478318553,0
San Jose,CA,668000,2025,1,1,1008489,2025-01-01,1.1898989478318553,0
San Jose,CA,668000,2025,2,1,1008489,2025-02-01,1.1898989478318553,0
San Jose,CA,668000,2025,3,4,1008489,2025-03-01,4.759595791327421,0
San Jose,CA,668000,2025,4,2,1008489,2025-04-01,2.3797978956637107,0
San Jose,CA,668000,2025,5,1,1008489,2025-05-01,1.1898989478318553,0
San Jose,CA,668000,2025,6,2,1008489,2025-06-01,2.3797978956637107,0
San Jose,CA,668000,2025,7,1,1008489,2025-07-01,1.1898989478318553,0
San Jose,CA,668000,2025,8,0,1008489,2025-08-01,0,0
San Jose,CA,668000,2025,9,4,1008489,2025-09-01,4.759595791327421,0
Santa Ana,CA,669000,2018,1,5,333499,2018-01-01,17.991058443953353,0
Santa Ana,CA,669000,2018,2,1,333440,2018-02-01,3.5988483685220727,0
Santa Ana,CA,669000,2018,3,0,333381,2018-03-01,0,0
Santa Ana,CA,669000,2018,4,1,333323,2018-04-01,3.6001116034597076,0
Santa Ana,CA,669000,2018,5,6,333264,2018-05-01,21.604493734696817,0
Santa Ana,CA,669000,2018,6,1,333205,2018-06-01,3.6013865338155187,0
Santa Ana,CA,669000,2018,7,1,333147,2018-07-01,3.602013525560788,0
Santa Ana,CA,669000,2018,8,2,333088,2018-08-01,7.205303103083869,0
Santa Ana,CA,669000,2018,9,2,333029,2018-09-01,7.2065796071813555,0
Santa Ana,CA,669000,2018,10,0,332970,2018-10-01,0,0
Santa Ana,CA,669000,2018,11,5,332911,2018-11-01,18.022834931858664,0
Santa Ana,CA,669000,2018,12,2,332853,2018-12-01,7.210390172238194,0
Santa Ana,CA,669000,2019,1,3,332794,2019-01-01,10.81750271939999,0
Santa Ana,CA,669000,2019,2,0,332779,2019-02-01,0,0
Santa Ana,CA,669000,2019,3,0,332763,2019-03-01,0,0
Santa Ana,CA,669000,2019,4,2,332748,2019-04-01,7.212665440513542,0
Santa Ana,CA,669000,2019,5,0,332733,2019-05-01,0,0
Santa Ana,CA,669000,2019,6,1,332717,2019-06-01,3.6066687304826623,0
Santa Ana,CA,669000,2019,7,2,332702,2019-07-01,7.213662677110448,0
Santa Ana,CA,669000,2019,8,2,332687,2019-08-01,7.213987922581886,0
Santa Ana,CA,669000,2019,9,3,332671,2019-09-01,10.821502325120012,0
Santa Ana,CA,669000,2019,10,1,332656,2019-10-01,3.607330094752537,0
Santa Ana,CA,669000,2019,11,1,332641,2019-11-01,3.6074927624676456,0
Santa Ana,CA,669000,2019,12,1,332625,2019-12-01,3.6076662908680945,0
Santa Ana,CA,669000,2020,1,1,332610,2020-01-01,3.607828988905926,0
Santa Ana,CA,669000,2020,2,2,331044,2020-02-01,7.249791568492406,0
Santa Ana,CA,669000,2020,3,1,329478,2020-03-01,3.6421248156174313,0
Santa Ana,CA,669000,2020,4,2,327912,2020-04-01,7.319036814755178,0
Santa Ana,CA,669000,2020,5,1,326346,2020-05-01,3.6770789284992,0
Santa Ana,CA,669000,2020,6,3,324780,2020-06-01,11.084426380934786,0
Santa Ana,CA,669000,2020,7,2,323214,2020-07-01,7.425420928548887,0
Santa Ana,CA,669000,2020,8,0,321648,2020-08-01,0,0
Santa Ana,CA,669000,2020,9,5,320082,2020-09-01,18.74519654338576,0
Santa Ana,CA,669000,2020,10,2,318516,2020-10-01,7.534943299551671,0
Santa Ana,CA,669000,2020,11,1,316950,2020-11-01,3.786086133459536,0
Santa Ana,CA,669000,2020,12,0,315384,2020-12-01,0,0
Santa Ana,CA,669000,2021,1,9,313818,2021-01-01,34.41485192053993,0
Santa Ana,CA,669000,2021,2,2,314522,2021-02-01,7.630626792402438,0
Santa Ana,CA,669000,2021,3,3,315227,2021-03-01,11.420341531658138,0
Santa Ana,CA,669000,2021,4,1,315932,2021-04-01,3.7982857070508844,0
Santa Ana,CA,669000,2021,5,1,316636,2021-05-01,3.7898407003625616,0
Santa Ana,CA,669000,2021,6,2,317340,2021-06-01,7.562866326337682,0
Santa Ana,CA,669000,2021,7,1,318045,2021-07-01,3.7730509833514123,0
Santa Ana,CA,669000,2021,8,0,318750,2021-08-01,0,0
Santa Ana,CA,669000,2021,9,2,319454,2021-09-01,7.512818746987047,0
Santa Ana,CA,669000,2021,10,0,320158,2021-10-01,0,0
Santa Ana,CA,669000,2021,11,0,320863,2021-11-01,0,0
Santa Ana,CA,669000,2021,12,2,321568,2021-12-01,7.463429196935017,0
Santa Ana,CA,669000,2022,1,3,322272,2022-01-01,11.170688114387845,0
Santa Ana,CA,669000,2022,2,3,320706,2022-02-01,11.225234326766572,0
Santa Ana,CA,669000,2022,3,0,319140,2022-03-01,0,0
Santa Ana,CA,669000,2022,4,2,317574,2022-04-01,7.557293733114172,0
Santa Ana,CA,669000,2022,5,0,316008,2022-05-01,0,0
Santa Ana,CA,669000,2022,6,0,314442,2022-06-01,0,0
Santa Ana,CA,669000,2022,7,1,312876,2022-07-01,3.8353852644498136,0
Santa Ana,CA,669000,2022,8,1,311310,2022-08-01,3.8546786161703768,0
Santa Ana,CA,669000,2022,9,0,309744,2022-09-01,0,0
Santa Ana,CA,669000,2022,10,2,308178,2022-10-01,7.787707104335806,0
Santa Ana,CA,669000,2022,11,2,306612,2022-11-01,7.827482290321319,0
Santa Ana,CA,669000,2022,12,6,305046,2022-12-01,23.602997580692747,0
Santa Ana,CA,669000,2023,1,0,303480,2023-01-01,0,0
Santa Ana,CA,669000,2023,2,0,303480,2023-02-01,0,0
Santa Ana,CA,669000,2023,3,0,303480,2023-03-01,0,0
Santa Ana,CA,669000,2023,4,2,303480,2023-04-01,7.908264136022143,0
Santa Ana,CA,669000,2023,5,0,303480,2023-05-01,0,0
Santa Ana,CA,669000,2023,6,0,303480,2023-06-01,0,0
Santa Ana,CA,669000,2023,7,0,303480,2023-07-01,0,0
Santa Ana,CA,669000,2023,8,1,303480,2023-08-01,3.9541320680110714,0
Santa Ana,CA,669000,2023,9,2,303480,2023-09-01,7.908264136022143,0
Santa Ana,CA,669000,2023,10,1,303480,2023-10-01,3.9541320680110714,0
Santa Ana,CA,669000,2023,11,0,303480,2023-11-01,0,0
Santa Ana,CA,669000,2023,12,0,303480,2023-12-01,0,0
Santa Ana,CA,669000,2024,1,0,303480,2024-01-01,0,0
Santa Ana,CA,669000,2024,2,2,303480,2024-02-01,7.908264136022143,0
Santa Ana,CA,669000,2024,3,0,303480,2024-03-01,0,0
Santa Ana,CA,669000,2024,4,0,303480,2024-04-01,0,0
Santa Ana,CA,669000,2024,5,2,303480,2024-05-01,7.908264136022143,0
Santa Ana,CA,669000,2024,6,5,303480,2024-06-01,19.770660340055358,0
Santa Ana,CA,669000,2024,7,2,303480,2024-07-01,7.908264136022143,0
Santa Ana,CA,669000,2024,8,1,303480,2024-08-01,3.9541320680110714,0
Santa Ana,CA,669000,2024,9,2,303480,2024-09-01,7.908264136022143,0
Santa Ana,CA,669000,2024,10,0,303480,2024-10-01,0,0
Santa Ana,CA,669000,2024,11,1,303480,2024-11-01,3.9541320680110714,0
Santa Ana,CA,669000,2024,12,0,303480,2024-12-01,0,0
Santa Ana,CA,669000,2025,1,1,303480,2025-01-01,3.9541320680110714,0
Santa Ana,CA,669000,2025,2,0,303480,2025-02-01,0,0
Santa Ana,CA,669000,2025,3,1,303480,2025-03-01,3.9541320680110714,0
Santa Ana,CA,669000,2025,4,0,303480,2025-04-01,0,0
Santa Ana,CA,669000,2025,5,0,303480,2025-05-01,0,0
Santa Ana,CA,669000,2025,6,2,303480,2025-06-01,7.908264136022143,0
Santa Ana,CA,669000,2025,7,1,303480,2025-07-01,3.9541320680110714,0
Santa Ana,CA,669000,2025,8,0,303480,2025-08-01,0,0
Santa Ana,CA,669000,2025,9,4,303480,2025-09-01,15.816528272044286,0
Scottsdale,AZ,465000,2018,1,0,246026,2018-01-01,0,0
Scottsdale,AZ,465000,2018,2,1,246407,2018-02-01,4.869991518098106,0
Scottsdale,AZ,465000,2018,3,0,246789,2018-03-01,0,0
Scottsdale,AZ,465000,2018,4,0,247170,2018-04-01,0,0
Scottsdale,AZ,465000,2018,5,1,247551,2018-05-01,4.847485972587467,0
Scottsdale,AZ,465000,2018,6,3,247933,2018-06-01,14.52005178818471,0
Scottsdale,AZ,465000,2018,7,0,248314,2018-07-01,0,0
Scottsdale,AZ,465000,2018,8,0,248695,2018-08-01,0,0
Scottsdale,AZ,465000,2018,9,0,249077,2018-09-01,0,0
Scottsdale,AZ,465000,2018,10,0,249458,2018-10-01,0,0
Scottsdale,AZ,465000,2018,11,0,249839,2018-11-01,0,0
Scottsdale,AZ,465000,2018,12,0,250221,2018-12-01,0,0
Scottsdale,AZ,465000,2019,1,0,250602,2019-01-01,0,0
Scottsdale,AZ,465000,2019,2,0,250968,2019-02-01,0,0
Scottsdale,AZ,465000,2019,3,0,251334,2019-03-01,0,0
Scottsdale,AZ,465000,2019,4,0,251700,2019-04-01,0,0
Scottsdale,AZ,465000,2019,5,1,252066,2019-05-01,4.760657922924948,0
Scottsdale,AZ,465000,2019,6,0,252432,2019-06-01,0,0
Scottsdale,AZ,465000,2019,7,0,252798,2019-07-01,0,0
Scottsdale,AZ,465000,2019,8,0,253165,2019-08-01,0,0
Scottsdale,AZ,465000,2019,9,1,253531,2019-09-01,4.73314900347492,0
Scottsdale,AZ,465000,2019,10,2,253897,2019-10-01,9.452652059693499,0
Scottsdale,AZ,465000,2019,11,0,254263,2019-11-01,0,0
Scottsdale,AZ,465000,2019,12,1,254629,2019-12-01,4.712738926045344,0
Scottsdale,AZ,465000,2020,1,0,254995,2020-01-01,0,0
Scottsdale,AZ,465000,2020,2,0,253636,2020-02-01,0,0
Scottsdale,AZ,465000,2020,3,0,252277,2020-03-01,0,0
Scottsdale,AZ,465000,2020,4,1,250917,2020-04-01,4.782457944260452,0
Scottsdale,AZ,465000,2020,5,1,249558,2020-05-01,4.808501430529176,0
Scottsdale,AZ,465000,2020,6,0,248199,2020-06-01,0,0
Scottsdale,AZ,465000,2020,7,4,246840,2020-07-01,19.445794846864363,0
Scottsdale,AZ,465000,2020,8,1,245481,2020-08-01,4.888362032092097,0
Scottsdale,AZ,465000,2020,9,1,244122,2020-09-01,4.915574999385553,0
Scottsdale,AZ,465000,2020,10,1,242763,2020-10-01,4.943092645913916,0
Scottsdale,AZ,465000,2020,11,0,241403,2020-11-01,0,0
Scottsdale,AZ,465000,2020,12,1,240044,2020-12-01,4.9990835013580845,0
Scottsdale,AZ,465000,2021,1,0,238685,2021-01-01,0,0
Scottsdale,AZ,465000,2021,2,0,240019,2021-02-01,0,0
Scottsdale,AZ,465000,2021,3,0,241353,2021-03-01,0,0
Scottsdale,AZ,465000,2021,4,1,242687,2021-04-01,4.944640627639717,0
Scottsdale,AZ,465000,2021,5,0,244022,2021-05-01,0,0
Scottsdale,AZ,465000,2021,6,0,245356,2021-06-01,0,0
Scottsdale,AZ,465000,2021,7,1,246690,2021-07-01,4.864404718472577,0
Scottsdale,AZ,465000,2021,8,0,248024,2021-08-01,0,0
Scottsdale,AZ,465000,2021,9,0,249358,2021-09-01,0,0
Scottsdale,AZ,465000,2021,10,2,250693,2021-10-01,9.573462362331618,0
Scottsdale,AZ,465000,2021,11,0,252027,2021-11-01,0,0
Scottsdale,AZ,465000,2021,12,0,253361,2021-12-01,0,0
Scottsdale,AZ,465000,2022,1,3,254695,2022-01-01,14.134553092915056,0
Scottsdale,AZ,465000,2022,2,1,253336,2022-02-01,4.7367922442921655,0
Scottsdale,AZ,465000,2022,3,1,251977,2022-03-01,4.762339419867686,0
Scottsdale,AZ,465000,2022,4,0,250617,2022-04-01,0,0
Scottsdale,AZ,465000,2022,5,0,249258,2022-05-01,0,0
Scottsdale,AZ,465000,2022,6,0,247899,2022-06-01,0,0
Scottsdale,AZ,465000,2022,7,0,246540,2022-07-01,0,0
Scottsdale,AZ,465000,2022,8,0,245181,2022-08-01,0,0
Scottsdale,AZ,465000,2022,9,1,243822,2022-09-01,4.921623151315304,0
Scottsdale,AZ,465000,2022,10,1,242463,2022-10-01,4.949208745251854,0
Scottsdale,AZ,465000,2022,11,0,241103,2022-11-01,0,0
Scottsdale,AZ,465000,2022,12,0,239744,2022-12-01,0,0
Scottsdale,AZ,465000,2023,1,1,238385,2023-01-01,5.033873775615077,0
Scottsdale,AZ,465000,2023,2,1,238385,2023-02-01,5.033873775615077,0
Scottsdale,AZ,465000,2023,3,1,238385,2023-03-01,5.033873775615077,0
Scottsdale,AZ,465000,2023,4,2,238385,2023-04-01,10.067747551230154,0
Scottsdale,AZ,465000,2023,5,0,238385,2023-05-01,0,0
Scottsdale,AZ,465000,2023,6,0,238385,2023-06-01,0,0
Scottsdale,AZ,465000,2023,7,1,238385,2023-07-01,5.033873775615077,0
Scottsdale,AZ,465000,2023,8,1,238385,2023-08-01,5.033873775615077,0
Scottsdale,AZ,465000,2023,9,0,238385,2023-09-01,0,0
Scottsdale,AZ,465000,2023,10,0,238385,2023-10-01,0,0
Scottsdale,AZ,465000,2023,11,1,238385,2023-11-01,5.033873775615077,0
Scottsdale,AZ,465000,2023,12,0,238385,2023-12-01,0,0
Scottsdale,AZ,465000,2024,1,0,238385,2024-01-01,0,0
Scottsdale,AZ,465000,2024,2,0,238385,2024-02-01,0,0
Scottsdale,AZ,465000,2024,3,0,238385,2024-03-01,0,0
Scottsdale,AZ,465000,2024,4,0,238385,2024-04-01,0,0
Scottsdale,AZ,465000,2024,5,0,238385,2024-05-01,0,0
Scottsdale,AZ,465000,2024,6,1,238385,2024-06-01,5.033873775615077,0
Scottsdale,AZ,465000,2024,7,0,238385,2024-07-01,0,0
Scottsdale,AZ,465000,2024,8,3,238385,2024-08-01,15.10162132684523,0
Scottsdale,AZ,465000,2024,9,0,238385,2024-09-01,0,0
Scottsdale,AZ,465000,2024,10,0,238385,2024-10-01,0,0
Scottsdale,AZ,465000,2024,11,0,238385,2024-11-01,0,0
Scottsdale,AZ,465000,2024,12,0,238385,2024-12-01,0,0
Scottsdale,AZ,465000,2025,1,0,238385,2025-01-01,0,0
Scottsdale,AZ,465000,2025,2,0,238385,2025-02-01,0,0
Scottsdale,AZ,465000,2025,3,3,238385,2025-03-01,15.10162132684523,0
Scottsdale,AZ,465000,2025,4,1,238385,2025-04-01,5.033873775615077,0
Scottsdale,AZ,465000,2025,5,2,238385,2025-05-01,10.067747551230154,0
Scottsdale,AZ,465000,2025,6,2,238385,2025-06-01,10.067747551230154,0
Scottsdale,AZ,465000,2025,7,0,238385,2025-07-01,0,0
Scottsdale,AZ,465000,2025,8,0,238385,2025-08-01,0,0
Scottsdale,AZ,465000,2025,9,0,238385,2025-09-01,0,0
Seattle,WA,5363000,2018,1,3,708823,2018-01-01,5.07884196759981,0
Seattle,WA,5363000,2018,2,5,710113,2018-02-01,8.449359468140987,0
Seattle,WA,5363000,2018,3,7,711403,2018-03-01,11.807653327298311,0
Seattle,WA,5363000,2018,4,5,712693,2018-04-01,8.418772178202957,0
Seattle,WA,5363000,2018,5,3,713984,2018-05-01,5.042129795625672,0
Seattle,WA,5363000,2018,6,6,715274,2018-06-01,10.066072581975579,0
Seattle,WA,5363000,2018,7,6,716564,2018-07-01,10.04795105531397,0
Seattle,WA,5363000,2018,8,8,717854,2018-08-01,13.37319287766036,0
Seattle,WA,5363000,2018,9,6,719144,2018-09-01,10.011903040281222,0
Seattle,WA,5363000,2018,10,6,720435,2018-10-01,9.993961981302963,0
Seattle,WA,5363000,2018,11,7,721725,2018-11-01,11.638782084589005,0
Seattle,WA,5363000,2018,12,4,723015,2018-12-01,6.638866413559885,0
Seattle,WA,5363000,2019,1,5,724305,2019-01-01,8.283803094000456,0
Seattle,WA,5363000,2019,2,2,725717,2019-02-01,3.3070742451947526,0
Seattle,WA,5363000,2019,3,8,727129,2019-03-01,13.202609165636359,0
Seattle,WA,5363000,2019,4,3,728541,2019-04-01,4.941382845989451,0
Seattle,WA,5363000,2019,5,24,729954,2019-05-01,39.454540971074884,0
Seattle,WA,5363000,2019,6,4,731366,2019-06-01,6.563061449397429,0
Seattle,WA,5363000,2019,7,10,732778,2019-07-01,16.376037490208493,0
Seattle,WA,5363000,2019,8,10,734190,2019-08-01,16.344542965717324,0
Seattle,WA,5363000,2019,9,5,735602,2019-09-01,8.15658467486494,0
Seattle,WA,5363000,2019,10,6,737015,2019-10-01,9.769136313372185,0
Seattle,WA,5363000,2019,11,8,738427,2019-11-01,13.000608049272302,0
Seattle,WA,5363000,2019,12,2,739839,2019-12-01,3.2439490213411295,0
Seattle,WA,5363000,2020,1,12,741251,2020-01-01,19.42661797420847,0
Seattle,WA,5363000,2020,2,4,739985,2020-02-01,6.486617971985919,0
Seattle,WA,5363000,2020,3,3,738718,2020-03-01,4.873307540901941,0
Seattle,WA,5363000,2020,4,7,737452,2020-04-01,11.390571860948238,0
Seattle,WA,5363000,2020,5,8,736185,2020-05-01,13.040200493082581,0
Seattle,WA,5363000,2020,6,11,734919,2020-06-01,17.961163066950235,0
Seattle,WA,5363000,2020,7,9,733653,2020-07-01,14.72085577241557,0
Seattle,WA,5363000,2020,8,11,732386,2020-08-01,18.023282804422806,0
Seattle,WA,5363000,2020,9,4,731120,2020-09-01,6.56526972316446,0
Seattle,WA,5363000,2020,10,11,729853,2020-10-01,18.085833722681144,0
Seattle,WA,5363000,2020,11,6,728587,2020-11-01,9.882141734617829,0
Seattle,WA,5363000,2020,12,4,727320,2020-12-01,6.5995710278831865,0
Seattle,WA,5363000,2021,1,5,726054,2021-01-01,8.263848143526515,0
Seattle,WA,5363000,2021,2,2,728896,2021-02-01,3.292650803406796,0
Seattle,WA,5363000,2021,3,7,731738,2021-03-01,11.47951862551897,0
Seattle,WA,5363000,2021,4,12,734579,2021-04-01,19.60306515704914,0
Seattle,WA,5363000,2021,5,13,737421,2021-05-01,21.15480844727774,0
Seattle,WA,5363000,2021,6,19,740263,2021-06-01,30.799864372527065,0
Seattle,WA,5363000,2021,7,20,743104,2021-07-01,32.29695977951942,0
Seattle,WA,5363000,2021,8,15,745946,2021-08-01,24.130433034026595,0
Seattle,WA,5363000,2021,9,17,748788,2021-09-01,27.244026346576067,0
Seattle,WA,5363000,2021,10,14,751630,2021-10-01,22.351422907547597,0
Seattle,WA,5363000,2021,11,7,754472,2021-11-01,11.133613971095016,0
Seattle,WA,5363000,2021,12,8,757313,2021-12-01,12.676396681424986,0
Seattle,WA,5363000,2022,1,19,760155,2022-01-01,29.9938828265288,0
Seattle,WA,5363000,2022,2,19,758889,2022-02-01,30.04391946648324,0
Seattle,WA,5363000,2022,3,15,757622,2022-03-01,23.75854977812154,0
Seattle,WA,5363000,2022,4,11,756356,2022-04-01,17.452099276002308,0
Seattle,WA,5363000,2022,5,8,755089,2022-05-01,12.713733083120003,0
Seattle,WA,5363000,2022,6,14,753823,2022-06-01,22.286398796534463,0
Seattle,WA,5363000,2022,7,14,752557,2022-07-01,22.323890416274114,0
Seattle,WA,5363000,2022,8,22,751290,2022-08-01,35.13955995687417,0
Seattle,WA,5363000,2022,9,14,750024,2022-09-01,22.399283222936866,0
Seattle,WA,5363000,2022,10,21,748757,2022-10-01,33.655778844137686,0
Seattle,WA,5363000,2022,11,10,747491,2022-11-01,16.053704994441404,0
Seattle,WA,5363000,2022,12,5,746224,2022-12-01,8.040481142391561,0
Seattle,WA,5363000,2023,1,15,744958,2023-01-01,24.16243600310353,0
Seattle,WA,5363000,2023,2,11,744958,2023-02-01,17.719119735609254,0
Seattle,WA,5363000,2023,3,9,744958,2023-03-01,14.497461601862119,0
Seattle,WA,5363000,2023,4,13,744958,2023-04-01,20.940777869356392,0
Seattle,WA,5363000,2023,5,15,744958,2023-05-01,24.16243600310353,0
Seattle,WA,5363000,2023,6,21,744958,2023-06-01,33.827410404344946,0
Seattle,WA,5363000,2023,7,19,744958,2023-07-01,30.605752270597808,0
Seattle,WA,5363000,2023,8,25,744958,2023-08-01,40.27072667183921,0
Seattle,WA,5363000,2023,9,10,744958,2023-09-01,16.10829066873569,0
Seattle,WA,5363000,2023,10,19,744958,2023-10-01,30.605752270597808,0
Seattle,WA,5363000,2023,11,16,744958,2023-11-01,25.7732650699771,0
Seattle,WA,5363000,2023,12,17,744958,2023-12-01,27.384094136850667,0
Seattle,WA,5363000,2024,1,12,744958,2024-01-01,19.32994880248283,0
Seattle,WA,5363000,2024,2,16,744958,2024-02-01,25.7732650699771,0
Seattle,WA,5363000,2024,3,11,744958,2024-03-01,17.719119735609254,0
Seattle,WA,5363000,2024,4,6,744958,2024-04-01,9.664974401241414,0
Seattle,WA,5363000,2024,5,13,744958,2024-05-01,20.940777869356392,0
Seattle,WA,5363000,2024,6,25,744958,2024-06-01,40.27072667183921,0
Seattle,WA,5363000,2024,7,17,744958,2024-07-01,27.384094136850667,0
Seattle,WA,5363000,2024,8,23,744958,2024-08-01,37.04906853809209,0
Seattle,WA,5363000,2024,9,13,744958,2024-09-01,20.940777869356392,0
Seattle,WA,5363000,2024,10,12,744958,2024-10-01,19.32994880248283,0
Seattle,WA,5363000,2024,11,12,744958,2024-11-01,19.32994880248283,0
Seattle,WA,5363000,2024,12,11,744958,2024-12-01,17.719119735609254,0
Seattle,WA,5363000,2025,1,10,744958,2025-01-01,16.10829066873569,0
Seattle,WA,5363000,2025,2,5,744958,2025-02-01,8.054145334367846,0
Seattle,WA,5363000,2025,3,9,744958,2025-03-01,14.497461601862119,0
Seattle,WA,5363000,2025,4,7,744958,2025-04-01,11.27580346811498,0
Seattle,WA,5363000,2025,5,20,744958,2025-05-01,32.21658133747138,0
Seattle,WA,5363000,2025,6,14,744958,2025-06-01,22.55160693622996,0
Seattle,WA,5363000,2025,7,9,744958,2025-07-01,14.497461601862119,0
Seattle,WA,5363000,2025,8,14,744958,2025-08-01,22.55160693622996,0
Seattle,WA,5363000,2025,9,12,744958,2025-09-01,19.32994880248283,0
Spokane,WA,5367000,2018,1,1,214804,2018-01-01,5.586488147334314,0
Spokane,WA,5367000,2018,2,3,215016,2018-02-01,16.742940060274584,0
Spokane,WA,5367000,2018,3,2,215229,2018-03-01,11.15091367798949,0
Spokane,WA,5367000,2018,4,1,215441,2018-04-01,5.569970432740287,0
Spokane,WA,5367000,2018,5,1,215654,2018-05-01,5.564469010544668,0
Spokane,WA,5367000,2018,6,2,215866,2018-06-01,11.118008394096337,0
Spokane,WA,5367000,2018,7,2,216078,2018-07-01,11.10710021381168,0
Spokane,WA,5367000,2018,8,0,216291,2018-08-01,0,0
Spokane,WA,5367000,2018,9,1,216503,2018-09-01,5.542648369768548,0
Spokane,WA,5367000,2018,10,2,216716,2018-10-01,11.074401520884477,0
Spokane,WA,5367000,2018,11,3,216928,2018-11-01,16.595368048384717,0
Spokane,WA,5367000,2018,12,0,217141,2018-12-01,0,0
Spokane,WA,5367000,2019,1,3,217353,2019-01-01,16.562918386219653,0
Spokane,WA,5367000,2019,2,2,217506,2019-02-01,11.034178367493311,0
Spokane,WA,5367000,2019,3,1,217658,2019-03-01,5.5132363616315505,0
Spokane,WA,5367000,2019,4,2,217811,2019-04-01,11.018727245180456,0
Spokane,WA,5367000,2019,5,1,217964,2019-05-01,5.505496320493292,0
Spokane,WA,5367000,2019,6,0,218116,2019-06-01,0,0
Spokane,WA,5367000,2019,7,3,218269,2019-07-01,16.493409508450583,0
Spokane,WA,5367000,2019,8,3,218422,2019-08-01,16.481856223274214,0
Spokane,WA,5367000,2019,9,2,218574,2019-09-01,10.980262977298306,0
Spokane,WA,5367000,2019,10,2,218727,2019-10-01,10.972582260077631,0
Spokane,WA,5367000,2019,11,0,218880,2019-11-01,0,0
Spokane,WA,5367000,2019,12,1,219032,2019-12-01,5.4786515212389055,0
Spokane,WA,5367000,2020,1,1,219185,2020-01-01,5.474827200766476,0
Spokane,WA,5367000,2020,2,4,219729,2020-02-01,21.84509099845719,0
Spokane,WA,5367000,2020,3,2,220272,2020-03-01,10.895619960775768,0
Spokane,WA,5367000,2020,4,0,220816,2020-04-01,0,0
Spokane,WA,5367000,2020,5,4,221360,2020-05-01,21.68413444163354,0
Spokane,WA,5367000,2020,6,1,221903,2020-06-01,5.407768259104204,0
Spokane,WA,5367000,2020,7,5,222447,2020-07-01,26.97271709665673,0
Spokane,WA,5367000,2020,8,3,222991,2020-08-01,16.144149315443222,0
Spokane,WA,5367000,2020,9,3,223534,2020-09-01,16.104932582962768,0
Spokane,WA,5367000,2020,10,3,224078,2020-10-01,16.065834218441793,0
Spokane,WA,5367000,2020,11,4,224622,2020-11-01,21.369233645858376,0
Spokane,WA,5367000,2020,12,2,225165,2020-12-01,10.658850176537207,0
Spokane,WA,5367000,2021,1,0,225709,2021-01-01,0,0
Spokane,WA,5367000,2021,2,1,225696,2021-02-01,5.316886431305828,0
Spokane,WA,5367000,2021,3,0,225682,2021-03-01,0,0
Spokane,WA,5367000,2021,4,2,225669,2021-04-01,10.635045132472781,0
Spokane,WA,5367000,2021,5,3,225656,2021-05-01,15.953486723153826,0
Spokane,WA,5367000,2021,6,2,225642,2021-06-01,10.636317706809903,0
Spokane,WA,5367000,2021,7,2,225629,2021-07-01,10.636930536411542,0
Spokane,WA,5367000,2021,8,2,225616,2021-08-01,10.6375434366357,0
Spokane,WA,5367000,2021,9,3,225602,2021-09-01,15.957305343037739,0
Spokane,WA,5367000,2021,10,3,225589,2021-10-01,15.958224913448795,0
Spokane,WA,5367000,2021,11,2,225576,2021-11-01,10.639429726566657,0
Spokane,WA,5367000,2021,12,2,225562,2021-12-01,10.640090086096063,0
Spokane,WA,5367000,2022,1,2,225549,2022-01-01,10.640703350491467,0
Spokane,WA,5367000,2022,2,0,226093,2022-02-01,0,0
Spokane,WA,5367000,2022,3,3,226636,2022-03-01,15.884502020861648,0
Spokane,WA,5367000,2022,4,7,227180,2022-04-01,36.97508583502069,0
Spokane,WA,5367000,2022,5,2,227724,2022-05-01,10.539073615429205,0
Spokane,WA,5367000,2022,6,3,228267,2022-06-01,15.771005007294088,0
Spokane,WA,5367000,2022,7,5,228811,2022-07-01,26.222515525914403,0
Spokane,WA,5367000,2022,8,10,229355,2022-08-01,52.320638311787405,0
Spokane,WA,5367000,2022,9,1,229898,2022-09-01,5.21970613054485,0
Spokane,WA,5367000,2022,10,3,230442,2022-10-01,15.622152211836383,0
Spokane,WA,5367000,2022,11,1,230986,2022-11-01,5.195120050565835,0
Spokane,WA,5367000,2022,12,7,231529,2022-12-01,36.280552328218064,0
Spokane,WA,5367000,2023,1,1,232073,2023-01-01,5.170786778298208,0
Spokane,WA,5367000,2023,2,5,232073,2023-02-01,25.85393389149104,0
Spokane,WA,5367000,2023,3,3,232073,2023-03-01,15.512360334894623,0
Spokane,WA,5367000,2023,4,2,232073,2023-04-01,10.341573556596416,0
Spokane,WA,5367000,2023,5,4,232073,2023-05-01,20.68314711319283,0
Spokane,WA,5367000,2023,6,0,232073,2023-06-01,0,0
Spokane,WA,5367000,2023,7,1,232073,2023-07-01,5.170786778298208,0
Spokane,WA,5367000,2023,8,1,232073,2023-08-01,5.170786778298208,0
Spokane,WA,5367000,2023,9,3,232073,2023-09-01,15.512360334894623,0
Spokane,WA,5367000,2023,10,4,232073,2023-10-01,20.68314711319283,0
Spokane,WA,5367000,2023,11,4,232073,2023-11-01,20.68314711319283,0
Spokane,WA,5367000,2023,12,2,232073,2023-12-01,10.341573556596416,0
Spokane,WA,5367000,2024,1,3,232073,2024-01-01,15.512360334894623,0
Spokane,WA,5367000,2024,2,3,232073,2024-02-01,15.512360334894623,0
Spokane,WA,5367000,2024,3,4,232073,2024-03-01,20.68314711319283,0
Spokane,WA,5367000,2024,4,3,232073,2024-04-01,15.512360334894623,0
Spokane,WA,5367000,2024,5,1,232073,2024-05-01,5.170786778298208,0
Spokane,WA,5367000,2024,6,6,232073,2024-06-01,31.024720669789247,0
Spokane,WA,5367000,2024,7,6,232073,2024-07-01,31.024720669789247,0
Spokane,WA,5367000,2024,8,5,232073,2024-08-01,25.85393389149104,0
Spokane,WA,5367000,2024,9,0,232073,2024-09-01,0,0
Spokane,WA,5367000,2024,10,2,232073,2024-10-01,10.341573556596416,0
Spokane,WA,5367000,2024,11,1,232073,2024-11-01,5.170786778298208,0
Spokane,WA,5367000,2024,12,2,232073,2024-12-01,10.341573556596416,0
Spokane,WA,5367000,2025,1,5,232073,2025-01-01,25.85393389149104,0
Spokane,WA,5367000,2025,2,1,232073,2025-02-01,5.170786778298208,0
Spokane,WA,5367000,2025,3,1,232073,2025-03-01,5.170786778298208,0
Spokane,WA,5367000,2025,4,2,232073,2025-04-01,10.341573556596416,0
Spokane,WA,5367000,2025,5,0,232073,2025-05-01,0,0
Spokane,WA,5367000,2025,6,1,232073,2025-06-01,5.170786778298208,0
Spokane,WA,5367000,2025,7,1,232073,2025-07-01,5.170786778298208,0
Spokane,WA,5367000,2025,8,0,232073,2025-08-01,0,0
Spokane,WA,5367000,2025,9,2,232073,2025-09-01,10.341573556596416,0
St. Louis,MO,2965000,2018,1,59,311273,2018-01-01,227.4530717408834,0
St. Louis,MO,2965000,2018,2,21,311015,2018-02-01,81.02503094706043,0
St. Louis,MO,2965000,2018,3,48,310757,2018-03-01,185.35382951952812,0
St. Louis,MO,2965000,2018,4,43,310498,2018-04-01,166.184645311725,0
St. Louis,MO,2965000,2018,5,84,310240,2018-05-01,324.9097472924188,0
St. Louis,MO,2965000,2018,6,52,309982,2018-06-01,201.30201108451462,0
St. Louis,MO,2965000,2018,7,63,309723,2018-07-01,244.08907313954728,0
St. Louis,MO,2965000,2018,8,45,309465,2018-08-01,174.49469245310456,0
St. Louis,MO,2965000,2018,9,48,309207,2018-09-01,186.2829754824438,0
St. Louis,MO,2965000,2018,10,45,308949,2018-10-01,174.7861297495703,0
St. Louis,MO,2965000,2018,11,34,308691,2018-11-01,132.17100595741374,0
St. Louis,MO,2965000,2018,12,31,308432,2018-12-01,120.61005343155055,0
St. Louis,MO,2965000,2019,1,45,308174,2019-01-01,175.2256841913984,0
St. Louis,MO,2965000,2019,2,26,307885,2019-02-01,101.33653799308185,0
St. Louis,MO,2965000,2019,3,34,307596,2019-03-01,132.64151679475674,0
St. Louis,MO,2965000,2019,4,45,307308,2019-04-01,175.71947362255455,0
St. Louis,MO,2965000,2019,5,91,307019,2019-05-01,355.6783130685723,0
St. Louis,MO,2965000,2019,6,79,306730,2019-06-01,309.0666058096697,0
St. Louis,MO,2965000,2019,7,66,306442,2019-07-01,258.45021243824283,0
St. Louis,MO,2965000,2019,8,76,306153,2019-08-01,297.89027055099905,0
St. Louis,MO,2965000,2019,9,54,305864,2019-09-01,211.85886537807656,0
St. Louis,MO,2965000,2019,10,43,305575,2019-10-01,168.86198151026753,0
St. Louis,MO,2965000,2019,11,34,305286,2019-11-01,133.64517206815904,0
St. Louis,MO,2965000,2019,12,35,304998,2019-12-01,137.70582102177718,0
St. Louis,MO,2965000,2020,1,45,304709,2020-01-01,177.2182639830133,0
St. Louis,MO,2965000,2020,2,18,304549,2020-02-01,70.92454744556704,0
St. Louis,MO,2965000,2020,3,33,304389,2020-03-01,130.0966854912628,0
St. Louis,MO,2965000,2020,4,39,304229,2020-04-01,153.83148877983362,0
St. Louis,MO,2965000,2020,5,97,304068,2020-05-01,382.8091084888907,0
St. Louis,MO,2965000,2020,6,101,303908,2020-06-01,398.80490148334366,0
St. Louis,MO,2965000,2020,7,148,303748,2020-07-01,584.6952078696814,0
St. Louis,MO,2965000,2020,8,79,303588,2020-08-01,312.26530692912763,0
St. Louis,MO,2965000,2020,9,78,303428,2020-09-01,308.4751572036859,0
St. Louis,MO,2965000,2020,10,57,303267,2020-10-01,225.54382771617088,0
St. Louis,MO,2965000,2020,11,69,303107,2020-11-01,273.1708604552188,0
St. Louis,MO,2965000,2020,12,62,302947,2020-12-01,245.58751200705075,0
St. Louis,MO,2965000,2021,1,37,302787,2021-01-01,146.63773543778302,0
St. Louis,MO,2965000,2021,2,27,302444,2021-02-01,107.1272698416897,0
St. Louis,MO,2965000,2021,3,30,302101,2021-03-01,119.16544466916693,0
St. Louis,MO,2965000,2021,4,53,301757,2021-04-01,210.76561604204704,0
St. Louis,MO,2965000,2021,5,60,301414,2021-05-01,238.8741067103718,0
St. Louis,MO,2965000,2021,6,61,301071,2021-06-01,243.13201869326502,0
St. Louis,MO,2965000,2021,7,76,300728,2021-07-01,303.26407916788594,0
St. Louis,MO,2965000,2021,8,50,300385,2021-08-01,199.74366230004824,0
St. Louis,MO,2965000,2021,9,71,300042,2021-09-01,283.9602455656208,0
St. Louis,MO,2965000,2021,10,47,299699,2021-10-01,188.18881611216588,0
St. Louis,MO,2965000,2021,11,22,299355,2021-11-01,88.18960765646139,0
St. Louis,MO,2965000,2021,12,21,299012,2021-12-01,84.2775540780972,0
St. Louis,MO,2965000,2022,1,43,298669,2022-01-01,172.76650740451805,0
St. Louis,MO,2965000,2022,2,30,298509,2022-02-01,120.5993789131986,0
St. Louis,MO,2965000,2022,3,45,298349,2022-03-01,180.9960817700076,0
St. Louis,MO,2965000,2022,4,42,298189,2022-04-01,169.02031932767474,0
St. Louis,MO,2965000,2022,5,54,298028,2022-05-01,217.4292348369952,0
St. Louis,MO,2965000,2022,6,41,297868,2022-06-01,165.17383539017283,0
St. Louis,MO,2965000,2022,7,59,297708,2022-07-01,237.81692127856826,0
St. Louis,MO,2965000,2022,8,62,297548,2022-08-01,250.04369042977942,0
St. Louis,MO,2965000,2022,9,44,297388,2022-09-01,177.5458323805937,0
St. Louis,MO,2965000,2022,10,44,297227,2022-10-01,177.6420042593708,0
St. Louis,MO,2965000,2022,11,33,297067,2022-11-01,133.3032615537909,0
St. Louis,MO,2965000,2022,12,35,296907,2022-12-01,141.45843648010992,0
St. Louis,MO,2965000,2023,1,28,296747,2023-01-01,113.22776641381378,0
St. Louis,MO,2965000,2023,2,33,296747,2023-02-01,133.44701041628053,0
St. Louis,MO,2965000,2023,3,24,296747,2023-03-01,97.05237121184038,0
St. Louis,MO,2965000,2023,4,26,296747,2023-04-01,105.14006881282708,0
St. Louis,MO,2965000,2023,5,69,296747,2023-05-01,279.02556723404115,0
St. Louis,MO,2965000,2023,6,54,296747,2023-06-01,218.36783522664086,0
St. Louis,MO,2965000,2023,7,40,296747,2023-07-01,161.753952019734,0
St. Louis,MO,2965000,2023,8,22,296747,2023-08-01,88.96467361085368,0
St. Louis,MO,2965000,2023,9,31,296747,2023-09-01,125.35931281529383,0
St. Louis,MO,2965000,2023,10,36,296747,2023-10-01,145.57855681776059,0
St. Louis,MO,2965000,2023,11,16,296747,2023-11-01,64.70158080789359,0
St. Louis,MO,2965000,2023,12,15,296747,2023-12-01,60.657732007400234,0
St. Louis,MO,2965000,2024,1,37,296747,2024-01-01,149.62240561825394,0
St. Louis,MO,2965000,2024,2,24,296747,2024-02-01,97.05237121184038,0
St. Louis,MO,2965000,2024,3,26,296747,2024-03-01,105.14006881282708,0
St. Louis,MO,2965000,2024,4,39,296747,2024-04-01,157.71010321924064,0
St. Louis,MO,2965000,2024,5,55,296747,2024-05-01,222.41168402713419,0
St. Louis,MO,2965000,2024,6,54,296747,2024-06-01,218.36783522664086,0
St. Louis,MO,2965000,2024,7,43,296747,2024-07-01,173.88549842121404,0
St. Louis,MO,2965000,2024,8,29,296747,2024-08-01,117.27161521430713,0
St. Louis,MO,2965000,2024,9,38,296747,2024-09-01,153.66625441874731,0
St. Louis,MO,2965000,2024,10,31,296747,2024-10-01,125.35931281529383,0
St. Louis,MO,2965000,2024,11,38,296747,2024-11-01,153.66625441874731,0
St. Louis,MO,2965000,2024,12,23,296747,2024-12-01,93.00852241134704,0
St. Louis,MO,2965000,2025,1,18,296747,2025-01-01,72.78927840888029,0
St. Louis,MO,2965000,2025,2,10,296747,2025-02-01,40.4384880049335,0
St. Louis,MO,2965000,2025,3,26,296747,2025-03-01,105.14006881282708,0
St. Louis,MO,2965000,2025,4,33,296747,2025-04-01,133.44701041628053,0
St. Louis,MO,2965000,2025,5,34,296747,2025-05-01,137.49085921677388,0
St. Louis,MO,2965000,2025,6,28,296747,2025-06-01,113.22776641381378,0
St. Louis,MO,2965000,2025,7,20,296747,2025-07-01,80.876976009867,0
St. Louis,MO,2965000,2025,8,25,296747,2025-08-01,101.09622001233373,0
St. Louis,MO,2965000,2025,9,34,296747,2025-09-01,137.49085921677388,0
St. Paul,MN,2758000,2018,1,4,302760,2018-01-01,15.854141894569954,0
St. Paul,MN,2758000,2018,2,11,302909,2018-02-01,43.57744405085356,0
St. Paul,MN,2758000,2018,3,10,303058,2018-03-01,39.59638089078658,0
St. Paul,MN,2758000,2018,4,2,303207,2018-04-01,7.9153845392751485,0
St. Paul,MN,2758000,2018,5,5,303356,2018-05-01,19.77874180830443,0
St. Paul,MN,2758000,2018,6,2,303505,2018-06-01,7.90761272466681,0
St. Paul,MN,2758000,2018,7,5,303654,2018-07-01,19.759331344227313,0
St. Paul,MN,2758000,2018,8,6,303802,2018-08-01,23.699646480273337,0
St. Paul,MN,2758000,2018,9,3,303951,2018-09-01,11.844014331257341,0
St. Paul,MN,2758000,2018,10,6,304100,2018-10-01,23.67642222952976,0
St. Paul,MN,2758000,2018,11,3,304249,2018-11-01,11.83241358229608,0
St. Paul,MN,2758000,2018,12,4,304398,2018-12-01,15.768828967338813,0
St. Paul,MN,2758000,2019,1,4,304547,2019-01-01,15.761114048077966,0
St. Paul,MN,2758000,2019,2,3,304658,2019-02-01,11.81652869775289,0
St. Paul,MN,2758000,2019,3,8,304769,2019-03-01,31.49926665769813,0
St. Paul,MN,2758000,2019,4,3,304879,2019-04-01,11.807963159154943,0
St. Paul,MN,2758000,2019,5,6,304990,2019-05-01,23.607331387914357,0
St. Paul,MN,2758000,2019,6,9,305101,2019-06-01,35.398114067144974,0
St. Paul,MN,2758000,2019,7,4,305212,2019-07-01,15.726773521355648,0
St. Paul,MN,2758000,2019,8,7,305323,2019-08-01,27.51184810839668,0
St. Paul,MN,2758000,2019,9,14,305434,2019-09-01,55.003699653607654,0
St. Paul,MN,2758000,2019,10,6,305545,2019-10-01,23.56445040828683,0
St. Paul,MN,2758000,2019,11,8,305655,2019-11-01,31.40795995485105,0
St. Paul,MN,2758000,2019,12,1,305766,2019-12-01,3.924569769039069,0
St. Paul,MN,2758000,2020,1,5,305877,2020-01-01,19.6157278906227,0
St. Paul,MN,2758000,2020,2,3,306200,2020-02-01,11.757021554539516,0
St. Paul,MN,2758000,2020,3,3,306523,2020-03-01,11.74463253980941,0
St. Paul,MN,2758000,2020,4,3,306845,2020-04-01,11.732307842721895,0
St. Paul,MN,2758000,2020,5,5,307168,2020-05-01,19.53328471715804,0
St. Paul,MN,2758000,2020,6,13,307491,2020-06-01,50.733192190990955,0
St. Paul,MN,2758000,2020,7,19,307814,2020-07-01,74.07070503615819,0
St. Paul,MN,2758000,2020,8,13,308137,2020-08-01,50.62683157167105,0
St. Paul,MN,2758000,2020,9,17,308460,2020-09-01,66.134993191986,0
St. Paul,MN,2758000,2020,10,13,308783,2020-10-01,50.52091598306902,0
St. Paul,MN,2758000,2020,11,19,309105,2020-11-01,73.76134323288203,0
St. Paul,MN,2758000,2020,12,9,309428,2020-12-01,34.90311154775909,0
St. Paul,MN,2758000,2021,1,18,309751,2021-01-01,69.73343104622745,0
St. Paul,MN,2758000,2021,2,7,309800,2021-02-01,27.11426726920594,0
St. Paul,MN,2758000,2021,3,10,309850,2021-03-01,38.72841697595611,0
St. Paul,MN,2758000,2021,4,7,309899,2021-04-01,27.105605374654324,0
St. Paul,MN,2758000,2021,5,20,309948,2021-05-01,77.43234348987572,0
St. Paul,MN,2758000,2021,6,8,309998,2021-06-01,30.967941728656314,0
St. Paul,MN,2758000,2021,7,7,310047,2021-07-01,27.09266659570968,0
St. Paul,MN,2758000,2021,8,18,310096,2021-08-01,69.65584851142873,0
St. Paul,MN,2758000,2021,9,11,310146,2021-09-01,42.56060049138148,0
St. Paul,MN,2758000,2021,10,24,310195,2021-10-01,92.84482341752769,0
St. Paul,MN,2758000,2021,11,4,310244,2021-11-01,15.471693247895203,0
St. Paul,MN,2758000,2021,12,9,310294,2021-12-01,34.80570040026556,0
St. Paul,MN,2758000,2022,1,9,310343,2022-01-01,34.80020493454017,0
St. Paul,MN,2758000,2022,2,15,310666,2022-02-01,57.94003849793668,0
St. Paul,MN,2758000,2022,3,10,310989,2022-03-01,38.58657380164572,0
St. Paul,MN,2758000,2022,4,6,311311,2022-04-01,23.127997404524734,0
St. Paul,MN,2758000,2022,5,11,311634,2022-05-01,42.3573807735998,0
St. Paul,MN,2758000,2022,6,9,311957,2022-06-01,34.62015598303612,0
St. Paul,MN,2758000,2022,7,11,312280,2022-07-01,42.269757909568334,0
St. Paul,MN,2758000,2022,8,12,312603,2022-08-01,46.06481703630484,0
St. Paul,MN,2758000,2022,9,19,312926,2022-09-01,72.86067632603236,0
St. Paul,MN,2758000,2022,10,10,313249,2022-10-01,38.30818294711236,0
St. Paul,MN,2758000,2022,11,7,313571,2022-11-01,26.788191510056738,0
St. Paul,MN,2758000,2022,12,11,313894,2022-12-01,42.05241259788336,0
St. Paul,MN,2758000,2023,1,7,314217,2023-01-01,26.733117558884466,0
St. Paul,MN,2758000,2023,2,15,314217,2023-02-01,57.28525191189529,0
St. Paul,MN,2758000,2023,3,5,314217,2023-03-01,19.095083970631762,0
St. Paul,MN,2758000,2023,4,10,314217,2023-04-01,38.190167941263525,0
St. Paul,MN,2758000,2023,5,9,314217,2023-05-01,34.37115114713717,0
St. Paul,MN,2758000,2023,6,10,314217,2023-06-01,38.190167941263525,0
St. Paul,MN,2758000,2023,7,7,314217,2023-07-01,26.733117558884466,0
St. Paul,MN,2758000,2023,8,4,314217,2023-08-01,15.276067176505407,0
St. Paul,MN,2758000,2023,9,9,314217,2023-09-01,34.37115114713717,0
St. Paul,MN,2758000,2023,10,13,314217,2023-10-01,49.647218323642576,0
St. Paul,MN,2758000,2023,11,3,314217,2023-11-01,11.457050382379057,0
St. Paul,MN,2758000,2023,12,7,314217,2023-12-01,26.733117558884466,0
St. Paul,MN,2758000,2024,1,7,314217,2024-01-01,26.733117558884466,0
St. Paul,MN,2758000,2024,2,2,314217,2024-02-01,7.6380335882527035,0
St. Paul,MN,2758000,2024,3,7,314217,2024-03-01,26.733117558884466,0
St. Paul,MN,2758000,2024,4,4,314217,2024-04-01,15.276067176505407,0
St. Paul,MN,2758000,2024,5,11,314217,2024-05-01,42.00918473538988,0
St. Paul,MN,2758000,2024,6,6,314217,2024-06-01,22.914100764758114,0
St. Paul,MN,2758000,2024,7,7,314217,2024-07-01,26.733117558884466,0
St. Paul,MN,2758000,2024,8,5,314217,2024-08-01,19.095083970631762,0
St. Paul,MN,2758000,2024,9,12,314217,2024-09-01,45.82820152951623,0
St. Paul,MN,2758000,2024,10,13,314217,2024-10-01,49.647218323642576,0
St. Paul,MN,2758000,2024,11,10,314217,2024-11-01,38.190167941263525,0
St. Paul,MN,2758000,2024,12,4,314217,2024-12-01,15.276067176505407,0
St. Paul,MN,2758000,2025,1,7,314217,2025-01-01,26.733117558884466,0
St. Paul,MN,2758000,2025,2,1,314217,2025-02-01,3.8190167941263518,0
St. Paul,MN,2758000,2025,3,2,314217,2025-03-01,7.6380335882527035,0
St. Paul,MN,2758000,2025,4,4,314217,2025-04-01,15.276067176505407,0
St. Paul,MN,2758000,2025,5,4,314217,2025-05-01,15.276067176505407,0
St. Paul,MN,2758000,2025,6,11,314217,2025-06-01,42.00918473538988,0
St. Paul,MN,2758000,2025,7,11,314217,2025-07-01,42.00918473538988,0
St. Paul,MN,2758000,2025,8,8,314217,2025-08-01,30.552134353010814,0
St. Paul,MN,2758000,2025,9,3,314217,2025-09-01,11.457050382379057,0
St. Petersburg,FL,1263000,2018,1,1,259041,2018-01-01,4.632471307630838,0
St. Petersburg,FL,1263000,2018,2,0,259232,2018-02-01,0,0
St. Petersburg,FL,1263000,2018,3,1,259424,2018-03-01,4.625632169729863,0
St. Petersburg,FL,1263000,2018,4,5,259615,2018-04-01,23.11114534984496,0
St. Petersburg,FL,1263000,2018,5,1,259807,2018-05-01,4.618813195949301,0
St. Petersburg,FL,1263000,2018,6,3,259998,2018-06-01,13.84626035584889,0
St. Petersburg,FL,1263000,2018,7,1,260189,2018-07-01,4.612032022875679,0
St. Petersburg,FL,1263000,2018,8,0,260381,2018-08-01,0,0
St. Petersburg,FL,1263000,2018,9,2,260572,2018-09-01,9.210506117311148,0
St. Petersburg,FL,1263000,2018,10,3,260764,2018-10-01,13.805586660735377,0
St. Petersburg,FL,1263000,2018,11,4,260955,2018-11-01,18.393975972868887,0
St. Petersburg,FL,1263000,2018,12,1,261147,2018-12-01,4.595113097221105,0
St. Petersburg,FL,1263000,2019,1,3,261338,2019-01-01,13.77526421722061,0
St. Petersburg,FL,1263000,2019,2,1,261560,2019-02-01,4.587857470561247,0
St. Petersburg,FL,1263000,2019,3,3,261782,2019-03-01,13.751900436240842,0
St. Petersburg,FL,1263000,2019,4,0,262004,2019-04-01,0,0
St. Petersburg,FL,1263000,2019,5,5,262226,2019-05-01,22.881026290299207,0
St. Petersburg,FL,1263000,2019,6,0,262448,2019-06-01,0,0
St. Petersburg,FL,1263000,2019,7,3,262670,2019-07-01,13.705409829824497,0
St. Petersburg,FL,1263000,2019,8,3,262891,2019-08-01,13.693888341556004,0
St. Petersburg,FL,1263000,2019,9,3,263113,2019-09-01,13.68233420621558,0
St. Petersburg,FL,1263000,2019,10,3,263335,2019-10-01,13.67079955190157,0
St. Petersburg,FL,1263000,2019,11,4,263557,2019-11-01,18.212379105848072,0
St. Petersburg,FL,1263000,2019,12,6,263779,2019-12-01,27.295576979213656,0
St. Petersburg,FL,1263000,2020,1,0,264001,2020-01-01,0,0
St. Petersburg,FL,1263000,2020,2,2,263521,2020-02-01,9.107433563169538,0
St. Petersburg,FL,1263000,2020,3,1,263042,2020-03-01,4.56200910881152,0
St. Petersburg,FL,1263000,2020,4,4,262562,2020-04-01,18.281396393994562,0
St. Petersburg,FL,1263000,2020,5,3,262082,2020-05-01,13.736158912096213,0
St. Petersburg,FL,1263000,2020,6,1,261603,2020-06-01,4.587103358906434,0
St. Petersburg,FL,1263000,2020,7,1,261123,2020-07-01,4.59553543732264,0
St. Petersburg,FL,1263000,2020,8,0,260643,2020-08-01,0,0
St. Petersburg,FL,1263000,2020,9,3,260164,2020-09-01,13.837425623837273,0
St. Petersburg,FL,1263000,2020,10,1,259684,2020-10-01,4.621000908796845,0
St. Petersburg,FL,1263000,2020,11,12,259204,2020-11-01,55.554698229965595,0
St. Petersburg,FL,1263000,2020,12,2,258725,2020-12-01,9.2762585757078,0
St. Petersburg,FL,1263000,2021,1,8,258245,2021-01-01,37.17400143274797,0
St. Petersburg,FL,1263000,2021,2,6,258817,2021-02-01,27.818883612745687,0
St. Petersburg,FL,1263000,2021,3,4,259389,2021-03-01,18.505025270925135,0
St. Petersburg,FL,1263000,2021,4,6,259961,2021-04-01,27.69646216163194,0
St. Petersburg,FL,1263000,2021,5,3,260533,2021-05-01,13.81782730018846,0
St. Petersburg,FL,1263000,2021,6,6,261105,2021-06-01,27.57511346010226,0
St. Petersburg,FL,1263000,2021,7,5,261677,2021-07-01,22.92903082808195,0
St. Petersburg,FL,1263000,2021,8,3,262249,2021-08-01,13.727411734649131,0
St. Petersburg,FL,1263000,2021,9,3,262821,2021-09-01,13.697535585055988,0
St. Petersburg,FL,1263000,2021,10,7,263393,2021-10-01,31.891508126639657,0
St. Petersburg,FL,1263000,2021,11,1,263965,2021-11-01,4.546057242437445,0
St. Petersburg,FL,1263000,2021,12,4,264537,2021-12-01,18.144909785776658,0
St. Petersburg,FL,1263000,2022,1,2,265109,2022-01-01,9.052880136094965,0
St. Petersburg,FL,1263000,2022,2,4,264629,2022-02-01,18.138601589394966,0
St. Petersburg,FL,1263000,2022,3,4,264150,2022-03-01,18.171493469619534,0
St. Petersburg,FL,1263000,2022,4,6,263670,2022-04-01,27.30686084878826,0
St. Petersburg,FL,1263000,2022,5,2,263190,2022-05-01,9.11888749572552,0
St. Petersburg,FL,1263000,2022,6,2,262711,2022-06-01,9.135513929755511,0
St. Petersburg,FL,1263000,2022,7,1,262231,2022-07-01,4.576118002829567,0
St. Petersburg,FL,1263000,2022,8,1,261751,2022-08-01,4.58450970578909,0
St. Petersburg,FL,1263000,2022,9,1,261272,2022-09-01,4.592914663645549,0
St. Petersburg,FL,1263000,2022,10,1,260792,2022-10-01,4.601368140126998,0
St. Petersburg,FL,1263000,2022,11,0,260312,2022-11-01,0,0
St. Petersburg,FL,1263000,2022,12,4,259833,2022-12-01,18.473404071076423,0
St. Petersburg,FL,1263000,2023,1,1,259353,2023-01-01,4.626898474280227,0
St. Petersburg,FL,1263000,2023,2,3,259353,2023-02-01,13.880695422840684,0
St. Petersburg,FL,1263000,2023,3,2,259353,2023-03-01,9.253796948560455,0
St. Petersburg,FL,1263000,2023,4,1,259353,2023-04-01,4.626898474280227,0
St. Petersburg,FL,1263000,2023,5,7,259353,2023-05-01,32.3882893199616,0
St. Petersburg,FL,1263000,2023,6,0,259353,2023-06-01,0,0
St. Petersburg,FL,1263000,2023,7,2,259353,2023-07-01,9.253796948560455,0
St. Petersburg,FL,1263000,2023,8,4,259353,2023-08-01,18.50759389712091,0
St. Petersburg,FL,1263000,2023,9,1,259353,2023-09-01,4.626898474280227,0
St. Petersburg,FL,1263000,2023,10,5,259353,2023-10-01,23.134492371401137,0
St. Petersburg,FL,1263000,2023,11,2,259353,2023-11-01,9.253796948560455,0
St. Petersburg,FL,1263000,2023,12,1,259353,2023-12-01,4.626898474280227,0
St. Petersburg,FL,1263000,2024,1,4,259353,2024-01-01,18.50759389712091,0
St. Petersburg,FL,1263000,2024,2,2,259353,2024-02-01,9.253796948560455,0
St. Petersburg,FL,1263000,2024,3,8,259353,2024-03-01,37.01518779424182,0
St. Petersburg,FL,1263000,2024,4,5,259353,2024-04-01,23.134492371401137,0
St. Petersburg,FL,1263000,2024,5,0,259353,2024-05-01,0,0
St. Petersburg,FL,1263000,2024,6,2,259353,2024-06-01,9.253796948560455,0
St. Petersburg,FL,1263000,2024,7,1,259353,2024-07-01,4.626898474280227,0
St. Petersburg,FL,1263000,2024,8,4,259353,2024-08-01,18.50759389712091,0
St. Petersburg,FL,1263000,2024,9,3,259353,2024-09-01,13.880695422840684,0
St. Petersburg,FL,1263000,2024,10,1,259353,2024-10-01,4.626898474280227,0
St. Petersburg,FL,1263000,2024,11,3,259353,2024-11-01,13.880695422840684,0
St. Petersburg,FL,1263000,2024,12,7,259353,2024-12-01,32.3882893199616,0
St. Petersburg,FL,1263000,2025,1,0,259353,2025-01-01,0,0
St. Petersburg,FL,1263000,2025,2,5,259353,2025-02-01,23.134492371401137,0
St. Petersburg,FL,1263000,2025,3,3,259353,2025-03-01,13.880695422840684,0
St. Petersburg,FL,1263000,2025,4,1,259353,2025-04-01,4.626898474280227,0
St. Petersburg,FL,1263000,2025,5,0,259353,2025-05-01,0,0
St. Petersburg,FL,1263000,2025,6,0,259353,2025-06-01,0,0
St. Petersburg,FL,1263000,2025,7,3,259353,2025-07-01,13.880695422840684,0
St. Petersburg,FL,1263000,2025,8,1,259353,2025-08-01,4.626898474280227,0
St. Petersburg,FL,1263000,2025,9,2,259353,2025-09-01,9.253796948560455,0
Stockton,CA,675000,2018,1,4,306283,2018-01-01,15.671780673429478,0
Stockton,CA,675000,2018,2,2,306528,2018-02-01,7.829627309740056,0
Stockton,CA,675000,2018,3,4,306774,2018-03-01,15.646697568894366,0
Stockton,CA,675000,2018,4,9,307019,2018-04-01,35.17697601777088,0
Stockton,CA,675000,2018,5,13,307265,2018-05-01,50.770507542349435,0
Stockton,CA,675000,2018,6,2,307510,2018-06-01,7.804624239862117,0
Stockton,CA,675000,2018,7,14,307755,2018-07-01,54.58887751620607,0
Stockton,CA,675000,2018,8,13,308001,2018-08-01,50.64918620394089,0
Stockton,CA,675000,2018,9,12,308246,2018-09-01,46.71593467555134,0
Stockton,CA,675000,2018,10,17,308492,2018-10-01,66.12813298237879,0
Stockton,CA,675000,2018,11,8,308737,2018-11-01,31.094426647923633,0
Stockton,CA,675000,2018,12,5,308983,2018-12-01,19.41854406229469,0
Stockton,CA,675000,2019,1,9,309228,2019-01-01,34.92568590166479,0
Stockton,CA,675000,2019,2,9,309384,2019-02-01,34.90807540144287,0
Stockton,CA,675000,2019,3,13,309540,2019-03-01,50.39736383019965,0
Stockton,CA,675000,2019,4,17,309697,2019-04-01,65.87083504199266,0
Stockton,CA,675000,2019,5,30,309853,2019-05-01,116.18412602104868,0
Stockton,CA,675000,2019,6,16,310009,2019-06-01,61.93368579621882,0
Stockton,CA,675000,2019,7,5,310166,2019-07-01,19.344480052616987,0
Stockton,CA,675000,2019,8,6,310322,2019-08-01,23.201706614419862,0
Stockton,CA,675000,2019,9,12,310478,2019-09-01,46.38009778470616,0
Stockton,CA,675000,2019,10,6,310634,2019-10-01,23.178402879272713,0
Stockton,CA,675000,2019,11,4,310790,2019-11-01,15.444512371697929,0
Stockton,CA,675000,2019,12,7,310947,2019-12-01,27.014250016883906,0
Stockton,CA,675000,2020,1,9,311103,2020-01-01,34.71519078890271,0
Stockton,CA,675000,2020,2,8,311663,2020-02-01,30.8025014198028,0
Stockton,CA,675000,2020,3,10,312222,2020-03-01,38.43419105636374,0
Stockton,CA,675000,2020,4,12,312782,2020-04-01,46.038454898299776,0
Stockton,CA,675000,2020,5,5,313341,2020-05-01,19.1484676438768,0
Stockton,CA,675000,2020,6,8,313901,2020-06-01,30.582890784037005,0
Stockton,CA,675000,2020,7,20,314461,2020-07-01,76.3210700214017,0
Stockton,CA,675000,2020,8,12,315020,2020-08-01,45.71138340422831,0
Stockton,CA,675000,2020,9,13,315580,2020-09-01,49.4327904176437,0
Stockton,CA,675000,2020,10,17,316139,2020-10-01,64.52857761933834,0
Stockton,CA,675000,2020,11,14,316699,2020-11-01,53.04721517908172,0
Stockton,CA,675000,2020,12,9,317258,2020-12-01,34.041694772078245,0
Stockton,CA,675000,2021,1,17,317818,2021-01-01,64.18767974123556,0
Stockton,CA,675000,2021,2,6,317819,2021-02-01,22.654403921729035,0
Stockton,CA,675000,2021,3,6,317820,2021-03-01,22.654332641117616,0
Stockton,CA,675000,2021,4,6,317822,2021-04-01,22.654190081240444,0
Stockton,CA,675000,2021,5,9,317823,2021-05-01,33.98117820296203,0
Stockton,CA,675000,2021,6,11,317824,2021-06-01,41.53242045912203,0
Stockton,CA,675000,2021,7,7,317826,2021-07-01,26.42955579468011,0
Stockton,CA,675000,2021,8,7,317827,2021-08-01,26.429472637629907,0
Stockton,CA,675000,2021,9,5,317828,2021-09-01,18.878135343644992,0
Stockton,CA,675000,2021,10,9,317829,2021-10-01,33.98053670369916,0
Stockton,CA,675000,2021,11,10,317830,2021-11-01,37.75603309945568,0
Stockton,CA,675000,2021,12,3,317832,2021-12-01,11.326738654383448,0
Stockton,CA,675000,2022,1,6,317833,2022-01-01,22.6534060339864,0
Stockton,CA,675000,2022,2,13,318393,2022-02-01,48.99605204888299,0
Stockton,CA,675000,2022,3,21,318952,2022-03-01,79.00875366826357,0
Stockton,CA,675000,2022,4,12,319512,2022-04-01,45.068729812964776,0
Stockton,CA,675000,2022,5,2,320071,2022-05-01,7.498336306631966,0
Stockton,CA,675000,2022,6,2,320631,2022-06-01,7.485240042291607,0
Stockton,CA,675000,2022,7,12,321191,2022-07-01,44.83313666945836,0
Stockton,CA,675000,2022,8,26,321750,2022-08-01,96.96969696969697,0
Stockton,CA,675000,2022,9,7,322310,2022-09-01,26.061865905494713,0
Stockton,CA,675000,2022,10,9,322869,2022-10-01,33.450098956542746,0
Stockton,CA,675000,2022,11,9,323429,2022-11-01,33.39218190081904,0
Stockton,CA,675000,2022,12,12,323988,2022-12-01,44.44609059594799,0
Stockton,CA,675000,2023,1,8,324548,2023-01-01,29.579599935910867,0
Stockton,CA,675000,2023,2,21,324548,2023-02-01,77.64644983176603,0
Stockton,CA,675000,2023,3,20,324548,2023-03-01,73.94899983977717,0
Stockton,CA,675000,2023,4,16,324548,2023-04-01,59.159199871821734,0
Stockton,CA,675000,2023,5,17,324548,2023-05-01,62.8566498638106,0
Stockton,CA,675000,2023,6,11,324548,2023-06-01,40.671949911877434,0
Stockton,CA,675000,2023,7,15,324548,2023-07-01,55.461749879832865,0
Stockton,CA,675000,2023,8,26,324548,2023-08-01,96.13369979171031,0
Stockton,CA,675000,2023,9,28,324548,2023-09-01,103.52859977568805,0
Stockton,CA,675000,2023,10,17,324548,2023-10-01,62.8566498638106,0
Stockton,CA,675000,2023,11,18,324548,2023-11-01,66.55409985579945,0
Stockton,CA,675000,2023,12,20,324548,2023-12-01,73.94899983977717,0
Stockton,CA,675000,2024,1,20,324548,2024-01-01,73.94899983977717,0
Stockton,CA,675000,2024,2,9,324548,2024-02-01,33.277049927899725,0
Stockton,CA,675000,2024,3,13,324548,2024-03-01,48.06684989585516,0
Stockton,CA,675000,2024,4,16,324548,2024-04-01,59.159199871821734,0
Stockton,CA,675000,2024,5,22,324548,2024-05-01,81.34389982375487,0
Stockton,CA,675000,2024,6,15,324548,2024-06-01,55.461749879832865,0
Stockton,CA,675000,2024,7,14,324548,2024-07-01,51.764299887844025,0
Stockton,CA,675000,2024,8,12,324548,2024-08-01,44.3693999038663,0
Stockton,CA,675000,2024,9,18,324548,2024-09-01,66.55409985579945,0
Stockton,CA,675000,2024,10,7,324548,2024-10-01,25.882149943922013,0
Stockton,CA,675000,2024,11,14,324548,2024-11-01,51.764299887844025,0
Stockton,CA,675000,2024,12,17,324548,2024-12-01,62.8566498638106,0
Stockton,CA,675000,2025,1,11,324548,2025-01-01,40.671949911877434,0
Stockton,CA,675000,2025,2,12,324548,2025-02-01,44.3693999038663,0
Stockton,CA,675000,2025,3,7,324548,2025-03-01,25.882149943922013,0
Stockton,CA,675000,2025,4,23,324548,2025-04-01,85.04134981574374,0
Stockton,CA,675000,2025,5,17,324548,2025-05-01,62.8566498638106,0
Stockton,CA,675000,2025,6,5,324548,2025-06-01,18.487249959944293,0
Stockton,CA,675000,2025,7,14,324548,2025-07-01,51.764299887844025,0
Stockton,CA,675000,2025,8,12,324548,2025-08-01,44.3693999038663,0
Stockton,CA,675000,2025,9,11,324548,2025-09-01,40.671949911877434,0
Tampa,FL,1271000,2018,1,5,376345,2018-01-01,15.942818424583827,0
Tampa,FL,1271000,2018,2,3,377309,2018-02-01,9.5412513351126,0
Tampa,FL,1271000,2018,3,3,378273,2018-03-01,9.516936181012126,0
Tampa,FL,1271000,2018,4,5,379238,2018-04-01,15.821199352385573,0
Tampa,FL,1271000,2018,5,2,380202,2018-05-01,6.312433916707435,0
Tampa,FL,1271000,2018,6,3,381166,2018-06-01,9.444703882298,0
Tampa,FL,1271000,2018,7,3,382131,2018-07-01,9.420853058244424,0
Tampa,FL,1271000,2018,8,4,383095,2018-08-01,12.529529229042405,0
Tampa,FL,1271000,2018,9,7,384059,2018-09-01,21.87163951372055,0
Tampa,FL,1271000,2018,10,2,385023,2018-10-01,6.233393849198619,0
Tampa,FL,1271000,2018,11,2,385987,2018-11-01,6.217825988958177,0
Tampa,FL,1271000,2018,12,1,386952,2018-12-01,3.1011598337778334,0
Tampa,FL,1271000,2019,1,3,387916,2019-01-01,9.28035966549459,0
Tampa,FL,1271000,2019,2,6,388582,2019-02-01,18.528907669423702,0
Tampa,FL,1271000,2019,3,4,389249,2019-03-01,12.331438231055188,0
Tampa,FL,1271000,2019,4,0,389915,2019-04-01,0,0
Tampa,FL,1271000,2019,5,7,390581,2019-05-01,21.506422483428533,0
Tampa,FL,1271000,2019,6,1,391248,2019-06-01,3.0671083302662248,0
Tampa,FL,1271000,2019,7,2,391914,2019-07-01,6.1237924646733735,0
Tampa,FL,1271000,2019,8,7,392580,2019-08-01,21.396912731163077,0
Tampa,FL,1271000,2019,9,2,393247,2019-09-01,6.103034479601879,0
Tampa,FL,1271000,2019,10,7,393913,2019-10-01,21.324505664956476,0
Tampa,FL,1271000,2019,11,5,394579,2019-11-01,15.206080404684485,0
Tampa,FL,1271000,2019,12,4,395246,2019-12-01,12.144335426544481,0
Tampa,FL,1271000,2020,1,6,395912,2020-01-01,18.18585948392572,0
Tampa,FL,1271000,2020,2,3,394626,2020-02-01,9.122561615301578,0
Tampa,FL,1271000,2020,3,11,393339,2020-03-01,33.5588385591055,0
Tampa,FL,1271000,2020,4,0,392053,2020-04-01,0,0
Tampa,FL,1271000,2020,5,9,390767,2020-05-01,27.63795305130679,0
Tampa,FL,1271000,2020,6,11,389480,2020-06-01,33.891342302557256,0
Tampa,FL,1271000,2020,7,11,388194,2020-07-01,34.00361674832687,0
Tampa,FL,1271000,2020,8,3,386908,2020-08-01,9.304537512793738,0
Tampa,FL,1271000,2020,9,13,385621,2020-09-01,40.45422837449205,0
Tampa,FL,1271000,2020,10,5,384335,2020-10-01,15.61138069652777,0
Tampa,FL,1271000,2020,11,14,383049,2020-11-01,43.85861861015171,0
Tampa,FL,1271000,2020,12,7,381762,2020-12-01,22.00323761924969,0
Tampa,FL,1271000,2021,1,3,380476,2021-01-01,9.461832020942188,0
Tampa,FL,1271000,2021,2,11,382278,2021-02-01,34.52984477265236,0
Tampa,FL,1271000,2021,3,3,384081,2021-03-01,9.373022877986676,0
Tampa,FL,1271000,2021,4,3,385884,2021-04-01,9.3292284728053,0
Tampa,FL,1271000,2021,5,2,387686,2021-05-01,6.190576910179887,0
Tampa,FL,1271000,2021,6,9,389488,2021-06-01,27.728710512262253,0
Tampa,FL,1271000,2021,7,2,391291,2021-07-01,6.133542555284942,0
Tampa,FL,1271000,2021,8,4,393094,2021-08-01,12.210819803914585,0
Tampa,FL,1271000,2021,9,6,394896,2021-09-01,18.232648596086058,0
Tampa,FL,1271000,2021,10,9,396698,2021-10-01,27.22474023060363,0
Tampa,FL,1271000,2021,11,6,398501,2021-11-01,18.06770873849752,0
Tampa,FL,1271000,2021,12,19,400304,2021-12-01,56.95671289819737,0
Tampa,FL,1271000,2022,1,8,402106,2022-01-01,23.87430180101764,0
Tampa,FL,1271000,2022,2,0,400820,2022-02-01,0,0
Tampa,FL,1271000,2022,3,10,399533,2022-03-01,30.035065939484348,0
Tampa,FL,1271000,2022,4,5,398247,2022-04-01,15.066026862725895,0
Tampa,FL,1271000,2022,5,3,396961,2022-05-01,9.068900975158769,0
Tampa,FL,1271000,2022,6,9,395674,2022-06-01,27.295197561629017,0
Tampa,FL,1271000,2022,7,8,394388,2022-07-01,24.341511405012323,0
Tampa,FL,1271000,2022,8,6,393102,2022-08-01,18.315856953157198,0
Tampa,FL,1271000,2022,9,5,391815,2022-09-01,15.313349412350217,0
Tampa,FL,1271000,2022,10,14,390529,2022-10-01,43.018572244314754,0
Tampa,FL,1271000,2022,11,2,389243,2022-11-01,6.165814157223123,0
Tampa,FL,1271000,2022,12,6,387956,2022-12-01,18.558805637752737,0
Tampa,FL,1271000,2023,1,7,386670,2023-01-01,21.723950655597797,0
Tampa,FL,1271000,2023,2,2,386670,2023-02-01,6.206843044456512,0
Tampa,FL,1271000,2023,3,7,386670,2023-03-01,21.723950655597797,0
Tampa,FL,1271000,2023,4,7,386670,2023-04-01,21.723950655597797,0
Tampa,FL,1271000,2023,5,4,386670,2023-05-01,12.413686088913025,0
Tampa,FL,1271000,2023,6,6,386670,2023-06-01,18.620529133369544,0
Tampa,FL,1271000,2023,7,10,386670,2023-07-01,31.03421522228257,0
Tampa,FL,1271000,2023,8,2,386670,2023-08-01,6.206843044456512,0
Tampa,FL,1271000,2023,9,6,386670,2023-09-01,18.620529133369544,0
Tampa,FL,1271000,2023,10,20,386670,2023-10-01,62.06843044456514,0
Tampa,FL,1271000,2023,11,4,386670,2023-11-01,12.413686088913025,0
Tampa,FL,1271000,2023,12,1,386670,2023-12-01,3.103421522228256,0
Tampa,FL,1271000,2024,1,8,386670,2024-01-01,24.82737217782605,0
Tampa,FL,1271000,2024,2,3,386670,2024-02-01,9.310264566684772,0
Tampa,FL,1271000,2024,3,9,386670,2024-03-01,27.93079370005431,0
Tampa,FL,1271000,2024,4,7,386670,2024-04-01,21.723950655597797,0
Tampa,FL,1271000,2024,5,10,386670,2024-05-01,31.03421522228257,0
Tampa,FL,1271000,2024,6,16,386670,2024-06-01,49.6547443556521,0
Tampa,FL,1271000,2024,7,9,386670,2024-07-01,27.93079370005431,0
Tampa,FL,1271000,2024,8,2,386670,2024-08-01,6.206843044456512,0
Tampa,FL,1271000,2024,9,3,386670,2024-09-01,9.310264566684772,0
Tampa,FL,1271000,2024,10,5,386670,2024-10-01,15.517107611141284,0
Tampa,FL,1271000,2024,11,6,386670,2024-11-01,18.620529133369544,0
Tampa,FL,1271000,2024,12,10,386670,2024-12-01,31.03421522228257,0
Tampa,FL,1271000,2025,1,7,386670,2025-01-01,21.723950655597797,0
Tampa,FL,1271000,2025,2,8,386670,2025-02-01,24.82737217782605,0
Tampa,FL,1271000,2025,3,1,386670,2025-03-01,3.103421522228256,0
Tampa,FL,1271000,2025,4,5,386670,2025-04-01,15.517107611141284,0
Tampa,FL,1271000,2025,5,2,386670,2025-05-01,6.206843044456512,0
Tampa,FL,1271000,2025,6,5,386670,2025-06-01,15.517107611141284,0
Tampa,FL,1271000,2025,7,5,386670,2025-07-01,15.517107611141284,0
Tampa,FL,1271000,2025,8,3,386670,2025-08-01,9.310264566684772,0
Tampa,FL,1271000,2025,9,9,386670,2025-09-01,27.93079370005431,0
Toledo,OH,3977000,2018,1,16,278193,2018-01-01,69.01683363707929,0
Toledo,OH,3977000,2018,2,5,278061,2018-02-01,21.577999072146042,0
Toledo,OH,3977000,2018,3,6,277930,2018-03-01,25.90580361961645,0
Toledo,OH,3977000,2018,4,12,277798,2018-04-01,51.836226322723704,0
Toledo,OH,3977000,2018,5,15,277667,2018-05-01,64.82585254999694,0
Toledo,OH,3977000,2018,6,24,277535,2018-06-01,103.77069558794386,0
Toledo,OH,3977000,2018,7,19,277403,2018-07-01,82.19089195142085,0
Toledo,OH,3977000,2018,8,14,277272,2018-08-01,60.590322859863235,0
Toledo,OH,3977000,2018,9,13,277140,2018-09-01,56.289240095258705,0
Toledo,OH,3977000,2018,10,14,277009,2018-10-01,60.64784898685602,0
Toledo,OH,3977000,2018,11,10,276877,2018-11-01,43.34054471841287,0
Toledo,OH,3977000,2018,12,14,276746,2018-12-01,60.70548445144645,0
Toledo,OH,3977000,2019,1,9,276614,2019-01-01,39.043576970073815,0
Toledo,OH,3977000,2019,2,11,276489,2019-02-01,47.74150147022124,0
Toledo,OH,3977000,2019,3,5,276364,2019-03-01,21.710497749345066,0
Toledo,OH,3977000,2019,4,8,276240,2019-04-01,34.75238922675934,0
Toledo,OH,3977000,2019,5,17,276115,2019-05-01,73.88225920359271,0
Toledo,OH,3977000,2019,6,13,275990,2019-06-01,56.52378709373528,0
Toledo,OH,3977000,2019,7,14,275865,2019-07-01,60.89935294437497,0
Toledo,OH,3977000,2019,8,17,275740,2019-08-01,73.98273736128236,0
Toledo,OH,3977000,2019,9,12,275615,2019-09-01,52.24679353445929,0
Toledo,OH,3977000,2019,10,4,275490,2019-10-01,17.423499945551562,0
Toledo,OH,3977000,2019,11,15,275366,2019-11-01,65.36754719173754,0
Toledo,OH,3977000,2019,12,15,275241,2019-12-01,65.39723369701461,0
Toledo,OH,3977000,2020,1,9,275116,2020-01-01,39.25616830718679,0
Toledo,OH,3977000,2020,2,11,274811,2020-02-01,48.03301177900448,0
Toledo,OH,3977000,2020,3,8,274506,2020-03-01,34.97191318222552,0
Toledo,OH,3977000,2020,4,10,274200,2020-04-01,43.76367614879649,0
Toledo,OH,3977000,2020,5,29,273895,2020-05-01,127.05598860877345,0
Toledo,OH,3977000,2020,6,37,273590,2020-06-01,162.28663328338027,0
Toledo,OH,3977000,2020,7,30,273285,2020-07-01,131.73061090070803,0
Toledo,OH,3977000,2020,8,37,272980,2020-08-01,162.6492783354092,0
Toledo,OH,3977000,2020,9,12,272675,2020-09-01,52.81012194003851,0
Toledo,OH,3977000,2020,10,11,272370,2020-10-01,48.46348716819033,0
Toledo,OH,3977000,2020,11,35,272064,2020-11-01,154.37544107268877,0
Toledo,OH,3977000,2020,12,14,271759,2020-12-01,61.81947975963997,0
Toledo,OH,3977000,2021,1,15,271454,2021-01-01,66.30957731328328,0
Toledo,OH,3977000,2021,2,14,271426,2021-02-01,61.895323218851544,0
Toledo,OH,3977000,2021,3,17,271398,2021-03-01,75.16636084274755,0
Toledo,OH,3977000,2021,4,15,271370,2021-04-01,66.33010281165936,0
Toledo,OH,3977000,2021,5,23,271341,2021-05-01,101.71702765155284,0
Toledo,OH,3977000,2021,6,24,271313,2021-06-01,106.15046090677558,0
Toledo,OH,3977000,2021,7,33,271285,2021-07-01,145.97194832003242,0
Toledo,OH,3977000,2021,8,31,271257,2021-08-01,137.13931806368132,0
Toledo,OH,3977000,2021,9,21,271229,2021-09-01,92.9104188711384,0
Toledo,OH,3977000,2021,10,19,271200,2021-10-01,84.070796460177,0
Toledo,OH,3977000,2021,11,18,271172,2021-11-01,79.65424158836457,0
Toledo,OH,3977000,2021,12,24,271144,2021-12-01,106.2166229014841,0
Toledo,OH,3977000,2022,1,28,271116,2022-01-01,123.9321913867127,0
Toledo,OH,3977000,2022,2,8,270811,2022-02-01,35.44907703158292,0
Toledo,OH,3977000,2022,3,23,270506,2022-03-01,102.03100855433891,0
Toledo,OH,3977000,2022,4,21,270200,2022-04-01,93.2642487046632,0
Toledo,OH,3977000,2022,5,35,269895,2022-05-01,155.6160729172456,0
Toledo,OH,3977000,2022,6,20,269590,2022-06-01,89.02407359323418,0
Toledo,OH,3977000,2022,7,31,269285,2022-07-01,138.1436025029244,0
Toledo,OH,3977000,2022,8,22,268980,2022-08-01,98.14856123131833,0
Toledo,OH,3977000,2022,9,22,268675,2022-09-01,98.25997952917092,0
Toledo,OH,3977000,2022,10,37,268370,2022-10-01,165.44323135968997,0
Toledo,OH,3977000,2022,11,13,268064,2022-11-01,58.195057896621705,0
Toledo,OH,3977000,2022,12,12,267759,2022-12-01,53.77970488386946,0
Toledo,OH,3977000,2023,1,14,267454,2023-01-01,62.81454007044203,0
Toledo,OH,3977000,2023,2,13,267454,2023-02-01,58.32778720826759,0
Toledo,OH,3977000,2023,3,9,267454,2023-03-01,40.38077575956987,0
Toledo,OH,3977000,2023,4,20,267454,2023-04-01,89.7350572434886,0
Toledo,OH,3977000,2023,5,29,267454,2023-05-01,130.11583300305847,0
Toledo,OH,3977000,2023,6,12,267454,2023-06-01,53.84103434609315,0
Toledo,OH,3977000,2023,7,24,267454,2023-07-01,107.6820686921863,0
Toledo,OH,3977000,2023,8,15,267454,2023-08-01,67.30129293261646,0
Toledo,OH,3977000,2023,9,11,267454,2023-09-01,49.354281483918726,0
Toledo,OH,3977000,2023,10,19,267454,2023-10-01,85.24830438131418,0
Toledo,OH,3977000,2023,11,15,267454,2023-11-01,67.30129293261646,0
Toledo,OH,3977000,2023,12,18,267454,2023-12-01,80.76155151913974,0
Toledo,OH,3977000,2024,1,14,267454,2024-01-01,62.81454007044203,0
Toledo,OH,3977000,2024,2,15,267454,2024-02-01,67.30129293261646,0
Toledo,OH,3977000,2024,3,15,267454,2024-03-01,67.30129293261646,0
Toledo,OH,3977000,2024,4,12,267454,2024-04-01,53.84103434609315,0
Toledo,OH,3977000,2024,5,22,267454,2024-05-01,98.70856296783745,0
Toledo,OH,3977000,2024,6,16,267454,2024-06-01,71.78804579479088,0
Toledo,OH,3977000,2024,7,17,267454,2024-07-01,76.27479865696532,0
Toledo,OH,3977000,2024,8,9,267454,2024-08-01,40.38077575956987,0
Toledo,OH,3977000,2024,9,15,267454,2024-09-01,67.30129293261646,0
Toledo,OH,3977000,2024,10,17,267454,2024-10-01,76.27479865696532,0
Toledo,OH,3977000,2024,11,7,267454,2024-11-01,31.407270035221014,0
Toledo,OH,3977000,2024,12,13,267454,2024-12-01,58.32778720826759,0
Toledo,OH,3977000,2025,1,17,267454,2025-01-01,76.27479865696532,0
Toledo,OH,3977000,2025,2,6,267454,2025-02-01,26.920517173046576,0
Toledo,OH,3977000,2025,3,13,267454,2025-03-01,58.32778720826759,0
Toledo,OH,3977000,2025,4,9,267454,2025-04-01,40.38077575956987,0
Toledo,OH,3977000,2025,5,11,267454,2025-05-01,49.354281483918726,0
Toledo,OH,3977000,2025,6,18,267454,2025-06-01,80.76155151913974,0
Toledo,OH,3977000,2025,7,20,267454,2025-07-01,89.7350572434886,0
Toledo,OH,3977000,2025,8,13,267454,2025-08-01,58.32778720826759,0
Toledo,OH,3977000,2025,9,8,267454,2025-09-01,35.89402289739544,0
Tucson,AZ,477000,2018,1,10,539216,2018-01-01,22.254532506453813,0
Tucson,AZ,477000,2018,2,4,539405,2018-02-01,8.898693931276128,0
Tucson,AZ,477000,2018,3,5,539594,2018-03-01,11.119471306204295,0
Tucson,AZ,477000,2018,4,4,539782,2018-04-01,8.892478815521821,0
Tucson,AZ,477000,2018,5,5,539971,2018-05-01,11.111707850977183,0
Tucson,AZ,477000,2018,6,5,540160,2018-06-01,11.10781990521327,0
Tucson,AZ,477000,2018,7,8,540349,2018-07-01,17.76629548680575,0
Tucson,AZ,477000,2018,8,5,540538,2018-08-01,11.1000521702452,0
Tucson,AZ,477000,2018,9,0,540727,2018-09-01,0,0
Tucson,AZ,477000,2018,10,2,540916,2018-10-01,4.436918116676157,0
Tucson,AZ,477000,2018,11,6,541104,2018-11-01,13.306129690410717,0
Tucson,AZ,477000,2018,12,4,541293,2018-12-01,8.86765577977177,0
Tucson,AZ,477000,2019,1,5,541482,2019-01-01,11.08070074351502,0
Tucson,AZ,477000,2019,2,2,541804,2019-02-01,4.429646145100443,0
Tucson,AZ,477000,2019,3,4,542125,2019-03-01,8.854046575974177,0
Tucson,AZ,477000,2019,4,5,542446,2019-04-01,11.061008837746062,0
Tucson,AZ,477000,2019,5,9,542768,2019-05-01,19.898004303864635,0
Tucson,AZ,477000,2019,6,4,543090,2019-06-01,8.83831409158703,0
Tucson,AZ,477000,2019,7,2,543411,2019-07-01,4.416546591806202,0
Tucson,AZ,477000,2019,8,3,543732,2019-08-01,6.62090883008541,0
Tucson,AZ,477000,2019,9,4,544054,2019-09-01,8.82265363364666,0
Tucson,AZ,477000,2019,10,6,544376,2019-10-01,13.226152512234192,0
Tucson,AZ,477000,2019,11,4,544697,2019-11-01,8.812238730890753,0
Tucson,AZ,477000,2019,12,7,545018,2019-12-01,15.412335005449362,0
Tucson,AZ,477000,2020,1,4,545340,2020-01-01,8.801848388161513,0
Tucson,AZ,477000,2020,2,7,544742,2020-02-01,15.420143847913323,0
Tucson,AZ,477000,2020,3,4,544144,2020-03-01,8.821194389720368,0
Tucson,AZ,477000,2020,4,4,543547,2020-04-01,8.830883069909317,0
Tucson,AZ,477000,2020,5,5,542949,2020-05-01,11.050761673748363,0
Tucson,AZ,477000,2020,6,4,542351,2020-06-01,8.8503570565925,0
Tucson,AZ,477000,2020,7,8,541754,2020-07-01,17.72021987839499,0
Tucson,AZ,477000,2020,8,10,541156,2020-08-01,22.17475182756913,0
Tucson,AZ,477000,2020,9,9,540558,2020-09-01,19.97935466684426,0
Tucson,AZ,477000,2020,10,6,539960,2020-10-01,13.33432106081932,0
Tucson,AZ,477000,2020,11,16,539362,2020-11-01,35.59761347666317,0
Tucson,AZ,477000,2020,12,8,538765,2020-12-01,17.81852941449426,0
Tucson,AZ,477000,2021,1,6,538167,2021-01-01,13.378746745898578,0
Tucson,AZ,477000,2021,2,10,539067,2021-02-01,22.26068373690098,0
Tucson,AZ,477000,2021,3,6,539968,2021-03-01,13.334123503615029,0
Tucson,AZ,477000,2021,4,13,540868,2021-04-01,28.842527197024044,0
Tucson,AZ,477000,2021,5,6,541769,2021-05-01,13.289796942977542,0
Tucson,AZ,477000,2021,6,7,542669,2021-06-01,15.479048923008316,0
Tucson,AZ,477000,2021,7,17,543569,2021-07-01,37.529734035605415,0
Tucson,AZ,477000,2021,8,7,544470,2021-08-01,15.427847264312081,0
Tucson,AZ,477000,2021,9,14,545370,2021-09-01,30.80477474008471,0
Tucson,AZ,477000,2021,10,10,546271,2021-10-01,21.967118884216806,0
Tucson,AZ,477000,2021,11,12,547171,2021-11-01,26.31718420749638,0
Tucson,AZ,477000,2021,12,1,548072,2021-12-01,2.1894933512385237,0
Tucson,AZ,477000,2022,1,9,548972,2022-01-01,19.67313451323565,0
Tucson,AZ,477000,2022,2,11,548374,2022-02-01,24.071163111307246,0
Tucson,AZ,477000,2022,3,6,547776,2022-03-01,13.144058885383808,0
Tucson,AZ,477000,2022,4,9,547179,2022-04-01,19.737599578931206,0
Tucson,AZ,477000,2022,5,11,546581,2022-05-01,24.150125964861566,0
Tucson,AZ,477000,2022,6,12,545983,2022-06-01,26.374447556059437,0
Tucson,AZ,477000,2022,7,9,545386,2022-07-01,19.802488512723098,0
Tucson,AZ,477000,2022,8,11,544788,2022-08-01,24.229608581686826,0
Tucson,AZ,477000,2022,9,8,544190,2022-09-01,17.640897480659326,0
Tucson,AZ,477000,2022,10,8,543592,2022-10-01,17.66030405156809,0
Tucson,AZ,477000,2022,11,12,542994,2022-11-01,26.51963005116079,0
Tucson,AZ,477000,2022,12,3,542397,2022-12-01,6.637204851796746,0
Tucson,AZ,477000,2023,1,10,541799,2023-01-01,22.14843512077357,0
Tucson,AZ,477000,2023,2,9,541799,2023-02-01,19.93359160869621,0
Tucson,AZ,477000,2023,3,3,541799,2023-03-01,6.644530536232072,0
Tucson,AZ,477000,2023,4,11,541799,2023-04-01,24.36327863285093,0
Tucson,AZ,477000,2023,5,3,541799,2023-05-01,6.644530536232072,0
Tucson,AZ,477000,2023,6,13,541799,2023-06-01,28.792965657005645,0
Tucson,AZ,477000,2023,7,13,541799,2023-07-01,28.792965657005645,0
Tucson,AZ,477000,2023,8,9,541799,2023-08-01,19.93359160869621,0
Tucson,AZ,477000,2023,9,8,541799,2023-09-01,17.718748096618857,0
Tucson,AZ,477000,2023,10,9,541799,2023-10-01,19.93359160869621,0
Tucson,AZ,477000,2023,11,2,541799,2023-11-01,4.429687024154714,0
Tucson,AZ,477000,2023,12,11,541799,2023-12-01,24.36327863285093,0
Tucson,AZ,477000,2024,1,9,541799,2024-01-01,19.93359160869621,0
Tucson,AZ,477000,2024,2,6,541799,2024-02-01,13.289061072464143,0
Tucson,AZ,477000,2024,3,7,541799,2024-03-01,15.503904584541502,0
Tucson,AZ,477000,2024,4,11,541799,2024-04-01,24.36327863285093,0
Tucson,AZ,477000,2024,5,5,541799,2024-05-01,11.074217560386785,0
Tucson,AZ,477000,2024,6,12,541799,2024-06-01,26.578122144928287,0
Tucson,AZ,477000,2024,7,6,541799,2024-07-01,13.289061072464143,0
Tucson,AZ,477000,2024,8,21,541799,2024-08-01,46.5117137536245,0
Tucson,AZ,477000,2024,9,22,541799,2024-09-01,48.72655726570186,0
Tucson,AZ,477000,2024,10,13,541799,2024-10-01,28.792965657005645,0
Tucson,AZ,477000,2024,11,17,541799,2024-11-01,37.65233970531508,0
Tucson,AZ,477000,2024,12,10,541799,2024-12-01,22.14843512077357,0
Tucson,AZ,477000,2025,1,15,541799,2025-01-01,33.222652681160355,0
Tucson,AZ,477000,2025,2,13,541799,2025-02-01,28.792965657005645,0
Tucson,AZ,477000,2025,3,6,541799,2025-03-01,13.289061072464143,0
Tucson,AZ,477000,2025,4,7,541799,2025-04-01,15.503904584541502,0
Tucson,AZ,477000,2025,5,5,541799,2025-05-01,11.074217560386785,0
Tucson,AZ,477000,2025,6,7,541799,2025-06-01,15.503904584541502,0
Tucson,AZ,477000,2025,7,5,541799,2025-07-01,11.074217560386785,0
Tucson,AZ,477000,2025,8,11,541799,2025-08-01,24.36327863285093,0
Tucson,AZ,477000,2025,9,5,541799,2025-09-01,11.074217560386785,0
Tulsa,OK,4075000,2018,1,9,402223,2018-01-01,26.85077680789015,0
Tulsa,OK,4075000,2018,2,8,402231,2018-02-01,23.866882463062268,0
Tulsa,OK,4075000,2018,3,9,402240,2018-03-01,26.849642004773273,0
Tulsa,OK,4075000,2018,4,17,402248,2018-04-01,50.714981802271225,0
Tulsa,OK,4075000,2018,5,11,402257,2018-05-01,32.81484225258976,0
Tulsa,OK,4075000,2018,6,12,402265,2018-06-01,35.797297801200706,0
Tulsa,OK,4075000,2018,7,23,402273,2018-07-01,68.61012297618781,0
Tulsa,OK,4075000,2018,8,20,402282,2018-08-01,59.659641743851324,0
Tulsa,OK,4075000,2018,9,17,402290,2018-09-01,50.709687041686344,0
Tulsa,OK,4075000,2018,10,21,402299,2018-10-01,62.63997673372293,0
Tulsa,OK,4075000,2018,11,8,402307,2018-11-01,23.86237375934299,0
Tulsa,OK,4075000,2018,12,22,402316,2018-12-01,65.62005985344852,0
Tulsa,OK,4075000,2019,1,9,402324,2019-01-01,26.84403614996868,0
Tulsa,OK,4075000,2019,2,7,402334,2019-02-01,20.878175843950547,0
Tulsa,OK,4075000,2019,3,10,402344,2019-03-01,29.825224186268464,0
Tulsa,OK,4075000,2019,4,17,402353,2019-04-01,50.701746973428804,0
Tulsa,OK,4075000,2019,5,18,402363,2019-05-01,53.68286845460443,0
Tulsa,OK,4075000,2019,6,16,402373,2019-06-01,47.71691937580305,0
Tulsa,OK,4075000,2019,7,16,402382,2019-07-01,47.71585210074009,0
Tulsa,OK,4075000,2019,8,16,402392,2019-08-01,47.7146662955526,0
Tulsa,OK,4075000,2019,9,5,402402,2019-09-01,14.910462671656703,0
Tulsa,OK,4075000,2019,10,6,402412,2019-10-01,17.892110573243343,0
Tulsa,OK,4075000,2019,11,8,402422,2019-11-01,23.855554616795303,0
Tulsa,OK,4075000,2019,12,13,402431,2019-12-01,38.76440930246428,0
Tulsa,OK,4075000,2020,1,9,402441,2020-01-01,26.836231894861605,0
Tulsa,OK,4075000,2020,2,4,403125,2020-02-01,11.906976744186046,0
Tulsa,OK,4075000,2020,3,9,403809,2020-03-01,26.74531771208666,0
Tulsa,OK,4075000,2020,4,23,404494,2020-04-01,68.23339777598679,0
Tulsa,OK,4075000,2020,5,23,405178,2020-05-01,68.11820977446949,0
Tulsa,OK,4075000,2020,6,17,405862,2020-06-01,50.26339001926764,0
Tulsa,OK,4075000,2020,7,13,406547,2020-07-01,38.371947154941495,0
Tulsa,OK,4075000,2020,8,8,407231,2020-08-01,23.573843838018224,0
Tulsa,OK,4075000,2020,9,11,407915,2020-09-01,32.35968277704914,0
Tulsa,OK,4075000,2020,10,15,408599,2020-10-01,44.05297125054148,0
Tulsa,OK,4075000,2020,11,9,409283,2020-11-01,26.387609551337338,0
Tulsa,OK,4075000,2020,12,13,409968,2020-12-01,38.051750380517504,0
Tulsa,OK,4075000,2021,1,5,410652,2021-01-01,14.61091142865492,0
Tulsa,OK,4075000,2021,2,8,410355,2021-02-01,23.39437803852762,0
Tulsa,OK,4075000,2021,3,14,410058,2021-03-01,40.96981402630848,0
Tulsa,OK,4075000,2021,4,13,409762,2021-04-01,38.070880169464225,0
Tulsa,OK,4075000,2021,5,16,409465,2021-05-01,46.890454617610786,0
Tulsa,OK,4075000,2021,6,16,409168,2021-06-01,46.924490673757475,0
Tulsa,OK,4075000,2021,7,30,408872,2021-07-01,88.04711498953218,0
Tulsa,OK,4075000,2021,8,8,408575,2021-08-01,23.49629810928226,0
Tulsa,OK,4075000,2021,9,10,408278,2021-09-01,29.391737982453133,0
Tulsa,OK,4075000,2021,10,18,407981,2021-10-01,52.94364198332766,0
Tulsa,OK,4075000,2021,11,11,407684,2021-11-01,32.37801826905152,0
Tulsa,OK,4075000,2021,12,7,407388,2021-12-01,20.619164040177914,0
Tulsa,OK,4075000,2022,1,17,407091,2022-01-01,50.111645799096515,0
Tulsa,OK,4075000,2022,2,4,407775,2022-02-01,11.771197351480595,0
Tulsa,OK,4075000,2022,3,10,408459,2022-03-01,29.378713653022707,0
Tulsa,OK,4075000,2022,4,8,409144,2022-04-01,23.463621609995503,0
Tulsa,OK,4075000,2022,5,6,409828,2022-05-01,17.56834574504426,0
Tulsa,OK,4075000,2022,6,13,410512,2022-06-01,38.001325174416344,0
Tulsa,OK,4075000,2022,7,12,411197,2022-07-01,35.01971074691693,0
Tulsa,OK,4075000,2022,8,14,411881,2022-08-01,40.788480167815464,0
Tulsa,OK,4075000,2022,9,12,412565,2022-09-01,34.903590949304956,0
Tulsa,OK,4075000,2022,10,8,413249,2022-10-01,23.230546232416774,0
Tulsa,OK,4075000,2022,11,2,413933,2022-11-01,5.798039779384586,0
Tulsa,OK,4075000,2022,12,3,414618,2022-12-01,8.682691055381099,0
Tulsa,OK,4075000,2023,1,7,415302,2023-01-01,20.226244997616195,0
Tulsa,OK,4075000,2023,2,10,415302,2023-02-01,28.894635710880273,0
Tulsa,OK,4075000,2023,3,12,415302,2023-03-01,34.673562853056325,0
Tulsa,OK,4075000,2023,4,10,415302,2023-04-01,28.894635710880273,0
Tulsa,OK,4075000,2023,5,6,415302,2023-05-01,17.336781426528162,0
Tulsa,OK,4075000,2023,6,16,415302,2023-06-01,46.23141713740844,0
Tulsa,OK,4075000,2023,7,14,415302,2023-07-01,40.45248999523239,0
Tulsa,OK,4075000,2023,8,12,415302,2023-08-01,34.673562853056325,0
Tulsa,OK,4075000,2023,9,8,415302,2023-09-01,23.11570856870422,0
Tulsa,OK,4075000,2023,10,3,415302,2023-10-01,8.668390713264081,0
Tulsa,OK,4075000,2023,11,9,415302,2023-11-01,26.00517213979225,0
Tulsa,OK,4075000,2023,12,8,415302,2023-12-01,23.11570856870422,0
Tulsa,OK,4075000,2024,1,7,415302,2024-01-01,20.226244997616195,0
Tulsa,OK,4075000,2024,2,6,415302,2024-02-01,17.336781426528162,0
Tulsa,OK,4075000,2024,3,4,415302,2024-03-01,11.55785428435211,0
Tulsa,OK,4075000,2024,4,10,415302,2024-04-01,28.894635710880273,0
Tulsa,OK,4075000,2024,5,12,415302,2024-05-01,34.673562853056325,0
Tulsa,OK,4075000,2024,6,7,415302,2024-06-01,20.226244997616195,0
Tulsa,OK,4075000,2024,7,7,415302,2024-07-01,20.226244997616195,0
Tulsa,OK,4075000,2024,8,14,415302,2024-08-01,40.45248999523239,0
Tulsa,OK,4075000,2024,9,10,415302,2024-09-01,28.894635710880273,0
Tulsa,OK,4075000,2024,10,17,415302,2024-10-01,49.12088070849647,0
Tulsa,OK,4075000,2024,11,6,415302,2024-11-01,17.336781426528162,0
Tulsa,OK,4075000,2024,12,8,415302,2024-12-01,23.11570856870422,0
Tulsa,OK,4075000,2025,1,5,415302,2025-01-01,14.447317855440136,0
Tulsa,OK,4075000,2025,2,15,415302,2025-02-01,43.34195356632041,0
Tulsa,OK,4075000,2025,3,6,415302,2025-03-01,17.336781426528162,0
Tulsa,OK,4075000,2025,4,9,415302,2025-04-01,26.00517213979225,0
Tulsa,OK,4075000,2025,5,12,415302,2025-05-01,34.673562853056325,0
Tulsa,OK,4075000,2025,6,30,415302,2025-06-01,86.68390713264083,0
Tulsa,OK,4075000,2025,7,7,415302,2025-07-01,20.226244997616195,0
Tulsa,OK,4075000,2025,8,5,415302,2025-08-01,14.447317855440136,0
Tulsa,OK,4075000,2025,9,7,415302,2025-09-01,20.226244997616195,0
Urban Honolulu CDP,N/A,1571550,2018,1,0,350003,2018-01-01,0,0
Urban Honolulu CDP,N/A,1571550,2018,2,0,349918,2018-02-01,0,0
Urban Honolulu CDP,N/A,1571550,2018,3,0,349833,2018-03-01,0,0
Urban Honolulu CDP,N/A,1571550,2018,4,1,349749,2018-04-01,3.4310319686403674,0
Urban Honolulu CDP,N/A,1571550,2018,5,0,349664,2018-05-01,0,0
Urban Honolulu CDP,N/A,1571550,2018,6,0,349579,2018-06-01,0,0
Urban Honolulu CDP,N/A,1571550,2018,7,0,349494,2018-07-01,0,0
Urban Honolulu CDP,N/A,1571550,2018,8,0,349409,2018-08-01,0,0
Urban Honolulu CDP,N/A,1571550,2018,9,2,349324,2018-09-01,6.870412568274725,0
Urban Honolulu CDP,N/A,1571550,2018,10,1,349239,2018-10-01,3.4360423664023774,0
Urban Honolulu CDP,N/A,1571550,2018,11,0,349155,2018-11-01,0,0
Urban Honolulu CDP,N/A,1571550,2018,12,2,349070,2018-12-01,6.875411808519781,0
Urban Honolulu CDP,N/A,1571550,2019,1,0,348985,2019-01-01,0,0
Urban Honolulu CDP,N/A,1571550,2019,2,1,348835,2019-02-01,3.4400217868046497,0
Urban Honolulu CDP,N/A,1571550,2019,3,2,348684,2019-03-01,6.883023023712014,0
Urban Honolulu CDP,N/A,1571550,2019,4,0,348534,2019-04-01,0,0
Urban Honolulu CDP,N/A,1571550,2019,5,0,348384,2019-05-01,0,0
Urban Honolulu CDP,N/A,1571550,2019,6,0,348233,2019-06-01,0,0
Urban Honolulu CDP,N/A,1571550,2019,7,1,348083,2019-07-01,3.4474536245665544,0
Urban Honolulu CDP,N/A,1571550,2019,8,0,347933,2019-08-01,0,0
Urban Honolulu CDP,N/A,1571550,2019,9,2,347782,2019-09-01,6.900874685866434,0
Urban Honolulu CDP,N/A,1571550,2019,10,3,347632,2019-10-01,10.355778524416625,0
Urban Honolulu CDP,N/A,1571550,2019,11,2,347482,2019-11-01,6.906832584133856,0
Urban Honolulu CDP,N/A,1571550,2019,12,4,347331,2019-12-01,13.819670573602703,0
Urban Honolulu CDP,N/A,1571550,2020,1,4,347181,2020-01-01,13.825641380144651,0
Urban Honolulu CDP,N/A,1571550,2020,2,0,347545,2020-02-01,0,0
Urban Honolulu CDP,N/A,1571550,2020,3,0,347910,2020-03-01,0,0
Urban Honolulu CDP,N/A,1571550,2020,4,0,348274,2020-04-01,0,0
Urban Honolulu CDP,N/A,1571550,2020,5,1,348639,2020-05-01,3.4419557192396724,0
Urban Honolulu CDP,N/A,1571550,2020,6,2,349003,2020-06-01,6.876731718638521,0
Urban Honolulu CDP,N/A,1571550,2020,7,0,349367,2020-07-01,0,0
Urban Honolulu CDP,N/A,1571550,2020,8,2,349732,2020-08-01,6.862397492937449,0
Urban Honolulu CDP,N/A,1571550,2020,9,2,350096,2020-09-01,6.8552625565559175,0
Urban Honolulu CDP,N/A,1571550,2020,10,1,350461,2020-10-01,3.424061450489498,0
Urban Honolulu CDP,N/A,1571550,2020,11,0,350825,2020-11-01,0,0
Urban Honolulu CDP,N/A,1571550,2020,12,1,351190,2020-12-01,3.4169537857000485,0
Urban Honolulu CDP,N/A,1571550,2021,1,3,351554,2021-01-01,10.240247586430534,0
Urban Honolulu CDP,N/A,1571550,2021,2,1,351222,2021-02-01,3.416642465449203,0
Urban Honolulu CDP,N/A,1571550,2021,3,1,350889,2021-03-01,3.4198849208724127,0
Urban Honolulu CDP,N/A,1571550,2021,4,1,350557,2021-04-01,3.423123771597772,0
Urban Honolulu CDP,N/A,1571550,2021,5,0,350224,2021-05-01,0,0
Urban Honolulu CDP,N/A,1571550,2021,6,2,349892,2021-06-01,6.85925942862369,0
Urban Honolulu CDP,N/A,1571550,2021,7,0,349560,2021-07-01,0,0
Urban Honolulu CDP,N/A,1571550,2021,8,5,349227,2021-08-01,17.180802171653394,0
Urban Honolulu CDP,N/A,1571550,2021,9,0,348895,2021-09-01,0,0
Urban Honolulu CDP,N/A,1571550,2021,10,1,348562,2021-10-01,3.442716073467561,0
Urban Honolulu CDP,N/A,1571550,2021,11,3,348230,2021-11-01,10.337995003302414,0
Urban Honolulu CDP,N/A,1571550,2021,12,0,347897,2021-12-01,0,0
Urban Honolulu CDP,N/A,1571550,2022,1,0,347565,2022-01-01,0,0
Urban Honolulu CDP,N/A,1571550,2022,2,0,347929,2022-02-01,0,0
Urban Honolulu CDP,N/A,1571550,2022,3,3,348294,2022-03-01,10.336095367706593,0
Urban Honolulu CDP,N/A,1571550,2022,4,0,348658,2022-04-01,0,0
Urban Honolulu CDP,N/A,1571550,2022,5,4,349023,2022-05-01,13.752675325121839,0
Urban Honolulu CDP,N/A,1571550,2022,6,0,349387,2022-06-01,0,0
Urban Honolulu CDP,N/A,1571550,2022,7,2,349751,2022-07-01,6.862024697570558,0
Urban Honolulu CDP,N/A,1571550,2022,8,1,350116,2022-08-01,3.4274354785271166,0
Urban Honolulu CDP,N/A,1571550,2022,9,1,350480,2022-09-01,3.4238758274366585,0
Urban Honolulu CDP,N/A,1571550,2022,10,0,350845,2022-10-01,0,0
Urban Honolulu CDP,N/A,1571550,2022,11,4,351209,2022-11-01,13.667075729836082,0
Urban Honolulu CDP,N/A,1571550,2022,12,1,351574,2022-12-01,3.4132216830596116,0
Urban Honolulu CDP,N/A,1571550,2023,1,2,351938,2023-01-01,6.819382959498547,0
Urban Honolulu CDP,N/A,1571550,2023,2,0,351938,2023-02-01,0,0
Urban Honolulu CDP,N/A,1571550,2023,3,0,351938,2023-03-01,0,0
Urban Honolulu CDP,N/A,1571550,2023,4,2,351938,2023-04-01,6.819382959498547,0
Urban Honolulu CDP,N/A,1571550,2023,5,1,351938,2023-05-01,3.4096914797492737,0
Urban Honolulu CDP,N/A,1571550,2023,6,0,351938,2023-06-01,0,0
Urban Honolulu CDP,N/A,1571550,2023,7,4,351938,2023-07-01,13.638765918997095,0
Urban Honolulu CDP,N/A,1571550,2023,8,0,351938,2023-08-01,0,0
Urban Honolulu CDP,N/A,1571550,2023,9,0,351938,2023-09-01,0,0
Urban Honolulu CDP,N/A,1571550,2023,10,4,351938,2023-10-01,13.638765918997095,0
Urban Honolulu CDP,N/A,1571550,2023,11,0,351938,2023-11-01,0,0
Urban Honolulu CDP,N/A,1571550,2023,12,3,351938,2023-12-01,10.229074439247823,0
Urban Honolulu CDP,N/A,1571550,2024,1,3,351938,2024-01-01,10.229074439247823,0
Urban Honolulu CDP,N/A,1571550,2024,2,0,351938,2024-02-01,0,0
Urban Honolulu CDP,N/A,1571550,2024,3,2,351938,2024-03-01,6.819382959498547,0
Urban Honolulu CDP,N/A,1571550,2024,4,2,351938,2024-04-01,6.819382959498547,0
Urban Honolulu CDP,N/A,1571550,2024,5,0,351938,2024-05-01,0,0
Urban Honolulu CDP,N/A,1571550,2024,6,0,351938,2024-06-01,0,0
Urban Honolulu CDP,N/A,1571550,2024,7,0,351938,2024-07-01,0,0
Urban Honolulu CDP,N/A,1571550,2024,8,1,351938,2024-08-01,3.4096914797492737,0
Urban Honolulu CDP,N/A,1571550,2024,9,3,351938,2024-09-01,10.229074439247823,0
Urban Honolulu CDP,N/A,1571550,2024,10,2,351938,2024-10-01,6.819382959498547,0
Urban Honolulu CDP,N/A,1571550,2024,11,1,351938,2024-11-01,3.4096914797492737,0
Urban Honolulu CDP,N/A,1571550,2024,12,1,351938,2024-12-01,3.4096914797492737,0
Urban Honolulu CDP,N/A,1571550,2025,1,1,351938,2025-01-01,3.4096914797492737,0
Urban Honolulu CDP,N/A,1571550,2025,2,5,351938,2025-02-01,17.048457398746372,0
Urban Honolulu CDP,N/A,1571550,2025,3,0,351938,2025-03-01,0,0
Urban Honolulu CDP,N/A,1571550,2025,4,0,351938,2025-04-01,0,0
Urban Honolulu CDP,N/A,1571550,2025,5,1,351938,2025-05-01,3.4096914797492737,0
Urban Honolulu CDP,N/A,1571550,2025,6,3,351938,2025-06-01,10.229074439247823,0
Urban Honolulu CDP,N/A,1571550,2025,7,5,351938,2025-07-01,17.048457398746372,0
Urban Honolulu CDP,N/A,1571550,2025,8,0,351938,2025-08-01,0,0
Urban Honolulu CDP,N/A,1571550,2025,9,1,351938,2025-09-01,3.4096914797492737,0
Virginia Beach,VA,5182000,2018,1,7,450135,2018-01-01,18.66106834616282,0
Virginia Beach,VA,5182000,2018,2,2,450141,2018-02-01,5.331662745673023,0
Virginia Beach,VA,5182000,2018,3,1,450146,2018-03-01,2.665801762094965,0
Virginia Beach,VA,5182000,2018,4,11,450151,2018-04-01,29.323493672123355,0
Virginia Beach,VA,5182000,2018,5,3,450157,2018-05-01,7.997209862336918,0
Virginia Beach,VA,5182000,2018,6,2,450163,2018-06-01,5.3314021809877765,0
Virginia Beach,VA,5182000,2018,7,11,450168,2018-07-01,29.322386309111263,0
Virginia Beach,VA,5182000,2018,8,9,450173,2018-08-01,23.99077687911092,0
Virginia Beach,VA,5182000,2018,9,2,450179,2018-09-01,5.331212695394498,0
Virginia Beach,VA,5182000,2018,10,4,450185,2018-10-01,10.66228328353899,0
Virginia Beach,VA,5182000,2018,11,3,450190,2018-11-01,7.996623647793154,0
Virginia Beach,VA,5182000,2018,12,10,450195,2018-12-01,26.655116116349582,0
Virginia Beach,VA,5182000,2019,1,5,450201,2019-01-01,13.327380436738258,0
Virginia Beach,VA,5182000,2019,2,4,450258,2019-02-01,10.660554615353865,0
Virginia Beach,VA,5182000,2019,3,6,450315,2019-03-01,15.988807834515839,0
Virginia Beach,VA,5182000,2019,4,1,450371,2019-04-01,2.664469959211406,0
Virginia Beach,VA,5182000,2019,5,23,450428,2019-05-01,61.27505394868881,0
Virginia Beach,VA,5182000,2019,6,1,450485,2019-06-01,2.6637956868708175,0
Virginia Beach,VA,5182000,2019,7,2,450541,2019-07-01,5.326929180696096,0
Virginia Beach,VA,5182000,2019,8,1,450598,2019-08-01,2.663127665901757,0
Virginia Beach,VA,5182000,2019,9,3,450655,2019-09-01,7.988372480056806,0
Virginia Beach,VA,5182000,2019,10,1,450712,2019-10-01,2.6624540726672468,0
Virginia Beach,VA,5182000,2019,11,5,450769,2019-11-01,13.310587019071853,0
Virginia Beach,VA,5182000,2019,12,6,450825,2019-12-01,15.970720346032273,0
Virginia Beach,VA,5182000,2020,1,4,450882,2020-01-01,10.645800896908725,0
Virginia Beach,VA,5182000,2020,2,6,451447,2020-02-01,15.948716017605612,0
Virginia Beach,VA,5182000,2020,3,2,452011,2020-03-01,5.309605297216217,0
Virginia Beach,VA,5182000,2020,4,2,452576,2020-04-01,5.302976737608711,0
Virginia Beach,VA,5182000,2020,5,6,453141,2020-05-01,15.889094123021312,0
Virginia Beach,VA,5182000,2020,6,19,453705,2020-06-01,50.252917644725095,0
Virginia Beach,VA,5182000,2020,7,9,454270,2020-07-01,23.77440729081824,0
Virginia Beach,VA,5182000,2020,8,11,454835,2020-08-01,29.021513296030427,0
Virginia Beach,VA,5182000,2020,9,5,455399,2020-09-01,13.17525949771519,0
Virginia Beach,VA,5182000,2020,10,3,455964,2020-10-01,7.895360160012633,0
Virginia Beach,VA,5182000,2020,11,13,456529,2020-11-01,34.17088509163712,0
Virginia Beach,VA,5182000,2020,12,2,457093,2020-12-01,5.250572640578613,0
Virginia Beach,VA,5182000,2021,1,4,457658,2021-01-01,10.48818113088813,0
Virginia Beach,VA,5182000,2021,2,8,457410,2021-02-01,20.98773529218863,0
Virginia Beach,VA,5182000,2021,3,10,457162,2021-03-01,26.248900827277858,0
Virginia Beach,VA,5182000,2021,4,4,456914,2021-04-01,10.505259195384689,0
Virginia Beach,VA,5182000,2021,5,8,456666,2021-05-01,21.02192849916569,0
Virginia Beach,VA,5182000,2021,6,8,456418,2021-06-01,21.033351007190777,0
Virginia Beach,VA,5182000,2021,7,2,456170,2021-07-01,5.261196483767016,0
Virginia Beach,VA,5182000,2021,8,2,455922,2021-08-01,5.264058325766249,0
Virginia Beach,VA,5182000,2021,9,1,455674,2021-09-01,2.633461641436641,0
Virginia Beach,VA,5182000,2021,10,5,455426,2021-10-01,13.174478400442663,0
Virginia Beach,VA,5182000,2021,11,3,455178,2021-11-01,7.908993844166458,0
Virginia Beach,VA,5182000,2021,12,2,454930,2021-12-01,5.275536895786164,0
Virginia Beach,VA,5182000,2022,1,4,454682,2022-01-01,10.556828728649913,0
Virginia Beach,VA,5182000,2022,2,5,455247,2022-02-01,13.179658515047874,0
Virginia Beach,VA,5182000,2022,3,9,455811,2022-03-01,23.69403107867077,0
Virginia Beach,VA,5182000,2022,4,3,456376,2022-04-01,7.888232510035585,0
Virginia Beach,VA,5182000,2022,5,6,456941,2022-05-01,15.756957681626291,0
Virginia Beach,VA,5182000,2022,6,6,457505,2022-06-01,15.73753292313745,0
Virginia Beach,VA,5182000,2022,7,5,458070,2022-07-01,13.098434737048924,0
Virginia Beach,VA,5182000,2022,8,2,458635,2022-08-01,5.232919423942786,0
Virginia Beach,VA,5182000,2022,9,5,459199,2022-09-01,13.066230544927146,0
Virginia Beach,VA,5182000,2022,10,2,459764,2022-10-01,5.220069426923377,0
Virginia Beach,VA,5182000,2022,11,5,460329,2022-11-01,13.034156005813234,0
Virginia Beach,VA,5182000,2022,12,8,460893,2022-12-01,20.829129537658417,0
Virginia Beach,VA,5182000,2023,1,5,461458,2023-01-01,13.002266728499666,0
Virginia Beach,VA,5182000,2023,2,6,461458,2023-02-01,15.6027200741996,0
Virginia Beach,VA,5182000,2023,3,6,461458,2023-03-01,15.6027200741996,0
Virginia Beach,VA,5182000,2023,4,11,461458,2023-04-01,28.604986802699273,0
Virginia Beach,VA,5182000,2023,5,4,461458,2023-05-01,10.401813382799734,0
Virginia Beach,VA,5182000,2023,6,3,461458,2023-06-01,7.8013600370998,0
Virginia Beach,VA,5182000,2023,7,9,461458,2023-07-01,23.4040801112994,0
Virginia Beach,VA,5182000,2023,8,4,461458,2023-08-01,10.401813382799734,0
Virginia Beach,VA,5182000,2023,9,2,461458,2023-09-01,5.200906691399867,0
Virginia Beach,VA,5182000,2023,10,5,461458,2023-10-01,13.002266728499666,0
Virginia Beach,VA,5182000,2023,11,8,461458,2023-11-01,20.803626765599468,0
Virginia Beach,VA,5182000,2023,12,5,461458,2023-12-01,13.002266728499666,0
Virginia Beach,VA,5182000,2024,1,5,461458,2024-01-01,13.002266728499666,0
Virginia Beach,VA,5182000,2024,2,3,461458,2024-02-01,7.8013600370998,0
Virginia Beach,VA,5182000,2024,3,4,461458,2024-03-01,10.401813382799734,0
Virginia Beach,VA,5182000,2024,4,3,461458,2024-04-01,7.8013600370998,0
Virginia Beach,VA,5182000,2024,5,3,461458,2024-05-01,7.8013600370998,0
Virginia Beach,VA,5182000,2024,6,2,461458,2024-06-01,5.200906691399867,0
Virginia Beach,VA,5182000,2024,7,2,461458,2024-07-01,5.200906691399867,0
Virginia Beach,VA,5182000,2024,8,0,461458,2024-08-01,0,0
Virginia Beach,VA,5182000,2024,9,1,461458,2024-09-01,2.6004533456999335,0
Virginia Beach,VA,5182000,2024,10,1,461458,2024-10-01,2.6004533456999335,0
Virginia Beach,VA,5182000,2024,11,2,461458,2024-11-01,5.200906691399867,0
Virginia Beach,VA,5182000,2024,12,4,461458,2024-12-01,10.401813382799734,0
Virginia Beach,VA,5182000,2025,1,1,461458,2025-01-01,2.6004533456999335,0
Virginia Beach,VA,5182000,2025,2,2,461458,2025-02-01,5.200906691399867,0
Virginia Beach,VA,5182000,2025,3,1,461458,2025-03-01,2.6004533456999335,0
Virginia Beach,VA,5182000,2025,4,7,461458,2025-04-01,18.203173419899535,0
Virginia Beach,VA,5182000,2025,5,4,461458,2025-05-01,10.401813382799734,0
Virginia Beach,VA,5182000,2025,6,2,461458,2025-06-01,5.200906691399867,0
Virginia Beach,VA,5182000,2025,7,2,461458,2025-07-01,5.200906691399867,0
Virginia Beach,VA,5182000,2025,8,6,461458,2025-08-01,15.6027200741996,0
Virginia Beach,VA,5182000,2025,9,5,461458,2025-09-01,13.002266728499666,0
Washington,DC,1150000,2018,1,25,684498,2018-01-01,43.8277394528545,0
Washington,DC,1150000,2018,2,30,685180,2018-02-01,52.540938147640034,0
Washington,DC,1150000,2018,3,39,685862,2018-03-01,68.23530097891413,0
Washington,DC,1150000,2018,4,34,686544,2018-04-01,59.42809200866951,0
Washington,DC,1150000,2018,5,58,687226,2018-05-01,101.27672701556693,0
Washington,DC,1150000,2018,6,42,687908,2018-06-01,73.2656110991586,0
Washington,DC,1150000,2018,7,58,688590,2018-07-01,101.07611205506905,0
Washington,DC,1150000,2018,8,38,689273,2018-08-01,66.15666071353441,0
Washington,DC,1150000,2018,9,46,689955,2018-09-01,80.0052177315912,0
Washington,DC,1150000,2018,10,39,690637,2018-10-01,67.76352845271828,0
Washington,DC,1150000,2018,11,29,691319,2018-11-01,50.33855571740398,0
Washington,DC,1150000,2018,12,39,692001,2018-12-01,67.62996007231203,0
Washington,DC,1150000,2019,1,42,692683,2019-01-01,72.7605556943075,0
Washington,DC,1150000,2019,2,42,693457,2019-02-01,72.67934421312353,0
Washington,DC,1150000,2019,3,23,694231,2019-03-01,39.756219471616795,0
Washington,DC,1150000,2019,4,36,695006,2019-04-01,62.15773676774013,0
Washington,DC,1150000,2019,5,48,695780,2019-05-01,82.78478829515076,0
Washington,DC,1150000,2019,6,37,696554,2019-06-01,63.74236599028934,0
Washington,DC,1150000,2019,7,62,697329,2019-07-01,106.69282361697276,0
Washington,DC,1150000,2019,8,48,698103,2019-08-01,82.5093145280854,0
Washington,DC,1150000,2019,9,61,698877,2019-09-01,104.73946059177796,0
Washington,DC,1150000,2019,10,50,699651,2019-10-01,85.75704172508864,0
Washington,DC,1150000,2019,11,40,700425,2019-11-01,68.52982117999785,0
Washington,DC,1150000,2019,12,36,701200,2019-12-01,61.60867084997148,0
Washington,DC,1150000,2020,1,44,701974,2020-01-01,75.21646100852738,0
Washington,DC,1150000,2020,2,46,700406,2020-02-01,78.81143222645152,0
Washington,DC,1150000,2020,3,53,698837,2020-03-01,91.00834672462963,0
Washington,DC,1150000,2020,4,48,697269,2020-04-01,82.60800351084015,0
Washington,DC,1150000,2020,5,100,695701,2020-05-01,172.48789350597454,0
Washington,DC,1150000,2020,6,80,694132,2020-06-01,138.30222493704366,0
Washington,DC,1150000,2020,7,88,692564,2020-07-01,152.4768830028705,0
Washington,DC,1150000,2020,8,91,690996,2020-08-01,158.03275272215757,0
Washington,DC,1150000,2020,9,49,689427,2020-09-01,85.2882176067952,0
Washington,DC,1150000,2020,10,93,687859,2020-10-01,162.24255261616116,0
Washington,DC,1150000,2020,11,76,686291,2020-11-01,132.8882354569709,0
Washington,DC,1150000,2020,12,44,684722,2020-12-01,77.11158689219859,0
Washington,DC,1150000,2021,1,66,683154,2021-01-01,115.93286433220037,0
Washington,DC,1150000,2021,2,38,685171,2021-02-01,66.55272917271748,0
Washington,DC,1150000,2021,3,59,687188,2021-03-01,103.02857442213775,0
Washington,DC,1150000,2021,4,67,689204,2021-04-01,116.65631656229506,0
Washington,DC,1150000,2021,5,83,691221,2021-05-01,144.09284440142875,0
Washington,DC,1150000,2021,6,83,693238,2021-06-01,143.67360127402134,0
Washington,DC,1150000,2021,7,81,695255,2021-07-01,139.80481981431274,0
Washington,DC,1150000,2021,8,102,697272,2021-08-01,175.54125219426567,0
Washington,DC,1150000,2021,9,95,699289,2021-09-01,163.02272737022892,0
Washington,DC,1150000,2021,10,93,701306,2021-10-01,159.13167718513745,0
Washington,DC,1150000,2021,11,76,703322,2021-11-01,129.67033592010486,0
Washington,DC,1150000,2021,12,71,705339,2021-12-01,120.79298039666034,0
Washington,DC,1150000,2022,1,70,707356,2022-01-01,118.75208523006802,0
Washington,DC,1150000,2022,2,61,705788,2022-02-01,103.71386308636589,0
Washington,DC,1150000,2022,3,57,704219,2022-03-01,97.12887610246244,0
Washington,DC,1150000,2022,4,63,702651,2022-04-01,107.59253171204482,0
Washington,DC,1150000,2022,5,68,701083,2022-05-01,116.39135451865187,0
Washington,DC,1150000,2022,6,79,699514,2022-06-01,135.52266287736916,0
Washington,DC,1150000,2022,7,75,697946,2022-07-01,128.94980413957526,0
Washington,DC,1150000,2022,8,85,696378,2022-08-01,146.47217459483213,0
Washington,DC,1150000,2022,9,81,694809,2022-09-01,139.894560951283,0
Washington,DC,1150000,2022,10,70,693241,2022-10-01,121.16998273327746,0
Washington,DC,1150000,2022,11,78,691673,2022-11-01,135.32406209292543,0
Washington,DC,1150000,2022,12,71,690104,2022-12-01,123.45965245818022,0
Washington,DC,1150000,2023,1,71,688536,2023-01-01,123.7408065809195,0
Washington,DC,1150000,2023,2,71,688536,2023-02-01,123.7408065809195,0
Washington,DC,1150000,2023,3,81,688536,2023-03-01,141.16908919795043,0
Washington,DC,1150000,2023,4,87,688536,2023-04-01,151.62605876816897,0
Washington,DC,1150000,2023,5,92,688536,2023-05-01,160.34020007668445,0
Washington,DC,1150000,2023,6,102,688536,2023-06-01,177.76848269371538,0
Washington,DC,1150000,2023,7,108,688536,2023-07-01,188.2254522639339,0
Washington,DC,1150000,2023,8,74,688536,2023-08-01,128.96929136602878,0
Washington,DC,1150000,2023,9,68,688536,2023-09-01,118.51232179581024,0
Washington,DC,1150000,2023,10,75,688536,2023-10-01,130.7121196277319,0
Washington,DC,1150000,2023,11,67,688536,2023-11-01,116.76949353410716,0
Washington,DC,1150000,2023,12,53,688536,2023-12-01,92.36989787026387,0
Washington,DC,1150000,2024,1,48,688536,2024-01-01,83.6557565617484,0
Washington,DC,1150000,2024,2,58,688536,2024-02-01,101.08403917877934,0
Washington,DC,1150000,2024,3,49,688536,2024-03-01,85.3985848234515,0
Washington,DC,1150000,2024,4,66,688536,2024-04-01,115.02666527240405,0
Washington,DC,1150000,2024,5,70,688536,2024-05-01,121.99797831921643,0
Washington,DC,1150000,2024,6,83,688536,2024-06-01,144.65474572135662,0
Washington,DC,1150000,2024,7,75,688536,2024-07-01,130.7121196277319,0
Washington,DC,1150000,2024,8,61,688536,2024-08-01,106.3125239638886,0
Washington,DC,1150000,2024,9,47,688536,2024-09-01,81.91292830004531,0
Washington,DC,1150000,2024,10,59,688536,2024-10-01,102.82686744048242,0
Washington,DC,1150000,2024,11,40,688536,2024-11-01,69.71313046812367,0
Washington,DC,1150000,2024,12,27,688536,2024-12-01,47.056363065983476,0
Washington,DC,1150000,2025,1,37,688536,2025-01-01,64.48464568301439,0
Washington,DC,1150000,2025,2,41,688536,2025-02-01,71.45595872982676,0
Washington,DC,1150000,2025,3,37,688536,2025-03-01,64.48464568301439,0
Washington,DC,1150000,2025,4,43,688536,2025-04-01,74.94161525323294,0
Washington,DC,1150000,2025,5,53,688536,2025-05-01,92.36989787026387,0
Washington,DC,1150000,2025,6,47,688536,2025-06-01,81.91292830004531,0
Washington,DC,1150000,2025,7,41,688536,2025-07-01,71.45595872982676,0
Washington,DC,1150000,2025,8,27,688536,2025-08-01,47.056363065983476,0
Washington,DC,1150000,2025,9,14,688536,2025-09-01,24.399595663843286,0
Wichita,KS,2079000,2018,1,7,389563,2018-01-01,21.562622733678506,0
Wichita,KS,2079000,2018,2,11,389589,2018-02-01,33.881860114120265,0
Wichita,KS,2079000,2018,3,8,389615,2018-03-01,24.639708430116908,0
Wichita,KS,2079000,2018,4,15,389641,2018-04-01,46.196370505157304,0
Wichita,KS,2079000,2018,5,7,389668,2018-05-01,21.556812465996696,0
Wichita,KS,2079000,2018,6,14,389694,2018-06-01,43.1107484333862,0
Wichita,KS,2079000,2018,7,15,389720,2018-07-01,46.18700605562968,0
Wichita,KS,2079000,2018,8,14,389746,2018-08-01,43.10499658752111,0
Wichita,KS,2079000,2018,9,3,389772,2018-09-01,9.236168837166343,0
Wichita,KS,2079000,2018,10,7,389799,2018-10-01,21.549567854201783,0
Wichita,KS,2079000,2018,11,9,389825,2018-11-01,27.704739306098887,0
Wichita,KS,2079000,2018,12,4,389851,2018-12-01,12.312396274474093,0
Wichita,KS,2079000,2019,1,4,389877,2019-01-01,12.3115751890981,0
Wichita,KS,2079000,2019,2,8,389934,2019-02-01,24.61955100093862,0
Wichita,KS,2079000,2019,3,3,389992,2019-03-01,9.23095858376582,0
Wichita,KS,2079000,2019,4,15,390049,2019-04-01,46.148048065755845,0
Wichita,KS,2079000,2019,5,6,390107,2019-05-01,18.456474762052466,0
Wichita,KS,2079000,2019,6,7,390164,2019-06-01,21.52940814631796,0
Wichita,KS,2079000,2019,7,16,390221,2019-07-01,49.2028875944657,0
Wichita,KS,2079000,2019,8,13,390279,2019-08-01,39.97140507175636,0
Wichita,KS,2079000,2019,9,12,390336,2019-09-01,36.89129365469749,0
Wichita,KS,2079000,2019,10,7,390394,2019-10-01,21.516724129981505,0
Wichita,KS,2079000,2019,11,9,390451,2019-11-01,27.660321013392206,0
Wichita,KS,2079000,2019,12,9,390509,2019-12-01,27.65621278894981,0
Wichita,KS,2079000,2020,1,3,390566,2020-01-01,9.217392194917121,0
Wichita,KS,2079000,2020,2,4,390900,2020-02-01,12.279355333844972,0
Wichita,KS,2079000,2020,3,15,391234,2020-03-01,46.00827126476737,0
Wichita,KS,2079000,2020,4,6,391568,2020-04-01,18.387610836431985,0
Wichita,KS,2079000,2020,5,14,391902,2020-05-01,42.86785982209838,0
Wichita,KS,2079000,2020,6,17,392236,2020-06-01,52.009504481995535,0
Wichita,KS,2079000,2020,7,11,392570,2020-07-01,33.62457650864814,0
Wichita,KS,2079000,2020,8,10,392904,2020-08-01,30.541811740272436,0
Wichita,KS,2079000,2020,9,16,393238,2020-09-01,48.82539327328489,0
Wichita,KS,2079000,2020,10,10,393572,2020-10-01,30.48997388025571,0
Wichita,KS,2079000,2020,11,5,393906,2020-11-01,15.23206044081583,0
Wichita,KS,2079000,2020,12,10,394240,2020-12-01,30.438311688311693,0
Wichita,KS,2079000,2021,1,4,394574,2021-01-01,12.16501847562181,0
Wichita,KS,2079000,2021,2,9,394470,2021-02-01,27.378507871321013,0
Wichita,KS,2079000,2021,3,9,394366,2021-03-01,27.385727978578274,0
Wichita,KS,2079000,2021,4,16,394262,2021-04-01,48.69858114654723,0
Wichita,KS,2079000,2021,5,23,394158,2021-05-01,70.02268125979937,0
Wichita,KS,2079000,2021,6,14,394054,2021-06-01,42.6337507042182,0
Wichita,KS,2079000,2021,7,13,393950,2021-07-01,39.59893387485721,0
Wichita,KS,2079000,2021,8,10,393846,2021-08-01,30.46876190186012,0
Wichita,KS,2079000,2021,9,19,393742,2021-09-01,57.90593840636762,0
Wichita,KS,2079000,2021,10,12,393638,2021-10-01,36.58183407089763,0
Wichita,KS,2079000,2021,11,8,393534,2021-11-01,24.394334415831924,0
Wichita,KS,2079000,2021,12,1,393430,2021-12-01,3.0500978573062554,0
Wichita,KS,2079000,2022,1,8,393326,2022-01-01,24.407234711155628,0
Wichita,KS,2079000,2022,2,8,393660,2022-02-01,24.386526444139612,0
Wichita,KS,2079000,2022,3,5,393994,2022-03-01,15.228658304441185,0
Wichita,KS,2079000,2022,4,3,394328,2022-04-01,9.129455681564586,0
Wichita,KS,2079000,2022,5,16,394662,2022-05-01,48.649223892850074,0
Wichita,KS,2079000,2022,6,8,394996,2022-06-01,24.3040435852515,0
Wichita,KS,2079000,2022,7,3,395330,2022-07-01,9.10631624212683,0
Wichita,KS,2079000,2022,8,5,395664,2022-08-01,15.164381899793764,0
Wichita,KS,2079000,2022,9,4,395998,2022-09-01,12.121273339764342,0
Wichita,KS,2079000,2022,10,5,396332,2022-10-01,15.13882300697395,0
Wichita,KS,2079000,2022,11,1,396666,2022-11-01,3.025215168428854,0
Wichita,KS,2079000,2022,12,13,397000,2022-12-01,39.29471032745592,0
Wichita,KS,2079000,2023,1,16,397334,2023-01-01,48.322066573713805,0
Wichita,KS,2079000,2023,2,7,397334,2023-02-01,21.14090412599979,0
Wichita,KS,2079000,2023,3,5,397334,2023-03-01,15.100645804285563,0
Wichita,KS,2079000,2023,4,5,397334,2023-04-01,15.100645804285563,0
Wichita,KS,2079000,2023,5,6,397334,2023-05-01,18.120774965142676,0
Wichita,KS,2079000,2023,6,15,397334,2023-06-01,45.30193741285669,0
Wichita,KS,2079000,2023,7,27,397334,2023-07-01,81.54348734314205,0
Wichita,KS,2079000,2023,8,4,397334,2023-08-01,12.080516643428451,0
Wichita,KS,2079000,2023,9,12,397334,2023-09-01,36.24154993028535,0
Wichita,KS,2079000,2023,10,6,397334,2023-10-01,18.120774965142676,0
Wichita,KS,2079000,2023,11,4,397334,2023-11-01,12.080516643428451,0
Wichita,KS,2079000,2023,12,10,397334,2023-12-01,30.201291608571125,0
Wichita,KS,2079000,2024,1,9,397334,2024-01-01,27.181162447714016,0
Wichita,KS,2079000,2024,2,13,397334,2024-02-01,39.26167909114247,0
Wichita,KS,2079000,2024,3,5,397334,2024-03-01,15.100645804285563,0
Wichita,KS,2079000,2024,4,6,397334,2024-04-01,18.120774965142676,0
Wichita,KS,2079000,2024,5,5,397334,2024-05-01,15.100645804285563,0
Wichita,KS,2079000,2024,6,10,397334,2024-06-01,30.201291608571125,0
Wichita,KS,2079000,2024,7,16,397334,2024-07-01,48.322066573713805,0
Wichita,KS,2079000,2024,8,11,397334,2024-08-01,33.221420769428235,0
Wichita,KS,2079000,2024,9,10,397334,2024-09-01,30.201291608571125,0
Wichita,KS,2079000,2024,10,10,397334,2024-10-01,30.201291608571125,0
Wichita,KS,2079000,2024,11,18,397334,2024-11-01,54.36232489542803,0
Wichita,KS,2079000,2024,12,7,397334,2024-12-01,21.14090412599979,0
Wichita,KS,2079000,2025,1,3,397334,2025-01-01,9.060387482571338,0
Wichita,KS,2079000,2025,2,6,397334,2025-02-01,18.120774965142676,0
Wichita,KS,2079000,2025,3,5,397334,2025-03-01,15.100645804285563,0
Wichita,KS,2079000,2025,4,6,397334,2025-04-01,18.120774965142676,0
Wichita,KS,2079000,2025,5,8,397334,2025-05-01,24.161033286856902,0
Wichita,KS,2079000,2025,6,15,397334,2025-06-01,45.30193741285669,0
Wichita,KS,2079000,2025,7,4,397334,2025-07-01,12.080516643428451,0
Wichita,KS,2079000,2025,8,11,397334,2025-08-01,33.221420769428235,0
Wichita,KS,2079000,2025,9,14,397334,2025-09-01,42.28180825199958,0
Winston-Salem,NC,3775000,2018,1,8,242125,2018-01-01,39.648941662364486,0
Winston-Salem,NC,3775000,2018,2,5,242291,2018-02-01,24.763610699530727,0
Winston-Salem,NC,3775000,2018,3,2,242457,2018-03-01,9.898662443237358,0
Winston-Salem,NC,3775000,2018,4,5,242623,2018-04-01,24.729724716947697,0
Winston-Salem,NC,3775000,2018,5,10,242788,2018-05-01,49.42583653228331,0
Winston-Salem,NC,3775000,2018,6,5,242954,2018-06-01,24.69603299390008,0
Winston-Salem,NC,3775000,2018,7,7,243120,2018-07-01,34.550839091806516,0
Winston-Salem,NC,3775000,2018,8,10,243286,2018-08-01,49.32466315365455,0
Winston-Salem,NC,3775000,2018,9,5,243452,2018-09-01,24.645515337725712,0
Winston-Salem,NC,3775000,2018,10,9,243617,2018-10-01,44.33188160103769,0
Winston-Salem,NC,3775000,2018,11,9,243783,2018-11-01,44.30169453981615,0
Winston-Salem,NC,3775000,2018,12,6,243949,2018-12-01,29.514365707586425,0
Winston-Salem,NC,3775000,2019,1,5,244115,2019-01-01,24.578579767732418,0
Winston-Salem,NC,3775000,2019,2,5,244254,2019-02-01,24.564592596231794,0
Winston-Salem,NC,3775000,2019,3,6,244394,2019-03-01,29.46062505626161,0
Winston-Salem,NC,3775000,2019,4,10,244533,2019-04-01,49.07313123382121,0
Winston-Salem,NC,3775000,2019,5,22,244672,2019-05-01,107.89955532304474,0
Winston-Salem,NC,3775000,2019,6,8,244812,2019-06-01,39.21376403117494,0
Winston-Salem,NC,3775000,2019,7,5,244951,2019-07-01,24.494694857338814,0
Winston-Salem,NC,3775000,2019,8,13,245090,2019-08-01,63.65008772287731,0
Winston-Salem,NC,3775000,2019,9,6,245230,2019-09-01,29.360192472372873,0
Winston-Salem,NC,3775000,2019,10,12,245369,2019-10-01,58.687120214860066,0
Winston-Salem,NC,3775000,2019,11,7,245508,2019-11-01,34.21477100542548,0
Winston-Salem,NC,3775000,2019,12,7,245648,2019-12-01,34.19527128248551,0
Winston-Salem,NC,3775000,2020,1,7,245787,2020-01-01,34.17593281988063,0
Winston-Salem,NC,3775000,2020,2,3,245965,2020-02-01,14.636228731730125,0
Winston-Salem,NC,3775000,2020,3,7,246142,2020-03-01,34.12664234466284,0
Winston-Salem,NC,3775000,2020,4,5,246319,2020-04-01,24.358656863660535,0
Winston-Salem,NC,3775000,2020,5,12,246497,2020-05-01,58.41856087498023,0
Winston-Salem,NC,3775000,2020,6,12,246675,2020-06-01,58.376406202493165,0
Winston-Salem,NC,3775000,2020,7,19,246852,2020-07-01,92.36303534101404,0
Winston-Salem,NC,3775000,2020,8,15,247029,2020-08-01,72.86593881690004,0
Winston-Salem,NC,3775000,2020,9,4,247207,2020-09-01,19.416925896111355,0
Winston-Salem,NC,3775000,2020,10,3,247385,2020-10-01,14.552216181255938,0
Winston-Salem,NC,3775000,2020,11,10,247562,2020-11-01,48.47270582722712,0
Winston-Salem,NC,3775000,2020,12,14,247739,2020-12-01,67.81330351700781,0
Winston-Salem,NC,3775000,2021,1,11,247917,2021-01-01,53.24362589092318,0
Winston-Salem,NC,3775000,2021,2,5,248061,2021-02-01,24.18759901798348,0
Winston-Salem,NC,3775000,2021,3,8,248206,2021-03-01,38.67755009951411,0
Winston-Salem,NC,3775000,2021,4,17,248350,2021-04-01,82.14213811153614,0
Winston-Salem,NC,3775000,2021,5,22,248494,2021-05-01,106.23998969794039,0
Winston-Salem,NC,3775000,2021,6,17,248639,2021-06-01,82.04666202808087,0
Winston-Salem,NC,3775000,2021,7,13,248783,2021-07-01,62.7052491528762,0
Winston-Salem,NC,3775000,2021,8,12,248927,2021-08-01,57.848284838526965,0
Winston-Salem,NC,3775000,2021,9,16,249072,2021-09-01,77.08614376565812,0
Winston-Salem,NC,3775000,2021,10,22,249216,2021-10-01,105.9322033898305,0
Winston-Salem,NC,3775000,2021,11,15,249360,2021-11-01,72.18479307025987,0
Winston-Salem,NC,3775000,2021,12,19,249505,2021-12-01,91.38093424981463,0
Winston-Salem,NC,3775000,2022,1,13,249649,2022-01-01,62.487732776818646,0
Winston-Salem,NC,3775000,2022,2,12,249827,2022-02-01,57.63988680166676,0
Winston-Salem,NC,3775000,2022,3,13,250004,2022-03-01,62.39900161597415,0
Winston-Salem,NC,3775000,2022,4,17,250181,2022-04-01,81.54096434181652,0
Winston-Salem,NC,3775000,2022,5,16,250359,2022-05-01,76.68987334188105,0
Winston-Salem,NC,3775000,2022,6,12,250537,2022-06-01,57.47654039123961,0
Winston-Salem,NC,3775000,2022,7,14,250714,2022-07-01,67.00862337165056,0
Winston-Salem,NC,3775000,2022,8,17,250891,2022-08-01,81.3102104100984,0
Winston-Salem,NC,3775000,2022,9,10,251069,2022-09-01,47.79562590363605,0
Winston-Salem,NC,3775000,2022,10,20,251247,2022-10-01,95.52352863914793,0
Winston-Salem,NC,3775000,2022,11,22,251424,2022-11-01,105.00190912562047,0
Winston-Salem,NC,3775000,2022,12,4,251601,2022-12-01,19.07782560482669,0
Winston-Salem,NC,3775000,2023,1,27,251779,2023-01-01,128.68428264470032,0
Winston-Salem,NC,3775000,2023,2,14,251779,2023-02-01,66.72518359354831,0
Winston-Salem,NC,3775000,2023,3,11,251779,2023-03-01,52.426929966359396,0
Winston-Salem,NC,3775000,2023,4,19,251779,2023-04-01,90.55560630552985,0
Winston-Salem,NC,3775000,2023,5,19,251779,2023-05-01,90.55560630552985,0
Winston-Salem,NC,3775000,2023,6,24,251779,2023-06-01,114.38602901751139,0
Winston-Salem,NC,3775000,2023,7,13,251779,2023-07-01,61.959099051152,0
Winston-Salem,NC,3775000,2023,8,12,251779,2023-08-01,57.193014508755695,0
Winston-Salem,NC,3775000,2023,9,3,251779,2023-09-01,14.298253627188924,0
Winston-Salem,NC,3775000,2023,10,12,251779,2023-10-01,57.193014508755695,0
Winston-Salem,NC,3775000,2023,11,14,251779,2023-11-01,66.72518359354831,0
Winston-Salem,NC,3775000,2023,12,7,251779,2023-12-01,33.362591796774154,0
Winston-Salem,NC,3775000,2024,1,6,251779,2024-01-01,28.596507254377848,0
Winston-Salem,NC,3775000,2024,2,6,251779,2024-02-01,28.596507254377848,0
Winston-Salem,NC,3775000,2024,3,4,251779,2024-03-01,19.06433816958523,0
Winston-Salem,NC,3775000,2024,4,3,251779,2024-04-01,14.298253627188924,0
Winston-Salem,NC,3775000,2024,5,4,251779,2024-05-01,19.06433816958523,0
Winston-Salem,NC,3775000,2024,6,11,251779,2024-06-01,52.426929966359396,0
Winston-Salem,NC,3775000,2024,7,0,251779,2024-07-01,0,0
Winston-Salem,NC,3775000,2024,8,7,251779,2024-08-01,33.362591796774154,0
Winston-Salem,NC,3775000,2024,9,0,251779,2024-09-01,0,0
Winston-Salem,NC,3775000,2024,10,7,251779,2024-10-01,33.362591796774154,0
Winston-Salem,NC,3775000,2024,11,3,251779,2024-11-01,14.298253627188924,0
Winston-Salem,NC,3775000,2024,12,11,251779,2024-12-01,52.426929966359396,0
Winston-Salem,NC,3775000,2025,1,8,251779,2025-01-01,38.12867633917046,0
Winston-Salem,NC,3775000,2025,2,5,251779,2025-02-01,23.830422711981537,0
Winston-Salem,NC,3775000,2025,3,2,251779,2025-03-01,9.532169084792615,0
Winston-Salem,NC,3775000,2025,4,5,251779,2025-04-01,23.830422711981537,0
Winston-Salem,NC,3775000,2025,5,7,251779,2025-05-01,33.362591796774154,0
Winston-Salem,NC,3775000,2025,6,10,251779,2025-06-01,47.660845423963075,0
Winston-Salem,NC,3775000,2025,7,8,251779,2025-07-01,38.12867633917046,0
Winston-Salem,NC,3775000,2025,8,10,251779,2025-08-01,47.660845423963075,0
Winston-Salem,NC,3775000,2025,9,9,251779,2025-09-01,42.894760881566775,0
