month_date,boro,shooting_incidents,shooting_rate,pop_2020,year,month,treated
2018-01-01T00:00:00Z,Manhattan,7,4.957943067467571,1694251,2018,1,1
2018-01-01T00:00:00Z,Brooklyn,13,5.701600176018632,2736074,2018,1,1
2018-01-01T00:00:00Z,Queens,12,5.986371028624831,2405464,2018,1,1
2018-01-01T00:00:00Z,Bronx,26,21.186239265978294,1472654,2018,1,1
2018-01-01T00:00:00Z,Staten Island,1,2.4205895345811475,495747,2018,1,1
2018-02-01T00:00:00Z,Manhattan,4,2.8331103242671833,1694251,2018,2,1
2018-02-01T00:00:00Z,Brooklyn,13,5.701600176018632,2736074,2018,2,1
2018-02-01T00:00:00Z,Queens,6,2.9931855143124153,2405464,2018,2,1
2018-02-01T00:00:00Z,Bronx,12,9.778264276605366,1472654,2018,2,1
2018-02-01T00:00:00Z,Staten Island,1,2.4205895345811475,495747,2018,2,1
2018-03-01T00:00:00Z,Manhattan,2,1.4165551621335917,1694251,2018,3,1
2018-03-01T00:00:00Z,Brooklyn,22,9.648861836339222,2736074,2018,3,1
2018-03-01T00:00:00Z,Queens,9,4.489778271468623,2405464,2018,3,1
2018-03-01T00:00:00Z,Bronx,12,9.778264276605366,1472654,2018,3,1
2018-03-01T00:00:00Z,Staten Island,1,2.4205895345811475,495747,2018,3,1
2018-04-01T00:00:00Z,Manhattan,7,4.957943067467571,1694251,2018,4,1
2018-04-01T00:00:00Z,Brooklyn,26,11.403200352037263,2736074,2018,4,1
2018-04-01T00:00:00Z,Queens,4,1.9954570095416102,2405464,2018,4,1
2018-04-01T00:00:00Z,Bronx,11,8.963408920221587,1472654,2018,4,1
2018-04-01T00:00:00Z,Staten Island,1,2.4205895345811475,495747,2018,4,1
2018-05-01T00:00:00Z,Manhattan,10,7.082775810667959,1694251,2018,5,1
2018-05-01T00:00:00Z,Brooklyn,33,14.473292754508833,2736074,2018,5,1
2018-05-01T00:00:00Z,Queens,10,4.988642523854026,2405464,2018,5,1
2018-05-01T00:00:00Z,Bronx,22,17.926817840443174,1472654,2018,5,1
2018-05-01T00:00:00Z,Staten Island,2,4.841179069162295,495747,2018,5,1
2018-06-01T00:00:00Z,Manhattan,9,6.374498229601164,1694251,2018,6,1
2018-06-01T00:00:00Z,Brooklyn,29,12.718954238810792,2736074,2018,6,1
2018-06-01T00:00:00Z,Queens,13,6.485235281010233,2405464,2018,6,1
2018-06-01T00:00:00Z,Bronx,17,13.85254105852427,1472654,2018,6,1
2018-06-01T00:00:00Z,Staten Island,2,4.841179069162295,495747,2018,6,1
2018-07-01T00:00:00Z,Manhattan,11,7.791053391734755,1694251,2018,7,1
2018-07-01T00:00:00Z,Brooklyn,43,18.859139043753935,2736074,2018,7,1
2018-07-01T00:00:00Z,Queens,17,8.480692290551843,2405464,2018,7,1
2018-07-01T00:00:00Z,Bronx,17,13.85254105852427,1472654,2018,7,1
2018-07-01T00:00:00Z,Staten Island,1,2.4205895345811475,495747,2018,7,1
2018-08-01T00:00:00Z,Manhattan,9,6.374498229601164,1694251,2018,8,1
2018-08-01T00:00:00Z,Brooklyn,28,12.280369609886282,2736074,2018,8,1
2018-08-01T00:00:00Z,Queens,11,5.487506776239429,2405464,2018,8,1
2018-08-01T00:00:00Z,Bronx,24,19.556528553210732,1472654,2018,8,1
2018-08-01T00:00:00Z,Staten Island,4,9.68235813832459,495747,2018,8,1
2018-09-01T00:00:00Z,Manhattan,6,4.249665486400775,1694251,2018,9,1
2018-09-01T00:00:00Z,Brooklyn,34,14.911877383433342,2736074,2018,9,1
2018-09-01T00:00:00Z,Queens,10,4.988642523854026,2405464,2018,9,1
2018-09-01T00:00:00Z,Bronx,20,16.29710712767561,1472654,2018,9,1
2018-09-01T00:00:00Z,Staten Island,1,2.4205895345811475,495747,2018,9,1
2018-10-01T00:00:00Z,Manhattan,6,4.249665486400775,1694251,2018,10,1
2018-10-01T00:00:00Z,Brooklyn,23,10.087446465263731,2736074,2018,10,1
2018-10-01T00:00:00Z,Queens,5,2.494321261927013,2405464,2018,10,1
2018-10-01T00:00:00Z,Bronx,31,25.260516047897198,1472654,2018,10,1
2018-10-01T00:00:00Z,Staten Island,3,7.261768603743441,495747,2018,10,1
2018-11-01T00:00:00Z,Manhattan,8,5.666220648534367,1694251,2018,11,1
2018-11-01T00:00:00Z,Brooklyn,26,11.403200352037263,2736074,2018,11,1
2018-11-01T00:00:00Z,Queens,6,2.9931855143124153,2405464,2018,11,1
2018-11-01T00:00:00Z,Bronx,15,12.222830345756709,1472654,2018,11,1
2018-11-01T00:00:00Z,Staten Island,0,0,495747,2018,11,1
2018-12-01T00:00:00Z,Manhattan,7,4.957943067467571,1694251,2018,12,1
2018-12-01T00:00:00Z,Brooklyn,21,9.210277207414713,2736074,2018,12,1
2018-12-01T00:00:00Z,Queens,7,3.492049766697818,2405464,2018,12,1
2018-12-01T00:00:00Z,Bronx,20,16.29710712767561,1472654,2018,12,1
2018-12-01T00:00:00Z,Staten Island,3,7.261768603743441,495747,2018,12,1
2019-01-01T00:00:00Z,Manhattan,7,4.957943067467571,1694251,2019,1,1
2019-01-01T00:00:00Z,Brooklyn,19,8.333107949565692,2736074,2019,1,1
2019-01-01T00:00:00Z,Queens,8,3.9909140190832204,2405464,2019,1,1
2019-01-01T00:00:00Z,Bronx,16,13.03768570214049,1472654,2019,1,1
2019-01-01T00:00:00Z,Staten Island,2,4.841179069162295,495747,2019,1,1
2019-02-01T00:00:00Z,Manhattan,9,6.374498229601164,1694251,2019,2,1
2019-02-01T00:00:00Z,Brooklyn,13,5.701600176018632,2736074,2019,2,1
2019-02-01T00:00:00Z,Queens,10,4.988642523854026,2405464,2019,2,1
2019-02-01T00:00:00Z,Bronx,10,8.148553563837805,1472654,2019,2,1
2019-02-01T00:00:00Z,Staten Island,0,0,495747,2019,2,1
2019-03-01T00:00:00Z,Manhattan,7,4.957943067467571,1694251,2019,3,1
2019-03-01T00:00:00Z,Brooklyn,26,11.403200352037263,2736074,2019,3,1
2019-03-01T00:00:00Z,Queens,10,4.988642523854026,2405464,2019,3,1
2019-03-01T00:00:00Z,Bronx,12,9.778264276605366,1472654,2019,3,1
2019-03-01T00:00:00Z,Staten Island,1,2.4205895345811475,495747,2019,3,1
2019-04-01T00:00:00Z,Manhattan,11,7.791053391734755,1694251,2019,4,1
2019-04-01T00:00:00Z,Brooklyn,19,8.333107949565692,2736074,2019,4,1
2019-04-01T00:00:00Z,Queens,15,7.482963785781038,2405464,2019,4,1
2019-04-01T00:00:00Z,Bronx,15,12.222830345756709,1472654,2019,4,1
2019-04-01T00:00:00Z,Staten Island,2,4.841179069162295,495747,2019,4,1
2019-05-01T00:00:00Z,Manhattan,14,9.915886134935143,1694251,2019,5,1
2019-05-01T00:00:00Z,Brooklyn,24,10.526031094188243,2736074,2019,5,1
2019-05-01T00:00:00Z,Queens,5,2.494321261927013,2405464,2019,5,1
2019-05-01T00:00:00Z,Bronx,17,13.85254105852427,1472654,2019,5,1
2019-05-01T00:00:00Z,Staten Island,1,2.4205895345811475,495747,2019,5,1
2019-06-01T00:00:00Z,Manhattan,11,7.791053391734755,1694251,2019,6,1
2019-06-01T00:00:00Z,Brooklyn,40,17.543385156980403,2736074,2019,6,1
2019-06-01T00:00:00Z,Queens,9,4.489778271468623,2405464,2019,6,1
2019-06-01T00:00:00Z,Bronx,26,21.186239265978294,1472654,2019,6,1
2019-06-01T00:00:00Z,Staten Island,3,7.261768603743441,495747,2019,6,1
2019-07-01T00:00:00Z,Manhattan,15,10.624163716001938,1694251,2019,7,1
2019-07-01T00:00:00Z,Brooklyn,29,12.718954238810792,2736074,2019,7,1
2019-07-01T00:00:00Z,Queens,14,6.984099533395636,2405464,2019,7,1
2019-07-01T00:00:00Z,Bronx,29,23.630805335129637,1472654,2019,7,1
2019-07-01T00:00:00Z,Staten Island,1,2.4205895345811475,495747,2019,7,1
2019-08-01T00:00:00Z,Manhattan,12,8.49933097280155,1694251,2019,8,1
2019-08-01T00:00:00Z,Brooklyn,32,14.034708125584322,2736074,2019,8,1
2019-08-01T00:00:00Z,Queens,20,9.977285047708053,2405464,2019,8,1
2019-08-01T00:00:00Z,Bronx,24,19.556528553210732,1472654,2019,8,1
2019-08-01T00:00:00Z,Staten Island,3,7.261768603743441,495747,2019,8,1
2019-09-01T00:00:00Z,Manhattan,11,7.791053391734755,1694251,2019,9,1
2019-09-01T00:00:00Z,Brooklyn,25,10.964615723112752,2736074,2019,9,1
2019-09-01T00:00:00Z,Queens,9,4.489778271468623,2405464,2019,9,1
2019-09-01T00:00:00Z,Bronx,19,15.482251771291832,1472654,2019,9,1
2019-09-01T00:00:00Z,Staten Island,3,7.261768603743441,495747,2019,9,1
2019-10-01T00:00:00Z,Manhattan,11,7.791053391734755,1694251,2019,10,1
2019-10-01T00:00:00Z,Brooklyn,21,9.210277207414713,2736074,2019,10,1
2019-10-01T00:00:00Z,Queens,12,5.986371028624831,2405464,2019,10,1
2019-10-01T00:00:00Z,Bronx,17,13.85254105852427,1472654,2019,10,1
2019-10-01T00:00:00Z,Staten Island,1,2.4205895345811475,495747,2019,10,1
2019-11-01T00:00:00Z,Manhattan,6,4.249665486400775,1694251,2019,11,1
2019-11-01T00:00:00Z,Brooklyn,17,7.455938691716671,2736074,2019,11,1
2019-11-01T00:00:00Z,Queens,5,2.494321261927013,2405464,2019,11,1
2019-11-01T00:00:00Z,Bronx,21,17.11196248405939,1472654,2019,11,1
2019-11-01T00:00:00Z,Staten Island,2,4.841179069162295,495747,2019,11,1
2019-12-01T00:00:00Z,Manhattan,6,4.249665486400775,1694251,2019,12,1
2019-12-01T00:00:00Z,Brooklyn,25,10.964615723112752,2736074,2019,12,1
2019-12-01T00:00:00Z,Queens,8,3.9909140190832204,2405464,2019,12,1
2019-12-01T00:00:00Z,Bronx,12,9.778264276605366,1472654,2019,12,1
2019-12-01T00:00:00Z,Staten Island,5,12.102947672905735,495747,2019,12,1
2020-01-01T00:00:00Z,Manhattan,13,9.207608553868347,1694251,2020,1,1
2020-01-01T00:00:00Z,Brooklyn,21,9.210277207414713,2736074,2020,1,1
2020-01-01T00:00:00Z,Queens,12,5.986371028624831,2405464,2020,1,1
2020-01-01T00:00:00Z,Bronx,19,15.482251771291832,1472654,2020,1,1
2020-01-01T00:00:00Z,Staten Island,1,2.4205895345811475,495747,2020,1,1
2020-02-01T00:00:00Z,Manhattan,5,3.5413879053339796,1694251,2020,2,1
2020-02-01T00:00:00Z,Brooklyn,13,5.701600176018632,2736074,2020,2,1
2020-02-01T00:00:00Z,Queens,16,7.981828038166441,2405464,2020,2,1
2020-02-01T00:00:00Z,Bronx,9,7.333698207454026,1472654,2020,2,1
2020-02-01T00:00:00Z,Staten Island,2,4.841179069162295,495747,2020,2,1
2020-03-01T00:00:00Z,Manhattan,9,6.374498229601164,1694251,2020,3,1
2020-03-01T00:00:00Z,Brooklyn,26,11.403200352037263,2736074,2020,3,1
2020-03-01T00:00:00Z,Queens,6,2.9931855143124153,2405464,2020,3,1
2020-03-01T00:00:00Z,Bronx,12,9.778264276605366,1472654,2020,3,1
2020-03-01T00:00:00Z,Staten Island,3,7.261768603743441,495747,2020,3,1
2020-04-01T00:00:00Z,Manhattan,6,4.249665486400775,1694251,2020,4,1
2020-04-01T00:00:00Z,Brooklyn,25,10.964615723112752,2736074,2020,4,1
2020-04-01T00:00:00Z,Queens,8,3.9909140190832204,2405464,2020,4,1
2020-04-01T00:00:00Z,Bronx,15,12.222830345756709,1472654,2020,4,1
2020-04-01T00:00:00Z,Staten Island,2,4.841179069162295,495747,2020,4,1
2020-05-01T00:00:00Z,Manhattan,17,12.040718878135529,1694251,2020,5,1
2020-05-01T00:00:00Z,Brooklyn,40,17.543385156980403,2736074,2020,5,1
2020-05-01T00:00:00Z,Queens,17,8.480692290551843,2405464,2020,5,1
2020-05-01T00:00:00Z,Bronx,23,18.741673196826955,1472654,2020,5,1
2020-05-01T00:00:00Z,Staten Island,3,7.261768603743441,495747,2020,5,1
2020-06-01T00:00:00Z,Manhattan,27,19.12349468880349,1694251,2020,6,1
2020-06-01T00:00:00Z,Brooklyn,86,37.71827808750787,2736074,2020,6,1
2020-06-01T00:00:00Z,Queens,29,14.467063319176674,2405464,2020,6,1
2020-06-01T00:00:00Z,Bronx,59,48.076466026643054,1472654,2020,6,1
2020-06-01T00:00:00Z,Staten Island,4,9.68235813832459,495747,2020,6,1
2020-07-01T00:00:00Z,Manhattan,32,22.664882594137467,1694251,2020,7,1
2020-07-01T00:00:00Z,Brooklyn,123,53.94590935771475,2736074,2020,7,1
2020-07-01T00:00:00Z,Queens,25,12.471606309635064,2405464,2020,7,1
2020-07-01T00:00:00Z,Bronx,53,43.18733388834037,1472654,2020,7,1
2020-07-01T00:00:00Z,Staten Island,10,24.20589534581147,495747,2020,7,1
2020-08-01T00:00:00Z,Manhattan,26,18.415217107736694,1694251,2020,8,1
2020-08-01T00:00:00Z,Brooklyn,109,47.80572455277159,2736074,2020,8,1
2020-08-01T00:00:00Z,Queens,38,18.956841590645297,2405464,2020,8,1
2020-08-01T00:00:00Z,Bronx,66,53.78045352132951,1472654,2020,8,1
2020-08-01T00:00:00Z,Staten Island,2,4.841179069162295,495747,2020,8,1
2020-09-01T00:00:00Z,Manhattan,18,12.748996459202328,1694251,2020,9,1
2020-09-01T00:00:00Z,Brooklyn,64,28.069416251168644,2736074,2020,9,1
2020-09-01T00:00:00Z,Queens,27,13.469334814405869,2405464,2020,9,1
2020-09-01T00:00:00Z,Bronx,36,29.334792829816102,1472654,2020,9,1
2020-09-01T00:00:00Z,Staten Island,5,12.102947672905735,495747,2020,9,1
2020-10-01T00:00:00Z,Manhattan,22,15.58210678346951,1694251,2020,10,1
2020-10-01T00:00:00Z,Brooklyn,50,21.929231446225504,2736074,2020,10,1
2020-10-01T00:00:00Z,Queens,26,12.970470562020466,2405464,2020,10,1
2020-10-01T00:00:00Z,Bronx,36,29.334792829816102,1472654,2020,10,1
2020-10-01T00:00:00Z,Staten Island,1,2.4205895345811475,495747,2020,10,1
2020-11-01T00:00:00Z,Manhattan,16,11.332441297068733,1694251,2020,11,1
2020-11-01T00:00:00Z,Brooklyn,49,21.490646817300995,2736074,2020,11,1
2020-11-01T00:00:00Z,Queens,15,7.482963785781038,2405464,2020,11,1
2020-11-01T00:00:00Z,Bronx,30,24.445660691513417,1472654,2020,11,1
2020-11-01T00:00:00Z,Staten Island,6,14.523537207486882,495747,2020,11,1
2020-12-01T00:00:00Z,Manhattan,21,14.873829202402714,1694251,2020,12,1
2020-12-01T00:00:00Z,Brooklyn,46,20.174892930527463,2736074,2020,12,1
2020-12-01T00:00:00Z,Queens,19,9.478420795322648,2405464,2020,12,1
2020-12-01T00:00:00Z,Bronx,31,25.260516047897198,1472654,2020,12,1
2020-12-01T00:00:00Z,Staten Island,2,4.841179069162295,495747,2020,12,1
2021-01-01T00:00:00Z,Manhattan,12,8.49933097280155,1694251,2021,1,1
2021-01-01T00:00:00Z,Brooklyn,27,11.841784980961773,2736074,2021,1,1
2021-01-01T00:00:00Z,Queens,13,6.485235281010233,2405464,2021,1,1
2021-01-01T00:00:00Z,Bronx,23,18.741673196826955,1472654,2021,1,1
2021-01-01T00:00:00Z,Staten Island,1,2.4205895345811475,495747,2021,1,1
2021-02-01T00:00:00Z,Manhattan,14,9.915886134935143,1694251,2021,2,1
2021-02-01T00:00:00Z,Brooklyn,24,10.526031094188243,2736074,2021,2,1
2021-02-01T00:00:00Z,Queens,13,6.485235281010233,2405464,2021,2,1
2021-02-01T00:00:00Z,Bronx,24,19.556528553210732,1472654,2021,2,1
2021-02-01T00:00:00Z,Staten Island,2,4.841179069162295,495747,2021,2,1
2021-03-01T00:00:00Z,Manhattan,21,14.873829202402714,1694251,2021,3,1
2021-03-01T00:00:00Z,Brooklyn,40,17.543385156980403,2736074,2021,3,1
2021-03-01T00:00:00Z,Queens,10,4.988642523854026,2405464,2021,3,1
2021-03-01T00:00:00Z,Bronx,26,21.186239265978294,1472654,2021,3,1
2021-03-01T00:00:00Z,Staten Island,2,4.841179069162295,495747,2021,3,1
2021-04-01T00:00:00Z,Manhattan,22,15.58210678346951,1694251,2021,4,1
2021-04-01T00:00:00Z,Brooklyn,54,23.683569961923546,2736074,2021,4,1
2021-04-01T00:00:00Z,Queens,15,7.482963785781038,2405464,2021,4,1
2021-04-01T00:00:00Z,Bronx,51,41.55762317557281,1472654,2021,4,1
2021-04-01T00:00:00Z,Staten Island,6,14.523537207486882,495747,2021,4,1
2021-05-01T00:00:00Z,Manhattan,29,20.54004985093708,1694251,2021,5,1
2021-05-01T00:00:00Z,Brooklyn,57,24.999323848697074,2736074,2021,5,1
2021-05-01T00:00:00Z,Queens,20,9.977285047708053,2405464,2021,5,1
2021-05-01T00:00:00Z,Bronx,63,51.33588745217817,1472654,2021,5,1
2021-05-01T00:00:00Z,Staten Island,3,7.261768603743441,495747,2021,5,1
2021-06-01T00:00:00Z,Manhattan,31,21.95660501307067,1694251,2021,6,1
2021-06-01T00:00:00Z,Brooklyn,42,18.420554414829425,2736074,2021,6,1
2021-06-01T00:00:00Z,Queens,32,15.963656076332882,2405464,2021,6,1
2021-06-01T00:00:00Z,Bronx,54,44.00218924472415,1472654,2021,6,1
2021-06-01T00:00:00Z,Staten Island,6,14.523537207486882,495747,2021,6,1
2021-07-01T00:00:00Z,Manhattan,28,19.831772269870285,1694251,2021,7,1
2021-07-01T00:00:00Z,Brooklyn,48,21.052062188376485,2736074,2021,7,1
2021-07-01T00:00:00Z,Queens,29,14.467063319176674,2405464,2021,7,1
2021-07-01T00:00:00Z,Bronx,50,40.74276781918903,1472654,2021,7,1
2021-07-01T00:00:00Z,Staten Island,2,4.841179069162295,495747,2021,7,1
2021-08-01T00:00:00Z,Manhattan,22,15.58210678346951,1694251,2021,8,1
2021-08-01T00:00:00Z,Brooklyn,57,24.999323848697074,2736074,2021,8,1
2021-08-01T00:00:00Z,Queens,33,16.462520328718284,2405464,2021,8,1
2021-08-01T00:00:00Z,Bronx,52,42.37247853195659,1472654,2021,8,1
2021-08-01T00:00:00Z,Staten Island,1,2.4205895345811475,495747,2021,8,1
2021-09-01T00:00:00Z,Manhattan,22,15.58210678346951,1694251,2021,9,1
2021-09-01T00:00:00Z,Brooklyn,51,22.367816075150014,2736074,2021,9,1
2021-09-01T00:00:00Z,Queens,16,7.981828038166441,2405464,2021,9,1
2021-09-01T00:00:00Z,Bronx,44,35.85363568088635,1472654,2021,9,1
2021-09-01T00:00:00Z,Staten Island,3,7.261768603743441,495747,2021,9,1
2021-10-01T00:00:00Z,Manhattan,18,12.748996459202328,1694251,2021,10,1
2021-10-01T00:00:00Z,Brooklyn,45,19.736308301602953,2736074,2021,10,1
2021-10-01T00:00:00Z,Queens,17,8.480692290551843,2405464,2021,10,1
2021-10-01T00:00:00Z,Bronx,44,35.85363568088635,1472654,2021,10,1
2021-10-01T00:00:00Z,Staten Island,4,9.68235813832459,495747,2021,10,1
2021-11-01T00:00:00Z,Manhattan,21,14.873829202402714,1694251,2021,11,1
2021-11-01T00:00:00Z,Brooklyn,33,14.473292754508833,2736074,2021,11,1
2021-11-01T00:00:00Z,Queens,18,8.979556542937246,2405464,2021,11,1
2021-11-01T00:00:00Z,Bronx,42,34.22392496811878,1472654,2021,11,1
2021-11-01T00:00:00Z,Staten Island,5,12.102947672905735,495747,2021,11,1
2021-12-01T00:00:00Z,Manhattan,22,15.58210678346951,1694251,2021,12,1
2021-12-01T00:00:00Z,Brooklyn,41,17.981969785904912,2736074,2021,12,1
2021-12-01T00:00:00Z,Queens,21,10.476149300093455,2405464,2021,12,1
2021-12-01T00:00:00Z,Bronx,35,28.51993747343232,1472654,2021,12,1
2021-12-01T00:00:00Z,Staten Island,1,2.4205895345811475,495747,2021,12,1
2022-01-01T00:00:00Z,Manhattan,21,14.873829202402714,1694251,2022,1,1
2022-01-01T00:00:00Z,Brooklyn,30,13.157538867735301,2736074,2022,1,1
2022-01-01T00:00:00Z,Queens,8,3.9909140190832204,2405464,2022,1,1
2022-01-01T00:00:00Z,Bronx,37,30.149648186199883,1472654,2022,1,1
2022-01-01T00:00:00Z,Staten Island,3,7.261768603743441,495747,2022,1,1
2022-02-01T00:00:00Z,Manhattan,14,9.915886134935143,1694251,2022,2,1
2022-02-01T00:00:00Z,Brooklyn,19,8.333107949565692,2736074,2022,2,1
2022-02-01T00:00:00Z,Queens,15,7.482963785781038,2405464,2022,2,1
2022-02-01T00:00:00Z,Bronx,27,22.001094622362075,1472654,2022,2,1
2022-02-01T00:00:00Z,Staten Island,0,0,495747,2022,2,1
2022-03-01T00:00:00Z,Manhattan,17,12.040718878135529,1694251,2022,3,1
2022-03-01T00:00:00Z,Brooklyn,38,16.666215899131384,2736074,2022,3,1
2022-03-01T00:00:00Z,Queens,19,9.478420795322648,2405464,2022,3,1
2022-03-01T00:00:00Z,Bronx,38,30.964503542583664,1472654,2022,3,1
2022-03-01T00:00:00Z,Staten Island,3,7.261768603743441,495747,2022,3,1
2022-04-01T00:00:00Z,Manhattan,16,11.332441297068733,1694251,2022,4,1
2022-04-01T00:00:00Z,Brooklyn,36,15.789046641282365,2736074,2022,4,1
2022-04-01T00:00:00Z,Queens,19,9.478420795322648,2405464,2022,4,1
2022-04-01T00:00:00Z,Bronx,33,26.890226760664756,1472654,2022,4,1
2022-04-01T00:00:00Z,Staten Island,1,2.4205895345811475,495747,2022,4,1
2022-05-01T00:00:00Z,Manhattan,18,12.748996459202328,1694251,2022,5,1
2022-05-01T00:00:00Z,Brooklyn,40,17.543385156980403,2736074,2022,5,1
2022-05-01T00:00:00Z,Queens,17,8.480692290551843,2405464,2022,5,1
2022-05-01T00:00:00Z,Bronx,39,31.77935889896744,1472654,2022,5,1
2022-05-01T00:00:00Z,Staten Island,3,7.261768603743441,495747,2022,5,1
2022-06-01T00:00:00Z,Manhattan,22,15.58210678346951,1694251,2022,6,1
2022-06-01T00:00:00Z,Brooklyn,36,15.789046641282365,2736074,2022,6,1
2022-06-01T00:00:00Z,Queens,15,7.482963785781038,2405464,2022,6,1
2022-06-01T00:00:00Z,Bronx,47,38.29820175003769,1472654,2022,6,1
2022-06-01T00:00:00Z,Staten Island,5,12.102947672905735,495747,2022,6,1
2022-07-01T00:00:00Z,Manhattan,22,15.58210678346951,1694251,2022,7,1
2022-07-01T00:00:00Z,Brooklyn,71,31.139508653640217,2736074,2022,7,1
2022-07-01T00:00:00Z,Queens,29,14.467063319176674,2405464,2022,7,1
2022-07-01T00:00:00Z,Bronx,48,39.113057106421465,1472654,2022,7,1
2022-07-01T00:00:00Z,Staten Island,5,12.102947672905735,495747,2022,7,1
2022-08-01T00:00:00Z,Manhattan,19,13.45727404026912,1694251,2022,8,1
2022-08-01T00:00:00Z,Brooklyn,47,20.613477559451972,2736074,2022,8,1
2022-08-01T00:00:00Z,Queens,20,9.977285047708053,2405464,2022,8,1
2022-08-01T00:00:00Z,Bronx,28,22.815949978745856,1472654,2022,8,1
2022-08-01T00:00:00Z,Staten Island,1,2.4205895345811475,495747,2022,8,1
2022-09-01T00:00:00Z,Manhattan,20,14.165551621335918,1694251,2022,9,1
2022-09-01T00:00:00Z,Brooklyn,40,17.543385156980403,2736074,2022,9,1
2022-09-01T00:00:00Z,Queens,16,7.981828038166441,2405464,2022,9,1
2022-09-01T00:00:00Z,Bronx,38,30.964503542583664,1472654,2022,9,1
2022-09-01T00:00:00Z,Staten Island,3,7.261768603743441,495747,2022,9,1
2022-10-01T00:00:00Z,Manhattan,15,10.624163716001938,1694251,2022,10,1
2022-10-01T00:00:00Z,Brooklyn,42,18.420554414829425,2736074,2022,10,1
2022-10-01T00:00:00Z,Queens,14,6.984099533395636,2405464,2022,10,1
2022-10-01T00:00:00Z,Bronx,13,10.593119632989147,1472654,2022,10,1
2022-10-01T00:00:00Z,Staten Island,2,4.841179069162295,495747,2022,10,1
2022-11-01T00:00:00Z,Manhattan,8,5.666220648534367,1694251,2022,11,1
2022-11-01T00:00:00Z,Brooklyn,23,10.087446465263731,2736074,2022,11,1
2022-11-01T00:00:00Z,Queens,17,8.480692290551843,2405464,2022,11,1
2022-11-01T00:00:00Z,Bronx,30,24.445660691513417,1472654,2022,11,1
2022-11-01T00:00:00Z,Staten Island,2,4.841179069162295,495747,2022,11,1
2022-12-01T00:00:00Z,Manhattan,19,13.45727404026912,1694251,2022,12,1
2022-12-01T00:00:00Z,Brooklyn,27,11.841784980961773,2736074,2022,12,1
2022-12-01T00:00:00Z,Queens,9,4.489778271468623,2405464,2022,12,1
2022-12-01T00:00:00Z,Bronx,30,24.445660691513417,1472654,2022,12,1
2022-12-01T00:00:00Z,Staten Island,0,0,495747,2022,12,1
2023-01-01T00:00:00Z,Manhattan,18,12.748996459202328,1694251,2023,1,1
2023-01-01T00:00:00Z,Brooklyn,24,10.526031094188243,2736074,2023,1,1
2023-01-01T00:00:00Z,Queens,12,5.986371028624831,2405464,2023,1,1
2023-01-01T00:00:00Z,Bronx,20,16.29710712767561,1472654,2023,1,1
2023-01-01T00:00:00Z,Staten Island,0,0,495747,2023,1,1
2023-02-01T00:00:00Z,Manhattan,12,8.49933097280155,1694251,2023,2,1
2023-02-01T00:00:00Z,Brooklyn,22,9.648861836339222,2736074,2023,2,1
2023-02-01T00:00:00Z,Queens,10,4.988642523854026,2405464,2023,2,1
2023-02-01T00:00:00Z,Bronx,17,13.85254105852427,1472654,2023,2,1
2023-02-01T00:00:00Z,Staten Island,2,4.841179069162295,495747,2023,2,1
2023-03-01T00:00:00Z,Manhattan,12,8.49933097280155,1694251,2023,3,1
2023-03-01T00:00:00Z,Brooklyn,33,14.473292754508833,2736074,2023,3,1
2023-03-01T00:00:00Z,Queens,15,7.482963785781038,2405464,2023,3,1
2023-03-01T00:00:00Z,Bronx,23,18.741673196826955,1472654,2023,3,1
2023-03-01T00:00:00Z,Staten Island,2,4.841179069162295,495747,2023,3,1
2023-04-01T00:00:00Z,Manhattan,13,9.207608553868347,1694251,2023,4,1
2023-04-01T00:00:00Z,Brooklyn,26,11.403200352037263,2736074,2023,4,1
2023-04-01T00:00:00Z,Queens,9,4.489778271468623,2405464,2023,4,1
2023-04-01T00:00:00Z,Bronx,21,17.11196248405939,1472654,2023,4,1
2023-04-01T00:00:00Z,Staten Island,2,4.841179069162295,495747,2023,4,1
2023-05-01T00:00:00Z,Manhattan,15,10.624163716001938,1694251,2023,5,1
2023-05-01T00:00:00Z,Brooklyn,27,11.841784980961773,2736074,2023,5,1
2023-05-01T00:00:00Z,Queens,14,6.984099533395636,2405464,2023,5,1
2023-05-01T00:00:00Z,Bronx,26,21.186239265978294,1472654,2023,5,1
2023-05-01T00:00:00Z,Staten Island,3,7.261768603743441,495747,2023,5,1
2023-06-01T00:00:00Z,Manhattan,15,10.624163716001938,1694251,2023,6,1
2023-06-01T00:00:00Z,Brooklyn,28,12.280369609886282,2736074,2023,6,1
2023-06-01T00:00:00Z,Queens,10,4.988642523854026,2405464,2023,6,1
2023-06-01T00:00:00Z,Bronx,46,37.48334639365391,1472654,2023,6,1
2023-06-01T00:00:00Z,Staten Island,5,12.102947672905735,495747,2023,6,1
2023-07-01T00:00:00Z,Manhattan,24,16.9986619456031,1694251,2023,7,1
2023-07-01T00:00:00Z,Brooklyn,35,15.350462012357852,2736074,2023,7,1
2023-07-01T00:00:00Z,Queens,10,4.988642523854026,2405464,2023,7,1
2023-07-01T00:00:00Z,Bronx,39,31.77935889896744,1472654,2023,7,1
2023-07-01T00:00:00Z,Staten Island,5,12.102947672905735,495747,2023,7,1
2023-08-01T00:00:00Z,Manhattan,13,9.207608553868347,1694251,2023,8,1
2023-08-01T00:00:00Z,Brooklyn,31,13.596123496659814,2736074,2023,8,1
2023-08-01T00:00:00Z,Queens,7,3.492049766697818,2405464,2023,8,1
2023-08-01T00:00:00Z,Bronx,33,26.890226760664756,1472654,2023,8,1
2023-08-01T00:00:00Z,Staten Island,3,7.261768603743441,495747,2023,8,1
2023-09-01T00:00:00Z,Manhattan,8,5.666220648534367,1694251,2023,9,1
2023-09-01T00:00:00Z,Brooklyn,27,11.841784980961773,2736074,2023,9,1
2023-09-01T00:00:00Z,Queens,13,6.485235281010233,2405464,2023,9,1
2023-09-01T00:00:00Z,Bronx,29,23.630805335129637,1472654,2023,9,1
2023-09-01T00:00:00Z,Staten Island,0,0,495747,2023,9,1
2023-10-01T00:00:00Z,Manhattan,10,7.082775810667959,1694251,2023,10,1
2023-10-01T00:00:00Z,Brooklyn,26,11.403200352037263,2736074,2023,10,1
2023-10-01T00:00:00Z,Queens,13,6.485235281010233,2405464,2023,10,1
2023-10-01T00:00:00Z,Bronx,26,21.186239265978294,1472654,2023,10,1
2023-10-01T00:00:00Z,Staten Island,3,7.261768603743441,495747,2023,10,1
2023-11-01T00:00:00Z,Manhattan,7,4.957943067467571,1694251,2023,11,1
2023-11-01T00:00:00Z,Brooklyn,29,12.718954238810792,2736074,2023,11,1
2023-11-01T00:00:00Z,Queens,8,3.9909140190832204,2405464,2023,11,1
2023-11-01T00:00:00Z,Bronx,19,15.482251771291832,1472654,2023,11,1
2023-11-01T00:00:00Z,Staten Island,2,4.841179069162295,495747,2023,11,1
2023-12-01T00:00:00Z,Manhattan,15,10.624163716001938,1694251,2023,12,1
2023-12-01T00:00:00Z,Brooklyn,30,13.157538867735301,2736074,2023,12,1
2023-12-01T00:00:00Z,Queens,10,4.988642523854026,2405464,2023,12,1
2023-12-01T00:00:00Z,Bronx,17,13.85254105852427,1472654,2023,12,1
2023-12-01T00:00:00Z,Staten Island,0,0,495747,2023,12,1
2024-01-01T00:00:00Z,Manhattan,10,7.082775810667959,1694251,2024,1,1
2024-01-01T00:00:00Z,Brooklyn,22,9.648861836339222,2736074,2024,1,1
2024-01-01T00:00:00Z,Queens,9,4.489778271468623,2405464,2024,1,1
2024-01-01T00:00:00Z,Bronx,22,17.926817840443174,1472654,2024,1,1
2024-01-01T00:00:00Z,Staten Island,2,4.841179069162295,495747,2024,1,1
2024-02-01T00:00:00Z,Manhattan,6,4.249665486400775,1694251,2024,2,1
2024-02-01T00:00:00Z,Brooklyn,16,7.017354062792161,2736074,2024,2,1
2024-02-01T00:00:00Z,Queens,6,2.9931855143124153,2405464,2024,2,1
2024-02-01T00:00:00Z,Bronx,24,19.556528553210732,1472654,2024,2,1
2024-02-01T00:00:00Z,Staten Island,1,2.4205895345811475,495747,2024,2,1
2024-03-01T00:00:00Z,Manhattan,8,5.666220648534367,1694251,2024,3,1
2024-03-01T00:00:00Z,Brooklyn,21,9.210277207414713,2736074,2024,3,1
2024-03-01T00:00:00Z,Queens,9,4.489778271468623,2405464,2024,3,1
2024-03-01T00:00:00Z,Bronx,24,19.556528553210732,1472654,2024,3,1
2024-03-01T00:00:00Z,Staten Island,2,4.841179069162295,495747,2024,3,1
2024-04-01T00:00:00Z,Manhattan,11,7.791053391734755,1694251,2024,4,1
2024-04-01T00:00:00Z,Brooklyn,21,9.210277207414713,2736074,2024,4,1
2024-04-01T00:00:00Z,Queens,8,3.9909140190832204,2405464,2024,4,1
2024-04-01T00:00:00Z,Bronx,19,15.482251771291832,1472654,2024,4,1
2024-04-01T00:00:00Z,Staten Island,1,2.4205895345811475,495747,2024,4,1
2024-05-01T00:00:00Z,Manhattan,13,9.207608553868347,1694251,2024,5,1
2024-05-01T00:00:00Z,Brooklyn,36,15.789046641282365,2736074,2024,5,1
2024-05-01T00:00:00Z,Queens,11,5.487506776239429,2405464,2024,5,1
2024-05-01T00:00:00Z,Bronx,28,22.815949978745856,1472654,2024,5,1
2024-05-01T00:00:00Z,Staten Island,0,0,495747,2024,5,1
2024-06-01T00:00:00Z,Manhattan,20,14.165551621335918,1694251,2024,6,1
2024-06-01T00:00:00Z,Brooklyn,36,15.789046641282365,2736074,2024,6,1
2024-06-01T00:00:00Z,Queens,14,6.984099533395636,2405464,2024,6,1
2024-06-01T00:00:00Z,Bronx,35,28.51993747343232,1472654,2024,6,1
2024-06-01T00:00:00Z,Staten Island,2,4.841179069162295,495747,2024,6,1
2024-07-01T00:00:00Z,Manhattan,11,7.791053391734755,1694251,2024,7,1
2024-07-01T00:00:00Z,Brooklyn,31,13.596123496659814,2736074,2024,7,1
2024-07-01T00:00:00Z,Queens,9,4.489778271468623,2405464,2024,7,1
2024-07-01T00:00:00Z,Bronx,38,30.964503542583664,1472654,2024,7,1
2024-07-01T00:00:00Z,Staten Island,2,4.841179069162295,495747,2024,7,1
2024-08-01T00:00:00Z,Manhattan,13,9.207608553868347,1694251,2024,8,1
2024-08-01T00:00:00Z,Brooklyn,19,8.333107949565692,2736074,2024,8,1
2024-08-01T00:00:00Z,Queens,8,3.9909140190832204,2405464,2024,8,1
2024-08-01T00:00:00Z,Bronx,34,27.70508211704854,1472654,2024,8,1
2024-08-01T00:00:00Z,Staten Island,0,0,495747,2024,8,1
2024-09-01T00:00:00Z,Manhattan,13,9.207608553868347,1694251,2024,9,1
2024-09-01T00:00:00Z,Brooklyn,22,9.648861836339222,2736074,2024,9,1
2024-09-01T00:00:00Z,Queens,17,8.480692290551843,2405464,2024,9,1
2024-09-01T00:00:00Z,Bronx,36,29.334792829816102,1472654,2024,9,1
2024-09-01T00:00:00Z,Staten Island,3,7.261768603743441,495747,2024,9,1
2024-10-01T00:00:00Z,Manhattan,16,11.332441297068733,1694251,2024,10,1
2024-10-01T00:00:00Z,Brooklyn,26,11.403200352037263,2736074,2024,10,1
2024-10-01T00:00:00Z,Queens,9,4.489778271468623,2405464,2024,10,1
2024-10-01T00:00:00Z,Bronx,30,24.445660691513417,1472654,2024,10,1
2024-10-01T00:00:00Z,Staten Island,1,2.4205895345811475,495747,2024,10,1
2024-11-01T00:00:00Z,Manhattan,12,8.49933097280155,1694251,2024,11,1
2024-11-01T00:00:00Z,Brooklyn,17,7.455938691716671,2736074,2024,11,1
2024-11-01T00:00:00Z,Queens,11,5.487506776239429,2405464,2024,11,1
2024-11-01T00:00:00Z,Bronx,27,22.001094622362075,1472654,2024,11,1
2024-11-01T00:00:00Z,Staten Island,1,2.4205895345811475,495747,2024,11,1
2024-12-01T00:00:00Z,Manhattan,12,8.49933097280155,1694251,2024,12,1
2024-12-01T00:00:00Z,Brooklyn,20,8.771692578490201,2736074,2024,12,1
2024-12-01T00:00:00Z,Queens,8,3.9909140190832204,2405464,2024,12,1
2024-12-01T00:00:00Z,Bronx,21,17.11196248405939,1472654,2024,12,1
2024-12-01T00:00:00Z,Staten Island,0,0,495747,2024,12,1
2025-01-01T00:00:00Z,Manhattan,7,4.957943067467571,1694251,2025,1,1
2025-01-01T00:00:00Z,Brooklyn,19,8.333107949565692,2736074,2025,1,1
2025-01-01T00:00:00Z,Queens,8,3.9909140190832204,2405464,2025,1,1
2025-01-01T00:00:00Z,Bronx,16,13.03768570214049,1472654,2025,1,1
2025-01-01T00:00:00Z,Staten Island,0,0,495747,2025,1,1
2025-02-01T00:00:00Z,Manhattan,3,2.1248327432003875,1694251,2025,2,1
2025-02-01T00:00:00Z,Brooklyn,14,6.140184804943141,2736074,2025,2,1
2025-02-01T00:00:00Z,Queens,6,2.9931855143124153,2405464,2025,2,1
2025-02-01T00:00:00Z,Bronx,18,14.667396414908051,1472654,2025,2,1
2025-02-01T00:00:00Z,Staten Island,1,2.4205895345811475,495747,2025,2,1
2025-03-01T00:00:00Z,Manhattan,8,5.666220648534367,1694251,2025,3,1
2025-03-01T00:00:00Z,Brooklyn,20,8.771692578490201,2736074,2025,3,1
2025-03-01T00:00:00Z,Queens,4,1.9954570095416102,2405464,2025,3,1
2025-03-01T00:00:00Z,Bronx,13,10.593119632989147,1472654,2025,3,1
2025-03-01T00:00:00Z,Staten Island,2,4.841179069162295,495747,2025,3,1
2025-04-01T00:00:00Z,Manhattan,8,5.666220648534367,1694251,2025,4,1
2025-04-01T00:00:00Z,Brooklyn,23,10.087446465263731,2736074,2025,4,1
2025-04-01T00:00:00Z,Queens,8,3.9909140190832204,2405464,2025,4,1
2025-04-01T00:00:00Z,Bronx,31,25.260516047897198,1472654,2025,4,1
2025-04-01T00:00:00Z,Staten Island,0,0,495747,2025,4,1
2025-05-01T00:00:00Z,Manhattan,7,4.957943067467571,1694251,2025,5,1
2025-05-01T00:00:00Z,Brooklyn,21,9.210277207414713,2736074,2025,5,1
2025-05-01T00:00:00Z,Queens,6,2.9931855143124153,2405464,2025,5,1
2025-05-01T00:00:00Z,Bronx,19,15.482251771291832,1472654,2025,5,1
2025-05-01T00:00:00Z,Staten Island,0,0,495747,2025,5,1
2025-06-01T00:00:00Z,Manhattan,6,4.249665486400775,1694251,2025,6,1
2025-06-01T00:00:00Z,Brooklyn,26,11.403200352037263,2736074,2025,6,1
2025-06-01T00:00:00Z,Queens,11,5.487506776239429,2405464,2025,6,1
2025-06-01T00:00:00Z,Bronx,31,25.260516047897198,1472654,2025,6,1
2025-06-01T00:00:00Z,Staten Island,1,2.4205895345811475,495747,2025,6,1
2025-07-01T00:00:00Z,Manhattan,12,8.49933097280155,1694251,2025,7,1
2025-07-01T00:00:00Z,Brooklyn,23,10.087446465263731,2736074,2025,7,1
2025-07-01T00:00:00Z,Queens,7,3.492049766697818,2405464,2025,7,1
2025-07-01T00:00:00Z,Bronx,31,25.260516047897198,1472654,2025,7,1
2025-07-01T00:00:00Z,Staten Island,2,4.841179069162295,495747,2025,7,1
2025-08-01T00:00:00Z,Manhattan,10,7.082775810667959,1694251,2025,8,1
2025-08-01T00:00:00Z,Brooklyn,27,11.841784980961773,2736074,2025,8,1
2025-08-01T00:00:00Z,Queens,13,6.485235281010233,2405464,2025,8,1
2025-08-01T00:00:00Z,Bronx,27,22.001094622362075,1472654,2025,8,1
2025-08-01T00:00:00Z,Staten Island,0,0,495747,2025,8,1
2025-09-01T00:00:00Z,Manhattan,8,5.666220648534367,1694251,2025,9,1
2025-09-01T00:00:00Z,Brooklyn,24,10.526031094188243,2736074,2025,9,1
2025-09-01T00:00:00Z,Queens,8,3.9909140190832204,2405464,2025,9,1
2025-09-01T00:00:00Z,Bronx,22,17.926817840443174,1472654,2025,9,1
2025-09-01T00:00:00Z,Staten Island,2,4.841179069162295,495747,2025,9,1
2025-10-01T00:00:00Z,Manhattan,6,4.249665486400775,1694251,2025,10,1
2025-10-01T00:00:00Z,Brooklyn,18,7.8945233206411825,2736074,2025,10,1
2025-10-01T00:00:00Z,Queens,6,2.9931855143124153,2405464,2025,10,1
2025-10-01T00:00:00Z,Bronx,13,10.593119632989147,1472654,2025,10,1
2025-10-01T00:00:00Z,Staten Island,2,4.841179069162295,495747,2025,10,1
2025-11-01T00:00:00Z,Manhattan,9,6.374498229601164,1694251,2025,11,1
2025-11-01T00:00:00Z,Brooklyn,18,7.8945233206411825,2736074,2025,11,1
2025-11-01T00:00:00Z,Queens,9,4.489778271468623,2405464,2025,11,1
2025-11-01T00:00:00Z,Bronx,18,14.667396414908051,1472654,2025,11,1
2025-11-01T00:00:00Z,Staten Island,1,2.4205895345811475,495747,2025,11,1
2025-12-01T00:00:00Z,Manhattan,6,4.249665486400775,1694251,2025,12,1
2025-12-01T00:00:00Z,Brooklyn,12,5.263015547094121,2736074,2025,12,1
2025-12-01T00:00:00Z,Queens,4,1.9954570095416102,2405464,2025,12,1
2025-12-01T00:00:00Z,Bronx,13,10.593119632989147,1472654,2025,12,1
2025-12-01T00:00:00Z,Staten Island,0,0,495747,2025,12,1
2012-01-01T00:00:00Z,Baltimore,1,2.0488024749533897,585708,2012,1,0
2012-02-01T00:00:00Z,Baltimore,1,2.0488024749533897,585708,2012,2,0
2012-05-01T00:00:00Z,Baltimore,2,4.0976049499067795,585708,2012,5,0
2012-06-01T00:00:00Z,Baltimore,1,2.0488024749533897,585708,2012,6,0
2012-07-01T00:00:00Z,Baltimore,4,8.195209899813559,585708,2012,7,0
2012-08-01T00:00:00Z,Baltimore,3,6.146407424860169,585708,2012,8,0
2012-09-01T00:00:00Z,Baltimore,3,6.146407424860169,585708,2012,9,0
2012-10-01T00:00:00Z,Baltimore,1,2.0488024749533897,585708,2012,10,0
2012-11-01T00:00:00Z,Baltimore,2,4.0976049499067795,585708,2012,11,0
2012-12-01T00:00:00Z,Baltimore,4,8.195209899813559,585708,2012,12,0
2013-01-01T00:00:00Z,Baltimore,4,8.195209899813559,585708,2013,1,0
2013-02-01T00:00:00Z,Baltimore,1,2.0488024749533897,585708,2013,2,0
2013-04-01T00:00:00Z,Baltimore,5,10.24401237476695,585708,2013,4,0
2013-05-01T00:00:00Z,Baltimore,3,6.146407424860169,585708,2013,5,0
2013-06-01T00:00:00Z,Baltimore,4,8.195209899813559,585708,2013,6,0
2013-07-01T00:00:00Z,Baltimore,3,6.146407424860169,585708,2013,7,0
2013-08-01T00:00:00Z,Baltimore,3,6.146407424860169,585708,2013,8,0
2013-09-01T00:00:00Z,Baltimore,3,6.146407424860169,585708,2013,9,0
2013-11-01T00:00:00Z,Baltimore,3,6.146407424860169,585708,2013,11,0
2013-12-01T00:00:00Z,Baltimore,2,4.0976049499067795,585708,2013,12,0
2014-01-01T00:00:00Z,Baltimore,28,57.36646929869491,585708,2014,1,0
2014-02-01T00:00:00Z,Baltimore,9,18.43922227458051,585708,2014,2,0
2014-03-01T00:00:00Z,Baltimore,19,38.9272470241144,585708,2014,3,0
2014-04-01T00:00:00Z,Baltimore,20,40.9760494990678,585708,2014,4,0
2014-05-01T00:00:00Z,Baltimore,33,67.61048167346186,585708,2014,5,0
2014-06-01T00:00:00Z,Baltimore,30,61.4640742486017,585708,2014,6,0
2014-07-01T00:00:00Z,Baltimore,41,84.00090147308897,585708,2014,7,0
2014-08-01T00:00:00Z,Baltimore,44,90.14730889794915,585708,2014,8,0
2014-09-01T00:00:00Z,Baltimore,27,55.317666823741526,585708,2014,9,0
2014-10-01T00:00:00Z,Baltimore,30,61.4640742486017,585708,2014,10,0
2014-11-01T00:00:00Z,Baltimore,32,65.56167919850847,585708,2014,11,0
2014-12-01T00:00:00Z,Baltimore,32,65.56167919850847,585708,2014,12,0
2015-01-01T00:00:00Z,Baltimore,30,61.4640742486017,585708,2015,1,0
2015-02-01T00:00:00Z,Baltimore,13,26.634432174394064,585708,2015,2,0
2015-03-01T00:00:00Z,Baltimore,26,53.26886434878813,585708,2015,3,0
2015-04-01T00:00:00Z,Baltimore,30,61.4640742486017,585708,2015,4,0
2015-05-01T00:00:00Z,Baltimore,82,168.00180294617795,585708,2015,5,0
2015-06-01T00:00:00Z,Baltimore,61,124.97695097215677,585708,2015,6,0
2015-07-01T00:00:00Z,Baltimore,71,145.46497572169068,585708,2015,7,0
2015-08-01T00:00:00Z,Baltimore,52,106.53772869757626,585708,2015,8,0
2015-09-01T00:00:00Z,Baltimore,49,100.39132127271611,585708,2015,9,0
2015-10-01T00:00:00Z,Baltimore,34,69.65928414841525,585708,2015,10,0
2015-11-01T00:00:00Z,Baltimore,48,98.34251879776271,585708,2015,11,0
2015-12-01T00:00:00Z,Baltimore,42,86.04970394804238,585708,2015,12,0
2016-01-01T00:00:00Z,Baltimore,33,67.61048167346186,585708,2016,1,0
2016-02-01T00:00:00Z,Baltimore,29,59.4152717736483,585708,2016,2,0
2016-03-01T00:00:00Z,Baltimore,40,81.9520989981356,585708,2016,3,0
2016-04-01T00:00:00Z,Baltimore,37,75.80569157327542,585708,2016,4,0
2016-05-01T00:00:00Z,Baltimore,68,139.3185682968305,585708,2016,5,0
2016-06-01T00:00:00Z,Baltimore,62,127.02575344711016,585708,2016,6,0
2016-07-01T00:00:00Z,Baltimore,52,106.53772869757626,585708,2016,7,0
2016-08-01T00:00:00Z,Baltimore,54,110.63533364748305,585708,2016,8,0
2016-09-01T00:00:00Z,Baltimore,47,96.2937163228093,585708,2016,9,0
2016-10-01T00:00:00Z,Baltimore,46,94.24491384785594,585708,2016,10,0
2016-11-01T00:00:00Z,Baltimore,35,71.70808662336864,585708,2016,11,0
2016-12-01T00:00:00Z,Baltimore,42,86.04970394804238,585708,2016,12,0
2017-01-01T00:00:00Z,Baltimore,60,122.9281484972034,585708,2017,1,0
2017-02-01T00:00:00Z,Baltimore,35,71.70808662336864,585708,2017,2,0
2017-03-01T00:00:00Z,Baltimore,32,65.56167919850847,585708,2017,3,0
2017-04-01T00:00:00Z,Baltimore,44,90.14730889794915,585708,2017,4,0
2017-05-01T00:00:00Z,Baltimore,34,69.65928414841525,585708,2017,5,0
2017-06-01T00:00:00Z,Baltimore,57,116.78174107234322,585708,2017,6,0
2017-07-01T00:00:00Z,Baltimore,72,147.51377819664407,585708,2017,7,0
2017-08-01T00:00:00Z,Baltimore,56,114.73293859738982,585708,2017,8,0
2017-09-01T00:00:00Z,Baltimore,54,110.63533364748305,585708,2017,9,0
2017-10-01T00:00:00Z,Baltimore,71,145.46497572169068,585708,2017,10,0
2017-11-01T00:00:00Z,Baltimore,36,73.75688909832203,585708,2017,11,0
2017-12-01T00:00:00Z,Baltimore,50,102.44012374766947,585708,2017,12,0
2018-01-01T00:00:00Z,Baltimore,34,69.65928414841525,585708,2018,1,0
2018-02-01T00:00:00Z,Baltimore,21,43.02485197402119,585708,2018,2,0
2018-03-01T00:00:00Z,Baltimore,42,86.04970394804238,585708,2018,3,0
2018-04-01T00:00:00Z,Baltimore,49,100.39132127271611,585708,2018,4,0
2018-05-01T00:00:00Z,Baltimore,51,104.48892622262288,585708,2018,5,0
2018-06-01T00:00:00Z,Baltimore,43,88.09850642299577,585708,2018,6,0
2018-07-01T00:00:00Z,Baltimore,49,100.39132127271611,585708,2018,7,0
2018-08-01T00:00:00Z,Baltimore,74,151.61138314655085,585708,2018,8,0
2018-09-01T00:00:00Z,Baltimore,54,110.63533364748305,585708,2018,9,0
2018-10-01T00:00:00Z,Baltimore,58,118.8305435472966,585708,2018,10,0
2018-11-01T00:00:00Z,Baltimore,39,79.9032965231822,585708,2018,11,0
2018-12-01T00:00:00Z,Baltimore,59,120.87934602224999,585708,2018,12,0
2019-01-01T00:00:00Z,Baltimore,46,94.24491384785594,585708,2019,1,0
2019-02-01T00:00:00Z,Baltimore,33,67.61048167346186,585708,2019,2,0
2019-03-01T00:00:00Z,Baltimore,41,84.00090147308897,585708,2019,3,0
2019-04-01T00:00:00Z,Baltimore,56,114.73293859738982,585708,2019,4,0
2019-05-01T00:00:00Z,Baltimore,49,100.39132127271611,585708,2019,5,0
2019-06-01T00:00:00Z,Baltimore,65,133.17216087197033,585708,2019,6,0
2019-07-01T00:00:00Z,Baltimore,67,137.26976582187712,585708,2019,7,0
2019-08-01T00:00:00Z,Baltimore,70,143.4161732467373,585708,2019,8,0
2019-09-01T00:00:00Z,Baltimore,53,108.58653117252965,585708,2019,9,0
2019-10-01T00:00:00Z,Baltimore,57,116.78174107234322,585708,2019,10,0
2019-11-01T00:00:00Z,Baltimore,36,73.75688909832203,585708,2019,11,0
2019-12-01T00:00:00Z,Baltimore,50,102.44012374766947,585708,2019,12,0
2020-01-01T00:00:00Z,Baltimore,33,67.61048167346186,585708,2020,1,0
2020-02-01T00:00:00Z,Baltimore,35,71.70808662336864,585708,2020,2,0
2020-03-01T00:00:00Z,Baltimore,38,77.8544940482288,585708,2020,3,0
2020-04-01T00:00:00Z,Baltimore,39,79.9032965231822,585708,2020,4,0
2020-05-01T00:00:00Z,Baltimore,47,96.2937163228093,585708,2020,5,0
2020-06-01T00:00:00Z,Baltimore,59,120.87934602224999,585708,2020,6,0
2020-07-01T00:00:00Z,Baltimore,59,120.87934602224999,585708,2020,7,0
2020-08-01T00:00:00Z,Baltimore,69,141.3673707717839,585708,2020,8,0
2020-09-01T00:00:00Z,Baltimore,56,114.73293859738982,585708,2020,9,0
2020-10-01T00:00:00Z,Baltimore,60,122.9281484972034,585708,2020,10,0
2020-11-01T00:00:00Z,Baltimore,40,81.9520989981356,585708,2020,11,0
2020-12-01T00:00:00Z,Baltimore,49,100.39132127271611,585708,2020,12,0
2021-01-01T00:00:00Z,Baltimore,42,86.04970394804238,585708,2021,1,0
2021-02-01T00:00:00Z,Baltimore,34,69.65928414841525,585708,2021,2,0
2021-03-01T00:00:00Z,Baltimore,39,79.9032965231822,585708,2021,3,0
2021-04-01T00:00:00Z,Baltimore,44,90.14730889794915,585708,2021,4,0
2021-05-01T00:00:00Z,Baltimore,60,122.9281484972034,585708,2021,5,0
2021-06-01T00:00:00Z,Baltimore,57,116.78174107234322,585708,2021,6,0
2021-07-01T00:00:00Z,Baltimore,42,86.04970394804238,585708,2021,7,0
2021-08-01T00:00:00Z,Baltimore,60,122.9281484972034,585708,2021,8,0
2021-09-01T00:00:00Z,Baltimore,59,120.87934602224999,585708,2021,9,0
2021-10-01T00:00:00Z,Baltimore,54,110.63533364748305,585708,2021,10,0
2021-11-01T00:00:00Z,Baltimore,45,92.19611137290255,585708,2021,11,0
2021-12-01T00:00:00Z,Baltimore,61,124.97695097215677,585708,2021,12,0
2022-01-01T00:00:00Z,Baltimore,48,98.34251879776271,585708,2022,1,0
2022-02-01T00:00:00Z,Baltimore,44,90.14730889794915,585708,2022,2,0
2022-03-01T00:00:00Z,Baltimore,52,106.53772869757626,585708,2022,3,0
2022-04-01T00:00:00Z,Baltimore,42,86.04970394804238,585708,2022,4,0
2022-05-01T00:00:00Z,Baltimore,42,86.04970394804238,585708,2022,5,0
2022-06-01T00:00:00Z,Baltimore,53,108.58653117252965,585708,2022,6,0
2022-07-01T00:00:00Z,Baltimore,59,120.87934602224999,585708,2022,7,0
2022-08-01T00:00:00Z,Baltimore,55,112.68413612243643,585708,2022,8,0
2022-09-01T00:00:00Z,Baltimore,43,88.09850642299577,585708,2022,9,0
2022-10-01T00:00:00Z,Baltimore,45,92.19611137290255,585708,2022,10,0
2022-11-01T00:00:00Z,Baltimore,40,81.9520989981356,585708,2022,11,0
2022-12-01T00:00:00Z,Baltimore,34,69.65928414841525,585708,2022,12,0
2023-01-01T00:00:00Z,Baltimore,34,69.65928414841525,585708,2023,1,0
2023-02-01T00:00:00Z,Baltimore,30,61.4640742486017,585708,2023,2,0
2023-03-01T00:00:00Z,Baltimore,35,71.70808662336864,585708,2023,3,0
2023-04-01T00:00:00Z,Baltimore,49,100.39132127271611,585708,2023,4,0
2023-05-01T00:00:00Z,Baltimore,50,102.44012374766947,585708,2023,5,0
2023-06-01T00:00:00Z,Baltimore,50,102.44012374766947,585708,2023,6,0
2023-07-01T00:00:00Z,Baltimore,52,106.53772869757626,585708,2023,7,0
2023-08-01T00:00:00Z,Baltimore,44,90.14730889794915,585708,2023,8,0
2023-09-01T00:00:00Z,Baltimore,48,98.34251879776271,585708,2023,9,0
2023-10-01T00:00:00Z,Baltimore,38,77.8544940482288,585708,2023,10,0
2023-11-01T00:00:00Z,Baltimore,40,81.9520989981356,585708,2023,11,0
2023-12-01T00:00:00Z,Baltimore,40,81.9520989981356,585708,2023,12,0
2024-01-01T00:00:00Z,Baltimore,25,51.22006187383474,585708,2024,1,0
2024-02-01T00:00:00Z,Baltimore,32,65.56167919850847,585708,2024,2,0
2024-03-01T00:00:00Z,Baltimore,26,53.26886434878813,585708,2024,3,0
2024-04-01T00:00:00Z,Baltimore,41,84.00090147308897,585708,2024,4,0
2024-05-01T00:00:00Z,Baltimore,22,45.07365444897457,585708,2024,5,0
2024-06-01T00:00:00Z,Baltimore,34,69.65928414841525,585708,2024,6,0
2024-07-01T00:00:00Z,Baltimore,23,47.12245692392797,585708,2024,7,0
2024-08-01T00:00:00Z,Baltimore,27,55.317666823741526,585708,2024,8,0
2024-09-01T00:00:00Z,Baltimore,32,65.56167919850847,585708,2024,9,0
2024-10-01T00:00:00Z,Baltimore,32,65.56167919850847,585708,2024,10,0
2024-11-01T00:00:00Z,Baltimore,36,73.75688909832203,585708,2024,11,0
2024-12-01T00:00:00Z,Baltimore,26,53.26886434878813,585708,2024,12,0
2015-01-01T00:00:00Z,Boston,21,37.29758290941868,675647,2015,1,0
2015-02-01T00:00:00Z,Boston,4,7.104301506555938,675647,2015,2,0
2015-03-01T00:00:00Z,Boston,19,33.74543215614071,675647,2015,3,0
2015-04-01T00:00:00Z,Boston,10,17.760753766389847,675647,2015,4,0
2015-05-01T00:00:00Z,Boston,25,44.40188441597461,675647,2015,5,0
2015-06-01T00:00:00Z,Boston,17,30.193281402862738,675647,2015,6,0
2015-07-01T00:00:00Z,Boston,31,55.05833667580852,675647,2015,7,0
2015-08-01T00:00:00Z,Boston,24,42.625809039335635,675647,2015,8,0
2015-09-01T00:00:00Z,Boston,14,24.865055272945785,675647,2015,9,0
2015-10-01T00:00:00Z,Boston,9,15.984678389750862,675647,2015,10,0
2015-11-01T00:00:00Z,Boston,13,23.0889798963068,675647,2015,11,0
2015-12-01T00:00:00Z,Boston,25,44.40188441597461,675647,2015,12,0
2016-01-01T00:00:00Z,Boston,12,21.312904519667818,675647,2016,1,0
2016-02-01T00:00:00Z,Boston,6,10.656452259833909,675647,2016,2,0
2016-03-01T00:00:00Z,Boston,9,15.984678389750862,675647,2016,3,0
2016-04-01T00:00:00Z,Boston,11,19.53682914302883,675647,2016,4,0
2016-05-01T00:00:00Z,Boston,18,31.969356779501723,675647,2016,5,0
2016-06-01T00:00:00Z,Boston,21,37.29758290941868,675647,2016,6,0
2016-07-01T00:00:00Z,Boston,21,37.29758290941868,675647,2016,7,0
2016-08-01T00:00:00Z,Boston,17,30.193281402862738,675647,2016,8,0
2016-09-01T00:00:00Z,Boston,19,33.74543215614071,675647,2016,9,0
2016-10-01T00:00:00Z,Boston,20,35.521507532779694,675647,2016,10,0
2016-11-01T00:00:00Z,Boston,18,31.969356779501723,675647,2016,11,0
2016-12-01T00:00:00Z,Boston,19,33.74543215614071,675647,2016,12,0
2017-01-01T00:00:00Z,Boston,14,24.865055272945785,675647,2017,1,0
2017-02-01T00:00:00Z,Boston,9,15.984678389750862,675647,2017,2,0
2017-03-01T00:00:00Z,Boston,7,12.432527636472892,675647,2017,3,0
2017-04-01T00:00:00Z,Boston,22,39.07365828605766,675647,2017,4,0
2017-05-01T00:00:00Z,Boston,15,26.64113064958477,675647,2017,5,0
2017-06-01T00:00:00Z,Boston,27,47.954035169252585,675647,2017,6,0
2017-07-01T00:00:00Z,Boston,31,55.05833667580852,675647,2017,7,0
2017-08-01T00:00:00Z,Boston,15,26.64113064958477,675647,2017,8,0
2017-09-01T00:00:00Z,Boston,24,42.625809039335635,675647,2017,9,0
2017-10-01T00:00:00Z,Boston,20,35.521507532779694,675647,2017,10,0
2017-11-01T00:00:00Z,Boston,12,21.312904519667818,675647,2017,11,0
2017-12-01T00:00:00Z,Boston,24,42.625809039335635,675647,2017,12,0
2018-01-01T00:00:00Z,Boston,15,26.64113064958477,675647,2018,1,0
2018-02-01T00:00:00Z,Boston,9,15.984678389750862,675647,2018,2,0
2018-03-01T00:00:00Z,Boston,8,14.208603013111876,675647,2018,3,0
2018-04-01T00:00:00Z,Boston,11,19.53682914302883,675647,2018,4,0
2018-05-01T00:00:00Z,Boston,11,19.53682914302883,675647,2018,5,0
2018-06-01T00:00:00Z,Boston,16,28.417206026223752,675647,2018,6,0
2018-07-01T00:00:00Z,Boston,17,30.193281402862738,675647,2018,7,0
2018-08-01T00:00:00Z,Boston,16,28.417206026223752,675647,2018,8,0
2018-09-01T00:00:00Z,Boston,21,37.29758290941868,675647,2018,9,0
2018-10-01T00:00:00Z,Boston,27,47.954035169252585,675647,2018,10,0
2018-11-01T00:00:00Z,Boston,11,19.53682914302883,675647,2018,11,0
2018-12-01T00:00:00Z,Boston,10,17.760753766389847,675647,2018,12,0
2019-01-01T00:00:00Z,Boston,13,23.0889798963068,675647,2019,1,0
2019-02-01T00:00:00Z,Boston,9,15.984678389750862,675647,2019,2,0
2019-03-01T00:00:00Z,Boston,10,17.760753766389847,675647,2019,3,0
2019-04-01T00:00:00Z,Boston,7,12.432527636472892,675647,2019,4,0
2019-05-01T00:00:00Z,Boston,12,21.312904519667818,675647,2019,5,0
2019-06-01T00:00:00Z,Boston,22,39.07365828605766,675647,2019,6,0
2019-07-01T00:00:00Z,Boston,22,39.07365828605766,675647,2019,7,0
2019-08-01T00:00:00Z,Boston,24,42.625809039335635,675647,2019,8,0
2019-09-01T00:00:00Z,Boston,10,17.760753766389847,675647,2019,9,0
2019-10-01T00:00:00Z,Boston,11,19.53682914302883,675647,2019,10,0
2019-11-01T00:00:00Z,Boston,11,19.53682914302883,675647,2019,11,0
2019-12-01T00:00:00Z,Boston,5,8.880376883194923,675647,2019,12,0
2020-01-01T00:00:00Z,Boston,7,12.432527636472892,675647,2020,1,0
2020-02-01T00:00:00Z,Boston,11,19.53682914302883,675647,2020,2,0
2020-03-01T00:00:00Z,Boston,10,17.760753766389847,675647,2020,3,0
2020-04-01T00:00:00Z,Boston,18,31.969356779501723,675647,2020,4,0
2020-05-01T00:00:00Z,Boston,16,28.417206026223752,675647,2020,5,0
2020-06-01T00:00:00Z,Boston,30,53.28226129916954,675647,2020,6,0
2020-07-01T00:00:00Z,Boston,40,71.04301506555939,675647,2020,7,0
2020-08-01T00:00:00Z,Boston,24,42.625809039335635,675647,2020,8,0
2020-09-01T00:00:00Z,Boston,26,46.1779597926136,675647,2020,9,0
2020-10-01T00:00:00Z,Boston,16,28.417206026223752,675647,2020,10,0
2020-11-01T00:00:00Z,Boston,20,35.521507532779694,675647,2020,11,0
2020-12-01T00:00:00Z,Boston,13,23.0889798963068,675647,2020,12,0
2021-01-01T00:00:00Z,Boston,8,14.208603013111876,675647,2021,1,0
2021-02-01T00:00:00Z,Boston,9,15.984678389750862,675647,2021,2,0
2021-03-01T00:00:00Z,Boston,12,21.312904519667818,675647,2021,3,0
2021-04-01T00:00:00Z,Boston,17,30.193281402862738,675647,2021,4,0
2021-05-01T00:00:00Z,Boston,16,28.417206026223752,675647,2021,5,0
2021-06-01T00:00:00Z,Boston,22,39.07365828605766,675647,2021,6,0
2021-07-01T00:00:00Z,Boston,22,39.07365828605766,675647,2021,7,0
2021-08-01T00:00:00Z,Boston,13,23.0889798963068,675647,2021,8,0
2021-09-01T00:00:00Z,Boston,13,23.0889798963068,675647,2021,9,0
2021-10-01T00:00:00Z,Boston,13,23.0889798963068,675647,2021,10,0
2021-11-01T00:00:00Z,Boston,15,26.64113064958477,675647,2021,11,0
2021-12-01T00:00:00Z,Boston,5,8.880376883194923,675647,2021,12,0
2022-01-01T00:00:00Z,Boston,7,12.432527636472892,675647,2022,1,0
2022-02-01T00:00:00Z,Boston,3,5.328226129916954,675647,2022,2,0
2022-03-01T00:00:00Z,Boston,13,23.0889798963068,675647,2022,3,0
2022-04-01T00:00:00Z,Boston,12,21.312904519667818,675647,2022,4,0
2022-05-01T00:00:00Z,Boston,11,19.53682914302883,675647,2022,5,0
2022-06-01T00:00:00Z,Boston,7,12.432527636472892,675647,2022,6,0
2022-07-01T00:00:00Z,Boston,27,47.954035169252585,675647,2022,7,0
2022-08-01T00:00:00Z,Boston,21,37.29758290941868,675647,2022,8,0
2022-09-01T00:00:00Z,Boston,7,12.432527636472892,675647,2022,9,0
2022-10-01T00:00:00Z,Boston,16,28.417206026223752,675647,2022,10,0
2022-11-01T00:00:00Z,Boston,10,17.760753766389847,675647,2022,11,0
2022-12-01T00:00:00Z,Boston,9,15.984678389750862,675647,2022,12,0
2023-01-01T00:00:00Z,Boston,12,21.312904519667818,675647,2023,1,0
2023-02-01T00:00:00Z,Boston,7,12.432527636472892,675647,2023,2,0
2023-03-01T00:00:00Z,Boston,6,10.656452259833909,675647,2023,3,0
2023-04-01T00:00:00Z,Boston,8,14.208603013111876,675647,2023,4,0
2023-05-01T00:00:00Z,Boston,10,17.760753766389847,675647,2023,5,0
2023-06-01T00:00:00Z,Boston,8,14.208603013111876,675647,2023,6,0
2023-07-01T00:00:00Z,Boston,17,30.193281402862738,675647,2023,7,0
2023-08-01T00:00:00Z,Boston,16,28.417206026223752,675647,2023,8,0
2023-09-01T00:00:00Z,Boston,6,10.656452259833909,675647,2023,9,0
2023-10-01T00:00:00Z,Boston,4,7.104301506555938,675647,2023,10,0
2023-11-01T00:00:00Z,Boston,8,14.208603013111876,675647,2023,11,0
2023-12-01T00:00:00Z,Boston,7,12.432527636472892,675647,2023,12,0
2024-01-01T00:00:00Z,Boston,6,10.656452259833909,675647,2024,1,0
2024-02-01T00:00:00Z,Boston,2,3.552150753277969,675647,2024,2,0
2024-03-01T00:00:00Z,Boston,5,8.880376883194923,675647,2024,3,0
2024-04-01T00:00:00Z,Boston,5,8.880376883194923,675647,2024,4,0
2024-05-01T00:00:00Z,Boston,9,15.984678389750862,675647,2024,5,0
2024-06-01T00:00:00Z,Boston,13,23.0889798963068,675647,2024,6,0
2024-07-01T00:00:00Z,Boston,22,39.07365828605766,675647,2024,7,0
2024-08-01T00:00:00Z,Boston,10,17.760753766389847,675647,2024,8,0
2024-09-01T00:00:00Z,Boston,9,15.984678389750862,675647,2024,9,0
2024-10-01T00:00:00Z,Boston,7,12.432527636472892,675647,2024,10,0
2024-11-01T00:00:00Z,Boston,7,12.432527636472892,675647,2024,11,0
2024-12-01T00:00:00Z,Boston,7,12.432527636472892,675647,2024,12,0
2025-01-01T00:00:00Z,Boston,8,14.208603013111876,675647,2025,1,0
2025-02-01T00:00:00Z,Boston,7,12.432527636472892,675647,2025,2,0
2025-03-01T00:00:00Z,Boston,9,15.984678389750862,675647,2025,3,0
2025-04-01T00:00:00Z,Boston,5,8.880376883194923,675647,2025,4,0
2025-05-01T00:00:00Z,Boston,8,14.208603013111876,675647,2025,5,0
2025-06-01T00:00:00Z,Boston,12,21.312904519667818,675647,2025,6,0
2025-07-01T00:00:00Z,Boston,12,21.312904519667818,675647,2025,7,0
2025-08-01T00:00:00Z,Boston,16,28.417206026223752,675647,2025,8,0
2025-09-01T00:00:00Z,Boston,7,12.432527636472892,675647,2025,9,0
2025-10-01T00:00:00Z,Boston,7,12.432527636472892,675647,2025,10,0
2025-11-01T00:00:00Z,Boston,5,8.880376883194923,675647,2025,11,0
2025-12-01T00:00:00Z,Boston,6,10.656452259833909,675647,2025,12,0
2026-01-01T00:00:00Z,Boston,5,8.880376883194923,675647,2026,1,0
1991-01-01T00:00:00Z,Chicago,72,31.459502444665503,2746388,1991,1,0
1991-02-01T00:00:00Z,Chicago,55,24.031564367452816,2746388,1991,2,0
1991-03-01T00:00:00Z,Chicago,67,29.274814774897067,2746388,1991,3,0
1991-04-01T00:00:00Z,Chicago,73,31.896439978619192,2746388,1991,4,0
1991-05-01T00:00:00Z,Chicago,66,28.837877240943378,2746388,1991,5,0
1991-06-01T00:00:00Z,Chicago,82,35.828877784202376,2746388,1991,6,0
1991-07-01T00:00:00Z,Chicago,76,33.20725258048025,2746388,1991,7,0
1991-08-01T00:00:00Z,Chicago,115,50.24781640467407,2746388,1991,8,0
1991-09-01T00:00:00Z,Chicago,83,36.265815318156065,2746388,1991,9,0
1991-10-01T00:00:00Z,Chicago,72,31.459502444665503,2746388,1991,10,0
1991-11-01T00:00:00Z,Chicago,71,31.022564910711814,2746388,1991,11,0
1991-12-01T00:00:00Z,Chicago,73,31.896439978619192,2746388,1991,12,0
1992-01-01T00:00:00Z,Chicago,73,31.896439978619192,2746388,1992,1,0
1992-02-01T00:00:00Z,Chicago,59,25.779314503267567,2746388,1992,2,0
1992-03-01T00:00:00Z,Chicago,57,24.905439435360186,2746388,1992,3,0
1992-04-01T00:00:00Z,Chicago,78,34.08112764838763,2746388,1992,4,0
1992-05-01T00:00:00Z,Chicago,83,36.265815318156065,2746388,1992,5,0
1992-06-01T00:00:00Z,Chicago,81,35.391940250248695,2746388,1992,6,0
1992-07-01T00:00:00Z,Chicago,89,38.88744052187819,2746388,1992,7,0
1992-08-01T00:00:00Z,Chicago,93,40.63519065769294,2746388,1992,8,0
1992-09-01T00:00:00Z,Chicago,100,43.69375339536875,2746388,1992,9,0
1992-10-01T00:00:00Z,Chicago,73,31.896439978619192,2746388,1992,10,0
1992-11-01T00:00:00Z,Chicago,61,26.65318957117494,2746388,1992,11,0
1992-12-01T00:00:00Z,Chicago,56,24.4685019014065,2746388,1992,12,0
1993-01-01T00:00:00Z,Chicago,65,28.40093970698969,2746388,1993,1,0
1993-02-01T00:00:00Z,Chicago,58,25.342376969313882,2746388,1993,2,0
1993-03-01T00:00:00Z,Chicago,58,25.342376969313882,2746388,1993,3,0
1993-04-01T00:00:00Z,Chicago,64,27.964002173036,2746388,1993,4,0
1993-05-01T00:00:00Z,Chicago,47,20.536064095823317,2746388,1993,5,0
1993-06-01T00:00:00Z,Chicago,76,33.20725258048025,2746388,1993,6,0
1993-07-01T00:00:00Z,Chicago,93,40.63519065769294,2746388,1993,7,0
1993-08-01T00:00:00Z,Chicago,82,35.828877784202376,2746388,1993,8,0
1993-09-01T00:00:00Z,Chicago,77,33.64419011443394,2746388,1993,9,0
1993-10-01T00:00:00Z,Chicago,70,30.58562737675813,2746388,1993,10,0
1993-11-01T00:00:00Z,Chicago,75,32.77031504652657,2746388,1993,11,0
1993-12-01T00:00:00Z,Chicago,66,28.837877240943378,2746388,1993,12,0
1994-01-01T00:00:00Z,Chicago,59,25.779314503267567,2746388,1994,1,0
1994-02-01T00:00:00Z,Chicago,69,30.148689842804437,2746388,1994,2,0
1994-03-01T00:00:00Z,Chicago,80,34.955002716295006,2746388,1994,3,0
1994-04-01T00:00:00Z,Chicago,79,34.51806518234132,2746388,1994,4,0
1994-05-01T00:00:00Z,Chicago,82,35.828877784202376,2746388,1994,5,0
1994-06-01T00:00:00Z,Chicago,82,35.828877784202376,2746388,1994,6,0
1994-07-01T00:00:00Z,Chicago,81,35.391940250248695,2746388,1994,7,0
1994-08-01T00:00:00Z,Chicago,78,34.08112764838763,2746388,1994,8,0
1994-09-01T00:00:00Z,Chicago,63,27.527064639082315,2746388,1994,9,0
1994-10-01T00:00:00Z,Chicago,74,32.33337751257288,2746388,1994,10,0
1994-11-01T00:00:00Z,Chicago,72,31.459502444665503,2746388,1994,11,0
1994-12-01T00:00:00Z,Chicago,68,29.71175230885075,2746388,1994,12,0
1995-01-01T00:00:00Z,Chicago,61,26.65318957117494,2746388,1995,1,0
1995-02-01T00:00:00Z,Chicago,47,20.536064095823317,2746388,1995,2,0
1995-03-01T00:00:00Z,Chicago,66,28.837877240943378,2746388,1995,3,0
1995-04-01T00:00:00Z,Chicago,61,26.65318957117494,2746388,1995,4,0
1995-05-01T00:00:00Z,Chicago,70,30.58562737675813,2746388,1995,5,0
1995-06-01T00:00:00Z,Chicago,75,32.77031504652657,2746388,1995,6,0
1995-07-01T00:00:00Z,Chicago,66,28.837877240943378,2746388,1995,7,0
1995-08-01T00:00:00Z,Chicago,81,35.391940250248695,2746388,1995,8,0
1995-09-01T00:00:00Z,Chicago,72,31.459502444665503,2746388,1995,9,0
1995-10-01T00:00:00Z,Chicago,72,31.459502444665503,2746388,1995,10,0
1995-11-01T00:00:00Z,Chicago,59,25.779314503267567,2746388,1995,11,0
1995-12-01T00:00:00Z,Chicago,68,29.71175230885075,2746388,1995,12,0
1996-01-01T00:00:00Z,Chicago,60,26.21625203722125,2746388,1996,1,0
1996-02-01T00:00:00Z,Chicago,47,20.536064095823317,2746388,1996,2,0
1996-03-01T00:00:00Z,Chicago,52,22.72075176559175,2746388,1996,3,0
1996-04-01T00:00:00Z,Chicago,59,25.779314503267567,2746388,1996,4,0
1996-05-01T00:00:00Z,Chicago,62,27.09012710512863,2746388,1996,5,0
1996-06-01T00:00:00Z,Chicago,90,39.32437805583188,2746388,1996,6,0
1996-07-01T00:00:00Z,Chicago,79,34.51806518234132,2746388,1996,7,0
1996-08-01T00:00:00Z,Chicago,81,35.391940250248695,2746388,1996,8,0
1996-09-01T00:00:00Z,Chicago,58,25.342376969313882,2746388,1996,9,0
1996-10-01T00:00:00Z,Chicago,73,31.896439978619192,2746388,1996,10,0
1996-11-01T00:00:00Z,Chicago,48,20.973001629777002,2746388,1996,11,0
1996-12-01T00:00:00Z,Chicago,63,27.527064639082315,2746388,1996,12,0
1997-01-01T00:00:00Z,Chicago,57,24.905439435360186,2746388,1997,1,0
1997-02-01T00:00:00Z,Chicago,37,16.16668875628644,2746388,1997,2,0
1997-03-01T00:00:00Z,Chicago,50,21.846876697684376,2746388,1997,3,0
1997-04-01T00:00:00Z,Chicago,57,24.905439435360186,2746388,1997,4,0
1997-05-01T00:00:00Z,Chicago,50,21.846876697684376,2746388,1997,5,0
1997-06-01T00:00:00Z,Chicago,67,29.274814774897067,2746388,1997,6,0
1997-07-01T00:00:00Z,Chicago,77,33.64419011443394,2746388,1997,7,0
1997-08-01T00:00:00Z,Chicago,73,31.896439978619192,2746388,1997,8,0
1997-09-01T00:00:00Z,Chicago,66,28.837877240943378,2746388,1997,9,0
1997-10-01T00:00:00Z,Chicago,75,32.77031504652657,2746388,1997,10,0
1997-11-01T00:00:00Z,Chicago,60,26.21625203722125,2746388,1997,11,0
1997-12-01T00:00:00Z,Chicago,60,26.21625203722125,2746388,1997,12,0
1998-01-01T00:00:00Z,Chicago,51,22.283814231638065,2746388,1998,1,0
1998-02-01T00:00:00Z,Chicago,39,17.040563824193814,2746388,1998,2,0
1998-03-01T00:00:00Z,Chicago,59,25.779314503267567,2746388,1998,3,0
1998-04-01T00:00:00Z,Chicago,51,22.283814231638065,2746388,1998,4,0
1998-05-01T00:00:00Z,Chicago,67,29.274814774897067,2746388,1998,5,0
1998-06-01T00:00:00Z,Chicago,61,26.65318957117494,2746388,1998,6,0
1998-07-01T00:00:00Z,Chicago,63,27.527064639082315,2746388,1998,7,0
1998-08-01T00:00:00Z,Chicago,71,31.022564910711814,2746388,1998,8,0
1998-09-01T00:00:00Z,Chicago,53,23.15768929954544,2746388,1998,9,0
1998-10-01T00:00:00Z,Chicago,60,26.21625203722125,2746388,1998,10,0
1998-11-01T00:00:00Z,Chicago,62,27.09012710512863,2746388,1998,11,0
1998-12-01T00:00:00Z,Chicago,60,26.21625203722125,2746388,1998,12,0
1999-01-01T00:00:00Z,Chicago,48,20.973001629777002,2746388,1999,1,0
1999-02-01T00:00:00Z,Chicago,39,17.040563824193814,2746388,1999,2,0
1999-03-01T00:00:00Z,Chicago,40,17.477501358147503,2746388,1999,3,0
1999-04-01T00:00:00Z,Chicago,48,20.973001629777002,2746388,1999,4,0
1999-05-01T00:00:00Z,Chicago,58,25.342376969313882,2746388,1999,5,0
1999-06-01T00:00:00Z,Chicago,68,29.71175230885075,2746388,1999,6,0
1999-07-01T00:00:00Z,Chicago,53,23.15768929954544,2746388,1999,7,0
1999-08-01T00:00:00Z,Chicago,72,31.459502444665503,2746388,1999,8,0
1999-09-01T00:00:00Z,Chicago,51,22.283814231638065,2746388,1999,9,0
1999-10-01T00:00:00Z,Chicago,46,20.099126561869625,2746388,1999,10,0
1999-11-01T00:00:00Z,Chicago,55,24.031564367452816,2746388,1999,11,0
1999-12-01T00:00:00Z,Chicago,39,17.040563824193814,2746388,1999,12,0
2000-01-01T00:00:00Z,Chicago,44,19.225251493962254,2746388,2000,1,0
2000-02-01T00:00:00Z,Chicago,40,17.477501358147503,2746388,2000,2,0
2000-03-01T00:00:00Z,Chicago,39,17.040563824193814,2746388,2000,3,0
2000-04-01T00:00:00Z,Chicago,33,14.418938620471689,2746388,2000,4,0
2000-05-01T00:00:00Z,Chicago,50,21.846876697684376,2746388,2000,5,0
2000-06-01T00:00:00Z,Chicago,58,25.342376969313882,2746388,2000,6,0
2000-07-01T00:00:00Z,Chicago,75,32.77031504652657,2746388,2000,7,0
2000-08-01T00:00:00Z,Chicago,67,29.274814774897067,2746388,2000,8,0
2000-09-01T00:00:00Z,Chicago,57,24.905439435360186,2746388,2000,9,0
2000-10-01T00:00:00Z,Chicago,52,22.72075176559175,2746388,2000,10,0
2000-11-01T00:00:00Z,Chicago,56,24.4685019014065,2746388,2000,11,0
2000-12-01T00:00:00Z,Chicago,46,20.099126561869625,2746388,2000,12,0
2001-01-01T00:00:00Z,Chicago,41,17.914438892101188,2746388,2001,1,0
2001-02-01T00:00:00Z,Chicago,25,10.923438348842188,2746388,2001,2,0
2001-03-01T00:00:00Z,Chicago,35,15.292813688379065,2746388,2001,3,0
2001-04-01T00:00:00Z,Chicago,58,25.342376969313882,2746388,2001,4,0
2001-05-01T00:00:00Z,Chicago,42,18.351376426054877,2746388,2001,5,0
2001-06-01T00:00:00Z,Chicago,70,30.58562737675813,2746388,2001,6,0
2001-07-01T00:00:00Z,Chicago,75,32.77031504652657,2746388,2001,7,0
2001-08-01T00:00:00Z,Chicago,55,24.031564367452816,2746388,2001,8,0
2001-09-01T00:00:00Z,Chicago,69,30.148689842804437,2746388,2001,9,0
2001-10-01T00:00:00Z,Chicago,67,29.274814774897067,2746388,2001,10,0
2001-11-01T00:00:00Z,Chicago,63,27.527064639082315,2746388,2001,11,0
2001-12-01T00:00:00Z,Chicago,48,20.973001629777002,2746388,2001,12,0
2002-01-01T00:00:00Z,Chicago,40,17.477501358147503,2746388,2002,1,0
2002-02-01T00:00:00Z,Chicago,30,13.108126018610625,2746388,2002,2,0
2002-03-01T00:00:00Z,Chicago,41,17.914438892101188,2746388,2002,3,0
2002-04-01T00:00:00Z,Chicago,43,18.788313960008562,2746388,2002,4,0
2002-05-01T00:00:00Z,Chicago,49,21.409939163730687,2746388,2002,5,0
2002-06-01T00:00:00Z,Chicago,66,28.837877240943378,2746388,2002,6,0
2002-07-01T00:00:00Z,Chicago,66,28.837877240943378,2746388,2002,7,0
2002-08-01T00:00:00Z,Chicago,75,32.77031504652657,2746388,2002,8,0
2002-09-01T00:00:00Z,Chicago,63,27.527064639082315,2746388,2002,9,0
2002-10-01T00:00:00Z,Chicago,58,25.342376969313882,2746388,2002,10,0
2002-11-01T00:00:00Z,Chicago,39,17.040563824193814,2746388,2002,11,0
2002-12-01T00:00:00Z,Chicago,63,27.527064639082315,2746388,2002,12,0
2003-01-01T00:00:00Z,Chicago,33,14.418938620471689,2746388,2003,1,0
2003-02-01T00:00:00Z,Chicago,31,13.545063552564315,2746388,2003,2,0
2003-03-01T00:00:00Z,Chicago,50,21.846876697684376,2746388,2003,3,0
2003-04-01T00:00:00Z,Chicago,53,23.15768929954544,2746388,2003,4,0
2003-05-01T00:00:00Z,Chicago,60,26.21625203722125,2746388,2003,5,0
2003-06-01T00:00:00Z,Chicago,48,20.973001629777002,2746388,2003,6,0
2003-07-01T00:00:00Z,Chicago,63,27.527064639082315,2746388,2003,7,0
2003-08-01T00:00:00Z,Chicago,46,20.099126561869625,2746388,2003,8,0
2003-09-01T00:00:00Z,Chicago,51,22.283814231638065,2746388,2003,9,0
2003-10-01T00:00:00Z,Chicago,50,21.846876697684376,2746388,2003,10,0
2003-11-01T00:00:00Z,Chicago,44,19.225251493962254,2746388,2003,11,0
2003-12-01T00:00:00Z,Chicago,40,17.477501358147503,2746388,2003,12,0
2004-01-01T00:00:00Z,Chicago,31,13.545063552564315,2746388,2004,1,0
2004-02-01T00:00:00Z,Chicago,36,15.729751222332752,2746388,2004,2,0
2004-03-01T00:00:00Z,Chicago,38,16.603626290240125,2746388,2004,3,0
2004-04-01T00:00:00Z,Chicago,30,13.108126018610625,2746388,2004,4,0
2004-05-01T00:00:00Z,Chicago,33,14.418938620471689,2746388,2004,5,0
2004-06-01T00:00:00Z,Chicago,49,21.409939163730687,2746388,2004,6,0
2004-07-01T00:00:00Z,Chicago,50,21.846876697684376,2746388,2004,7,0
2004-08-01T00:00:00Z,Chicago,47,20.536064095823317,2746388,2004,8,0
2004-09-01T00:00:00Z,Chicago,36,15.729751222332752,2746388,2004,9,0
2004-10-01T00:00:00Z,Chicago,32,13.982001086518,2746388,2004,10,0
2004-11-01T00:00:00Z,Chicago,32,13.982001086518,2746388,2004,11,0
2004-12-01T00:00:00Z,Chicago,28,12.23425095070325,2746388,2004,12,0
2005-01-01T00:00:00Z,Chicago,16,6.991000543259,2746388,2005,1,0
2005-02-01T00:00:00Z,Chicago,22,9.612625746981127,2746388,2005,2,0
2005-03-01T00:00:00Z,Chicago,36,15.729751222332752,2746388,2005,3,0
2005-04-01T00:00:00Z,Chicago,36,15.729751222332752,2746388,2005,4,0
2005-05-01T00:00:00Z,Chicago,44,19.225251493962254,2746388,2005,5,0
2005-06-01T00:00:00Z,Chicago,52,22.72075176559175,2746388,2005,6,0
2005-07-01T00:00:00Z,Chicago,56,24.4685019014065,2746388,2005,7,0
2005-08-01T00:00:00Z,Chicago,52,22.72075176559175,2746388,2005,8,0
2005-09-01T00:00:00Z,Chicago,31,13.545063552564315,2746388,2005,9,0
2005-10-01T00:00:00Z,Chicago,37,16.16668875628644,2746388,2005,10,0
2005-11-01T00:00:00Z,Chicago,26,11.360375882795875,2746388,2005,11,0
2005-12-01T00:00:00Z,Chicago,30,13.108126018610625,2746388,2005,12,0
2006-01-01T00:00:00Z,Chicago,24,10.486500814888501,2746388,2006,1,0
2006-02-01T00:00:00Z,Chicago,16,6.991000543259,2746388,2006,2,0
2006-03-01T00:00:00Z,Chicago,33,14.418938620471689,2746388,2006,3,0
2006-04-01T00:00:00Z,Chicago,38,16.603626290240125,2746388,2006,4,0
2006-05-01T00:00:00Z,Chicago,46,20.099126561869625,2746388,2006,5,0
2006-06-01T00:00:00Z,Chicago,45,19.66218902791594,2746388,2006,6,0
2006-07-01T00:00:00Z,Chicago,63,27.527064639082315,2746388,2006,7,0
2006-08-01T00:00:00Z,Chicago,31,13.545063552564315,2746388,2006,8,0
2006-09-01T00:00:00Z,Chicago,50,21.846876697684376,2746388,2006,9,0
2006-10-01T00:00:00Z,Chicago,36,15.729751222332752,2746388,2006,10,0
2006-11-01T00:00:00Z,Chicago,40,17.477501358147503,2746388,2006,11,0
2006-12-01T00:00:00Z,Chicago,33,14.418938620471689,2746388,2006,12,0
2007-01-01T00:00:00Z,Chicago,26,11.360375882795875,2746388,2007,1,0
2007-02-01T00:00:00Z,Chicago,17,7.427938077212687,2746388,2007,2,0
2007-03-01T00:00:00Z,Chicago,36,15.729751222332752,2746388,2007,3,0
2007-04-01T00:00:00Z,Chicago,34,14.855876154425374,2746388,2007,4,0
2007-05-01T00:00:00Z,Chicago,35,15.292813688379065,2746388,2007,5,0
2007-06-01T00:00:00Z,Chicago,47,20.536064095823317,2746388,2007,6,0
2007-07-01T00:00:00Z,Chicago,47,20.536064095823317,2746388,2007,7,0
2007-08-01T00:00:00Z,Chicago,45,19.66218902791594,2746388,2007,8,0
2007-09-01T00:00:00Z,Chicago,48,20.973001629777002,2746388,2007,9,0
2007-10-01T00:00:00Z,Chicago,36,15.729751222332752,2746388,2007,10,0
2007-11-01T00:00:00Z,Chicago,27,11.797313416749564,2746388,2007,11,0
2007-12-01T00:00:00Z,Chicago,32,13.982001086518,2746388,2007,12,0
2008-01-01T00:00:00Z,Chicago,32,13.982001086518,2746388,2008,1,0
2008-02-01T00:00:00Z,Chicago,17,7.427938077212687,2746388,2008,2,0
2008-03-01T00:00:00Z,Chicago,34,14.855876154425374,2746388,2008,3,0
2008-04-01T00:00:00Z,Chicago,38,16.603626290240125,2746388,2008,4,0
2008-05-01T00:00:00Z,Chicago,47,20.536064095823317,2746388,2008,5,0
2008-06-01T00:00:00Z,Chicago,50,21.846876697684376,2746388,2008,6,0
2008-07-01T00:00:00Z,Chicago,61,26.65318957117494,2746388,2008,7,0
2008-08-01T00:00:00Z,Chicago,47,20.536064095823317,2746388,2008,8,0
2008-09-01T00:00:00Z,Chicago,53,23.15768929954544,2746388,2008,9,0
2008-10-01T00:00:00Z,Chicago,47,20.536064095823317,2746388,2008,10,0
2008-11-01T00:00:00Z,Chicago,38,16.603626290240125,2746388,2008,11,0
2008-12-01T00:00:00Z,Chicago,28,12.23425095070325,2746388,2008,12,0
2009-01-01T00:00:00Z,Chicago,21,9.175688213027438,2746388,2009,1,0
2009-02-01T00:00:00Z,Chicago,22,9.612625746981127,2746388,2009,2,0
2009-03-01T00:00:00Z,Chicago,20,8.738750679073751,2746388,2009,3,0
2009-04-01T00:00:00Z,Chicago,40,17.477501358147503,2746388,2009,4,0
2009-05-01T00:00:00Z,Chicago,43,18.788313960008562,2746388,2009,5,0
2009-06-01T00:00:00Z,Chicago,45,19.66218902791594,2746388,2009,6,0
2009-07-01T00:00:00Z,Chicago,57,24.905439435360186,2746388,2009,7,0
2009-08-01T00:00:00Z,Chicago,51,22.283814231638065,2746388,2009,8,0
2009-09-01T00:00:00Z,Chicago,36,15.729751222332752,2746388,2009,9,0
2009-10-01T00:00:00Z,Chicago,35,15.292813688379065,2746388,2009,10,0
2009-11-01T00:00:00Z,Chicago,37,16.16668875628644,2746388,2009,11,0
2009-12-01T00:00:00Z,Chicago,35,15.292813688379065,2746388,2009,12,0
2010-01-01T00:00:00Z,Chicago,121,52.86944160839619,2746388,2010,1,0
2010-02-01T00:00:00Z,Chicago,105,45.87844106513719,2746388,2010,2,0
2010-03-01T00:00:00Z,Chicago,173,75.59019337398794,2746388,2010,3,0
2010-04-01T00:00:00Z,Chicago,229,100.05869527539446,2746388,2010,4,0
2010-05-01T00:00:00Z,Chicago,230,100.49563280934814,2746388,2010,5,0
2010-06-01T00:00:00Z,Chicago,257,112.29294622609768,2746388,2010,6,0
2010-07-01T00:00:00Z,Chicago,282,123.21638457493988,2746388,2010,7,0
2010-08-01T00:00:00Z,Chicago,286,124.96413471075462,2746388,2010,8,0
2010-09-01T00:00:00Z,Chicago,216,94.37850733399651,2746388,2010,9,0
2010-10-01T00:00:00Z,Chicago,231,100.93257034330182,2746388,2010,10,0
2010-11-01T00:00:00Z,Chicago,158,69.03613036468263,2746388,2010,11,0
2010-12-01T00:00:00Z,Chicago,128,55.928004346072,2746388,2010,12,0
2011-01-01T00:00:00Z,Chicago,154,67.28838022886788,2746388,2011,1,0
2011-02-01T00:00:00Z,Chicago,81,35.391940250248695,2746388,2011,2,0
2011-03-01T00:00:00Z,Chicago,136,59.4235046177015,2746388,2011,3,0
2011-04-01T00:00:00Z,Chicago,201,87.8244443246912,2746388,2011,4,0
2011-05-01T00:00:00Z,Chicago,242,105.73888321679237,2746388,2011,5,0
2011-06-01T00:00:00Z,Chicago,248,108.36050842051452,2746388,2011,6,0
2011-07-01T00:00:00Z,Chicago,288,125.83800977866201,2746388,2011,7,0
2011-08-01T00:00:00Z,Chicago,226,98.74788267353337,2746388,2011,8,0
2011-09-01T00:00:00Z,Chicago,182,79.52263117957114,2746388,2011,9,0
2011-10-01T00:00:00Z,Chicago,243,106.17582075074608,2746388,2011,10,0
2011-11-01T00:00:00Z,Chicago,133,58.112692015840445,2746388,2011,11,0
2011-12-01T00:00:00Z,Chicago,171,74.71631830608055,2746388,2011,12,0
2012-01-01T00:00:00Z,Chicago,162,70.78388050049739,2746388,2012,1,0
2012-02-01T00:00:00Z,Chicago,108,47.189253666998255,2746388,2012,2,0
2012-03-01T00:00:00Z,Chicago,227,99.18482020748706,2746388,2012,3,0
2012-04-01T00:00:00Z,Chicago,188,82.14425638329327,2746388,2012,4,0
2012-05-01T00:00:00Z,Chicago,225,98.3109451395797,2746388,2012,5,0
2012-06-01T00:00:00Z,Chicago,250,109.2343834884219,2746388,2012,6,0
2012-07-01T00:00:00Z,Chicago,286,124.96413471075462,2746388,2012,7,0
2012-08-01T00:00:00Z,Chicago,288,125.83800977866201,2746388,2012,8,0
2012-09-01T00:00:00Z,Chicago,217,94.81544486795019,2746388,2012,9,0
2012-10-01T00:00:00Z,Chicago,210,91.75688213027438,2746388,2012,10,0
2012-11-01T00:00:00Z,Chicago,197,86.07669418887644,2746388,2012,11,0
2012-12-01T00:00:00Z,Chicago,164,71.65775556840475,2746388,2012,12,0
2013-01-01T00:00:00Z,Chicago,165,72.09469310235845,2746388,2013,1,0
2013-02-01T00:00:00Z,Chicago,80,34.955002716295006,2746388,2013,2,0
2013-03-01T00:00:00Z,Chicago,113,49.373941336766684,2746388,2013,3,0
2013-04-01T00:00:00Z,Chicago,141,61.60819228746994,2746388,2013,4,0
2013-05-01T00:00:00Z,Chicago,158,69.03613036468263,2746388,2013,5,0
2013-06-01T00:00:00Z,Chicago,217,94.81544486795019,2746388,2013,6,0
2013-07-01T00:00:00Z,Chicago,231,100.93257034330182,2746388,2013,7,0
2013-08-01T00:00:00Z,Chicago,244,106.61275828469977,2746388,2013,8,0
2013-09-01T00:00:00Z,Chicago,181,79.08569364561745,2746388,2013,9,0
2013-10-01T00:00:00Z,Chicago,133,58.112692015840445,2746388,2013,10,0
2013-11-01T00:00:00Z,Chicago,116,50.684753938627765,2746388,2013,11,0
2013-12-01T00:00:00Z,Chicago,155,67.72531776282156,2746388,2013,12,0
2014-01-01T00:00:00Z,Chicago,92,40.19825312373925,2746388,2014,1,0
2014-02-01T00:00:00Z,Chicago,61,26.65318957117494,2746388,2014,2,0
2014-03-01T00:00:00Z,Chicago,114,49.81087887072037,2746388,2014,3,0
2014-04-01T00:00:00Z,Chicago,205,89.57219446050595,2746388,2014,4,0
2014-05-01T00:00:00Z,Chicago,224,97.874007605626,2746388,2014,5,0
2014-06-01T00:00:00Z,Chicago,218,95.25238240190389,2746388,2014,6,0
2014-07-01T00:00:00Z,Chicago,250,109.2343834884219,2746388,2014,7,0
2014-08-01T00:00:00Z,Chicago,243,106.17582075074608,2746388,2014,8,0
2014-09-01T00:00:00Z,Chicago,187,81.70731884933957,2746388,2014,9,0
2014-10-01T00:00:00Z,Chicago,205,89.57219446050595,2746388,2014,10,0
2014-11-01T00:00:00Z,Chicago,141,61.60819228746994,2746388,2014,11,0
2014-12-01T00:00:00Z,Chicago,201,87.8244443246912,2746388,2014,12,0
2015-01-01T00:00:00Z,Chicago,122,53.30637914234988,2746388,2015,1,0
2015-02-01T00:00:00Z,Chicago,64,27.964002173036,2746388,2015,2,0
2015-03-01T00:00:00Z,Chicago,183,79.95956871352482,2746388,2015,3,0
2015-04-01T00:00:00Z,Chicago,200,87.3875067907375,2746388,2015,4,0
2015-05-01T00:00:00Z,Chicago,272,118.847009235403,2746388,2015,5,0
2015-06-01T00:00:00Z,Chicago,241,105.30194568283869,2746388,2015,6,0
2015-07-01T00:00:00Z,Chicago,262,114.47763389586615,2746388,2015,7,0
2015-08-01T00:00:00Z,Chicago,284,124.09025964284726,2746388,2015,8,0
2015-09-01T00:00:00Z,Chicago,261,114.04069636191247,2746388,2015,9,0
2015-10-01T00:00:00Z,Chicago,203,88.69831939259856,2746388,2015,10,0
2015-11-01T00:00:00Z,Chicago,179,78.21181857771006,2746388,2015,11,0
2015-12-01T00:00:00Z,Chicago,207,90.44606952841333,2746388,2015,12,0
2016-01-01T00:00:00Z,Chicago,248,108.36050842051452,2746388,2016,1,0
2016-02-01T00:00:00Z,Chicago,169,73.84244323817319,2746388,2016,2,0
2016-03-01T00:00:00Z,Chicago,271,118.41007170144931,2746388,2016,3,0
2016-04-01T00:00:00Z,Chicago,256,111.856008692144,2746388,2016,4,0
2016-05-01T00:00:00Z,Chicago,323,141.13082346704107,2746388,2016,5,0
2016-06-01T00:00:00Z,Chicago,365,159.48219989309595,2746388,2016,6,0
2016-07-01T00:00:00Z,Chicago,370,161.66688756286436,2746388,2016,7,0
2016-08-01T00:00:00Z,Chicago,393,171.7164508437992,2746388,2016,8,0
2016-09-01T00:00:00Z,Chicago,307,134.13982292378208,2746388,2016,9,0
2016-10-01T00:00:00Z,Chicago,359,156.8605746893738,2746388,2016,10,0
2016-11-01T00:00:00Z,Chicago,321,140.2569483991337,2746388,2016,11,0
2016-12-01T00:00:00Z,Chicago,241,105.30194568283869,2746388,2016,12,0
2017-01-01T00:00:00Z,Chicago,235,102.68032047911657,2746388,2017,1,0
2017-02-01T00:00:00Z,Chicago,170,74.27938077212688,2746388,2017,2,0
2017-03-01T00:00:00Z,Chicago,169,73.84244323817319,2746388,2017,3,0
2017-04-01T00:00:00Z,Chicago,248,108.36050842051452,2746388,2017,4,0
2017-05-01T00:00:00Z,Chicago,263,114.91457142981983,2746388,2017,5,0
2017-06-01T00:00:00Z,Chicago,310,135.45063552564312,2746388,2017,6,0
2017-07-01T00:00:00Z,Chicago,334,145.93713634053165,2746388,2017,7,0
2017-08-01T00:00:00Z,Chicago,269,117.53619663354195,2746388,2017,8,0
2017-09-01T00:00:00Z,Chicago,259,113.16682129400508,2746388,2017,9,0
2017-10-01T00:00:00Z,Chicago,234,102.24338294516289,2746388,2017,10,0
2017-11-01T00:00:00Z,Chicago,171,74.71631830608055,2746388,2017,11,0
2017-12-01T00:00:00Z,Chicago,168,73.40550570421951,2746388,2017,12,0
2018-01-01T00:00:00Z,Chicago,166,72.53163063631213,2746388,2018,1,0
2018-02-01T00:00:00Z,Chicago,131,57.238816947933074,2746388,2018,2,0
2018-03-01T00:00:00Z,Chicago,143,62.48206735537731,2746388,2018,3,0
2018-04-01T00:00:00Z,Chicago,182,79.52263117957114,2746388,2018,4,0
2018-05-01T00:00:00Z,Chicago,259,113.16682129400508,2746388,2018,5,0
2018-06-01T00:00:00Z,Chicago,269,117.53619663354195,2746388,2018,6,0
2018-07-01T00:00:00Z,Chicago,271,118.41007170144931,2746388,2018,7,0
2018-08-01T00:00:00Z,Chicago,266,116.22538403168089,2746388,2018,8,0
2018-09-01T00:00:00Z,Chicago,221,96.56319500376495,2746388,2018,9,0
2018-10-01T00:00:00Z,Chicago,217,94.81544486795019,2746388,2018,10,0
2018-11-01T00:00:00Z,Chicago,150,65.54063009305314,2746388,2018,11,0
2018-12-01T00:00:00Z,Chicago,204,89.13525692655226,2746388,2018,12,0
2019-01-01T00:00:00Z,Chicago,105,45.87844106513719,2746388,2019,1,0
2019-02-01T00:00:00Z,Chicago,115,50.24781640467407,2746388,2019,2,0
2019-03-01T00:00:00Z,Chicago,140,61.17125475351626,2746388,2019,3,0
2019-04-01T00:00:00Z,Chicago,198,86.51363172283013,2746388,2019,4,0
2019-05-01T00:00:00Z,Chicago,203,88.69831939259856,2746388,2019,5,0
2019-06-01T00:00:00Z,Chicago,246,107.48663335260713,2746388,2019,6,0
2019-07-01T00:00:00Z,Chicago,238,103.99113308097763,2746388,2019,7,0
2019-08-01T00:00:00Z,Chicago,217,94.81544486795019,2746388,2019,8,0
2019-09-01T00:00:00Z,Chicago,212,92.63075719818175,2746388,2019,9,0
2019-10-01T00:00:00Z,Chicago,197,86.07669418887644,2746388,2019,10,0
2019-11-01T00:00:00Z,Chicago,159,69.47306789863632,2746388,2019,11,0
2019-12-01T00:00:00Z,Chicago,170,74.27938077212688,2746388,2019,12,0
2020-01-01T00:00:00Z,Chicago,145,63.35594242328469,2746388,2020,1,0
2020-02-01T00:00:00Z,Chicago,137,59.86044215165519,2746388,2020,2,0
2020-03-01T00:00:00Z,Chicago,151,65.97756762700682,2746388,2020,3,0
2020-04-01T00:00:00Z,Chicago,210,91.75688213027438,2746388,2020,4,0
2020-05-01T00:00:00Z,Chicago,341,148.99569907820745,2746388,2020,5,0
2020-06-01T00:00:00Z,Chicago,423,184.82457686240983,2746388,2020,6,0
2020-07-01T00:00:00Z,Chicago,414,180.89213905682666,2746388,2020,7,0
2020-08-01T00:00:00Z,Chicago,384,167.78401303821602,2746388,2020,8,0
2020-09-01T00:00:00Z,Chicago,318,138.94613579727263,2746388,2020,9,0
2020-10-01T00:00:00Z,Chicago,304,132.829010321921,2746388,2020,10,0
2020-11-01T00:00:00Z,Chicago,273,119.2839467693567,2746388,2020,11,0
2020-12-01T00:00:00Z,Chicago,232,101.36950787725553,2746388,2020,12,0
2021-01-01T00:00:00Z,Chicago,203,88.69831939259856,2746388,2021,1,0
2021-02-01T00:00:00Z,Chicago,153,66.8514426949142,2746388,2021,2,0
2021-03-01T00:00:00Z,Chicago,234,102.24338294516289,2746388,2021,3,0
2021-04-01T00:00:00Z,Chicago,253,110.54519609028294,2746388,2021,4,0
2021-05-01T00:00:00Z,Chicago,326,142.44163606890214,2746388,2021,5,0
2021-06-01T00:00:00Z,Chicago,364,159.04526235914227,2746388,2021,6,0
2021-07-01T00:00:00Z,Chicago,464,202.73901575451106,2746388,2021,7,0
2021-08-01T00:00:00Z,Chicago,373,162.97770016472543,2746388,2021,8,0
2021-09-01T00:00:00Z,Chicago,393,171.7164508437992,2746388,2021,9,0
2021-10-01T00:00:00Z,Chicago,310,135.45063552564312,2746388,2021,10,0
2021-11-01T00:00:00Z,Chicago,272,118.847009235403,2746388,2021,11,0
2021-12-01T00:00:00Z,Chicago,258,112.72988376005137,2746388,2021,12,0
2022-01-01T00:00:00Z,Chicago,188,82.14425638329327,2746388,2022,1,0
2022-02-01T00:00:00Z,Chicago,150,65.54063009305314,2746388,2022,2,0
2022-03-01T00:00:00Z,Chicago,187,81.70731884933957,2746388,2022,3,0
2022-04-01T00:00:00Z,Chicago,211,92.19381966422807,2746388,2022,4,0
2022-05-01T00:00:00Z,Chicago,261,114.04069636191247,2746388,2022,5,0
2022-06-01T00:00:00Z,Chicago,286,124.96413471075462,2746388,2022,6,0
2022-07-01T00:00:00Z,Chicago,343,149.86957414611481,2746388,2022,7,0
2022-08-01T00:00:00Z,Chicago,311,135.88757305959683,2746388,2022,8,0
2022-09-01T00:00:00Z,Chicago,304,132.829010321921,2746388,2022,9,0
2022-10-01T00:00:00Z,Chicago,255,111.41907115819032,2746388,2022,10,0
2022-11-01T00:00:00Z,Chicago,210,91.75688213027438,2746388,2022,11,0
2022-12-01T00:00:00Z,Chicago,195,85.20281912096905,2746388,2022,12,0
2023-01-01T00:00:00Z,Chicago,169,73.84244323817319,2746388,2023,1,0
2023-02-01T00:00:00Z,Chicago,137,59.86044215165519,2746388,2023,2,0
2023-03-01T00:00:00Z,Chicago,142,62.04512982142363,2746388,2023,3,0
2023-04-01T00:00:00Z,Chicago,206,90.00913199445964,2746388,2023,4,0
2023-05-01T00:00:00Z,Chicago,273,119.2839467693567,2746388,2023,5,0
2023-06-01T00:00:00Z,Chicago,276,120.59475937121775,2746388,2023,6,0
2023-07-01T00:00:00Z,Chicago,280,122.34250950703252,2746388,2023,7,0
2023-08-01T00:00:00Z,Chicago,235,102.68032047911657,2746388,2023,8,0
2023-09-01T00:00:00Z,Chicago,244,106.61275828469977,2746388,2023,9,0
2023-10-01T00:00:00Z,Chicago,207,90.44606952841333,2746388,2023,10,0
2023-11-01T00:00:00Z,Chicago,185,80.83344378143218,2746388,2023,11,0
2023-12-01T00:00:00Z,Chicago,162,70.78388050049739,2746388,2023,12,0
2024-01-01T00:00:00Z,Chicago,132,57.675754481886756,2746388,2024,1,0
2024-02-01T00:00:00Z,Chicago,130,56.80187941397938,2746388,2024,2,0
2024-03-01T00:00:00Z,Chicago,167,72.96856817026583,2746388,2024,3,0
2024-04-01T00:00:00Z,Chicago,178,77.77488104375638,2746388,2024,4,0
2024-05-01T00:00:00Z,Chicago,235,102.68032047911657,2746388,2024,5,0
2024-06-01T00:00:00Z,Chicago,294,128.45963498238413,2746388,2024,6,0
2024-07-01T00:00:00Z,Chicago,256,111.856008692144,2746388,2024,7,0
2024-08-01T00:00:00Z,Chicago,235,102.68032047911657,2746388,2024,8,0
2024-09-01T00:00:00Z,Chicago,226,98.74788267353337,2746388,2024,9,0
2024-10-01T00:00:00Z,Chicago,207,90.44606952841333,2746388,2024,10,0
2024-11-01T00:00:00Z,Chicago,149,65.10369255909944,2746388,2024,11,0
2024-12-01T00:00:00Z,Chicago,135,58.986567083747815,2746388,2024,12,0
2025-01-01T00:00:00Z,Chicago,116,50.684753938627765,2746388,2025,1,0
2025-02-01T00:00:00Z,Chicago,78,34.08112764838763,2746388,2025,2,0
2025-03-01T00:00:00Z,Chicago,110,48.06312873490563,2746388,2025,3,0
2025-04-01T00:00:00Z,Chicago,114,49.81087887072037,2746388,2025,4,0
2025-05-01T00:00:00Z,Chicago,134,58.54962954979413,2746388,2025,5,0
2025-06-01T00:00:00Z,Chicago,148,64.66675502514576,2746388,2025,6,0
2025-07-01T00:00:00Z,Chicago,188,82.14425638329327,2746388,2025,7,0
2025-08-01T00:00:00Z,Chicago,181,79.08569364561745,2746388,2025,8,0
2025-09-01T00:00:00Z,Chicago,149,65.10369255909944,2746388,2025,9,0
2025-10-01T00:00:00Z,Chicago,116,50.684753938627765,2746388,2025,10,0
2025-11-01T00:00:00Z,Chicago,113,49.373941336766684,2746388,2025,11,0
2025-12-01T00:00:00Z,Chicago,90,39.32437805583188,2746388,2025,12,0
2026-01-01T00:00:00Z,Chicago,104,45.4415035311835,2746388,2026,1,0
2026-02-01T00:00:00Z,Chicago,49,21.409939163730687,2746388,2026,2,0
2023-01-01T00:00:00Z,Cincinnati,20,77.59030379836867,309317,2023,1,0
2023-02-01T00:00:00Z,Cincinnati,30,116.385455697553,309317,2023,2,0
2023-03-01T00:00:00Z,Cincinnati,10,38.79515189918433,309317,2023,3,0
2023-04-01T00:00:00Z,Cincinnati,31,120.26497088747143,309317,2023,4,0
2023-05-01T00:00:00Z,Cincinnati,40,155.18060759673733,309317,2023,5,0
2023-06-01T00:00:00Z,Cincinnati,50,193.97575949592164,309317,2023,6,0
2023-07-01T00:00:00Z,Cincinnati,39,151.3010924068189,309317,2023,7,0
2023-08-01T00:00:00Z,Cincinnati,41,159.06012278665577,309317,2023,8,0
2023-09-01T00:00:00Z,Cincinnati,34,131.90351645722674,309317,2023,9,0
2023-10-01T00:00:00Z,Cincinnati,37,143.54206202698202,309317,2023,10,0
2023-11-01T00:00:00Z,Cincinnati,24,93.1083645580424,309317,2023,11,0
2023-12-01T00:00:00Z,Cincinnati,23,89.22884936812397,309317,2023,12,0
2024-01-01T00:00:00Z,Cincinnati,16,62.072243038694936,309317,2024,1,0
2024-02-01T00:00:00Z,Cincinnati,26,100.86739493787925,309317,2024,2,0
2024-03-01T00:00:00Z,Cincinnati,23,89.22884936812397,309317,2024,3,0
2024-04-01T00:00:00Z,Cincinnati,22,85.34933417820554,309317,2024,4,0
2024-05-01T00:00:00Z,Cincinnati,34,131.90351645722674,309317,2024,5,0
2024-06-01T00:00:00Z,Cincinnati,45,174.57818354632948,309317,2024,6,0
2024-07-01T00:00:00Z,Cincinnati,44,170.69866835641108,309317,2024,7,0
2024-08-01T00:00:00Z,Cincinnati,34,131.90351645722674,309317,2024,8,0
2024-09-01T00:00:00Z,Cincinnati,28,108.62642531771613,309317,2024,9,0
2024-10-01T00:00:00Z,Cincinnati,44,170.69866835641108,309317,2024,10,0
2024-11-01T00:00:00Z,Cincinnati,20,77.59030379836867,309317,2024,11,0
2024-12-01T00:00:00Z,Cincinnati,19,73.71078860845023,309317,2024,12,0
2025-01-01T00:00:00Z,Cincinnati,15,58.1927278487765,309317,2025,1,0
2025-02-01T00:00:00Z,Cincinnati,17,65.95175822861337,309317,2025,2,0
2025-03-01T00:00:00Z,Cincinnati,15,58.1927278487765,309317,2025,3,0
2025-04-01T00:00:00Z,Cincinnati,20,77.59030379836867,309317,2025,4,0
2025-05-01T00:00:00Z,Cincinnati,22,85.34933417820554,309317,2025,5,0
2025-06-01T00:00:00Z,Cincinnati,39,151.3010924068189,309317,2025,6,0
2025-07-01T00:00:00Z,Cincinnati,36,139.6625468370636,309317,2025,7,0
2025-08-01T00:00:00Z,Cincinnati,26,100.86739493787925,309317,2025,8,0
2025-09-01T00:00:00Z,Cincinnati,19,73.71078860845023,309317,2025,9,0
2025-10-01T00:00:00Z,Cincinnati,26,100.86739493787925,309317,2025,10,0
2025-11-01T00:00:00Z,Cincinnati,25,96.98787974796082,309317,2025,11,0
2025-12-01T00:00:00Z,Cincinnati,26,100.86739493787925,309317,2025,12,0
2026-01-01T00:00:00Z,Cincinnati,15,58.1927278487765,309317,2026,1,0
2026-02-01T00:00:00Z,Cincinnati,16,62.072243038694936,309317,2026,2,0
2015-01-01T00:00:00Z,Philadelphia,64,47.88635968267805,1603797,2015,1,0
2015-02-01T00:00:00Z,Philadelphia,43,32.173647911799314,1603797,2015,2,0
2015-03-01T00:00:00Z,Philadelphia,63,47.1381353126362,1603797,2015,3,0
2015-04-01T00:00:00Z,Philadelphia,59,44.14523783246882,1603797,2015,4,0
2015-05-01T00:00:00Z,Philadelphia,97,72.5777638940589,1603797,2015,5,0
2015-06-01T00:00:00Z,Philadelphia,84,62.850847083514935,1603797,2015,6,0
2015-07-01T00:00:00Z,Philadelphia,114,85.29757818477027,1603797,2015,7,0
2015-08-01T00:00:00Z,Philadelphia,119,89.0387000349795,1603797,2015,8,0
2015-09-01T00:00:00Z,Philadelphia,90,67.340193303766,1603797,2015,9,0
2015-10-01T00:00:00Z,Philadelphia,77,57.61327649322203,1603797,2015,10,0
2015-11-01T00:00:00Z,Philadelphia,83,62.10262271347308,1603797,2015,11,0
2015-12-01T00:00:00Z,Philadelphia,86,64.34729582359863,1603797,2015,12,0
2016-01-01T00:00:00Z,Philadelphia,78,58.36150086326387,1603797,2016,1,0
2016-02-01T00:00:00Z,Philadelphia,68,50.87925716284542,1603797,2016,2,0
2016-03-01T00:00:00Z,Philadelphia,77,57.61327649322203,1603797,2016,3,0
2016-04-01T00:00:00Z,Philadelphia,80,59.857949603347556,1603797,2016,4,0
2016-05-01T00:00:00Z,Philadelphia,77,57.61327649322203,1603797,2016,5,0
2016-06-01T00:00:00Z,Philadelphia,77,57.61327649322203,1603797,2016,6,0
2016-07-01T00:00:00Z,Philadelphia,108,80.8082319645192,1603797,2016,7,0
2016-08-01T00:00:00Z,Philadelphia,107,80.06000759447736,1603797,2016,8,0
2016-09-01T00:00:00Z,Philadelphia,85,63.599071453556775,1603797,2016,9,0
2016-10-01T00:00:00Z,Philadelphia,85,63.599071453556775,1603797,2016,10,0
2016-11-01T00:00:00Z,Philadelphia,89,66.59196893372416,1603797,2016,11,0
2016-12-01T00:00:00Z,Philadelphia,78,58.36150086326387,1603797,2016,12,0
2017-01-01T00:00:00Z,Philadelphia,79,59.10972523330571,1603797,2017,1,0
2017-02-01T00:00:00Z,Philadelphia,63,47.1381353126362,1603797,2017,2,0
2017-03-01T00:00:00Z,Philadelphia,75,56.116827753138324,1603797,2017,3,0
2017-04-01T00:00:00Z,Philadelphia,82,61.35439834343124,1603797,2017,4,0
2017-05-01T00:00:00Z,Philadelphia,79,59.10972523330571,1603797,2017,5,0
2017-06-01T00:00:00Z,Philadelphia,95,71.08131515397523,1603797,2017,6,0
2017-07-01T00:00:00Z,Philadelphia,88,65.84374456368232,1603797,2017,7,0
2017-08-01T00:00:00Z,Philadelphia,85,63.599071453556775,1603797,2017,8,0
2017-09-01T00:00:00Z,Philadelphia,91,68.08841767380784,1603797,2017,9,0
2017-10-01T00:00:00Z,Philadelphia,84,62.850847083514935,1603797,2017,10,0
2017-11-01T00:00:00Z,Philadelphia,76,56.86505212318018,1603797,2017,11,0
2017-12-01T00:00:00Z,Philadelphia,80,59.857949603347556,1603797,2017,12,0
2018-01-01T00:00:00Z,Philadelphia,74,55.368603383096485,1603797,2018,1,0
2018-02-01T00:00:00Z,Philadelphia,75,56.116827753138324,1603797,2018,2,0
2018-03-01T00:00:00Z,Philadelphia,63,47.1381353126362,1603797,2018,3,0
2018-04-01T00:00:00Z,Philadelphia,80,59.857949603347556,1603797,2018,4,0
2018-05-01T00:00:00Z,Philadelphia,108,80.8082319645192,1603797,2018,5,0
2018-06-01T00:00:00Z,Philadelphia,92,68.83664204384968,1603797,2018,6,0
2018-07-01T00:00:00Z,Philadelphia,81,60.6061739733894,1603797,2018,7,0
2018-08-01T00:00:00Z,Philadelphia,100,74.82243700418445,1603797,2018,8,0
2018-09-01T00:00:00Z,Philadelphia,92,68.83664204384968,1603797,2018,9,0
2018-10-01T00:00:00Z,Philadelphia,98,73.32598826410076,1603797,2018,10,0
2018-11-01T00:00:00Z,Philadelphia,91,68.08841767380784,1603797,2018,11,0
2018-12-01T00:00:00Z,Philadelphia,93,69.58486641389153,1603797,2018,12,0
2019-01-01T00:00:00Z,Philadelphia,65,48.63458405271989,1603797,2019,1,0
2019-02-01T00:00:00Z,Philadelphia,69,51.62748153288727,1603797,2019,2,0
2019-03-01T00:00:00Z,Philadelphia,101,75.57066137422628,1603797,2019,3,0
2019-04-01T00:00:00Z,Philadelphia,91,68.08841767380784,1603797,2019,4,0
2019-05-01T00:00:00Z,Philadelphia,82,61.35439834343124,1603797,2019,5,0
2019-06-01T00:00:00Z,Philadelphia,103,77.06711011430998,1603797,2019,6,0
2019-07-01T00:00:00Z,Philadelphia,88,65.84374456368232,1603797,2019,7,0
2019-08-01T00:00:00Z,Philadelphia,104,77.81533448435182,1603797,2019,8,0
2019-09-01T00:00:00Z,Philadelphia,98,73.32598826410076,1603797,2019,9,0
2019-10-01T00:00:00Z,Philadelphia,98,73.32598826410076,1603797,2019,10,0
2019-11-01T00:00:00Z,Philadelphia,94,70.33309078393339,1603797,2019,11,0
2019-12-01T00:00:00Z,Philadelphia,86,64.34729582359863,1603797,2019,12,0
2020-01-01T00:00:00Z,Philadelphia,82,61.35439834343124,1603797,2020,1,0
2020-02-01T00:00:00Z,Philadelphia,71,53.12393027297095,1603797,2020,2,0
2020-03-01T00:00:00Z,Philadelphia,106,79.31178322443552,1603797,2020,3,0
2020-04-01T00:00:00Z,Philadelphia,101,75.57066137422628,1603797,2020,4,0
2020-05-01T00:00:00Z,Philadelphia,127,95.02449499531426,1603797,2020,5,0
2020-06-01T00:00:00Z,Philadelphia,126,94.2762706252724,1603797,2020,6,0
2020-07-01T00:00:00Z,Philadelphia,143,106.99608491598376,1603797,2020,7,0
2020-08-01T00:00:00Z,Philadelphia,176,131.68748912736464,1603797,2020,8,0
2020-09-01T00:00:00Z,Philadelphia,143,106.99608491598376,1603797,2020,9,0
2020-10-01T00:00:00Z,Philadelphia,163,121.96057231682063,1603797,2020,10,0
2020-11-01T00:00:00Z,Philadelphia,150,112.23365550627665,1603797,2020,11,0
2020-12-01T00:00:00Z,Philadelphia,139,104.00318743581639,1603797,2020,12,0
2021-01-01T00:00:00Z,Philadelphia,139,104.00318743581639,1603797,2021,1,0
2021-02-01T00:00:00Z,Philadelphia,85,63.599071453556775,1603797,2021,2,0
2021-03-01T00:00:00Z,Philadelphia,113,84.54935381472842,1603797,2021,3,0
2021-04-01T00:00:00Z,Philadelphia,117,87.54225129489579,1603797,2021,4,0
2021-05-01T00:00:00Z,Philadelphia,123,92.03159751514687,1603797,2021,5,0
2021-06-01T00:00:00Z,Philadelphia,151,112.98187987631852,1603797,2021,6,0
2021-07-01T00:00:00Z,Philadelphia,153,114.4783286164022,1603797,2021,7,0
2021-08-01T00:00:00Z,Philadelphia,130,97.26916810543977,1603797,2021,8,0
2021-09-01T00:00:00Z,Philadelphia,144,107.7443092860256,1603797,2021,9,0
2021-10-01T00:00:00Z,Philadelphia,128,95.7727193653561,1603797,2021,10,0
2021-11-01T00:00:00Z,Philadelphia,126,94.2762706252724,1603797,2021,11,0
2021-12-01T00:00:00Z,Philadelphia,130,97.26916810543977,1603797,2021,12,0
2022-01-01T00:00:00Z,Philadelphia,126,94.2762706252724,1603797,2022,1,0
2022-02-01T00:00:00Z,Philadelphia,116,86.79402692485395,1603797,2022,2,0
2022-03-01T00:00:00Z,Philadelphia,114,85.29757818477027,1603797,2022,3,0
2022-04-01T00:00:00Z,Philadelphia,128,95.7727193653561,1603797,2022,4,0
2022-05-01T00:00:00Z,Philadelphia,138,103.25496306577455,1603797,2022,5,0
2022-06-01T00:00:00Z,Philadelphia,154,115.22655298644406,1603797,2022,6,0
2022-07-01T00:00:00Z,Philadelphia,136,101.75851432569084,1603797,2022,7,0
2022-08-01T00:00:00Z,Philadelphia,140,104.75141180585823,1603797,2022,8,0
2022-09-01T00:00:00Z,Philadelphia,124,92.77982188518871,1603797,2022,9,0
2022-10-01T00:00:00Z,Philadelphia,132,98.76561684552345,1603797,2022,10,0
2022-11-01T00:00:00Z,Philadelphia,103,77.06711011430998,1603797,2022,11,0
2022-12-01T00:00:00Z,Philadelphia,95,71.08131515397523,1603797,2022,12,0
2023-01-01T00:00:00Z,Philadelphia,92,68.83664204384968,1603797,2023,1,0
2023-02-01T00:00:00Z,Philadelphia,91,68.08841767380784,1603797,2023,2,0
2023-03-01T00:00:00Z,Philadelphia,114,85.29757818477027,1603797,2023,3,0
2023-04-01T00:00:00Z,Philadelphia,108,80.8082319645192,1603797,2023,4,0
2023-05-01T00:00:00Z,Philadelphia,123,92.03159751514687,1603797,2023,5,0
2023-06-01T00:00:00Z,Philadelphia,114,85.29757818477027,1603797,2023,6,0
2023-07-01T00:00:00Z,Philadelphia,103,77.06711011430998,1603797,2023,7,0
2023-08-01T00:00:00Z,Philadelphia,109,81.55645633456103,1603797,2023,8,0
2023-09-01T00:00:00Z,Philadelphia,93,69.58486641389153,1603797,2023,9,0
2023-10-01T00:00:00Z,Philadelphia,96,71.82953952401706,1603797,2023,10,0
2023-11-01T00:00:00Z,Philadelphia,73,54.620379013054645,1603797,2023,11,0
2023-12-01T00:00:00Z,Philadelphia,67,50.13103279280358,1603797,2023,12,0
2024-01-01T00:00:00Z,Philadelphia,68,50.87925716284542,1603797,2024,1,0
2024-02-01T00:00:00Z,Philadelphia,69,51.62748153288727,1603797,2024,2,0
2024-03-01T00:00:00Z,Philadelphia,51,38.159442872134065,1603797,2024,3,0
2024-04-01T00:00:00Z,Philadelphia,72,53.8721546430128,1603797,2024,4,0
2024-05-01T00:00:00Z,Philadelphia,76,56.86505212318018,1603797,2024,5,0
2024-06-01T00:00:00Z,Philadelphia,84,62.850847083514935,1603797,2024,6,0
2024-07-01T00:00:00Z,Philadelphia,82,61.35439834343124,1603797,2024,7,0
2024-08-01T00:00:00Z,Philadelphia,68,50.87925716284542,1603797,2024,8,0
2024-09-01T00:00:00Z,Philadelphia,69,51.62748153288727,1603797,2024,9,0
2024-10-01T00:00:00Z,Philadelphia,63,47.1381353126362,1603797,2024,10,0
2024-11-01T00:00:00Z,Philadelphia,71,53.12393027297095,1603797,2024,11,0
2024-12-01T00:00:00Z,Philadelphia,56,41.90056472234329,1603797,2024,12,0
2025-01-01T00:00:00Z,Philadelphia,59,44.14523783246882,1603797,2025,1,0
2025-02-01T00:00:00Z,Philadelphia,64,47.88635968267805,1603797,2025,2,0
2025-03-01T00:00:00Z,Philadelphia,53,39.65589161221776,1603797,2025,3,0
2025-04-01T00:00:00Z,Philadelphia,59,44.14523783246882,1603797,2025,4,0
2025-05-01T00:00:00Z,Philadelphia,85,63.599071453556775,1603797,2025,5,0
2025-06-01T00:00:00Z,Philadelphia,69,51.62748153288727,1603797,2025,6,0
2025-07-01T00:00:00Z,Philadelphia,70,52.37570590292911,1603797,2025,7,0
2025-08-01T00:00:00Z,Philadelphia,58,43.397013462426976,1603797,2025,8,0
2025-09-01T00:00:00Z,Philadelphia,49,36.66299413205038,1603797,2025,9,0
2025-10-01T00:00:00Z,Philadelphia,55,41.152340352301444,1603797,2025,10,0
2025-11-01T00:00:00Z,Philadelphia,54,40.4041159822596,1603797,2025,11,0
2025-12-01T00:00:00Z,Philadelphia,44,32.92187228184116,1603797,2025,12,0
2026-01-01T00:00:00Z,Philadelphia,27,20.2020579911298,1603797,2026,1,0
2026-02-01T00:00:00Z,Philadelphia,19,14.216263030795044,1603797,2026,2,0
2006-03-01T00:00:00Z,Buffalo,11,47.42248041128224,278349,2006,3,0
2006-04-01T00:00:00Z,Buffalo,27,116.40063373678367,278349,2006,4,0
2006-05-01T00:00:00Z,Buffalo,27,116.40063373678367,278349,2006,5,0
2006-06-01T00:00:00Z,Buffalo,29,125.02290290247136,278349,2006,6,0
2006-07-01T00:00:00Z,Buffalo,30,129.33403748531518,278349,2006,7,0
2006-08-01T00:00:00Z,Buffalo,29,125.02290290247136,278349,2006,8,0
2006-09-01T00:00:00Z,Buffalo,21,90.53382623972064,278349,2006,9,0
2006-10-01T00:00:00Z,Buffalo,20,86.22269165687679,278349,2006,10,0
2006-11-01T00:00:00Z,Buffalo,12,51.73361499412608,278349,2006,11,0
2006-12-01T00:00:00Z,Buffalo,11,47.42248041128224,278349,2006,12,0
2007-01-01T00:00:00Z,Buffalo,13,56.04474957696992,278349,2007,1,0
2007-02-01T00:00:00Z,Buffalo,5,21.555672914219198,278349,2007,2,0
2007-03-01T00:00:00Z,Buffalo,19,81.91155707403296,278349,2007,3,0
2007-04-01T00:00:00Z,Buffalo,11,47.42248041128224,278349,2007,4,0
2007-05-01T00:00:00Z,Buffalo,13,56.04474957696992,278349,2007,5,0
2007-06-01T00:00:00Z,Buffalo,19,81.91155707403296,278349,2007,6,0
2007-07-01T00:00:00Z,Buffalo,18,77.60042249118912,278349,2007,7,0
2007-08-01T00:00:00Z,Buffalo,19,81.91155707403296,278349,2007,8,0
2007-09-01T00:00:00Z,Buffalo,12,51.73361499412608,278349,2007,9,0
2007-10-01T00:00:00Z,Buffalo,25,107.77836457109598,278349,2007,10,0
2007-11-01T00:00:00Z,Buffalo,9,38.80021124559456,278349,2007,11,0
2007-12-01T00:00:00Z,Buffalo,17,73.28928790834527,278349,2007,12,0
2008-01-01T00:00:00Z,Buffalo,16,68.97815332550144,278349,2008,1,0
2008-02-01T00:00:00Z,Buffalo,11,47.42248041128224,278349,2008,2,0
2008-03-01T00:00:00Z,Buffalo,13,56.04474957696992,278349,2008,3,0
2008-04-01T00:00:00Z,Buffalo,11,47.42248041128224,278349,2008,4,0
2008-05-01T00:00:00Z,Buffalo,20,86.22269165687679,278349,2008,5,0
2008-06-01T00:00:00Z,Buffalo,25,107.77836457109598,278349,2008,6,0
2008-07-01T00:00:00Z,Buffalo,28,120.71176831962751,278349,2008,7,0
2008-08-01T00:00:00Z,Buffalo,29,125.02290290247136,278349,2008,8,0
2008-09-01T00:00:00Z,Buffalo,12,51.73361499412608,278349,2008,9,0
2008-10-01T00:00:00Z,Buffalo,16,68.97815332550144,278349,2008,10,0
2008-11-01T00:00:00Z,Buffalo,22,94.84496082256447,278349,2008,11,0
2008-12-01T00:00:00Z,Buffalo,17,73.28928790834527,278349,2008,12,0
2009-01-01T00:00:00Z,Buffalo,15,64.66701874265759,278349,2009,1,0
2009-02-01T00:00:00Z,Buffalo,8,34.48907666275072,278349,2009,2,0
2009-03-01T00:00:00Z,Buffalo,15,64.66701874265759,278349,2009,3,0
2009-04-01T00:00:00Z,Buffalo,24,103.46722998825216,278349,2009,4,0
2009-05-01T00:00:00Z,Buffalo,21,90.53382623972064,278349,2009,5,0
2009-06-01T00:00:00Z,Buffalo,22,94.84496082256447,278349,2009,6,0
2009-07-01T00:00:00Z,Buffalo,30,129.33403748531518,278349,2009,7,0
2009-08-01T00:00:00Z,Buffalo,40,172.44538331375358,278349,2009,8,0
2009-09-01T00:00:00Z,Buffalo,19,81.91155707403296,278349,2009,9,0
2009-10-01T00:00:00Z,Buffalo,22,94.84496082256447,278349,2009,10,0
2009-11-01T00:00:00Z,Buffalo,20,86.22269165687679,278349,2009,11,0
2009-12-01T00:00:00Z,Buffalo,25,107.77836457109598,278349,2009,12,0
2010-01-01T00:00:00Z,Buffalo,20,86.22269165687679,278349,2010,1,0
2010-02-01T00:00:00Z,Buffalo,6,25.86680749706304,278349,2010,2,0
2010-03-01T00:00:00Z,Buffalo,16,68.97815332550144,278349,2010,3,0
2010-04-01T00:00:00Z,Buffalo,17,73.28928790834527,278349,2010,4,0
2010-05-01T00:00:00Z,Buffalo,17,73.28928790834527,278349,2010,5,0
2010-06-01T00:00:00Z,Buffalo,27,116.40063373678367,278349,2010,6,0
2010-07-01T00:00:00Z,Buffalo,24,103.46722998825216,278349,2010,7,0
2010-08-01T00:00:00Z,Buffalo,23,99.15609540540831,278349,2010,8,0
2010-09-01T00:00:00Z,Buffalo,19,81.91155707403296,278349,2010,9,0
2010-10-01T00:00:00Z,Buffalo,20,86.22269165687679,278349,2010,10,0
2010-11-01T00:00:00Z,Buffalo,18,77.60042249118912,278349,2010,11,0
2010-12-01T00:00:00Z,Buffalo,13,56.04474957696992,278349,2010,12,0
2011-01-01T00:00:00Z,Buffalo,8,34.48907666275072,278349,2011,1,0
2011-02-01T00:00:00Z,Buffalo,7,30.177942079906877,278349,2011,2,0
2011-03-01T00:00:00Z,Buffalo,15,64.66701874265759,278349,2011,3,0
2011-04-01T00:00:00Z,Buffalo,14,60.355884159813755,278349,2011,4,0
2011-05-01T00:00:00Z,Buffalo,21,90.53382623972064,278349,2011,5,0
2011-06-01T00:00:00Z,Buffalo,23,99.15609540540831,278349,2011,6,0
2011-07-01T00:00:00Z,Buffalo,33,142.2674412338467,278349,2011,7,0
2011-08-01T00:00:00Z,Buffalo,11,47.42248041128224,278349,2011,8,0
2011-09-01T00:00:00Z,Buffalo,30,129.33403748531518,278349,2011,9,0
2011-10-01T00:00:00Z,Buffalo,20,86.22269165687679,278349,2011,10,0
2011-11-01T00:00:00Z,Buffalo,25,107.77836457109598,278349,2011,11,0
2011-12-01T00:00:00Z,Buffalo,22,94.84496082256447,278349,2011,12,0
2012-01-01T00:00:00Z,Buffalo,27,116.40063373678367,278349,2012,1,0
2012-02-01T00:00:00Z,Buffalo,13,56.04474957696992,278349,2012,2,0
2012-03-01T00:00:00Z,Buffalo,18,77.60042249118912,278349,2012,3,0
2012-04-01T00:00:00Z,Buffalo,11,47.42248041128224,278349,2012,4,0
2012-05-01T00:00:00Z,Buffalo,29,125.02290290247136,278349,2012,5,0
2012-06-01T00:00:00Z,Buffalo,19,81.91155707403296,278349,2012,6,0
2012-07-01T00:00:00Z,Buffalo,19,81.91155707403296,278349,2012,7,0
2012-08-01T00:00:00Z,Buffalo,21,90.53382623972064,278349,2012,8,0
2012-09-01T00:00:00Z,Buffalo,19,81.91155707403296,278349,2012,9,0
2012-10-01T00:00:00Z,Buffalo,15,64.66701874265759,278349,2012,10,0
2012-11-01T00:00:00Z,Buffalo,15,64.66701874265759,278349,2012,11,0
2012-12-01T00:00:00Z,Buffalo,11,47.42248041128224,278349,2012,12,0
2013-01-01T00:00:00Z,Buffalo,14,60.355884159813755,278349,2013,1,0
2013-02-01T00:00:00Z,Buffalo,9,38.80021124559456,278349,2013,2,0
2013-03-01T00:00:00Z,Buffalo,12,51.73361499412608,278349,2013,3,0
2013-04-01T00:00:00Z,Buffalo,12,51.73361499412608,278349,2013,4,0
2013-05-01T00:00:00Z,Buffalo,9,38.80021124559456,278349,2013,5,0
2013-06-01T00:00:00Z,Buffalo,11,47.42248041128224,278349,2013,6,0
2013-07-01T00:00:00Z,Buffalo,16,68.97815332550144,278349,2013,7,0
2013-08-01T00:00:00Z,Buffalo,22,94.84496082256447,278349,2013,8,0
2013-09-01T00:00:00Z,Buffalo,14,60.355884159813755,278349,2013,9,0
2013-10-01T00:00:00Z,Buffalo,17,73.28928790834527,278349,2013,10,0
2013-11-01T00:00:00Z,Buffalo,14,60.355884159813755,278349,2013,11,0
2013-12-01T00:00:00Z,Buffalo,21,90.53382623972064,278349,2013,12,0
2014-01-01T00:00:00Z,Buffalo,8,34.48907666275072,278349,2014,1,0
2014-02-01T00:00:00Z,Buffalo,11,47.42248041128224,278349,2014,2,0
2014-03-01T00:00:00Z,Buffalo,5,21.555672914219198,278349,2014,3,0
2014-04-01T00:00:00Z,Buffalo,12,51.73361499412608,278349,2014,4,0
2014-05-01T00:00:00Z,Buffalo,25,107.77836457109598,278349,2014,5,0
2014-06-01T00:00:00Z,Buffalo,26,112.08949915393984,278349,2014,6,0
2014-07-01T00:00:00Z,Buffalo,24,103.46722998825216,278349,2014,7,0
2014-08-01T00:00:00Z,Buffalo,18,77.60042249118912,278349,2014,8,0
2014-09-01T00:00:00Z,Buffalo,14,60.355884159813755,278349,2014,9,0
2014-10-01T00:00:00Z,Buffalo,21,90.53382623972064,278349,2014,10,0
2014-11-01T00:00:00Z,Buffalo,12,51.73361499412608,278349,2014,11,0
2014-12-01T00:00:00Z,Buffalo,29,125.02290290247136,278349,2014,12,0
2015-01-01T00:00:00Z,Buffalo,10,43.111345828438395,278349,2015,1,0
2015-02-01T00:00:00Z,Buffalo,4,17.24453833137536,278349,2015,2,0
2015-03-01T00:00:00Z,Buffalo,7,30.177942079906877,278349,2015,3,0
2015-04-01T00:00:00Z,Buffalo,16,68.97815332550144,278349,2015,4,0
2015-05-01T00:00:00Z,Buffalo,19,81.91155707403296,278349,2015,5,0
2015-06-01T00:00:00Z,Buffalo,18,77.60042249118912,278349,2015,6,0
2015-07-01T00:00:00Z,Buffalo,22,94.84496082256447,278349,2015,7,0
2015-08-01T00:00:00Z,Buffalo,19,81.91155707403296,278349,2015,8,0
2015-09-01T00:00:00Z,Buffalo,30,129.33403748531518,278349,2015,9,0
2015-10-01T00:00:00Z,Buffalo,20,86.22269165687679,278349,2015,10,0
2015-11-01T00:00:00Z,Buffalo,23,99.15609540540831,278349,2015,11,0
2015-12-01T00:00:00Z,Buffalo,16,68.97815332550144,278349,2015,12,0
2016-01-01T00:00:00Z,Buffalo,21,90.53382623972064,278349,2016,1,0
2016-02-01T00:00:00Z,Buffalo,13,56.04474957696992,278349,2016,2,0
2016-03-01T00:00:00Z,Buffalo,16,68.97815332550144,278349,2016,3,0
2016-04-01T00:00:00Z,Buffalo,20,86.22269165687679,278349,2016,4,0
2016-05-01T00:00:00Z,Buffalo,30,129.33403748531518,278349,2016,5,0
2016-06-01T00:00:00Z,Buffalo,26,112.08949915393984,278349,2016,6,0
2016-07-01T00:00:00Z,Buffalo,29,125.02290290247136,278349,2016,7,0
2016-08-01T00:00:00Z,Buffalo,31,133.64517206815904,278349,2016,8,0
2016-09-01T00:00:00Z,Buffalo,19,81.91155707403296,278349,2016,9,0
2016-10-01T00:00:00Z,Buffalo,19,81.91155707403296,278349,2016,10,0
2016-11-01T00:00:00Z,Buffalo,29,125.02290290247136,278349,2016,11,0
2016-12-01T00:00:00Z,Buffalo,9,38.80021124559456,278349,2016,12,0
2017-01-01T00:00:00Z,Buffalo,25,107.77836457109598,278349,2017,1,0
2017-02-01T00:00:00Z,Buffalo,11,47.42248041128224,278349,2017,2,0
2017-03-01T00:00:00Z,Buffalo,12,51.73361499412608,278349,2017,3,0
2017-04-01T00:00:00Z,Buffalo,12,51.73361499412608,278349,2017,4,0
2017-05-01T00:00:00Z,Buffalo,18,77.60042249118912,278349,2017,5,0
2017-06-01T00:00:00Z,Buffalo,19,81.91155707403296,278349,2017,6,0
2017-07-01T00:00:00Z,Buffalo,17,73.28928790834527,278349,2017,7,0
2017-08-01T00:00:00Z,Buffalo,17,73.28928790834527,278349,2017,8,0
2017-09-01T00:00:00Z,Buffalo,23,99.15609540540831,278349,2017,9,0
2017-10-01T00:00:00Z,Buffalo,14,60.355884159813755,278349,2017,10,0
2017-11-01T00:00:00Z,Buffalo,19,81.91155707403296,278349,2017,11,0
2017-12-01T00:00:00Z,Buffalo,13,56.04474957696992,278349,2017,12,0
2018-01-01T00:00:00Z,Buffalo,10,43.111345828438395,278349,2018,1,0
2018-02-01T00:00:00Z,Buffalo,11,47.42248041128224,278349,2018,2,0
2018-03-01T00:00:00Z,Buffalo,10,43.111345828438395,278349,2018,3,0
2018-04-01T00:00:00Z,Buffalo,20,86.22269165687679,278349,2018,4,0
2018-05-01T00:00:00Z,Buffalo,18,77.60042249118912,278349,2018,5,0
2018-06-01T00:00:00Z,Buffalo,28,120.71176831962751,278349,2018,6,0
2018-07-01T00:00:00Z,Buffalo,31,133.64517206815904,278349,2018,7,0
2018-08-01T00:00:00Z,Buffalo,18,77.60042249118912,278349,2018,8,0
2018-09-01T00:00:00Z,Buffalo,12,51.73361499412608,278349,2018,9,0
2018-10-01T00:00:00Z,Buffalo,19,81.91155707403296,278349,2018,10,0
2018-11-01T00:00:00Z,Buffalo,14,60.355884159813755,278349,2018,11,0
2018-12-01T00:00:00Z,Buffalo,15,64.66701874265759,278349,2018,12,0
2019-01-01T00:00:00Z,Buffalo,8,34.48907666275072,278349,2019,1,0
2019-02-01T00:00:00Z,Buffalo,7,30.177942079906877,278349,2019,2,0
2019-03-01T00:00:00Z,Buffalo,11,47.42248041128224,278349,2019,3,0
2019-04-01T00:00:00Z,Buffalo,5,21.555672914219198,278349,2019,4,0
2019-05-01T00:00:00Z,Buffalo,12,51.73361499412608,278349,2019,5,0
2019-06-01T00:00:00Z,Buffalo,23,99.15609540540831,278349,2019,6,0
2019-07-01T00:00:00Z,Buffalo,16,68.97815332550144,278349,2019,7,0
2019-08-01T00:00:00Z,Buffalo,15,64.66701874265759,278349,2019,8,0
2019-09-01T00:00:00Z,Buffalo,14,60.355884159813755,278349,2019,9,0
2019-10-01T00:00:00Z,Buffalo,18,77.60042249118912,278349,2019,10,0
2019-11-01T00:00:00Z,Buffalo,10,43.111345828438395,278349,2019,11,0
2019-12-01T00:00:00Z,Buffalo,14,60.355884159813755,278349,2019,12,0
2020-01-01T00:00:00Z,Buffalo,9,38.80021124559456,278349,2020,1,0
2020-02-01T00:00:00Z,Buffalo,9,38.80021124559456,278349,2020,2,0
2020-03-01T00:00:00Z,Buffalo,14,60.355884159813755,278349,2020,3,0
2020-04-01T00:00:00Z,Buffalo,10,43.111345828438395,278349,2020,4,0
2020-05-01T00:00:00Z,Buffalo,25,107.77836457109598,278349,2020,5,0
2020-06-01T00:00:00Z,Buffalo,30,129.33403748531518,278349,2020,6,0
2020-07-01T00:00:00Z,Buffalo,38,163.8231141480659,278349,2020,7,0
2020-08-01T00:00:00Z,Buffalo,43,185.3787870622851,278349,2020,8,0
2020-09-01T00:00:00Z,Buffalo,36,155.20084498237824,278349,2020,9,0
2020-10-01T00:00:00Z,Buffalo,32,137.95630665100288,278349,2020,10,0
2020-11-01T00:00:00Z,Buffalo,36,155.20084498237824,278349,2020,11,0
2020-12-01T00:00:00Z,Buffalo,18,77.60042249118912,278349,2020,12,0
2021-01-01T00:00:00Z,Buffalo,30,129.33403748531518,278349,2021,1,0
2021-02-01T00:00:00Z,Buffalo,15,64.66701874265759,278349,2021,2,0
2021-03-01T00:00:00Z,Buffalo,18,77.60042249118912,278349,2021,3,0
2021-04-01T00:00:00Z,Buffalo,28,120.71176831962751,278349,2021,4,0
2021-05-01T00:00:00Z,Buffalo,31,133.64517206815904,278349,2021,5,0
2021-06-01T00:00:00Z,Buffalo,31,133.64517206815904,278349,2021,6,0
2021-07-01T00:00:00Z,Buffalo,36,155.20084498237824,278349,2021,7,0
2021-08-01T00:00:00Z,Buffalo,25,107.77836457109598,278349,2021,8,0
2021-09-01T00:00:00Z,Buffalo,29,125.02290290247136,278349,2021,9,0
2021-10-01T00:00:00Z,Buffalo,23,99.15609540540831,278349,2021,10,0
2021-11-01T00:00:00Z,Buffalo,19,81.91155707403296,278349,2021,11,0
2021-12-01T00:00:00Z,Buffalo,16,68.97815332550144,278349,2021,12,0
2022-01-01T00:00:00Z,Buffalo,14,60.355884159813755,278349,2022,1,0
2022-02-01T00:00:00Z,Buffalo,15,64.66701874265759,278349,2022,2,0
2022-03-01T00:00:00Z,Buffalo,10,43.111345828438395,278349,2022,3,0
2022-04-01T00:00:00Z,Buffalo,17,73.28928790834527,278349,2022,4,0
2022-05-01T00:00:00Z,Buffalo,19,81.91155707403296,278349,2022,5,0
2022-06-01T00:00:00Z,Buffalo,29,125.02290290247136,278349,2022,6,0
2022-07-01T00:00:00Z,Buffalo,15,64.66701874265759,278349,2022,7,0
2022-08-01T00:00:00Z,Buffalo,17,73.28928790834527,278349,2022,8,0
2022-09-01T00:00:00Z,Buffalo,20,86.22269165687679,278349,2022,9,0
2022-10-01T00:00:00Z,Buffalo,21,90.53382623972064,278349,2022,10,0
2022-11-01T00:00:00Z,Buffalo,12,51.73361499412608,278349,2022,11,0
2022-12-01T00:00:00Z,Buffalo,12,51.73361499412608,278349,2022,12,0
2023-01-01T00:00:00Z,Buffalo,13,56.04474957696992,278349,2023,1,0
2023-02-01T00:00:00Z,Buffalo,10,43.111345828438395,278349,2023,2,0
2023-03-01T00:00:00Z,Buffalo,5,21.555672914219198,278349,2023,3,0
2023-04-01T00:00:00Z,Buffalo,12,51.73361499412608,278349,2023,4,0
2023-05-01T00:00:00Z,Buffalo,11,47.42248041128224,278349,2023,5,0
2023-06-01T00:00:00Z,Buffalo,12,51.73361499412608,278349,2023,6,0
2023-07-01T00:00:00Z,Buffalo,18,77.60042249118912,278349,2023,7,0
2023-08-01T00:00:00Z,Buffalo,19,81.91155707403296,278349,2023,8,0
2023-09-01T00:00:00Z,Buffalo,11,47.42248041128224,278349,2023,9,0
2023-10-01T00:00:00Z,Buffalo,9,38.80021124559456,278349,2023,10,0
2023-11-01T00:00:00Z,Buffalo,7,30.177942079906877,278349,2023,11,0
2023-12-01T00:00:00Z,Buffalo,14,60.355884159813755,278349,2023,12,0
2024-01-01T00:00:00Z,Buffalo,7,30.177942079906877,278349,2024,1,0
2024-02-01T00:00:00Z,Buffalo,13,56.04474957696992,278349,2024,2,0
2024-03-01T00:00:00Z,Buffalo,4,17.24453833137536,278349,2024,3,0
2024-04-01T00:00:00Z,Buffalo,10,43.111345828438395,278349,2024,4,0
2024-05-01T00:00:00Z,Buffalo,12,51.73361499412608,278349,2024,5,0
2024-06-01T00:00:00Z,Buffalo,15,64.66701874265759,278349,2024,6,0
2024-07-01T00:00:00Z,Buffalo,19,81.91155707403296,278349,2024,7,0
2024-08-01T00:00:00Z,Buffalo,9,38.80021124559456,278349,2024,8,0
2024-09-01T00:00:00Z,Buffalo,13,56.04474957696992,278349,2024,9,0
2024-10-01T00:00:00Z,Buffalo,13,56.04474957696992,278349,2024,10,0
2024-11-01T00:00:00Z,Buffalo,4,17.24453833137536,278349,2024,11,0
2024-12-01T00:00:00Z,Buffalo,5,21.555672914219198,278349,2024,12,0
2025-01-01T00:00:00Z,Buffalo,10,43.111345828438395,278349,2025,1,0
2025-02-01T00:00:00Z,Buffalo,4,17.24453833137536,278349,2025,2,0
2025-03-01T00:00:00Z,Buffalo,9,38.80021124559456,278349,2025,3,0
2025-04-01T00:00:00Z,Buffalo,8,34.48907666275072,278349,2025,4,0
2025-05-01T00:00:00Z,Buffalo,2,8.62226916568768,278349,2025,5,0
2025-06-01T00:00:00Z,Buffalo,13,56.04474957696992,278349,2025,6,0
2025-07-01T00:00:00Z,Buffalo,14,60.355884159813755,278349,2025,7,0
2025-08-01T00:00:00Z,Buffalo,9,38.80021124559456,278349,2025,8,0
2025-09-01T00:00:00Z,Buffalo,5,21.555672914219198,278349,2025,9,0
2025-10-01T00:00:00Z,Buffalo,9,38.80021124559456,278349,2025,10,0
2025-11-01T00:00:00Z,Buffalo,15,64.66701874265759,278349,2025,11,0
2025-12-01T00:00:00Z,Buffalo,2,8.62226916568768,278349,2025,12,0
2026-01-01T00:00:00Z,Buffalo,3,12.93340374853152,278349,2026,1,0
2006-03-01T00:00:00Z,Rochester,16,90.85402786190187,211328,2006,3,0
2006-04-01T00:00:00Z,Rochester,16,90.85402786190187,211328,2006,4,0
2006-05-01T00:00:00Z,Rochester,26,147.63779527559055,211328,2006,5,0
2006-06-01T00:00:00Z,Rochester,27,153.31617201695943,211328,2006,6,0
2006-07-01T00:00:00Z,Rochester,41,232.81344639612354,211328,2006,7,0
2006-08-01T00:00:00Z,Rochester,21,119.24591156874624,211328,2006,8,0
2006-09-01T00:00:00Z,Rochester,25,141.95941853422167,211328,2006,9,0
2006-10-01T00:00:00Z,Rochester,24,136.28104179285282,211328,2006,10,0
2006-11-01T00:00:00Z,Rochester,19,107.88915808600848,211328,2006,11,0
2006-12-01T00:00:00Z,Rochester,10,56.78376741368867,211328,2006,12,0
2007-01-01T00:00:00Z,Rochester,15,85.175651120533,211328,2007,1,0
2007-02-01T00:00:00Z,Rochester,8,45.427013930950935,211328,2007,2,0
2007-03-01T00:00:00Z,Rochester,7,39.74863718958207,211328,2007,3,0
2007-04-01T00:00:00Z,Rochester,16,90.85402786190187,211328,2007,4,0
2007-05-01T00:00:00Z,Rochester,13,73.81889763779527,211328,2007,5,0
2007-06-01T00:00:00Z,Rochester,21,119.24591156874624,211328,2007,6,0
2007-07-01T00:00:00Z,Rochester,24,136.28104179285282,211328,2007,7,0
2007-08-01T00:00:00Z,Rochester,20,113.56753482737734,211328,2007,8,0
2007-09-01T00:00:00Z,Rochester,19,107.88915808600848,211328,2007,9,0
2007-10-01T00:00:00Z,Rochester,10,56.78376741368867,211328,2007,10,0
2007-11-01T00:00:00Z,Rochester,15,85.175651120533,211328,2007,11,0
2007-12-01T00:00:00Z,Rochester,8,45.427013930950935,211328,2007,12,0
2008-01-01T00:00:00Z,Rochester,11,62.46214415505754,211328,2008,1,0
2008-02-01T00:00:00Z,Rochester,5,28.391883706844336,211328,2008,2,0
2008-03-01T00:00:00Z,Rochester,16,90.85402786190187,211328,2008,3,0
2008-04-01T00:00:00Z,Rochester,12,68.14052089642641,211328,2008,4,0
2008-05-01T00:00:00Z,Rochester,14,79.49727437916414,211328,2008,5,0
2008-06-01T00:00:00Z,Rochester,10,56.78376741368867,211328,2008,6,0
2008-07-01T00:00:00Z,Rochester,20,113.56753482737734,211328,2008,7,0
2008-08-01T00:00:00Z,Rochester,14,79.49727437916414,211328,2008,8,0
2008-09-01T00:00:00Z,Rochester,16,90.85402786190187,211328,2008,9,0
2008-10-01T00:00:00Z,Rochester,13,73.81889763779527,211328,2008,10,0
2008-11-01T00:00:00Z,Rochester,13,73.81889763779527,211328,2008,11,0
2008-12-01T00:00:00Z,Rochester,13,73.81889763779527,211328,2008,12,0
2009-01-01T00:00:00Z,Rochester,7,39.74863718958207,211328,2009,1,0
2009-02-01T00:00:00Z,Rochester,5,28.391883706844336,211328,2009,2,0
2009-03-01T00:00:00Z,Rochester,6,34.070260448213205,211328,2009,3,0
2009-04-01T00:00:00Z,Rochester,8,45.427013930950935,211328,2009,4,0
2009-05-01T00:00:00Z,Rochester,9,51.10539067231981,211328,2009,5,0
2009-06-01T00:00:00Z,Rochester,5,28.391883706844336,211328,2009,6,0
2009-07-01T00:00:00Z,Rochester,16,90.85402786190187,211328,2009,7,0
2009-08-01T00:00:00Z,Rochester,22,124.92428831011507,211328,2009,8,0
2009-09-01T00:00:00Z,Rochester,8,45.427013930950935,211328,2009,9,0
2009-10-01T00:00:00Z,Rochester,20,113.56753482737734,211328,2009,10,0
2009-11-01T00:00:00Z,Rochester,10,56.78376741368867,211328,2009,11,0
2009-12-01T00:00:00Z,Rochester,10,56.78376741368867,211328,2009,12,0
2010-01-01T00:00:00Z,Rochester,14,79.49727437916414,211328,2010,1,0
2010-02-01T00:00:00Z,Rochester,7,39.74863718958207,211328,2010,2,0
2010-03-01T00:00:00Z,Rochester,10,56.78376741368867,211328,2010,3,0
2010-04-01T00:00:00Z,Rochester,12,68.14052089642641,211328,2010,4,0
2010-05-01T00:00:00Z,Rochester,19,107.88915808600848,211328,2010,5,0
2010-06-01T00:00:00Z,Rochester,18,102.21078134463961,211328,2010,6,0
2010-07-01T00:00:00Z,Rochester,17,96.53240460327075,211328,2010,7,0
2010-08-01T00:00:00Z,Rochester,23,130.60266505148394,211328,2010,8,0
2010-09-01T00:00:00Z,Rochester,8,45.427013930950935,211328,2010,9,0
2010-10-01T00:00:00Z,Rochester,11,62.46214415505754,211328,2010,10,0
2010-11-01T00:00:00Z,Rochester,9,51.10539067231981,211328,2010,11,0
2010-12-01T00:00:00Z,Rochester,7,39.74863718958207,211328,2010,12,0
2011-01-01T00:00:00Z,Rochester,9,51.10539067231981,211328,2011,1,0
2011-02-01T00:00:00Z,Rochester,3,17.035130224106602,211328,2011,2,0
2011-03-01T00:00:00Z,Rochester,6,34.070260448213205,211328,2011,3,0
2011-04-01T00:00:00Z,Rochester,6,34.070260448213205,211328,2011,4,0
2011-05-01T00:00:00Z,Rochester,13,73.81889763779527,211328,2011,5,0
2011-06-01T00:00:00Z,Rochester,14,79.49727437916414,211328,2011,6,0
2011-07-01T00:00:00Z,Rochester,9,51.10539067231981,211328,2011,7,0
2011-08-01T00:00:00Z,Rochester,15,85.175651120533,211328,2011,8,0
2011-09-01T00:00:00Z,Rochester,12,68.14052089642641,211328,2011,9,0
2011-10-01T00:00:00Z,Rochester,18,102.21078134463961,211328,2011,10,0
2011-11-01T00:00:00Z,Rochester,8,45.427013930950935,211328,2011,11,0
2011-12-01T00:00:00Z,Rochester,18,102.21078134463961,211328,2011,12,0
2012-01-01T00:00:00Z,Rochester,17,96.53240460327075,211328,2012,1,0
2012-02-01T00:00:00Z,Rochester,4,22.713506965475467,211328,2012,2,0
2012-03-01T00:00:00Z,Rochester,8,45.427013930950935,211328,2012,3,0
2012-04-01T00:00:00Z,Rochester,11,62.46214415505754,211328,2012,4,0
2012-05-01T00:00:00Z,Rochester,18,102.21078134463961,211328,2012,5,0
2012-06-01T00:00:00Z,Rochester,22,124.92428831011507,211328,2012,6,0
2012-07-01T00:00:00Z,Rochester,18,102.21078134463961,211328,2012,7,0
2012-08-01T00:00:00Z,Rochester,27,153.31617201695943,211328,2012,8,0
2012-09-01T00:00:00Z,Rochester,24,136.28104179285282,211328,2012,9,0
2012-10-01T00:00:00Z,Rochester,18,102.21078134463961,211328,2012,10,0
2012-11-01T00:00:00Z,Rochester,14,79.49727437916414,211328,2012,11,0
2012-12-01T00:00:00Z,Rochester,13,73.81889763779527,211328,2012,12,0
2013-01-01T00:00:00Z,Rochester,16,90.85402786190187,211328,2013,1,0
2013-02-01T00:00:00Z,Rochester,7,39.74863718958207,211328,2013,2,0
2013-03-01T00:00:00Z,Rochester,11,62.46214415505754,211328,2013,3,0
2013-04-01T00:00:00Z,Rochester,17,96.53240460327075,211328,2013,4,0
2013-05-01T00:00:00Z,Rochester,22,124.92428831011507,211328,2013,5,0
2013-06-01T00:00:00Z,Rochester,21,119.24591156874624,211328,2013,6,0
2013-07-01T00:00:00Z,Rochester,22,124.92428831011507,211328,2013,7,0
2013-08-01T00:00:00Z,Rochester,18,102.21078134463961,211328,2013,8,0
2013-09-01T00:00:00Z,Rochester,14,79.49727437916414,211328,2013,9,0
2013-10-01T00:00:00Z,Rochester,12,68.14052089642641,211328,2013,10,0
2013-11-01T00:00:00Z,Rochester,20,113.56753482737734,211328,2013,11,0
2013-12-01T00:00:00Z,Rochester,12,68.14052089642641,211328,2013,12,0
2014-01-01T00:00:00Z,Rochester,13,73.81889763779527,211328,2014,1,0
2014-02-01T00:00:00Z,Rochester,8,45.427013930950935,211328,2014,2,0
2014-03-01T00:00:00Z,Rochester,14,79.49727437916414,211328,2014,3,0
2014-04-01T00:00:00Z,Rochester,12,68.14052089642641,211328,2014,4,0
2014-05-01T00:00:00Z,Rochester,14,79.49727437916414,211328,2014,5,0
2014-06-01T00:00:00Z,Rochester,23,130.60266505148394,211328,2014,6,0
2014-07-01T00:00:00Z,Rochester,13,73.81889763779527,211328,2014,7,0
2014-08-01T00:00:00Z,Rochester,17,96.53240460327075,211328,2014,8,0
2014-09-01T00:00:00Z,Rochester,16,90.85402786190187,211328,2014,9,0
2014-10-01T00:00:00Z,Rochester,18,102.21078134463961,211328,2014,10,0
2014-11-01T00:00:00Z,Rochester,8,45.427013930950935,211328,2014,11,0
2014-12-01T00:00:00Z,Rochester,12,68.14052089642641,211328,2014,12,0
2015-01-01T00:00:00Z,Rochester,16,90.85402786190187,211328,2015,1,0
2015-02-01T00:00:00Z,Rochester,13,73.81889763779527,211328,2015,2,0
2015-03-01T00:00:00Z,Rochester,10,56.78376741368867,211328,2015,3,0
2015-04-01T00:00:00Z,Rochester,20,113.56753482737734,211328,2015,4,0
2015-05-01T00:00:00Z,Rochester,15,85.175651120533,211328,2015,5,0
2015-06-01T00:00:00Z,Rochester,17,96.53240460327075,211328,2015,6,0
2015-07-01T00:00:00Z,Rochester,23,130.60266505148394,211328,2015,7,0
2015-08-01T00:00:00Z,Rochester,24,136.28104179285282,211328,2015,8,0
2015-09-01T00:00:00Z,Rochester,15,85.175651120533,211328,2015,9,0
2015-10-01T00:00:00Z,Rochester,10,56.78376741368867,211328,2015,10,0
2015-11-01T00:00:00Z,Rochester,12,68.14052089642641,211328,2015,11,0
2015-12-01T00:00:00Z,Rochester,16,90.85402786190187,211328,2015,12,0
2016-01-01T00:00:00Z,Rochester,13,73.81889763779527,211328,2016,1,0
2016-02-01T00:00:00Z,Rochester,5,28.391883706844336,211328,2016,2,0
2016-03-01T00:00:00Z,Rochester,15,85.175651120533,211328,2016,3,0
2016-04-01T00:00:00Z,Rochester,12,68.14052089642641,211328,2016,4,0
2016-05-01T00:00:00Z,Rochester,16,90.85402786190187,211328,2016,5,0
2016-06-01T00:00:00Z,Rochester,17,96.53240460327075,211328,2016,6,0
2016-07-01T00:00:00Z,Rochester,17,96.53240460327075,211328,2016,7,0
2016-08-01T00:00:00Z,Rochester,18,102.21078134463961,211328,2016,8,0
2016-09-01T00:00:00Z,Rochester,10,56.78376741368867,211328,2016,9,0
2016-10-01T00:00:00Z,Rochester,17,96.53240460327075,211328,2016,10,0
2016-11-01T00:00:00Z,Rochester,8,45.427013930950935,211328,2016,11,0
2016-12-01T00:00:00Z,Rochester,8,45.427013930950935,211328,2016,12,0
2017-01-01T00:00:00Z,Rochester,12,68.14052089642641,211328,2017,1,0
2017-02-01T00:00:00Z,Rochester,12,68.14052089642641,211328,2017,2,0
2017-03-01T00:00:00Z,Rochester,7,39.74863718958207,211328,2017,3,0
2017-04-01T00:00:00Z,Rochester,11,62.46214415505754,211328,2017,4,0
2017-05-01T00:00:00Z,Rochester,11,62.46214415505754,211328,2017,5,0
2017-06-01T00:00:00Z,Rochester,13,73.81889763779527,211328,2017,6,0
2017-07-01T00:00:00Z,Rochester,20,113.56753482737734,211328,2017,7,0
2017-08-01T00:00:00Z,Rochester,24,136.28104179285282,211328,2017,8,0
2017-09-01T00:00:00Z,Rochester,13,73.81889763779527,211328,2017,9,0
2017-10-01T00:00:00Z,Rochester,11,62.46214415505754,211328,2017,10,0
2017-11-01T00:00:00Z,Rochester,11,62.46214415505754,211328,2017,11,0
2017-12-01T00:00:00Z,Rochester,11,62.46214415505754,211328,2017,12,0
2018-01-01T00:00:00Z,Rochester,5,28.391883706844336,211328,2018,1,0
2018-02-01T00:00:00Z,Rochester,8,45.427013930950935,211328,2018,2,0
2018-03-01T00:00:00Z,Rochester,2,11.356753482737734,211328,2018,3,0
2018-04-01T00:00:00Z,Rochester,13,73.81889763779527,211328,2018,4,0
2018-05-01T00:00:00Z,Rochester,9,51.10539067231981,211328,2018,5,0
2018-06-01T00:00:00Z,Rochester,19,107.88915808600848,211328,2018,6,0
2018-07-01T00:00:00Z,Rochester,20,113.56753482737734,211328,2018,7,0
2018-08-01T00:00:00Z,Rochester,12,68.14052089642641,211328,2018,8,0
2018-09-01T00:00:00Z,Rochester,12,68.14052089642641,211328,2018,9,0
2018-10-01T00:00:00Z,Rochester,17,96.53240460327075,211328,2018,10,0
2018-11-01T00:00:00Z,Rochester,9,51.10539067231981,211328,2018,11,0
2018-12-01T00:00:00Z,Rochester,11,62.46214415505754,211328,2018,12,0
2019-01-01T00:00:00Z,Rochester,8,45.427013930950935,211328,2019,1,0
2019-02-01T00:00:00Z,Rochester,6,34.070260448213205,211328,2019,2,0
2019-03-01T00:00:00Z,Rochester,6,34.070260448213205,211328,2019,3,0
2019-04-01T00:00:00Z,Rochester,16,90.85402786190187,211328,2019,4,0
2019-05-01T00:00:00Z,Rochester,18,102.21078134463961,211328,2019,5,0
2019-06-01T00:00:00Z,Rochester,22,124.92428831011507,211328,2019,6,0
2019-07-01T00:00:00Z,Rochester,22,124.92428831011507,211328,2019,7,0
2019-08-01T00:00:00Z,Rochester,8,45.427013930950935,211328,2019,8,0
2019-09-01T00:00:00Z,Rochester,11,62.46214415505754,211328,2019,9,0
2019-10-01T00:00:00Z,Rochester,9,51.10539067231981,211328,2019,10,0
2019-11-01T00:00:00Z,Rochester,17,96.53240460327075,211328,2019,11,0
2019-12-01T00:00:00Z,Rochester,14,79.49727437916414,211328,2019,12,0
2020-01-01T00:00:00Z,Rochester,9,51.10539067231981,211328,2020,1,0
2020-02-01T00:00:00Z,Rochester,11,62.46214415505754,211328,2020,2,0
2020-03-01T00:00:00Z,Rochester,9,51.10539067231981,211328,2020,3,0
2020-04-01T00:00:00Z,Rochester,20,113.56753482737734,211328,2020,4,0
2020-05-01T00:00:00Z,Rochester,15,85.175651120533,211328,2020,5,0
2020-06-01T00:00:00Z,Rochester,37,210.09993943064808,211328,2020,6,0
2020-07-01T00:00:00Z,Rochester,37,210.09993943064808,211328,2020,7,0
2020-08-01T00:00:00Z,Rochester,33,187.38643246517262,211328,2020,8,0
2020-09-01T00:00:00Z,Rochester,22,124.92428831011507,211328,2020,9,0
2020-10-01T00:00:00Z,Rochester,28,158.99454875832828,211328,2020,10,0
2020-11-01T00:00:00Z,Rochester,25,141.95941853422167,211328,2020,11,0
2020-12-01T00:00:00Z,Rochester,21,119.24591156874624,211328,2020,12,0
2021-01-01T00:00:00Z,Rochester,12,68.14052089642641,211328,2021,1,0
2021-02-01T00:00:00Z,Rochester,15,85.175651120533,211328,2021,2,0
2021-03-01T00:00:00Z,Rochester,28,158.99454875832828,211328,2021,3,0
2021-04-01T00:00:00Z,Rochester,28,158.99454875832828,211328,2021,4,0
2021-05-01T00:00:00Z,Rochester,39,221.45669291338584,211328,2021,5,0
2021-06-01T00:00:00Z,Rochester,45,255.526953361599,211328,2021,6,0
2021-07-01T00:00:00Z,Rochester,30,170.351302241066,211328,2021,7,0
2021-08-01T00:00:00Z,Rochester,40,227.1350696547547,211328,2021,8,0
2021-09-01T00:00:00Z,Rochester,32,181.70805572380374,211328,2021,9,0
2021-10-01T00:00:00Z,Rochester,26,147.63779527559055,211328,2021,10,0
2021-11-01T00:00:00Z,Rochester,35,198.74318594791038,211328,2021,11,0
2021-12-01T00:00:00Z,Rochester,20,113.56753482737734,211328,2021,12,0
2022-01-01T00:00:00Z,Rochester,14,79.49727437916414,211328,2022,1,0
2022-02-01T00:00:00Z,Rochester,19,107.88915808600848,211328,2022,2,0
2022-03-01T00:00:00Z,Rochester,22,124.92428831011507,211328,2022,3,0
2022-04-01T00:00:00Z,Rochester,30,170.351302241066,211328,2022,4,0
2022-05-01T00:00:00Z,Rochester,36,204.42156268927923,211328,2022,5,0
2022-06-01T00:00:00Z,Rochester,29,164.67292549969716,211328,2022,6,0
2022-07-01T00:00:00Z,Rochester,34,193.0648092065415,211328,2022,7,0
2022-08-01T00:00:00Z,Rochester,34,193.0648092065415,211328,2022,8,0
2022-09-01T00:00:00Z,Rochester,31,176.0296789824349,211328,2022,9,0
2022-10-01T00:00:00Z,Rochester,19,107.88915808600848,211328,2022,10,0
2022-11-01T00:00:00Z,Rochester,15,85.175651120533,211328,2022,11,0
2022-12-01T00:00:00Z,Rochester,20,113.56753482737734,211328,2022,12,0
2023-01-01T00:00:00Z,Rochester,8,45.427013930950935,211328,2023,1,0
2023-02-01T00:00:00Z,Rochester,11,62.46214415505754,211328,2023,2,0
2023-03-01T00:00:00Z,Rochester,13,73.81889763779527,211328,2023,3,0
2023-04-01T00:00:00Z,Rochester,16,90.85402786190187,211328,2023,4,0
2023-05-01T00:00:00Z,Rochester,30,170.351302241066,211328,2023,5,0
2023-06-01T00:00:00Z,Rochester,29,164.67292549969716,211328,2023,6,0
2023-07-01T00:00:00Z,Rochester,40,227.1350696547547,211328,2023,7,0
2023-08-01T00:00:00Z,Rochester,34,193.0648092065415,211328,2023,8,0
2023-09-01T00:00:00Z,Rochester,20,113.56753482737734,211328,2023,9,0
2023-10-01T00:00:00Z,Rochester,18,102.21078134463961,211328,2023,10,0
2023-11-01T00:00:00Z,Rochester,14,79.49727437916414,211328,2023,11,0
2023-12-01T00:00:00Z,Rochester,14,79.49727437916414,211328,2023,12,0
2024-01-01T00:00:00Z,Rochester,16,90.85402786190187,211328,2024,1,0
2024-02-01T00:00:00Z,Rochester,9,51.10539067231981,211328,2024,2,0
2024-03-01T00:00:00Z,Rochester,13,73.81889763779527,211328,2024,3,0
2024-04-01T00:00:00Z,Rochester,11,62.46214415505754,211328,2024,4,0
2024-05-01T00:00:00Z,Rochester,16,90.85402786190187,211328,2024,5,0
2024-06-01T00:00:00Z,Rochester,13,73.81889763779527,211328,2024,6,0
2024-07-01T00:00:00Z,Rochester,17,96.53240460327075,211328,2024,7,0
2024-08-01T00:00:00Z,Rochester,16,90.85402786190187,211328,2024,8,0
2024-09-01T00:00:00Z,Rochester,15,85.175651120533,211328,2024,9,0
2024-10-01T00:00:00Z,Rochester,15,85.175651120533,211328,2024,10,0
2024-11-01T00:00:00Z,Rochester,13,73.81889763779527,211328,2024,11,0
2024-12-01T00:00:00Z,Rochester,11,62.46214415505754,211328,2024,12,0
2025-01-01T00:00:00Z,Rochester,12,68.14052089642641,211328,2025,1,0
2025-02-01T00:00:00Z,Rochester,5,28.391883706844336,211328,2025,2,0
2025-03-01T00:00:00Z,Rochester,9,51.10539067231981,211328,2025,3,0
2025-04-01T00:00:00Z,Rochester,13,73.81889763779527,211328,2025,4,0
2025-05-01T00:00:00Z,Rochester,16,90.85402786190187,211328,2025,5,0
2025-06-01T00:00:00Z,Rochester,20,113.56753482737734,211328,2025,6,0
2025-07-01T00:00:00Z,Rochester,12,68.14052089642641,211328,2025,7,0
2025-08-01T00:00:00Z,Rochester,18,102.21078134463961,211328,2025,8,0
2025-09-01T00:00:00Z,Rochester,12,68.14052089642641,211328,2025,9,0
2025-10-01T00:00:00Z,Rochester,15,85.175651120533,211328,2025,10,0
2025-11-01T00:00:00Z,Rochester,10,56.78376741368867,211328,2025,11,0
2025-12-01T00:00:00Z,Rochester,4,22.713506965475467,211328,2025,12,0
2026-01-01T00:00:00Z,Rochester,13,73.81889763779527,211328,2026,1,0
2006-03-01T00:00:00Z,Syracuse,6,48.44570044408559,148620,2006,3,0
2006-04-01T00:00:00Z,Syracuse,3,24.222850222042794,148620,2006,4,0
2006-05-01T00:00:00Z,Syracuse,5,40.37141703673799,148620,2006,5,0
2006-06-01T00:00:00Z,Syracuse,7,56.51998385143318,148620,2006,6,0
2006-07-01T00:00:00Z,Syracuse,9,72.66855066612838,148620,2006,7,0
2006-08-01T00:00:00Z,Syracuse,5,40.37141703673799,148620,2006,8,0
2006-09-01T00:00:00Z,Syracuse,9,72.66855066612838,148620,2006,9,0
2006-10-01T00:00:00Z,Syracuse,10,80.74283407347598,148620,2006,10,0
2006-11-01T00:00:00Z,Syracuse,5,40.37141703673799,148620,2006,11,0
2006-12-01T00:00:00Z,Syracuse,5,40.37141703673799,148620,2006,12,0
2007-01-01T00:00:00Z,Syracuse,7,56.51998385143318,148620,2007,1,0
2007-02-01T00:00:00Z,Syracuse,5,40.37141703673799,148620,2007,2,0
2007-03-01T00:00:00Z,Syracuse,4,32.29713362939039,148620,2007,3,0
2007-04-01T00:00:00Z,Syracuse,6,48.44570044408559,148620,2007,4,0
2007-05-01T00:00:00Z,Syracuse,10,80.74283407347598,148620,2007,5,0
2007-06-01T00:00:00Z,Syracuse,15,121.11425111021396,148620,2007,6,0
2007-07-01T00:00:00Z,Syracuse,6,48.44570044408559,148620,2007,7,0
2007-08-01T00:00:00Z,Syracuse,8,64.59426725878077,148620,2007,8,0
2007-09-01T00:00:00Z,Syracuse,14,113.03996770286636,148620,2007,9,0
2007-10-01T00:00:00Z,Syracuse,9,72.66855066612838,148620,2007,10,0
2007-11-01T00:00:00Z,Syracuse,6,48.44570044408559,148620,2007,11,0
2007-12-01T00:00:00Z,Syracuse,5,40.37141703673799,148620,2007,12,0
2008-01-01T00:00:00Z,Syracuse,5,40.37141703673799,148620,2008,1,0
2008-02-01T00:00:00Z,Syracuse,2,16.148566814695194,148620,2008,2,0
2008-03-01T00:00:00Z,Syracuse,2,16.148566814695194,148620,2008,3,0
2008-04-01T00:00:00Z,Syracuse,6,48.44570044408559,148620,2008,4,0
2008-05-01T00:00:00Z,Syracuse,4,32.29713362939039,148620,2008,5,0
2008-06-01T00:00:00Z,Syracuse,13,104.96568429551877,148620,2008,6,0
2008-07-01T00:00:00Z,Syracuse,16,129.18853451756155,148620,2008,7,0
2008-08-01T00:00:00Z,Syracuse,10,80.74283407347598,148620,2008,8,0
2008-09-01T00:00:00Z,Syracuse,8,64.59426725878077,148620,2008,9,0
2008-10-01T00:00:00Z,Syracuse,12,96.89140088817118,148620,2008,10,0
2008-11-01T00:00:00Z,Syracuse,11,88.81711748082358,148620,2008,11,0
2008-12-01T00:00:00Z,Syracuse,4,32.29713362939039,148620,2008,12,0
2009-01-01T00:00:00Z,Syracuse,4,32.29713362939039,148620,2009,1,0
2009-02-01T00:00:00Z,Syracuse,0,0,148620,2009,2,0
2009-03-01T00:00:00Z,Syracuse,6,48.44570044408559,148620,2009,3,0
2009-04-01T00:00:00Z,Syracuse,7,56.51998385143318,148620,2009,4,0
2009-05-01T00:00:00Z,Syracuse,10,80.74283407347598,148620,2009,5,0
2009-06-01T00:00:00Z,Syracuse,6,48.44570044408559,148620,2009,6,0
2009-07-01T00:00:00Z,Syracuse,11,88.81711748082358,148620,2009,7,0
2009-08-01T00:00:00Z,Syracuse,10,80.74283407347598,148620,2009,8,0
2009-09-01T00:00:00Z,Syracuse,4,32.29713362939039,148620,2009,9,0
2009-10-01T00:00:00Z,Syracuse,3,24.222850222042794,148620,2009,10,0
2009-11-01T00:00:00Z,Syracuse,5,40.37141703673799,148620,2009,11,0
2009-12-01T00:00:00Z,Syracuse,7,56.51998385143318,148620,2009,12,0
2010-01-01T00:00:00Z,Syracuse,8,64.59426725878077,148620,2010,1,0
2010-02-01T00:00:00Z,Syracuse,3,24.222850222042794,148620,2010,2,0
2010-03-01T00:00:00Z,Syracuse,9,72.66855066612838,148620,2010,3,0
2010-04-01T00:00:00Z,Syracuse,2,16.148566814695194,148620,2010,4,0
2010-05-01T00:00:00Z,Syracuse,8,64.59426725878077,148620,2010,5,0
2010-06-01T00:00:00Z,Syracuse,5,40.37141703673799,148620,2010,6,0
2010-07-01T00:00:00Z,Syracuse,10,80.74283407347598,148620,2010,7,0
2010-08-01T00:00:00Z,Syracuse,4,32.29713362939039,148620,2010,8,0
2010-09-01T00:00:00Z,Syracuse,5,40.37141703673799,148620,2010,9,0
2010-10-01T00:00:00Z,Syracuse,11,88.81711748082358,148620,2010,10,0
2010-11-01T00:00:00Z,Syracuse,9,72.66855066612838,148620,2010,11,0
2010-12-01T00:00:00Z,Syracuse,6,48.44570044408559,148620,2010,12,0
2011-01-01T00:00:00Z,Syracuse,5,40.37141703673799,148620,2011,1,0
2011-02-01T00:00:00Z,Syracuse,5,40.37141703673799,148620,2011,2,0
2011-03-01T00:00:00Z,Syracuse,9,72.66855066612838,148620,2011,3,0
2011-04-01T00:00:00Z,Syracuse,7,56.51998385143318,148620,2011,4,0
2011-05-01T00:00:00Z,Syracuse,5,40.37141703673799,148620,2011,5,0
2011-06-01T00:00:00Z,Syracuse,9,72.66855066612838,148620,2011,6,0
2011-07-01T00:00:00Z,Syracuse,13,104.96568429551877,148620,2011,7,0
2011-08-01T00:00:00Z,Syracuse,9,72.66855066612838,148620,2011,8,0
2011-09-01T00:00:00Z,Syracuse,7,56.51998385143318,148620,2011,9,0
2011-10-01T00:00:00Z,Syracuse,6,48.44570044408559,148620,2011,10,0
2011-11-01T00:00:00Z,Syracuse,7,56.51998385143318,148620,2011,11,0
2011-12-01T00:00:00Z,Syracuse,4,32.29713362939039,148620,2011,12,0
2012-01-01T00:00:00Z,Syracuse,4,32.29713362939039,148620,2012,1,0
2012-02-01T00:00:00Z,Syracuse,2,16.148566814695194,148620,2012,2,0
2012-03-01T00:00:00Z,Syracuse,8,64.59426725878077,148620,2012,3,0
2012-04-01T00:00:00Z,Syracuse,4,32.29713362939039,148620,2012,4,0
2012-05-01T00:00:00Z,Syracuse,11,88.81711748082358,148620,2012,5,0
2012-06-01T00:00:00Z,Syracuse,6,48.44570044408559,148620,2012,6,0
2012-07-01T00:00:00Z,Syracuse,10,80.74283407347598,148620,2012,7,0
2012-08-01T00:00:00Z,Syracuse,12,96.89140088817118,148620,2012,8,0
2012-09-01T00:00:00Z,Syracuse,6,48.44570044408559,148620,2012,9,0
2012-10-01T00:00:00Z,Syracuse,7,56.51998385143318,148620,2012,10,0
2012-11-01T00:00:00Z,Syracuse,3,24.222850222042794,148620,2012,11,0
2012-12-01T00:00:00Z,Syracuse,5,40.37141703673799,148620,2012,12,0
2013-01-01T00:00:00Z,Syracuse,9,72.66855066612838,148620,2013,1,0
2013-02-01T00:00:00Z,Syracuse,4,32.29713362939039,148620,2013,2,0
2013-03-01T00:00:00Z,Syracuse,3,24.222850222042794,148620,2013,3,0
2013-04-01T00:00:00Z,Syracuse,2,16.148566814695194,148620,2013,4,0
2013-05-01T00:00:00Z,Syracuse,5,40.37141703673799,148620,2013,5,0
2013-06-01T00:00:00Z,Syracuse,9,72.66855066612838,148620,2013,6,0
2013-07-01T00:00:00Z,Syracuse,6,48.44570044408559,148620,2013,7,0
2013-08-01T00:00:00Z,Syracuse,10,80.74283407347598,148620,2013,8,0
2013-09-01T00:00:00Z,Syracuse,10,80.74283407347598,148620,2013,9,0
2013-10-01T00:00:00Z,Syracuse,5,40.37141703673799,148620,2013,10,0
2013-11-01T00:00:00Z,Syracuse,7,56.51998385143318,148620,2013,11,0
2013-12-01T00:00:00Z,Syracuse,4,32.29713362939039,148620,2013,12,0
2014-01-01T00:00:00Z,Syracuse,7,56.51998385143318,148620,2014,1,0
2014-02-01T00:00:00Z,Syracuse,5,40.37141703673799,148620,2014,2,0
2014-03-01T00:00:00Z,Syracuse,1,8.074283407347597,148620,2014,3,0
2014-04-01T00:00:00Z,Syracuse,2,16.148566814695194,148620,2014,4,0
2014-05-01T00:00:00Z,Syracuse,7,56.51998385143318,148620,2014,5,0
2014-06-01T00:00:00Z,Syracuse,7,56.51998385143318,148620,2014,6,0
2014-07-01T00:00:00Z,Syracuse,11,88.81711748082358,148620,2014,7,0
2014-08-01T00:00:00Z,Syracuse,15,121.11425111021396,148620,2014,8,0
2014-09-01T00:00:00Z,Syracuse,4,32.29713362939039,148620,2014,9,0
2014-10-01T00:00:00Z,Syracuse,12,96.89140088817118,148620,2014,10,0
2014-11-01T00:00:00Z,Syracuse,11,88.81711748082358,148620,2014,11,0
2014-12-01T00:00:00Z,Syracuse,12,96.89140088817118,148620,2014,12,0
2015-01-01T00:00:00Z,Syracuse,5,40.37141703673799,148620,2015,1,0
2015-02-01T00:00:00Z,Syracuse,3,24.222850222042794,148620,2015,2,0
2015-03-01T00:00:00Z,Syracuse,4,32.29713362939039,148620,2015,3,0
2015-04-01T00:00:00Z,Syracuse,7,56.51998385143318,148620,2015,4,0
2015-05-01T00:00:00Z,Syracuse,7,56.51998385143318,148620,2015,5,0
2015-06-01T00:00:00Z,Syracuse,16,129.18853451756155,148620,2015,6,0
2015-07-01T00:00:00Z,Syracuse,9,72.66855066612838,148620,2015,7,0
2015-08-01T00:00:00Z,Syracuse,9,72.66855066612838,148620,2015,8,0
2015-09-01T00:00:00Z,Syracuse,10,80.74283407347598,148620,2015,9,0
2015-10-01T00:00:00Z,Syracuse,16,129.18853451756155,148620,2015,10,0
2015-11-01T00:00:00Z,Syracuse,16,129.18853451756155,148620,2015,11,0
2015-12-01T00:00:00Z,Syracuse,11,88.81711748082358,148620,2015,12,0
2016-01-01T00:00:00Z,Syracuse,10,80.74283407347598,148620,2016,1,0
2016-02-01T00:00:00Z,Syracuse,4,32.29713362939039,148620,2016,2,0
2016-03-01T00:00:00Z,Syracuse,13,104.96568429551877,148620,2016,3,0
2016-04-01T00:00:00Z,Syracuse,14,113.03996770286636,148620,2016,4,0
2016-05-01T00:00:00Z,Syracuse,15,121.11425111021396,148620,2016,5,0
2016-06-01T00:00:00Z,Syracuse,10,80.74283407347598,148620,2016,6,0
2016-07-01T00:00:00Z,Syracuse,14,113.03996770286636,148620,2016,7,0
2016-08-01T00:00:00Z,Syracuse,7,56.51998385143318,148620,2016,8,0
2016-09-01T00:00:00Z,Syracuse,5,40.37141703673799,148620,2016,9,0
2016-10-01T00:00:00Z,Syracuse,14,113.03996770286636,148620,2016,10,0
2016-11-01T00:00:00Z,Syracuse,11,88.81711748082358,148620,2016,11,0
2016-12-01T00:00:00Z,Syracuse,11,88.81711748082358,148620,2016,12,0
2017-01-01T00:00:00Z,Syracuse,9,72.66855066612838,148620,2017,1,0
2017-02-01T00:00:00Z,Syracuse,6,48.44570044408559,148620,2017,2,0
2017-03-01T00:00:00Z,Syracuse,5,40.37141703673799,148620,2017,3,0
2017-04-01T00:00:00Z,Syracuse,12,96.89140088817118,148620,2017,4,0
2017-05-01T00:00:00Z,Syracuse,5,40.37141703673799,148620,2017,5,0
2017-06-01T00:00:00Z,Syracuse,12,96.89140088817118,148620,2017,6,0
2017-07-01T00:00:00Z,Syracuse,15,121.11425111021396,148620,2017,7,0
2017-08-01T00:00:00Z,Syracuse,9,72.66855066612838,148620,2017,8,0
2017-09-01T00:00:00Z,Syracuse,11,88.81711748082358,148620,2017,9,0
2017-10-01T00:00:00Z,Syracuse,17,137.26281792490917,148620,2017,10,0
2017-11-01T00:00:00Z,Syracuse,3,24.222850222042794,148620,2017,11,0
2017-12-01T00:00:00Z,Syracuse,9,72.66855066612838,148620,2017,12,0
2018-01-01T00:00:00Z,Syracuse,2,16.148566814695194,148620,2018,1,0
2018-02-01T00:00:00Z,Syracuse,8,64.59426725878077,148620,2018,2,0
2018-03-01T00:00:00Z,Syracuse,4,32.29713362939039,148620,2018,3,0
2018-04-01T00:00:00Z,Syracuse,7,56.51998385143318,148620,2018,4,0
2018-05-01T00:00:00Z,Syracuse,9,72.66855066612838,148620,2018,5,0
2018-06-01T00:00:00Z,Syracuse,14,113.03996770286636,148620,2018,6,0
2018-07-01T00:00:00Z,Syracuse,14,113.03996770286636,148620,2018,7,0
2018-08-01T00:00:00Z,Syracuse,10,80.74283407347598,148620,2018,8,0
2018-09-01T00:00:00Z,Syracuse,14,113.03996770286636,148620,2018,9,0
2018-10-01T00:00:00Z,Syracuse,11,88.81711748082358,148620,2018,10,0
2018-11-01T00:00:00Z,Syracuse,6,48.44570044408559,148620,2018,11,0
2018-12-01T00:00:00Z,Syracuse,10,80.74283407347598,148620,2018,12,0
2019-01-01T00:00:00Z,Syracuse,10,80.74283407347598,148620,2019,1,0
2019-02-01T00:00:00Z,Syracuse,5,40.37141703673799,148620,2019,2,0
2019-03-01T00:00:00Z,Syracuse,5,40.37141703673799,148620,2019,3,0
2019-04-01T00:00:00Z,Syracuse,7,56.51998385143318,148620,2019,4,0
2019-05-01T00:00:00Z,Syracuse,4,32.29713362939039,148620,2019,5,0
2019-06-01T00:00:00Z,Syracuse,5,40.37141703673799,148620,2019,6,0
2019-07-01T00:00:00Z,Syracuse,10,80.74283407347598,148620,2019,7,0
2019-08-01T00:00:00Z,Syracuse,2,16.148566814695194,148620,2019,8,0
2019-09-01T00:00:00Z,Syracuse,7,56.51998385143318,148620,2019,9,0
2019-10-01T00:00:00Z,Syracuse,10,80.74283407347598,148620,2019,10,0
2019-11-01T00:00:00Z,Syracuse,7,56.51998385143318,148620,2019,11,0
2019-12-01T00:00:00Z,Syracuse,14,113.03996770286636,148620,2019,12,0
2020-01-01T00:00:00Z,Syracuse,9,72.66855066612838,148620,2020,1,0
2020-02-01T00:00:00Z,Syracuse,6,48.44570044408559,148620,2020,2,0
2020-03-01T00:00:00Z,Syracuse,13,104.96568429551877,148620,2020,3,0
2020-04-01T00:00:00Z,Syracuse,7,56.51998385143318,148620,2020,4,0
2020-05-01T00:00:00Z,Syracuse,17,137.26281792490917,148620,2020,5,0
2020-06-01T00:00:00Z,Syracuse,22,177.63423496164717,148620,2020,6,0
2020-07-01T00:00:00Z,Syracuse,26,209.93136859103754,148620,2020,7,0
2020-08-01T00:00:00Z,Syracuse,9,72.66855066612838,148620,2020,8,0
2020-09-01T00:00:00Z,Syracuse,13,104.96568429551877,148620,2020,9,0
2020-10-01T00:00:00Z,Syracuse,9,72.66855066612838,148620,2020,10,0
2020-11-01T00:00:00Z,Syracuse,7,56.51998385143318,148620,2020,11,0
2020-12-01T00:00:00Z,Syracuse,10,80.74283407347598,148620,2020,12,0
2021-01-01T00:00:00Z,Syracuse,7,56.51998385143318,148620,2021,1,0
2021-02-01T00:00:00Z,Syracuse,6,48.44570044408559,148620,2021,2,0
2021-03-01T00:00:00Z,Syracuse,12,96.89140088817118,148620,2021,3,0
2021-04-01T00:00:00Z,Syracuse,11,88.81711748082358,148620,2021,4,0
2021-05-01T00:00:00Z,Syracuse,8,64.59426725878077,148620,2021,5,0
2021-06-01T00:00:00Z,Syracuse,13,104.96568429551877,148620,2021,6,0
2021-07-01T00:00:00Z,Syracuse,13,104.96568429551877,148620,2021,7,0
2021-08-01T00:00:00Z,Syracuse,11,88.81711748082358,148620,2021,8,0
2021-09-01T00:00:00Z,Syracuse,15,121.11425111021396,148620,2021,9,0
2021-10-01T00:00:00Z,Syracuse,16,129.18853451756155,148620,2021,10,0
2021-11-01T00:00:00Z,Syracuse,8,64.59426725878077,148620,2021,11,0
2021-12-01T00:00:00Z,Syracuse,15,121.11425111021396,148620,2021,12,0
2022-01-01T00:00:00Z,Syracuse,11,88.81711748082358,148620,2022,1,0
2022-02-01T00:00:00Z,Syracuse,5,40.37141703673799,148620,2022,2,0
2022-03-01T00:00:00Z,Syracuse,8,64.59426725878077,148620,2022,3,0
2022-04-01T00:00:00Z,Syracuse,11,88.81711748082358,148620,2022,4,0
2022-05-01T00:00:00Z,Syracuse,18,145.33710133225676,148620,2022,5,0
2022-06-01T00:00:00Z,Syracuse,17,137.26281792490917,148620,2022,6,0
2022-07-01T00:00:00Z,Syracuse,15,121.11425111021396,148620,2022,7,0
2022-08-01T00:00:00Z,Syracuse,26,209.93136859103754,148620,2022,8,0
2022-09-01T00:00:00Z,Syracuse,10,80.74283407347598,148620,2022,9,0
2022-10-01T00:00:00Z,Syracuse,12,96.89140088817118,148620,2022,10,0
2022-11-01T00:00:00Z,Syracuse,9,72.66855066612838,148620,2022,11,0
2022-12-01T00:00:00Z,Syracuse,5,40.37141703673799,148620,2022,12,0
2023-01-01T00:00:00Z,Syracuse,7,56.51998385143318,148620,2023,1,0
2023-02-01T00:00:00Z,Syracuse,1,8.074283407347597,148620,2023,2,0
2023-03-01T00:00:00Z,Syracuse,6,48.44570044408559,148620,2023,3,0
2023-04-01T00:00:00Z,Syracuse,8,64.59426725878077,148620,2023,4,0
2023-05-01T00:00:00Z,Syracuse,16,129.18853451756155,148620,2023,5,0
2023-06-01T00:00:00Z,Syracuse,10,80.74283407347598,148620,2023,6,0
2023-07-01T00:00:00Z,Syracuse,11,88.81711748082358,148620,2023,7,0
2023-08-01T00:00:00Z,Syracuse,6,48.44570044408559,148620,2023,8,0
2023-09-01T00:00:00Z,Syracuse,8,64.59426725878077,148620,2023,9,0
2023-10-01T00:00:00Z,Syracuse,4,32.29713362939039,148620,2023,10,0
2023-11-01T00:00:00Z,Syracuse,7,56.51998385143318,148620,2023,11,0
2023-12-01T00:00:00Z,Syracuse,9,72.66855066612838,148620,2023,12,0
2024-01-01T00:00:00Z,Syracuse,1,8.074283407347597,148620,2024,1,0
2024-02-01T00:00:00Z,Syracuse,3,24.222850222042794,148620,2024,2,0
2024-03-01T00:00:00Z,Syracuse,1,8.074283407347597,148620,2024,3,0
2024-04-01T00:00:00Z,Syracuse,5,40.37141703673799,148620,2024,4,0
2024-05-01T00:00:00Z,Syracuse,5,40.37141703673799,148620,2024,5,0
2024-06-01T00:00:00Z,Syracuse,9,72.66855066612838,148620,2024,6,0
2024-07-01T00:00:00Z,Syracuse,14,113.03996770286636,148620,2024,7,0
2024-08-01T00:00:00Z,Syracuse,8,64.59426725878077,148620,2024,8,0
2024-09-01T00:00:00Z,Syracuse,4,32.29713362939039,148620,2024,9,0
2024-10-01T00:00:00Z,Syracuse,4,32.29713362939039,148620,2024,10,0
2024-11-01T00:00:00Z,Syracuse,2,16.148566814695194,148620,2024,11,0
2024-12-01T00:00:00Z,Syracuse,7,56.51998385143318,148620,2024,12,0
2025-01-01T00:00:00Z,Syracuse,3,24.222850222042794,148620,2025,1,0
2025-02-01T00:00:00Z,Syracuse,2,16.148566814695194,148620,2025,2,0
2025-03-01T00:00:00Z,Syracuse,5,40.37141703673799,148620,2025,3,0
2025-04-01T00:00:00Z,Syracuse,9,72.66855066612838,148620,2025,4,0
2025-05-01T00:00:00Z,Syracuse,4,32.29713362939039,148620,2025,5,0
2025-06-01T00:00:00Z,Syracuse,9,72.66855066612838,148620,2025,6,0
2025-07-01T00:00:00Z,Syracuse,4,32.29713362939039,148620,2025,7,0
2025-08-01T00:00:00Z,Syracuse,4,32.29713362939039,148620,2025,8,0
2025-09-01T00:00:00Z,Syracuse,3,24.222850222042794,148620,2025,9,0
2025-10-01T00:00:00Z,Syracuse,2,16.148566814695194,148620,2025,10,0
2025-11-01T00:00:00Z,Syracuse,4,32.29713362939039,148620,2025,11,0
2025-12-01T00:00:00Z,Syracuse,1,8.074283407347597,148620,2025,12,0
2026-01-01T00:00:00Z,Syracuse,5,40.37141703673799,148620,2026,1,0
