month_date,shooting_incidents,boro,pop_2020,state,year,month,shooting_rate,treated
2012-01-01T00:00:00Z,1,Baltimore,585708,MD,2012,1,2.0488024749533897,0
2012-02-01T00:00:00Z,1,Baltimore,585708,MD,2012,2,2.0488024749533897,0
2012-05-01T00:00:00Z,2,Baltimore,585708,MD,2012,5,4.0976049499067795,0
2012-06-01T00:00:00Z,1,Baltimore,585708,MD,2012,6,2.0488024749533897,0
2012-07-01T00:00:00Z,4,Baltimore,585708,MD,2012,7,8.195209899813559,0
2012-08-01T00:00:00Z,3,Baltimore,585708,MD,2012,8,6.146407424860169,0
2012-09-01T00:00:00Z,3,Baltimore,585708,MD,2012,9,6.146407424860169,0
2012-10-01T00:00:00Z,1,Baltimore,585708,MD,2012,10,2.0488024749533897,0
2012-11-01T00:00:00Z,2,Baltimore,585708,MD,2012,11,4.0976049499067795,0
2012-12-01T00:00:00Z,4,Baltimore,585708,MD,2012,12,8.195209899813559,0
2013-01-01T00:00:00Z,4,Baltimore,585708,MD,2013,1,8.195209899813559,0
2013-02-01T00:00:00Z,1,Baltimore,585708,MD,2013,2,2.0488024749533897,0
2013-04-01T00:00:00Z,5,Baltimore,585708,MD,2013,4,10.24401237476695,0
2013-05-01T00:00:00Z,3,Baltimore,585708,MD,2013,5,6.146407424860169,0
2013-06-01T00:00:00Z,4,Baltimore,585708,MD,2013,6,8.195209899813559,0
2013-07-01T00:00:00Z,3,Baltimore,585708,MD,2013,7,6.146407424860169,0
2013-08-01T00:00:00Z,3,Baltimore,585708,MD,2013,8,6.146407424860169,0
2013-09-01T00:00:00Z,3,Baltimore,585708,MD,2013,9,6.146407424860169,0
2013-11-01T00:00:00Z,3,Baltimore,585708,MD,2013,11,6.146407424860169,0
2013-12-01T00:00:00Z,2,Baltimore,585708,MD,2013,12,4.0976049499067795,0
2014-01-01T00:00:00Z,28,Baltimore,585708,MD,2014,1,57.36646929869491,0
2014-02-01T00:00:00Z,9,Baltimore,585708,MD,2014,2,18.43922227458051,0
2014-03-01T00:00:00Z,19,Baltimore,585708,MD,2014,3,38.9272470241144,0
2014-04-01T00:00:00Z,20,Baltimore,585708,MD,2014,4,40.9760494990678,0
2014-05-01T00:00:00Z,33,Baltimore,585708,MD,2014,5,67.61048167346186,0
2014-06-01T00:00:00Z,30,Baltimore,585708,MD,2014,6,61.4640742486017,0
2014-07-01T00:00:00Z,41,Baltimore,585708,MD,2014,7,84.00090147308897,0
2014-08-01T00:00:00Z,44,Baltimore,585708,MD,2014,8,90.14730889794915,0
2014-09-01T00:00:00Z,27,Baltimore,585708,MD,2014,9,55.317666823741526,0
2014-10-01T00:00:00Z,30,Baltimore,585708,MD,2014,10,61.4640742486017,0
2014-11-01T00:00:00Z,32,Baltimore,585708,MD,2014,11,65.56167919850847,0
2014-12-01T00:00:00Z,32,Baltimore,585708,MD,2014,12,65.56167919850847,0
2015-01-01T00:00:00Z,30,Baltimore,585708,MD,2015,1,61.4640742486017,0
2015-02-01T00:00:00Z,13,Baltimore,585708,MD,2015,2,26.634432174394064,0
2015-03-01T00:00:00Z,26,Baltimore,585708,MD,2015,3,53.26886434878813,0
2015-04-01T00:00:00Z,30,Baltimore,585708,MD,2015,4,61.4640742486017,0
2015-05-01T00:00:00Z,82,Baltimore,585708,MD,2015,5,168.00180294617795,0
2015-06-01T00:00:00Z,61,Baltimore,585708,MD,2015,6,124.97695097215677,0
2015-07-01T00:00:00Z,71,Baltimore,585708,MD,2015,7,145.46497572169068,0
2015-08-01T00:00:00Z,52,Baltimore,585708,MD,2015,8,106.53772869757626,0
2015-09-01T00:00:00Z,49,Baltimore,585708,MD,2015,9,100.39132127271611,0
2015-10-01T00:00:00Z,34,Baltimore,585708,MD,2015,10,69.65928414841525,0
2015-11-01T00:00:00Z,48,Baltimore,585708,MD,2015,11,98.34251879776271,0
2015-12-01T00:00:00Z,42,Baltimore,585708,MD,2015,12,86.04970394804238,0
2016-01-01T00:00:00Z,33,Baltimore,585708,MD,2016,1,67.61048167346186,0
2016-02-01T00:00:00Z,29,Baltimore,585708,MD,2016,2,59.4152717736483,0
2016-03-01T00:00:00Z,40,Baltimore,585708,MD,2016,3,81.9520989981356,0
2016-04-01T00:00:00Z,37,Baltimore,585708,MD,2016,4,75.80569157327542,0
2016-05-01T00:00:00Z,68,Baltimore,585708,MD,2016,5,139.3185682968305,0
2016-06-01T00:00:00Z,62,Baltimore,585708,MD,2016,6,127.02575344711016,0
2016-07-01T00:00:00Z,52,Baltimore,585708,MD,2016,7,106.53772869757626,0
2016-08-01T00:00:00Z,54,Baltimore,585708,MD,2016,8,110.63533364748305,0
2016-09-01T00:00:00Z,47,Baltimore,585708,MD,2016,9,96.2937163228093,0
2016-10-01T00:00:00Z,46,Baltimore,585708,MD,2016,10,94.24491384785594,0
2016-11-01T00:00:00Z,35,Baltimore,585708,MD,2016,11,71.70808662336864,0
2016-12-01T00:00:00Z,42,Baltimore,585708,MD,2016,12,86.04970394804238,0
2017-01-01T00:00:00Z,60,Baltimore,585708,MD,2017,1,122.9281484972034,0
2017-02-01T00:00:00Z,35,Baltimore,585708,MD,2017,2,71.70808662336864,0
2017-03-01T00:00:00Z,32,Baltimore,585708,MD,2017,3,65.56167919850847,0
2017-04-01T00:00:00Z,44,Baltimore,585708,MD,2017,4,90.14730889794915,0
2017-05-01T00:00:00Z,34,Baltimore,585708,MD,2017,5,69.65928414841525,0
2017-06-01T00:00:00Z,57,Baltimore,585708,MD,2017,6,116.78174107234322,0
2017-07-01T00:00:00Z,72,Baltimore,585708,MD,2017,7,147.51377819664407,0
2017-08-01T00:00:00Z,56,Baltimore,585708,MD,2017,8,114.73293859738982,0
2017-09-01T00:00:00Z,54,Baltimore,585708,MD,2017,9,110.63533364748305,0
2017-10-01T00:00:00Z,71,Baltimore,585708,MD,2017,10,145.46497572169068,0
2017-11-01T00:00:00Z,36,Baltimore,585708,MD,2017,11,73.75688909832203,0
2017-12-01T00:00:00Z,50,Baltimore,585708,MD,2017,12,102.44012374766947,0
2018-01-01T00:00:00Z,34,Baltimore,585708,MD,2018,1,69.65928414841525,0
2018-02-01T00:00:00Z,21,Baltimore,585708,MD,2018,2,43.02485197402119,0
2018-03-01T00:00:00Z,42,Baltimore,585708,MD,2018,3,86.04970394804238,0
2018-04-01T00:00:00Z,49,Baltimore,585708,MD,2018,4,100.39132127271611,0
2018-05-01T00:00:00Z,51,Baltimore,585708,MD,2018,5,104.48892622262288,0
2018-06-01T00:00:00Z,43,Baltimore,585708,MD,2018,6,88.09850642299577,0
2018-07-01T00:00:00Z,49,Baltimore,585708,MD,2018,7,100.39132127271611,0
2018-08-01T00:00:00Z,74,Baltimore,585708,MD,2018,8,151.61138314655085,0
2018-09-01T00:00:00Z,54,Baltimore,585708,MD,2018,9,110.63533364748305,0
2018-10-01T00:00:00Z,58,Baltimore,585708,MD,2018,10,118.8305435472966,0
2018-11-01T00:00:00Z,39,Baltimore,585708,MD,2018,11,79.9032965231822,0
2018-12-01T00:00:00Z,59,Baltimore,585708,MD,2018,12,120.87934602224999,0
2019-01-01T00:00:00Z,46,Baltimore,585708,MD,2019,1,94.24491384785594,0
2019-02-01T00:00:00Z,33,Baltimore,585708,MD,2019,2,67.61048167346186,0
2019-03-01T00:00:00Z,41,Baltimore,585708,MD,2019,3,84.00090147308897,0
2019-04-01T00:00:00Z,56,Baltimore,585708,MD,2019,4,114.73293859738982,0
2019-05-01T00:00:00Z,49,Baltimore,585708,MD,2019,5,100.39132127271611,0
2019-06-01T00:00:00Z,65,Baltimore,585708,MD,2019,6,133.17216087197033,0
2019-07-01T00:00:00Z,67,Baltimore,585708,MD,2019,7,137.26976582187712,0
2019-08-01T00:00:00Z,70,Baltimore,585708,MD,2019,8,143.4161732467373,0
2019-09-01T00:00:00Z,53,Baltimore,585708,MD,2019,9,108.58653117252965,0
2019-10-01T00:00:00Z,57,Baltimore,585708,MD,2019,10,116.78174107234322,0
2019-11-01T00:00:00Z,36,Baltimore,585708,MD,2019,11,73.75688909832203,0
2019-12-01T00:00:00Z,50,Baltimore,585708,MD,2019,12,102.44012374766947,0
2020-01-01T00:00:00Z,33,Baltimore,585708,MD,2020,1,67.61048167346186,0
2020-02-01T00:00:00Z,35,Baltimore,585708,MD,2020,2,71.70808662336864,0
2020-03-01T00:00:00Z,38,Baltimore,585708,MD,2020,3,77.8544940482288,0
2020-04-01T00:00:00Z,39,Baltimore,585708,MD,2020,4,79.9032965231822,0
2020-05-01T00:00:00Z,47,Baltimore,585708,MD,2020,5,96.2937163228093,0
2020-06-01T00:00:00Z,59,Baltimore,585708,MD,2020,6,120.87934602224999,0
2020-07-01T00:00:00Z,59,Baltimore,585708,MD,2020,7,120.87934602224999,0
2020-08-01T00:00:00Z,69,Baltimore,585708,MD,2020,8,141.3673707717839,0
2020-09-01T00:00:00Z,56,Baltimore,585708,MD,2020,9,114.73293859738982,0
2020-10-01T00:00:00Z,60,Baltimore,585708,MD,2020,10,122.9281484972034,0
2020-11-01T00:00:00Z,40,Baltimore,585708,MD,2020,11,81.9520989981356,0
2020-12-01T00:00:00Z,49,Baltimore,585708,MD,2020,12,100.39132127271611,0
2021-01-01T00:00:00Z,42,Baltimore,585708,MD,2021,1,86.04970394804238,0
2021-02-01T00:00:00Z,34,Baltimore,585708,MD,2021,2,69.65928414841525,0
2021-03-01T00:00:00Z,39,Baltimore,585708,MD,2021,3,79.9032965231822,0
2021-04-01T00:00:00Z,44,Baltimore,585708,MD,2021,4,90.14730889794915,0
2021-05-01T00:00:00Z,60,Baltimore,585708,MD,2021,5,122.9281484972034,0
2021-06-01T00:00:00Z,57,Baltimore,585708,MD,2021,6,116.78174107234322,0
2021-07-01T00:00:00Z,42,Baltimore,585708,MD,2021,7,86.04970394804238,0
2021-08-01T00:00:00Z,60,Baltimore,585708,MD,2021,8,122.9281484972034,0
2021-09-01T00:00:00Z,59,Baltimore,585708,MD,2021,9,120.87934602224999,0
2021-10-01T00:00:00Z,54,Baltimore,585708,MD,2021,10,110.63533364748305,0
2021-11-01T00:00:00Z,45,Baltimore,585708,MD,2021,11,92.19611137290255,0
2021-12-01T00:00:00Z,61,Baltimore,585708,MD,2021,12,124.97695097215677,0
2022-01-01T00:00:00Z,48,Baltimore,585708,MD,2022,1,98.34251879776271,0
2022-02-01T00:00:00Z,44,Baltimore,585708,MD,2022,2,90.14730889794915,0
2022-03-01T00:00:00Z,52,Baltimore,585708,MD,2022,3,106.53772869757626,0
2022-04-01T00:00:00Z,42,Baltimore,585708,MD,2022,4,86.04970394804238,0
2022-05-01T00:00:00Z,42,Baltimore,585708,MD,2022,5,86.04970394804238,0
2022-06-01T00:00:00Z,53,Baltimore,585708,MD,2022,6,108.58653117252965,0
2022-07-01T00:00:00Z,59,Baltimore,585708,MD,2022,7,120.87934602224999,0
2022-08-01T00:00:00Z,55,Baltimore,585708,MD,2022,8,112.68413612243643,0
2022-09-01T00:00:00Z,43,Baltimore,585708,MD,2022,9,88.09850642299577,0
2022-10-01T00:00:00Z,45,Baltimore,585708,MD,2022,10,92.19611137290255,0
2022-11-01T00:00:00Z,40,Baltimore,585708,MD,2022,11,81.9520989981356,0
2022-12-01T00:00:00Z,34,Baltimore,585708,MD,2022,12,69.65928414841525,0
2023-01-01T00:00:00Z,34,Baltimore,585708,MD,2023,1,69.65928414841525,0
2023-02-01T00:00:00Z,30,Baltimore,585708,MD,2023,2,61.4640742486017,0
2023-03-01T00:00:00Z,35,Baltimore,585708,MD,2023,3,71.70808662336864,0
2023-04-01T00:00:00Z,49,Baltimore,585708,MD,2023,4,100.39132127271611,0
2023-05-01T00:00:00Z,50,Baltimore,585708,MD,2023,5,102.44012374766947,0
2023-06-01T00:00:00Z,50,Baltimore,585708,MD,2023,6,102.44012374766947,0
2023-07-01T00:00:00Z,52,Baltimore,585708,MD,2023,7,106.53772869757626,0
2023-08-01T00:00:00Z,44,Baltimore,585708,MD,2023,8,90.14730889794915,0
2023-09-01T00:00:00Z,48,Baltimore,585708,MD,2023,9,98.34251879776271,0
2023-10-01T00:00:00Z,38,Baltimore,585708,MD,2023,10,77.8544940482288,0
2023-11-01T00:00:00Z,40,Baltimore,585708,MD,2023,11,81.9520989981356,0
2023-12-01T00:00:00Z,40,Baltimore,585708,MD,2023,12,81.9520989981356,0
2024-01-01T00:00:00Z,25,Baltimore,585708,MD,2024,1,51.22006187383474,0
2024-02-01T00:00:00Z,32,Baltimore,585708,MD,2024,2,65.56167919850847,0
2024-03-01T00:00:00Z,26,Baltimore,585708,MD,2024,3,53.26886434878813,0
2024-04-01T00:00:00Z,41,Baltimore,585708,MD,2024,4,84.00090147308897,0
2024-05-01T00:00:00Z,22,Baltimore,585708,MD,2024,5,45.07365444897457,0
2024-06-01T00:00:00Z,34,Baltimore,585708,MD,2024,6,69.65928414841525,0
2024-07-01T00:00:00Z,23,Baltimore,585708,MD,2024,7,47.12245692392797,0
2024-08-01T00:00:00Z,27,Baltimore,585708,MD,2024,8,55.317666823741526,0
2024-09-01T00:00:00Z,32,Baltimore,585708,MD,2024,9,65.56167919850847,0
2024-10-01T00:00:00Z,32,Baltimore,585708,MD,2024,10,65.56167919850847,0
2024-11-01T00:00:00Z,36,Baltimore,585708,MD,2024,11,73.75688909832203,0
2024-12-01T00:00:00Z,26,Baltimore,585708,MD,2024,12,53.26886434878813,0
2015-01-01T00:00:00Z,21,Boston,675647,MA,2015,1,37.29758290941868,0
2015-02-01T00:00:00Z,4,Boston,675647,MA,2015,2,7.104301506555938,0
2015-03-01T00:00:00Z,19,Boston,675647,MA,2015,3,33.74543215614071,0
2015-04-01T00:00:00Z,10,Boston,675647,MA,2015,4,17.760753766389847,0
2015-05-01T00:00:00Z,25,Boston,675647,MA,2015,5,44.40188441597461,0
2015-06-01T00:00:00Z,17,Boston,675647,MA,2015,6,30.193281402862738,0
2015-07-01T00:00:00Z,31,Boston,675647,MA,2015,7,55.05833667580852,0
2015-08-01T00:00:00Z,24,Boston,675647,MA,2015,8,42.625809039335635,0
2015-09-01T00:00:00Z,14,Boston,675647,MA,2015,9,24.865055272945785,0
2015-10-01T00:00:00Z,9,Boston,675647,MA,2015,10,15.984678389750862,0
2015-11-01T00:00:00Z,13,Boston,675647,MA,2015,11,23.0889798963068,0
2015-12-01T00:00:00Z,25,Boston,675647,MA,2015,12,44.40188441597461,0
2016-01-01T00:00:00Z,12,Boston,675647,MA,2016,1,21.312904519667818,0
2016-02-01T00:00:00Z,6,Boston,675647,MA,2016,2,10.656452259833909,0
2016-03-01T00:00:00Z,9,Boston,675647,MA,2016,3,15.984678389750862,0
2016-04-01T00:00:00Z,11,Boston,675647,MA,2016,4,19.53682914302883,0
2016-05-01T00:00:00Z,18,Boston,675647,MA,2016,5,31.969356779501723,0
2016-06-01T00:00:00Z,21,Boston,675647,MA,2016,6,37.29758290941868,0
2016-07-01T00:00:00Z,21,Boston,675647,MA,2016,7,37.29758290941868,0
2016-08-01T00:00:00Z,17,Boston,675647,MA,2016,8,30.193281402862738,0
2016-09-01T00:00:00Z,19,Boston,675647,MA,2016,9,33.74543215614071,0
2016-10-01T00:00:00Z,20,Boston,675647,MA,2016,10,35.521507532779694,0
2016-11-01T00:00:00Z,18,Boston,675647,MA,2016,11,31.969356779501723,0
2016-12-01T00:00:00Z,19,Boston,675647,MA,2016,12,33.74543215614071,0
2017-01-01T00:00:00Z,14,Boston,675647,MA,2017,1,24.865055272945785,0
2017-02-01T00:00:00Z,9,Boston,675647,MA,2017,2,15.984678389750862,0
2017-03-01T00:00:00Z,7,Boston,675647,MA,2017,3,12.432527636472892,0
2017-04-01T00:00:00Z,22,Boston,675647,MA,2017,4,39.07365828605766,0
2017-05-01T00:00:00Z,15,Boston,675647,MA,2017,5,26.64113064958477,0
2017-06-01T00:00:00Z,27,Boston,675647,MA,2017,6,47.954035169252585,0
2017-07-01T00:00:00Z,31,Boston,675647,MA,2017,7,55.05833667580852,0
2017-08-01T00:00:00Z,15,Boston,675647,MA,2017,8,26.64113064958477,0
2017-09-01T00:00:00Z,24,Boston,675647,MA,2017,9,42.625809039335635,0
2017-10-01T00:00:00Z,20,Boston,675647,MA,2017,10,35.521507532779694,0
2017-11-01T00:00:00Z,12,Boston,675647,MA,2017,11,21.312904519667818,0
2017-12-01T00:00:00Z,24,Boston,675647,MA,2017,12,42.625809039335635,0
2018-01-01T00:00:00Z,15,Boston,675647,MA,2018,1,26.64113064958477,0
2018-02-01T00:00:00Z,9,Boston,675647,MA,2018,2,15.984678389750862,0
2018-03-01T00:00:00Z,8,Boston,675647,MA,2018,3,14.208603013111876,0
2018-04-01T00:00:00Z,11,Boston,675647,MA,2018,4,19.53682914302883,0
2018-05-01T00:00:00Z,11,Boston,675647,MA,2018,5,19.53682914302883,0
2018-06-01T00:00:00Z,16,Boston,675647,MA,2018,6,28.417206026223752,0
2018-07-01T00:00:00Z,17,Boston,675647,MA,2018,7,30.193281402862738,0
2018-08-01T00:00:00Z,16,Boston,675647,MA,2018,8,28.417206026223752,0
2018-09-01T00:00:00Z,21,Boston,675647,MA,2018,9,37.29758290941868,0
2018-10-01T00:00:00Z,27,Boston,675647,MA,2018,10,47.954035169252585,0
2018-11-01T00:00:00Z,11,Boston,675647,MA,2018,11,19.53682914302883,0
2018-12-01T00:00:00Z,10,Boston,675647,MA,2018,12,17.760753766389847,0
2019-01-01T00:00:00Z,13,Boston,675647,MA,2019,1,23.0889798963068,0
2019-02-01T00:00:00Z,9,Boston,675647,MA,2019,2,15.984678389750862,0
2019-03-01T00:00:00Z,10,Boston,675647,MA,2019,3,17.760753766389847,0
2019-04-01T00:00:00Z,7,Boston,675647,MA,2019,4,12.432527636472892,0
2019-05-01T00:00:00Z,12,Boston,675647,MA,2019,5,21.312904519667818,0
2019-06-01T00:00:00Z,22,Boston,675647,MA,2019,6,39.07365828605766,0
2019-07-01T00:00:00Z,22,Boston,675647,MA,2019,7,39.07365828605766,0
2019-08-01T00:00:00Z,24,Boston,675647,MA,2019,8,42.625809039335635,0
2019-09-01T00:00:00Z,10,Boston,675647,MA,2019,9,17.760753766389847,0
2019-10-01T00:00:00Z,11,Boston,675647,MA,2019,10,19.53682914302883,0
2019-11-01T00:00:00Z,11,Boston,675647,MA,2019,11,19.53682914302883,0
2019-12-01T00:00:00Z,5,Boston,675647,MA,2019,12,8.880376883194923,0
2020-01-01T00:00:00Z,7,Boston,675647,MA,2020,1,12.432527636472892,0
2020-02-01T00:00:00Z,11,Boston,675647,MA,2020,2,19.53682914302883,0
2020-03-01T00:00:00Z,10,Boston,675647,MA,2020,3,17.760753766389847,0
2020-04-01T00:00:00Z,18,Boston,675647,MA,2020,4,31.969356779501723,0
2020-05-01T00:00:00Z,16,Boston,675647,MA,2020,5,28.417206026223752,0
2020-06-01T00:00:00Z,30,Boston,675647,MA,2020,6,53.28226129916954,0
2020-07-01T00:00:00Z,40,Boston,675647,MA,2020,7,71.04301506555939,0
2020-08-01T00:00:00Z,24,Boston,675647,MA,2020,8,42.625809039335635,0
2020-09-01T00:00:00Z,26,Boston,675647,MA,2020,9,46.1779597926136,0
2020-10-01T00:00:00Z,16,Boston,675647,MA,2020,10,28.417206026223752,0
2020-11-01T00:00:00Z,20,Boston,675647,MA,2020,11,35.521507532779694,0
2020-12-01T00:00:00Z,13,Boston,675647,MA,2020,12,23.0889798963068,0
2021-01-01T00:00:00Z,8,Boston,675647,MA,2021,1,14.208603013111876,0
2021-02-01T00:00:00Z,9,Boston,675647,MA,2021,2,15.984678389750862,0
2021-03-01T00:00:00Z,12,Boston,675647,MA,2021,3,21.312904519667818,0
2021-04-01T00:00:00Z,17,Boston,675647,MA,2021,4,30.193281402862738,0
2021-05-01T00:00:00Z,16,Boston,675647,MA,2021,5,28.417206026223752,0
2021-06-01T00:00:00Z,22,Boston,675647,MA,2021,6,39.07365828605766,0
2021-07-01T00:00:00Z,22,Boston,675647,MA,2021,7,39.07365828605766,0
2021-08-01T00:00:00Z,13,Boston,675647,MA,2021,8,23.0889798963068,0
2021-09-01T00:00:00Z,13,Boston,675647,MA,2021,9,23.0889798963068,0
2021-10-01T00:00:00Z,13,Boston,675647,MA,2021,10,23.0889798963068,0
2021-11-01T00:00:00Z,15,Boston,675647,MA,2021,11,26.64113064958477,0
2021-12-01T00:00:00Z,5,Boston,675647,MA,2021,12,8.880376883194923,0
2022-01-01T00:00:00Z,7,Boston,675647,MA,2022,1,12.432527636472892,0
2022-02-01T00:00:00Z,3,Boston,675647,MA,2022,2,5.328226129916954,0
2022-03-01T00:00:00Z,13,Boston,675647,MA,2022,3,23.0889798963068,0
2022-04-01T00:00:00Z,12,Boston,675647,MA,2022,4,21.312904519667818,0
2022-05-01T00:00:00Z,11,Boston,675647,MA,2022,5,19.53682914302883,0
2022-06-01T00:00:00Z,7,Boston,675647,MA,2022,6,12.432527636472892,0
2022-07-01T00:00:00Z,27,Boston,675647,MA,2022,7,47.954035169252585,0
2022-08-01T00:00:00Z,21,Boston,675647,MA,2022,8,37.29758290941868,0
2022-09-01T00:00:00Z,7,Boston,675647,MA,2022,9,12.432527636472892,0
2022-10-01T00:00:00Z,16,Boston,675647,MA,2022,10,28.417206026223752,0
2022-11-01T00:00:00Z,10,Boston,675647,MA,2022,11,17.760753766389847,0
2022-12-01T00:00:00Z,9,Boston,675647,MA,2022,12,15.984678389750862,0
2023-01-01T00:00:00Z,12,Boston,675647,MA,2023,1,21.312904519667818,0
2023-02-01T00:00:00Z,7,Boston,675647,MA,2023,2,12.432527636472892,0
2023-03-01T00:00:00Z,6,Boston,675647,MA,2023,3,10.656452259833909,0
2023-04-01T00:00:00Z,8,Boston,675647,MA,2023,4,14.208603013111876,0
2023-05-01T00:00:00Z,10,Boston,675647,MA,2023,5,17.760753766389847,0
2023-06-01T00:00:00Z,8,Boston,675647,MA,2023,6,14.208603013111876,0
2023-07-01T00:00:00Z,17,Boston,675647,MA,2023,7,30.193281402862738,0
2023-08-01T00:00:00Z,16,Boston,675647,MA,2023,8,28.417206026223752,0
2023-09-01T00:00:00Z,6,Boston,675647,MA,2023,9,10.656452259833909,0
2023-10-01T00:00:00Z,4,Boston,675647,MA,2023,10,7.104301506555938,0
2023-11-01T00:00:00Z,8,Boston,675647,MA,2023,11,14.208603013111876,0
2023-12-01T00:00:00Z,7,Boston,675647,MA,2023,12,12.432527636472892,0
2024-01-01T00:00:00Z,6,Boston,675647,MA,2024,1,10.656452259833909,0
2024-02-01T00:00:00Z,2,Boston,675647,MA,2024,2,3.552150753277969,0
2024-03-01T00:00:00Z,5,Boston,675647,MA,2024,3,8.880376883194923,0
2024-04-01T00:00:00Z,5,Boston,675647,MA,2024,4,8.880376883194923,0
2024-05-01T00:00:00Z,9,Boston,675647,MA,2024,5,15.984678389750862,0
2024-06-01T00:00:00Z,13,Boston,675647,MA,2024,6,23.0889798963068,0
2024-07-01T00:00:00Z,22,Boston,675647,MA,2024,7,39.07365828605766,0
2024-08-01T00:00:00Z,10,Boston,675647,MA,2024,8,17.760753766389847,0
2024-09-01T00:00:00Z,9,Boston,675647,MA,2024,9,15.984678389750862,0
2024-10-01T00:00:00Z,7,Boston,675647,MA,2024,10,12.432527636472892,0
2024-11-01T00:00:00Z,7,Boston,675647,MA,2024,11,12.432527636472892,0
2024-12-01T00:00:00Z,7,Boston,675647,MA,2024,12,12.432527636472892,0
2025-01-01T00:00:00Z,8,Boston,675647,MA,2025,1,14.208603013111876,0
2025-02-01T00:00:00Z,7,Boston,675647,MA,2025,2,12.432527636472892,0
2025-03-01T00:00:00Z,9,Boston,675647,MA,2025,3,15.984678389750862,0
2025-04-01T00:00:00Z,5,Boston,675647,MA,2025,4,8.880376883194923,0
2025-05-01T00:00:00Z,8,Boston,675647,MA,2025,5,14.208603013111876,0
2025-06-01T00:00:00Z,12,Boston,675647,MA,2025,6,21.312904519667818,0
2025-07-01T00:00:00Z,12,Boston,675647,MA,2025,7,21.312904519667818,0
2025-08-01T00:00:00Z,16,Boston,675647,MA,2025,8,28.417206026223752,0
2025-09-01T00:00:00Z,7,Boston,675647,MA,2025,9,12.432527636472892,0
2025-10-01T00:00:00Z,7,Boston,675647,MA,2025,10,12.432527636472892,0
2025-11-01T00:00:00Z,5,Boston,675647,MA,2025,11,8.880376883194923,0
2025-12-01T00:00:00Z,6,Boston,675647,MA,2025,12,10.656452259833909,0
2026-01-01T00:00:00Z,5,Boston,675647,MA,2026,1,8.880376883194923,0
1991-01-01T00:00:00Z,72,Chicago,2746388,IL,1991,1,31.459502444665503,0
1991-02-01T00:00:00Z,55,Chicago,2746388,IL,1991,2,24.031564367452816,0
1991-03-01T00:00:00Z,67,Chicago,2746388,IL,1991,3,29.274814774897067,0
1991-04-01T00:00:00Z,73,Chicago,2746388,IL,1991,4,31.896439978619192,0
1991-05-01T00:00:00Z,66,Chicago,2746388,IL,1991,5,28.837877240943378,0
1991-06-01T00:00:00Z,82,Chicago,2746388,IL,1991,6,35.828877784202376,0
1991-07-01T00:00:00Z,76,Chicago,2746388,IL,1991,7,33.20725258048025,0
1991-08-01T00:00:00Z,115,Chicago,2746388,IL,1991,8,50.24781640467407,0
1991-09-01T00:00:00Z,83,Chicago,2746388,IL,1991,9,36.265815318156065,0
1991-10-01T00:00:00Z,72,Chicago,2746388,IL,1991,10,31.459502444665503,0
1991-11-01T00:00:00Z,71,Chicago,2746388,IL,1991,11,31.022564910711814,0
1991-12-01T00:00:00Z,73,Chicago,2746388,IL,1991,12,31.896439978619192,0
1992-01-01T00:00:00Z,73,Chicago,2746388,IL,1992,1,31.896439978619192,0
1992-02-01T00:00:00Z,59,Chicago,2746388,IL,1992,2,25.779314503267567,0
1992-03-01T00:00:00Z,57,Chicago,2746388,IL,1992,3,24.905439435360186,0
1992-04-01T00:00:00Z,78,Chicago,2746388,IL,1992,4,34.08112764838763,0
1992-05-01T00:00:00Z,83,Chicago,2746388,IL,1992,5,36.265815318156065,0
1992-06-01T00:00:00Z,81,Chicago,2746388,IL,1992,6,35.391940250248695,0
1992-07-01T00:00:00Z,89,Chicago,2746388,IL,1992,7,38.88744052187819,0
1992-08-01T00:00:00Z,93,Chicago,2746388,IL,1992,8,40.63519065769294,0
1992-09-01T00:00:00Z,100,Chicago,2746388,IL,1992,9,43.69375339536875,0
1992-10-01T00:00:00Z,73,Chicago,2746388,IL,1992,10,31.896439978619192,0
1992-11-01T00:00:00Z,61,Chicago,2746388,IL,1992,11,26.65318957117494,0
1992-12-01T00:00:00Z,56,Chicago,2746388,IL,1992,12,24.4685019014065,0
1993-01-01T00:00:00Z,65,Chicago,2746388,IL,1993,1,28.40093970698969,0
1993-02-01T00:00:00Z,58,Chicago,2746388,IL,1993,2,25.342376969313882,0
1993-03-01T00:00:00Z,58,Chicago,2746388,IL,1993,3,25.342376969313882,0
1993-04-01T00:00:00Z,64,Chicago,2746388,IL,1993,4,27.964002173036,0
1993-05-01T00:00:00Z,47,Chicago,2746388,IL,1993,5,20.536064095823317,0
1993-06-01T00:00:00Z,76,Chicago,2746388,IL,1993,6,33.20725258048025,0
1993-07-01T00:00:00Z,93,Chicago,2746388,IL,1993,7,40.63519065769294,0
1993-08-01T00:00:00Z,82,Chicago,2746388,IL,1993,8,35.828877784202376,0
1993-09-01T00:00:00Z,77,Chicago,2746388,IL,1993,9,33.64419011443394,0
1993-10-01T00:00:00Z,70,Chicago,2746388,IL,1993,10,30.58562737675813,0
1993-11-01T00:00:00Z,75,Chicago,2746388,IL,1993,11,32.77031504652657,0
1993-12-01T00:00:00Z,66,Chicago,2746388,IL,1993,12,28.837877240943378,0
1994-01-01T00:00:00Z,59,Chicago,2746388,IL,1994,1,25.779314503267567,0
1994-02-01T00:00:00Z,69,Chicago,2746388,IL,1994,2,30.148689842804437,0
1994-03-01T00:00:00Z,80,Chicago,2746388,IL,1994,3,34.955002716295006,0
1994-04-01T00:00:00Z,79,Chicago,2746388,IL,1994,4,34.51806518234132,0
1994-05-01T00:00:00Z,82,Chicago,2746388,IL,1994,5,35.828877784202376,0
1994-06-01T00:00:00Z,82,Chicago,2746388,IL,1994,6,35.828877784202376,0
1994-07-01T00:00:00Z,81,Chicago,2746388,IL,1994,7,35.391940250248695,0
1994-08-01T00:00:00Z,78,Chicago,2746388,IL,1994,8,34.08112764838763,0
1994-09-01T00:00:00Z,63,Chicago,2746388,IL,1994,9,27.527064639082315,0
1994-10-01T00:00:00Z,74,Chicago,2746388,IL,1994,10,32.33337751257288,0
1994-11-01T00:00:00Z,72,Chicago,2746388,IL,1994,11,31.459502444665503,0
1994-12-01T00:00:00Z,68,Chicago,2746388,IL,1994,12,29.71175230885075,0
1995-01-01T00:00:00Z,61,Chicago,2746388,IL,1995,1,26.65318957117494,0
1995-02-01T00:00:00Z,47,Chicago,2746388,IL,1995,2,20.536064095823317,0
1995-03-01T00:00:00Z,66,Chicago,2746388,IL,1995,3,28.837877240943378,0
1995-04-01T00:00:00Z,61,Chicago,2746388,IL,1995,4,26.65318957117494,0
1995-05-01T00:00:00Z,70,Chicago,2746388,IL,1995,5,30.58562737675813,0
1995-06-01T00:00:00Z,75,Chicago,2746388,IL,1995,6,32.77031504652657,0
1995-07-01T00:00:00Z,66,Chicago,2746388,IL,1995,7,28.837877240943378,0
1995-08-01T00:00:00Z,81,Chicago,2746388,IL,1995,8,35.391940250248695,0
1995-09-01T00:00:00Z,72,Chicago,2746388,IL,1995,9,31.459502444665503,0
1995-10-01T00:00:00Z,72,Chicago,2746388,IL,1995,10,31.459502444665503,0
1995-11-01T00:00:00Z,59,Chicago,2746388,IL,1995,11,25.779314503267567,0
1995-12-01T00:00:00Z,68,Chicago,2746388,IL,1995,12,29.71175230885075,0
1996-01-01T00:00:00Z,60,Chicago,2746388,IL,1996,1,26.21625203722125,0
1996-02-01T00:00:00Z,47,Chicago,2746388,IL,1996,2,20.536064095823317,0
1996-03-01T00:00:00Z,52,Chicago,2746388,IL,1996,3,22.72075176559175,0
1996-04-01T00:00:00Z,59,Chicago,2746388,IL,1996,4,25.779314503267567,0
1996-05-01T00:00:00Z,62,Chicago,2746388,IL,1996,5,27.09012710512863,0
1996-06-01T00:00:00Z,90,Chicago,2746388,IL,1996,6,39.32437805583188,0
1996-07-01T00:00:00Z,79,Chicago,2746388,IL,1996,7,34.51806518234132,0
1996-08-01T00:00:00Z,81,Chicago,2746388,IL,1996,8,35.391940250248695,0
1996-09-01T00:00:00Z,58,Chicago,2746388,IL,1996,9,25.342376969313882,0
1996-10-01T00:00:00Z,73,Chicago,2746388,IL,1996,10,31.896439978619192,0
1996-11-01T00:00:00Z,48,Chicago,2746388,IL,1996,11,20.973001629777002,0
1996-12-01T00:00:00Z,63,Chicago,2746388,IL,1996,12,27.527064639082315,0
1997-01-01T00:00:00Z,57,Chicago,2746388,IL,1997,1,24.905439435360186,0
1997-02-01T00:00:00Z,37,Chicago,2746388,IL,1997,2,16.16668875628644,0
1997-03-01T00:00:00Z,50,Chicago,2746388,IL,1997,3,21.846876697684376,0
1997-04-01T00:00:00Z,57,Chicago,2746388,IL,1997,4,24.905439435360186,0
1997-05-01T00:00:00Z,50,Chicago,2746388,IL,1997,5,21.846876697684376,0
1997-06-01T00:00:00Z,67,Chicago,2746388,IL,1997,6,29.274814774897067,0
1997-07-01T00:00:00Z,77,Chicago,2746388,IL,1997,7,33.64419011443394,0
1997-08-01T00:00:00Z,73,Chicago,2746388,IL,1997,8,31.896439978619192,0
1997-09-01T00:00:00Z,66,Chicago,2746388,IL,1997,9,28.837877240943378,0
1997-10-01T00:00:00Z,75,Chicago,2746388,IL,1997,10,32.77031504652657,0
1997-11-01T00:00:00Z,60,Chicago,2746388,IL,1997,11,26.21625203722125,0
1997-12-01T00:00:00Z,60,Chicago,2746388,IL,1997,12,26.21625203722125,0
1998-01-01T00:00:00Z,51,Chicago,2746388,IL,1998,1,22.283814231638065,0
1998-02-01T00:00:00Z,39,Chicago,2746388,IL,1998,2,17.040563824193814,0
1998-03-01T00:00:00Z,59,Chicago,2746388,IL,1998,3,25.779314503267567,0
1998-04-01T00:00:00Z,51,Chicago,2746388,IL,1998,4,22.283814231638065,0
1998-05-01T00:00:00Z,67,Chicago,2746388,IL,1998,5,29.274814774897067,0
1998-06-01T00:00:00Z,61,Chicago,2746388,IL,1998,6,26.65318957117494,0
1998-07-01T00:00:00Z,63,Chicago,2746388,IL,1998,7,27.527064639082315,0
1998-08-01T00:00:00Z,71,Chicago,2746388,IL,1998,8,31.022564910711814,0
1998-09-01T00:00:00Z,53,Chicago,2746388,IL,1998,9,23.15768929954544,0
1998-10-01T00:00:00Z,60,Chicago,2746388,IL,1998,10,26.21625203722125,0
1998-11-01T00:00:00Z,62,Chicago,2746388,IL,1998,11,27.09012710512863,0
1998-12-01T00:00:00Z,60,Chicago,2746388,IL,1998,12,26.21625203722125,0
1999-01-01T00:00:00Z,48,Chicago,2746388,IL,1999,1,20.973001629777002,0
1999-02-01T00:00:00Z,39,Chicago,2746388,IL,1999,2,17.040563824193814,0
1999-03-01T00:00:00Z,40,Chicago,2746388,IL,1999,3,17.477501358147503,0
1999-04-01T00:00:00Z,48,Chicago,2746388,IL,1999,4,20.973001629777002,0
1999-05-01T00:00:00Z,58,Chicago,2746388,IL,1999,5,25.342376969313882,0
1999-06-01T00:00:00Z,68,Chicago,2746388,IL,1999,6,29.71175230885075,0
1999-07-01T00:00:00Z,53,Chicago,2746388,IL,1999,7,23.15768929954544,0
1999-08-01T00:00:00Z,72,Chicago,2746388,IL,1999,8,31.459502444665503,0
1999-09-01T00:00:00Z,51,Chicago,2746388,IL,1999,9,22.283814231638065,0
1999-10-01T00:00:00Z,46,Chicago,2746388,IL,1999,10,20.099126561869625,0
1999-11-01T00:00:00Z,55,Chicago,2746388,IL,1999,11,24.031564367452816,0
1999-12-01T00:00:00Z,39,Chicago,2746388,IL,1999,12,17.040563824193814,0
2000-01-01T00:00:00Z,44,Chicago,2746388,IL,2000,1,19.225251493962254,0
2000-02-01T00:00:00Z,40,Chicago,2746388,IL,2000,2,17.477501358147503,0
2000-03-01T00:00:00Z,39,Chicago,2746388,IL,2000,3,17.040563824193814,0
2000-04-01T00:00:00Z,33,Chicago,2746388,IL,2000,4,14.418938620471689,0
2000-05-01T00:00:00Z,50,Chicago,2746388,IL,2000,5,21.846876697684376,0
2000-06-01T00:00:00Z,58,Chicago,2746388,IL,2000,6,25.342376969313882,0
2000-07-01T00:00:00Z,75,Chicago,2746388,IL,2000,7,32.77031504652657,0
2000-08-01T00:00:00Z,67,Chicago,2746388,IL,2000,8,29.274814774897067,0
2000-09-01T00:00:00Z,57,Chicago,2746388,IL,2000,9,24.905439435360186,0
2000-10-01T00:00:00Z,52,Chicago,2746388,IL,2000,10,22.72075176559175,0
2000-11-01T00:00:00Z,56,Chicago,2746388,IL,2000,11,24.4685019014065,0
2000-12-01T00:00:00Z,46,Chicago,2746388,IL,2000,12,20.099126561869625,0
2001-01-01T00:00:00Z,41,Chicago,2746388,IL,2001,1,17.914438892101188,0
2001-02-01T00:00:00Z,25,Chicago,2746388,IL,2001,2,10.923438348842188,0
2001-03-01T00:00:00Z,35,Chicago,2746388,IL,2001,3,15.292813688379065,0
2001-04-01T00:00:00Z,58,Chicago,2746388,IL,2001,4,25.342376969313882,0
2001-05-01T00:00:00Z,42,Chicago,2746388,IL,2001,5,18.351376426054877,0
2001-06-01T00:00:00Z,70,Chicago,2746388,IL,2001,6,30.58562737675813,0
2001-07-01T00:00:00Z,75,Chicago,2746388,IL,2001,7,32.77031504652657,0
2001-08-01T00:00:00Z,55,Chicago,2746388,IL,2001,8,24.031564367452816,0
2001-09-01T00:00:00Z,69,Chicago,2746388,IL,2001,9,30.148689842804437,0
2001-10-01T00:00:00Z,67,Chicago,2746388,IL,2001,10,29.274814774897067,0
2001-11-01T00:00:00Z,63,Chicago,2746388,IL,2001,11,27.527064639082315,0
2001-12-01T00:00:00Z,48,Chicago,2746388,IL,2001,12,20.973001629777002,0
2002-01-01T00:00:00Z,40,Chicago,2746388,IL,2002,1,17.477501358147503,0
2002-02-01T00:00:00Z,30,Chicago,2746388,IL,2002,2,13.108126018610625,0
2002-03-01T00:00:00Z,41,Chicago,2746388,IL,2002,3,17.914438892101188,0
2002-04-01T00:00:00Z,43,Chicago,2746388,IL,2002,4,18.788313960008562,0
2002-05-01T00:00:00Z,49,Chicago,2746388,IL,2002,5,21.409939163730687,0
2002-06-01T00:00:00Z,66,Chicago,2746388,IL,2002,6,28.837877240943378,0
2002-07-01T00:00:00Z,66,Chicago,2746388,IL,2002,7,28.837877240943378,0
2002-08-01T00:00:00Z,75,Chicago,2746388,IL,2002,8,32.77031504652657,0
2002-09-01T00:00:00Z,63,Chicago,2746388,IL,2002,9,27.527064639082315,0
2002-10-01T00:00:00Z,58,Chicago,2746388,IL,2002,10,25.342376969313882,0
2002-11-01T00:00:00Z,39,Chicago,2746388,IL,2002,11,17.040563824193814,0
2002-12-01T00:00:00Z,63,Chicago,2746388,IL,2002,12,27.527064639082315,0
2003-01-01T00:00:00Z,33,Chicago,2746388,IL,2003,1,14.418938620471689,0
2003-02-01T00:00:00Z,31,Chicago,2746388,IL,2003,2,13.545063552564315,0
2003-03-01T00:00:00Z,50,Chicago,2746388,IL,2003,3,21.846876697684376,0
2003-04-01T00:00:00Z,53,Chicago,2746388,IL,2003,4,23.15768929954544,0
2003-05-01T00:00:00Z,60,Chicago,2746388,IL,2003,5,26.21625203722125,0
2003-06-01T00:00:00Z,48,Chicago,2746388,IL,2003,6,20.973001629777002,0
2003-07-01T00:00:00Z,63,Chicago,2746388,IL,2003,7,27.527064639082315,0
2003-08-01T00:00:00Z,46,Chicago,2746388,IL,2003,8,20.099126561869625,0
2003-09-01T00:00:00Z,51,Chicago,2746388,IL,2003,9,22.283814231638065,0
2003-10-01T00:00:00Z,50,Chicago,2746388,IL,2003,10,21.846876697684376,0
2003-11-01T00:00:00Z,44,Chicago,2746388,IL,2003,11,19.225251493962254,0
2003-12-01T00:00:00Z,40,Chicago,2746388,IL,2003,12,17.477501358147503,0
2004-01-01T00:00:00Z,31,Chicago,2746388,IL,2004,1,13.545063552564315,0
2004-02-01T00:00:00Z,36,Chicago,2746388,IL,2004,2,15.729751222332752,0
2004-03-01T00:00:00Z,38,Chicago,2746388,IL,2004,3,16.603626290240125,0
2004-04-01T00:00:00Z,30,Chicago,2746388,IL,2004,4,13.108126018610625,0
2004-05-01T00:00:00Z,33,Chicago,2746388,IL,2004,5,14.418938620471689,0
2004-06-01T00:00:00Z,49,Chicago,2746388,IL,2004,6,21.409939163730687,0
2004-07-01T00:00:00Z,50,Chicago,2746388,IL,2004,7,21.846876697684376,0
2004-08-01T00:00:00Z,47,Chicago,2746388,IL,2004,8,20.536064095823317,0
2004-09-01T00:00:00Z,36,Chicago,2746388,IL,2004,9,15.729751222332752,0
2004-10-01T00:00:00Z,32,Chicago,2746388,IL,2004,10,13.982001086518,0
2004-11-01T00:00:00Z,32,Chicago,2746388,IL,2004,11,13.982001086518,0
2004-12-01T00:00:00Z,28,Chicago,2746388,IL,2004,12,12.23425095070325,0
2005-01-01T00:00:00Z,16,Chicago,2746388,IL,2005,1,6.991000543259,0
2005-02-01T00:00:00Z,22,Chicago,2746388,IL,2005,2,9.612625746981127,0
2005-03-01T00:00:00Z,36,Chicago,2746388,IL,2005,3,15.729751222332752,0
2005-04-01T00:00:00Z,36,Chicago,2746388,IL,2005,4,15.729751222332752,0
2005-05-01T00:00:00Z,44,Chicago,2746388,IL,2005,5,19.225251493962254,0
2005-06-01T00:00:00Z,52,Chicago,2746388,IL,2005,6,22.72075176559175,0
2005-07-01T00:00:00Z,56,Chicago,2746388,IL,2005,7,24.4685019014065,0
2005-08-01T00:00:00Z,52,Chicago,2746388,IL,2005,8,22.72075176559175,0
2005-09-01T00:00:00Z,31,Chicago,2746388,IL,2005,9,13.545063552564315,0
2005-10-01T00:00:00Z,37,Chicago,2746388,IL,2005,10,16.16668875628644,0
2005-11-01T00:00:00Z,26,Chicago,2746388,IL,2005,11,11.360375882795875,0
2005-12-01T00:00:00Z,30,Chicago,2746388,IL,2005,12,13.108126018610625,0
2006-01-01T00:00:00Z,24,Chicago,2746388,IL,2006,1,10.486500814888501,0
2006-02-01T00:00:00Z,16,Chicago,2746388,IL,2006,2,6.991000543259,0
2006-03-01T00:00:00Z,33,Chicago,2746388,IL,2006,3,14.418938620471689,0
2006-04-01T00:00:00Z,38,Chicago,2746388,IL,2006,4,16.603626290240125,0
2006-05-01T00:00:00Z,46,Chicago,2746388,IL,2006,5,20.099126561869625,0
2006-06-01T00:00:00Z,45,Chicago,2746388,IL,2006,6,19.66218902791594,0
2006-07-01T00:00:00Z,63,Chicago,2746388,IL,2006,7,27.527064639082315,0
2006-08-01T00:00:00Z,31,Chicago,2746388,IL,2006,8,13.545063552564315,0
2006-09-01T00:00:00Z,50,Chicago,2746388,IL,2006,9,21.846876697684376,0
2006-10-01T00:00:00Z,36,Chicago,2746388,IL,2006,10,15.729751222332752,0
2006-11-01T00:00:00Z,40,Chicago,2746388,IL,2006,11,17.477501358147503,0
2006-12-01T00:00:00Z,33,Chicago,2746388,IL,2006,12,14.418938620471689,0
2007-01-01T00:00:00Z,26,Chicago,2746388,IL,2007,1,11.360375882795875,0
2007-02-01T00:00:00Z,17,Chicago,2746388,IL,2007,2,7.427938077212687,0
2007-03-01T00:00:00Z,36,Chicago,2746388,IL,2007,3,15.729751222332752,0
2007-04-01T00:00:00Z,34,Chicago,2746388,IL,2007,4,14.855876154425374,0
2007-05-01T00:00:00Z,35,Chicago,2746388,IL,2007,5,15.292813688379065,0
2007-06-01T00:00:00Z,47,Chicago,2746388,IL,2007,6,20.536064095823317,0
2007-07-01T00:00:00Z,47,Chicago,2746388,IL,2007,7,20.536064095823317,0
2007-08-01T00:00:00Z,45,Chicago,2746388,IL,2007,8,19.66218902791594,0
2007-09-01T00:00:00Z,48,Chicago,2746388,IL,2007,9,20.973001629777002,0
2007-10-01T00:00:00Z,36,Chicago,2746388,IL,2007,10,15.729751222332752,0
2007-11-01T00:00:00Z,27,Chicago,2746388,IL,2007,11,11.797313416749564,0
2007-12-01T00:00:00Z,32,Chicago,2746388,IL,2007,12,13.982001086518,0
2008-01-01T00:00:00Z,32,Chicago,2746388,IL,2008,1,13.982001086518,0
2008-02-01T00:00:00Z,17,Chicago,2746388,IL,2008,2,7.427938077212687,0
2008-03-01T00:00:00Z,34,Chicago,2746388,IL,2008,3,14.855876154425374,0
2008-04-01T00:00:00Z,38,Chicago,2746388,IL,2008,4,16.603626290240125,0
2008-05-01T00:00:00Z,47,Chicago,2746388,IL,2008,5,20.536064095823317,0
2008-06-01T00:00:00Z,50,Chicago,2746388,IL,2008,6,21.846876697684376,0
2008-07-01T00:00:00Z,61,Chicago,2746388,IL,2008,7,26.65318957117494,0
2008-08-01T00:00:00Z,47,Chicago,2746388,IL,2008,8,20.536064095823317,0
2008-09-01T00:00:00Z,53,Chicago,2746388,IL,2008,9,23.15768929954544,0
2008-10-01T00:00:00Z,47,Chicago,2746388,IL,2008,10,20.536064095823317,0
2008-11-01T00:00:00Z,38,Chicago,2746388,IL,2008,11,16.603626290240125,0
2008-12-01T00:00:00Z,28,Chicago,2746388,IL,2008,12,12.23425095070325,0
2009-01-01T00:00:00Z,21,Chicago,2746388,IL,2009,1,9.175688213027438,0
2009-02-01T00:00:00Z,22,Chicago,2746388,IL,2009,2,9.612625746981127,0
2009-03-01T00:00:00Z,20,Chicago,2746388,IL,2009,3,8.738750679073751,0
2009-04-01T00:00:00Z,40,Chicago,2746388,IL,2009,4,17.477501358147503,0
2009-05-01T00:00:00Z,43,Chicago,2746388,IL,2009,5,18.788313960008562,0
2009-06-01T00:00:00Z,45,Chicago,2746388,IL,2009,6,19.66218902791594,0
2009-07-01T00:00:00Z,57,Chicago,2746388,IL,2009,7,24.905439435360186,0
2009-08-01T00:00:00Z,51,Chicago,2746388,IL,2009,8,22.283814231638065,0
2009-09-01T00:00:00Z,36,Chicago,2746388,IL,2009,9,15.729751222332752,0
2009-10-01T00:00:00Z,35,Chicago,2746388,IL,2009,10,15.292813688379065,0
2009-11-01T00:00:00Z,37,Chicago,2746388,IL,2009,11,16.16668875628644,0
2009-12-01T00:00:00Z,35,Chicago,2746388,IL,2009,12,15.292813688379065,0
2010-01-01T00:00:00Z,121,Chicago,2746388,IL,2010,1,52.86944160839619,0
2010-02-01T00:00:00Z,105,Chicago,2746388,IL,2010,2,45.87844106513719,0
2010-03-01T00:00:00Z,173,Chicago,2746388,IL,2010,3,75.59019337398794,0
2010-04-01T00:00:00Z,229,Chicago,2746388,IL,2010,4,100.05869527539446,0
2010-05-01T00:00:00Z,230,Chicago,2746388,IL,2010,5,100.49563280934814,0
2010-06-01T00:00:00Z,257,Chicago,2746388,IL,2010,6,112.29294622609768,0
2010-07-01T00:00:00Z,282,Chicago,2746388,IL,2010,7,123.21638457493988,0
2010-08-01T00:00:00Z,286,Chicago,2746388,IL,2010,8,124.96413471075462,0
2010-09-01T00:00:00Z,216,Chicago,2746388,IL,2010,9,94.37850733399651,0
2010-10-01T00:00:00Z,231,Chicago,2746388,IL,2010,10,100.93257034330182,0
2010-11-01T00:00:00Z,158,Chicago,2746388,IL,2010,11,69.03613036468263,0
2010-12-01T00:00:00Z,128,Chicago,2746388,IL,2010,12,55.928004346072,0
2011-01-01T00:00:00Z,154,Chicago,2746388,IL,2011,1,67.28838022886788,0
2011-02-01T00:00:00Z,81,Chicago,2746388,IL,2011,2,35.391940250248695,0
2011-03-01T00:00:00Z,136,Chicago,2746388,IL,2011,3,59.4235046177015,0
2011-04-01T00:00:00Z,201,Chicago,2746388,IL,2011,4,87.8244443246912,0
2011-05-01T00:00:00Z,242,Chicago,2746388,IL,2011,5,105.73888321679237,0
2011-06-01T00:00:00Z,248,Chicago,2746388,IL,2011,6,108.36050842051452,0
2011-07-01T00:00:00Z,288,Chicago,2746388,IL,2011,7,125.83800977866201,0
2011-08-01T00:00:00Z,226,Chicago,2746388,IL,2011,8,98.74788267353337,0
2011-09-01T00:00:00Z,182,Chicago,2746388,IL,2011,9,79.52263117957114,0
2011-10-01T00:00:00Z,243,Chicago,2746388,IL,2011,10,106.17582075074608,0
2011-11-01T00:00:00Z,133,Chicago,2746388,IL,2011,11,58.112692015840445,0
2011-12-01T00:00:00Z,171,Chicago,2746388,IL,2011,12,74.71631830608055,0
2012-01-01T00:00:00Z,162,Chicago,2746388,IL,2012,1,70.78388050049739,0
2012-02-01T00:00:00Z,108,Chicago,2746388,IL,2012,2,47.189253666998255,0
2012-03-01T00:00:00Z,227,Chicago,2746388,IL,2012,3,99.18482020748706,0
2012-04-01T00:00:00Z,188,Chicago,2746388,IL,2012,4,82.14425638329327,0
2012-05-01T00:00:00Z,225,Chicago,2746388,IL,2012,5,98.3109451395797,0
2012-06-01T00:00:00Z,250,Chicago,2746388,IL,2012,6,109.2343834884219,0
2012-07-01T00:00:00Z,286,Chicago,2746388,IL,2012,7,124.96413471075462,0
2012-08-01T00:00:00Z,288,Chicago,2746388,IL,2012,8,125.83800977866201,0
2012-09-01T00:00:00Z,217,Chicago,2746388,IL,2012,9,94.81544486795019,0
2012-10-01T00:00:00Z,210,Chicago,2746388,IL,2012,10,91.75688213027438,0
2012-11-01T00:00:00Z,197,Chicago,2746388,IL,2012,11,86.07669418887644,0
2012-12-01T00:00:00Z,164,Chicago,2746388,IL,2012,12,71.65775556840475,0
2013-01-01T00:00:00Z,165,Chicago,2746388,IL,2013,1,72.09469310235845,0
2013-02-01T00:00:00Z,80,Chicago,2746388,IL,2013,2,34.955002716295006,0
2013-03-01T00:00:00Z,113,Chicago,2746388,IL,2013,3,49.373941336766684,0
2013-04-01T00:00:00Z,141,Chicago,2746388,IL,2013,4,61.60819228746994,0
2013-05-01T00:00:00Z,158,Chicago,2746388,IL,2013,5,69.03613036468263,0
2013-06-01T00:00:00Z,217,Chicago,2746388,IL,2013,6,94.81544486795019,0
2013-07-01T00:00:00Z,231,Chicago,2746388,IL,2013,7,100.93257034330182,0
2013-08-01T00:00:00Z,244,Chicago,2746388,IL,2013,8,106.61275828469977,0
2013-09-01T00:00:00Z,181,Chicago,2746388,IL,2013,9,79.08569364561745,0
2013-10-01T00:00:00Z,133,Chicago,2746388,IL,2013,10,58.112692015840445,0
2013-11-01T00:00:00Z,116,Chicago,2746388,IL,2013,11,50.684753938627765,0
2013-12-01T00:00:00Z,155,Chicago,2746388,IL,2013,12,67.72531776282156,0
2014-01-01T00:00:00Z,92,Chicago,2746388,IL,2014,1,40.19825312373925,0
2014-02-01T00:00:00Z,61,Chicago,2746388,IL,2014,2,26.65318957117494,0
2014-03-01T00:00:00Z,114,Chicago,2746388,IL,2014,3,49.81087887072037,0
2014-04-01T00:00:00Z,205,Chicago,2746388,IL,2014,4,89.57219446050595,0
2014-05-01T00:00:00Z,224,Chicago,2746388,IL,2014,5,97.874007605626,0
2014-06-01T00:00:00Z,218,Chicago,2746388,IL,2014,6,95.25238240190389,0
2014-07-01T00:00:00Z,250,Chicago,2746388,IL,2014,7,109.2343834884219,0
2014-08-01T00:00:00Z,243,Chicago,2746388,IL,2014,8,106.17582075074608,0
2014-09-01T00:00:00Z,187,Chicago,2746388,IL,2014,9,81.70731884933957,0
2014-10-01T00:00:00Z,205,Chicago,2746388,IL,2014,10,89.57219446050595,0
2014-11-01T00:00:00Z,141,Chicago,2746388,IL,2014,11,61.60819228746994,0
2014-12-01T00:00:00Z,201,Chicago,2746388,IL,2014,12,87.8244443246912,0
2015-01-01T00:00:00Z,122,Chicago,2746388,IL,2015,1,53.30637914234988,0
2015-02-01T00:00:00Z,64,Chicago,2746388,IL,2015,2,27.964002173036,0
2015-03-01T00:00:00Z,183,Chicago,2746388,IL,2015,3,79.95956871352482,0
2015-04-01T00:00:00Z,200,Chicago,2746388,IL,2015,4,87.3875067907375,0
2015-05-01T00:00:00Z,272,Chicago,2746388,IL,2015,5,118.847009235403,0
2015-06-01T00:00:00Z,241,Chicago,2746388,IL,2015,6,105.30194568283869,0
2015-07-01T00:00:00Z,262,Chicago,2746388,IL,2015,7,114.47763389586615,0
2015-08-01T00:00:00Z,284,Chicago,2746388,IL,2015,8,124.09025964284726,0
2015-09-01T00:00:00Z,261,Chicago,2746388,IL,2015,9,114.04069636191247,0
2015-10-01T00:00:00Z,203,Chicago,2746388,IL,2015,10,88.69831939259856,0
2015-11-01T00:00:00Z,179,Chicago,2746388,IL,2015,11,78.21181857771006,0
2015-12-01T00:00:00Z,207,Chicago,2746388,IL,2015,12,90.44606952841333,0
2016-01-01T00:00:00Z,248,Chicago,2746388,IL,2016,1,108.36050842051452,0
2016-02-01T00:00:00Z,169,Chicago,2746388,IL,2016,2,73.84244323817319,0
2016-03-01T00:00:00Z,271,Chicago,2746388,IL,2016,3,118.41007170144931,0
2016-04-01T00:00:00Z,256,Chicago,2746388,IL,2016,4,111.856008692144,0
2016-05-01T00:00:00Z,323,Chicago,2746388,IL,2016,5,141.13082346704107,0
2016-06-01T00:00:00Z,365,Chicago,2746388,IL,2016,6,159.48219989309595,0
2016-07-01T00:00:00Z,370,Chicago,2746388,IL,2016,7,161.66688756286436,0
2016-08-01T00:00:00Z,393,Chicago,2746388,IL,2016,8,171.7164508437992,0
2016-09-01T00:00:00Z,307,Chicago,2746388,IL,2016,9,134.13982292378208,0
2016-10-01T00:00:00Z,359,Chicago,2746388,IL,2016,10,156.8605746893738,0
2016-11-01T00:00:00Z,321,Chicago,2746388,IL,2016,11,140.2569483991337,0
2016-12-01T00:00:00Z,241,Chicago,2746388,IL,2016,12,105.30194568283869,0
2017-01-01T00:00:00Z,235,Chicago,2746388,IL,2017,1,102.68032047911657,0
2017-02-01T00:00:00Z,170,Chicago,2746388,IL,2017,2,74.27938077212688,0
2017-03-01T00:00:00Z,169,Chicago,2746388,IL,2017,3,73.84244323817319,0
2017-04-01T00:00:00Z,248,Chicago,2746388,IL,2017,4,108.36050842051452,0
2017-05-01T00:00:00Z,263,Chicago,2746388,IL,2017,5,114.91457142981983,0
2017-06-01T00:00:00Z,310,Chicago,2746388,IL,2017,6,135.45063552564312,0
2017-07-01T00:00:00Z,334,Chicago,2746388,IL,2017,7,145.93713634053165,0
2017-08-01T00:00:00Z,269,Chicago,2746388,IL,2017,8,117.53619663354195,0
2017-09-01T00:00:00Z,259,Chicago,2746388,IL,2017,9,113.16682129400508,0
2017-10-01T00:00:00Z,234,Chicago,2746388,IL,2017,10,102.24338294516289,0
2017-11-01T00:00:00Z,171,Chicago,2746388,IL,2017,11,74.71631830608055,0
2017-12-01T00:00:00Z,168,Chicago,2746388,IL,2017,12,73.40550570421951,0
2018-01-01T00:00:00Z,166,Chicago,2746388,IL,2018,1,72.53163063631213,0
2018-02-01T00:00:00Z,131,Chicago,2746388,IL,2018,2,57.238816947933074,0
2018-03-01T00:00:00Z,143,Chicago,2746388,IL,2018,3,62.48206735537731,0
2018-04-01T00:00:00Z,182,Chicago,2746388,IL,2018,4,79.52263117957114,0
2018-05-01T00:00:00Z,259,Chicago,2746388,IL,2018,5,113.16682129400508,0
2018-06-01T00:00:00Z,269,Chicago,2746388,IL,2018,6,117.53619663354195,0
2018-07-01T00:00:00Z,271,Chicago,2746388,IL,2018,7,118.41007170144931,0
2018-08-01T00:00:00Z,266,Chicago,2746388,IL,2018,8,116.22538403168089,0
2018-09-01T00:00:00Z,221,Chicago,2746388,IL,2018,9,96.56319500376495,0
2018-10-01T00:00:00Z,217,Chicago,2746388,IL,2018,10,94.81544486795019,0
2018-11-01T00:00:00Z,150,Chicago,2746388,IL,2018,11,65.54063009305314,0
2018-12-01T00:00:00Z,204,Chicago,2746388,IL,2018,12,89.13525692655226,0
2019-01-01T00:00:00Z,105,Chicago,2746388,IL,2019,1,45.87844106513719,0
2019-02-01T00:00:00Z,115,Chicago,2746388,IL,2019,2,50.24781640467407,0
2019-03-01T00:00:00Z,140,Chicago,2746388,IL,2019,3,61.17125475351626,0
2019-04-01T00:00:00Z,198,Chicago,2746388,IL,2019,4,86.51363172283013,0
2019-05-01T00:00:00Z,203,Chicago,2746388,IL,2019,5,88.69831939259856,0
2019-06-01T00:00:00Z,246,Chicago,2746388,IL,2019,6,107.48663335260713,0
2019-07-01T00:00:00Z,238,Chicago,2746388,IL,2019,7,103.99113308097763,0
2019-08-01T00:00:00Z,217,Chicago,2746388,IL,2019,8,94.81544486795019,0
2019-09-01T00:00:00Z,212,Chicago,2746388,IL,2019,9,92.63075719818175,0
2019-10-01T00:00:00Z,197,Chicago,2746388,IL,2019,10,86.07669418887644,0
2019-11-01T00:00:00Z,159,Chicago,2746388,IL,2019,11,69.47306789863632,0
2019-12-01T00:00:00Z,170,Chicago,2746388,IL,2019,12,74.27938077212688,0
2020-01-01T00:00:00Z,145,Chicago,2746388,IL,2020,1,63.35594242328469,0
2020-02-01T00:00:00Z,137,Chicago,2746388,IL,2020,2,59.86044215165519,0
2020-03-01T00:00:00Z,151,Chicago,2746388,IL,2020,3,65.97756762700682,0
2020-04-01T00:00:00Z,210,Chicago,2746388,IL,2020,4,91.75688213027438,0
2020-05-01T00:00:00Z,341,Chicago,2746388,IL,2020,5,148.99569907820745,0
2020-06-01T00:00:00Z,423,Chicago,2746388,IL,2020,6,184.82457686240983,0
2020-07-01T00:00:00Z,414,Chicago,2746388,IL,2020,7,180.89213905682666,0
2020-08-01T00:00:00Z,384,Chicago,2746388,IL,2020,8,167.78401303821602,0
2020-09-01T00:00:00Z,318,Chicago,2746388,IL,2020,9,138.94613579727263,0
2020-10-01T00:00:00Z,304,Chicago,2746388,IL,2020,10,132.829010321921,0
2020-11-01T00:00:00Z,273,Chicago,2746388,IL,2020,11,119.2839467693567,0
2020-12-01T00:00:00Z,232,Chicago,2746388,IL,2020,12,101.36950787725553,0
2021-01-01T00:00:00Z,203,Chicago,2746388,IL,2021,1,88.69831939259856,0
2021-02-01T00:00:00Z,153,Chicago,2746388,IL,2021,2,66.8514426949142,0
2021-03-01T00:00:00Z,234,Chicago,2746388,IL,2021,3,102.24338294516289,0
2021-04-01T00:00:00Z,253,Chicago,2746388,IL,2021,4,110.54519609028294,0
2021-05-01T00:00:00Z,326,Chicago,2746388,IL,2021,5,142.44163606890214,0
2021-06-01T00:00:00Z,364,Chicago,2746388,IL,2021,6,159.04526235914227,0
2021-07-01T00:00:00Z,464,Chicago,2746388,IL,2021,7,202.73901575451106,0
2021-08-01T00:00:00Z,373,Chicago,2746388,IL,2021,8,162.97770016472543,0
2021-09-01T00:00:00Z,393,Chicago,2746388,IL,2021,9,171.7164508437992,0
2021-10-01T00:00:00Z,310,Chicago,2746388,IL,2021,10,135.45063552564312,0
2021-11-01T00:00:00Z,272,Chicago,2746388,IL,2021,11,118.847009235403,0
2021-12-01T00:00:00Z,258,Chicago,2746388,IL,2021,12,112.72988376005137,0
2022-01-01T00:00:00Z,188,Chicago,2746388,IL,2022,1,82.14425638329327,0
2022-02-01T00:00:00Z,150,Chicago,2746388,IL,2022,2,65.54063009305314,0
2022-03-01T00:00:00Z,187,Chicago,2746388,IL,2022,3,81.70731884933957,0
2022-04-01T00:00:00Z,211,Chicago,2746388,IL,2022,4,92.19381966422807,0
2022-05-01T00:00:00Z,261,Chicago,2746388,IL,2022,5,114.04069636191247,0
2022-06-01T00:00:00Z,286,Chicago,2746388,IL,2022,6,124.96413471075462,0
2022-07-01T00:00:00Z,343,Chicago,2746388,IL,2022,7,149.86957414611481,0
2022-08-01T00:00:00Z,311,Chicago,2746388,IL,2022,8,135.88757305959683,0
2022-09-01T00:00:00Z,304,Chicago,2746388,IL,2022,9,132.829010321921,0
2022-10-01T00:00:00Z,255,Chicago,2746388,IL,2022,10,111.41907115819032,0
2022-11-01T00:00:00Z,210,Chicago,2746388,IL,2022,11,91.75688213027438,0
2022-12-01T00:00:00Z,195,Chicago,2746388,IL,2022,12,85.20281912096905,0
2023-01-01T00:00:00Z,169,Chicago,2746388,IL,2023,1,73.84244323817319,0
2023-02-01T00:00:00Z,137,Chicago,2746388,IL,2023,2,59.86044215165519,0
2023-03-01T00:00:00Z,142,Chicago,2746388,IL,2023,3,62.04512982142363,0
2023-04-01T00:00:00Z,206,Chicago,2746388,IL,2023,4,90.00913199445964,0
2023-05-01T00:00:00Z,273,Chicago,2746388,IL,2023,5,119.2839467693567,0
2023-06-01T00:00:00Z,276,Chicago,2746388,IL,2023,6,120.59475937121775,0
2023-07-01T00:00:00Z,280,Chicago,2746388,IL,2023,7,122.34250950703252,0
2023-08-01T00:00:00Z,235,Chicago,2746388,IL,2023,8,102.68032047911657,0
2023-09-01T00:00:00Z,244,Chicago,2746388,IL,2023,9,106.61275828469977,0
2023-10-01T00:00:00Z,207,Chicago,2746388,IL,2023,10,90.44606952841333,0
2023-11-01T00:00:00Z,185,Chicago,2746388,IL,2023,11,80.83344378143218,0
2023-12-01T00:00:00Z,162,Chicago,2746388,IL,2023,12,70.78388050049739,0
2024-01-01T00:00:00Z,132,Chicago,2746388,IL,2024,1,57.675754481886756,0
2024-02-01T00:00:00Z,130,Chicago,2746388,IL,2024,2,56.80187941397938,0
2024-03-01T00:00:00Z,167,Chicago,2746388,IL,2024,3,72.96856817026583,0
2024-04-01T00:00:00Z,178,Chicago,2746388,IL,2024,4,77.77488104375638,0
2024-05-01T00:00:00Z,235,Chicago,2746388,IL,2024,5,102.68032047911657,0
2024-06-01T00:00:00Z,294,Chicago,2746388,IL,2024,6,128.45963498238413,0
2024-07-01T00:00:00Z,256,Chicago,2746388,IL,2024,7,111.856008692144,0
2024-08-01T00:00:00Z,235,Chicago,2746388,IL,2024,8,102.68032047911657,0
2024-09-01T00:00:00Z,226,Chicago,2746388,IL,2024,9,98.74788267353337,0
2024-10-01T00:00:00Z,207,Chicago,2746388,IL,2024,10,90.44606952841333,0
2024-11-01T00:00:00Z,149,Chicago,2746388,IL,2024,11,65.10369255909944,0
2024-12-01T00:00:00Z,135,Chicago,2746388,IL,2024,12,58.986567083747815,0
2025-01-01T00:00:00Z,116,Chicago,2746388,IL,2025,1,50.684753938627765,0
2025-02-01T00:00:00Z,78,Chicago,2746388,IL,2025,2,34.08112764838763,0
2025-03-01T00:00:00Z,110,Chicago,2746388,IL,2025,3,48.06312873490563,0
2025-04-01T00:00:00Z,114,Chicago,2746388,IL,2025,4,49.81087887072037,0
2025-05-01T00:00:00Z,134,Chicago,2746388,IL,2025,5,58.54962954979413,0
2025-06-01T00:00:00Z,148,Chicago,2746388,IL,2025,6,64.66675502514576,0
2025-07-01T00:00:00Z,188,Chicago,2746388,IL,2025,7,82.14425638329327,0
2025-08-01T00:00:00Z,181,Chicago,2746388,IL,2025,8,79.08569364561745,0
2025-09-01T00:00:00Z,149,Chicago,2746388,IL,2025,9,65.10369255909944,0
2025-10-01T00:00:00Z,116,Chicago,2746388,IL,2025,10,50.684753938627765,0
2025-11-01T00:00:00Z,113,Chicago,2746388,IL,2025,11,49.373941336766684,0
2025-12-01T00:00:00Z,90,Chicago,2746388,IL,2025,12,39.32437805583188,0
2026-01-01T00:00:00Z,104,Chicago,2746388,IL,2026,1,45.4415035311835,0
2026-02-01T00:00:00Z,49,Chicago,2746388,IL,2026,2,21.409939163730687,0
2023-01-01T00:00:00Z,20,Cincinnati,309317,OH,2023,1,77.59030379836867,0
2023-02-01T00:00:00Z,30,Cincinnati,309317,OH,2023,2,116.385455697553,0
2023-03-01T00:00:00Z,10,Cincinnati,309317,OH,2023,3,38.79515189918433,0
2023-04-01T00:00:00Z,31,Cincinnati,309317,OH,2023,4,120.26497088747143,0
2023-05-01T00:00:00Z,40,Cincinnati,309317,OH,2023,5,155.18060759673733,0
2023-06-01T00:00:00Z,50,Cincinnati,309317,OH,2023,6,193.97575949592164,0
2023-07-01T00:00:00Z,39,Cincinnati,309317,OH,2023,7,151.3010924068189,0
2023-08-01T00:00:00Z,41,Cincinnati,309317,OH,2023,8,159.06012278665577,0
2023-09-01T00:00:00Z,34,Cincinnati,309317,OH,2023,9,131.90351645722674,0
2023-10-01T00:00:00Z,37,Cincinnati,309317,OH,2023,10,143.54206202698202,0
2023-11-01T00:00:00Z,24,Cincinnati,309317,OH,2023,11,93.1083645580424,0
2023-12-01T00:00:00Z,23,Cincinnati,309317,OH,2023,12,89.22884936812397,0
2024-01-01T00:00:00Z,16,Cincinnati,309317,OH,2024,1,62.072243038694936,0
2024-02-01T00:00:00Z,26,Cincinnati,309317,OH,2024,2,100.86739493787925,0
2024-03-01T00:00:00Z,23,Cincinnati,309317,OH,2024,3,89.22884936812397,0
2024-04-01T00:00:00Z,22,Cincinnati,309317,OH,2024,4,85.34933417820554,0
2024-05-01T00:00:00Z,34,Cincinnati,309317,OH,2024,5,131.90351645722674,0
2024-06-01T00:00:00Z,45,Cincinnati,309317,OH,2024,6,174.57818354632948,0
2024-07-01T00:00:00Z,44,Cincinnati,309317,OH,2024,7,170.69866835641108,0
2024-08-01T00:00:00Z,34,Cincinnati,309317,OH,2024,8,131.90351645722674,0
2024-09-01T00:00:00Z,28,Cincinnati,309317,OH,2024,9,108.62642531771613,0
2024-10-01T00:00:00Z,44,Cincinnati,309317,OH,2024,10,170.69866835641108,0
2024-11-01T00:00:00Z,20,Cincinnati,309317,OH,2024,11,77.59030379836867,0
2024-12-01T00:00:00Z,19,Cincinnati,309317,OH,2024,12,73.71078860845023,0
2025-01-01T00:00:00Z,15,Cincinnati,309317,OH,2025,1,58.1927278487765,0
2025-02-01T00:00:00Z,17,Cincinnati,309317,OH,2025,2,65.95175822861337,0
2025-03-01T00:00:00Z,15,Cincinnati,309317,OH,2025,3,58.1927278487765,0
2025-04-01T00:00:00Z,20,Cincinnati,309317,OH,2025,4,77.59030379836867,0
2025-05-01T00:00:00Z,22,Cincinnati,309317,OH,2025,5,85.34933417820554,0
2025-06-01T00:00:00Z,39,Cincinnati,309317,OH,2025,6,151.3010924068189,0
2025-07-01T00:00:00Z,36,Cincinnati,309317,OH,2025,7,139.6625468370636,0
2025-08-01T00:00:00Z,26,Cincinnati,309317,OH,2025,8,100.86739493787925,0
2025-09-01T00:00:00Z,19,Cincinnati,309317,OH,2025,9,73.71078860845023,0
2025-10-01T00:00:00Z,26,Cincinnati,309317,OH,2025,10,100.86739493787925,0
2025-11-01T00:00:00Z,25,Cincinnati,309317,OH,2025,11,96.98787974796082,0
2025-12-01T00:00:00Z,26,Cincinnati,309317,OH,2025,12,100.86739493787925,0
2026-01-01T00:00:00Z,15,Cincinnati,309317,OH,2026,1,58.1927278487765,0
2026-02-01T00:00:00Z,16,Cincinnati,309317,OH,2026,2,62.072243038694936,0
2015-01-01T00:00:00Z,64,Philadelphia,1603797,PA,2015,1,47.88635968267805,0
2015-02-01T00:00:00Z,43,Philadelphia,1603797,PA,2015,2,32.173647911799314,0
2015-03-01T00:00:00Z,63,Philadelphia,1603797,PA,2015,3,47.1381353126362,0
2015-04-01T00:00:00Z,59,Philadelphia,1603797,PA,2015,4,44.14523783246882,0
2015-05-01T00:00:00Z,97,Philadelphia,1603797,PA,2015,5,72.5777638940589,0
2015-06-01T00:00:00Z,84,Philadelphia,1603797,PA,2015,6,62.850847083514935,0
2015-07-01T00:00:00Z,114,Philadelphia,1603797,PA,2015,7,85.29757818477027,0
2015-08-01T00:00:00Z,119,Philadelphia,1603797,PA,2015,8,89.0387000349795,0
2015-09-01T00:00:00Z,90,Philadelphia,1603797,PA,2015,9,67.340193303766,0
2015-10-01T00:00:00Z,77,Philadelphia,1603797,PA,2015,10,57.61327649322203,0
2015-11-01T00:00:00Z,83,Philadelphia,1603797,PA,2015,11,62.10262271347308,0
2015-12-01T00:00:00Z,86,Philadelphia,1603797,PA,2015,12,64.34729582359863,0
2016-01-01T00:00:00Z,78,Philadelphia,1603797,PA,2016,1,58.36150086326387,0
2016-02-01T00:00:00Z,68,Philadelphia,1603797,PA,2016,2,50.87925716284542,0
2016-03-01T00:00:00Z,77,Philadelphia,1603797,PA,2016,3,57.61327649322203,0
2016-04-01T00:00:00Z,80,Philadelphia,1603797,PA,2016,4,59.857949603347556,0
2016-05-01T00:00:00Z,77,Philadelphia,1603797,PA,2016,5,57.61327649322203,0
2016-06-01T00:00:00Z,77,Philadelphia,1603797,PA,2016,6,57.61327649322203,0
2016-07-01T00:00:00Z,108,Philadelphia,1603797,PA,2016,7,80.8082319645192,0
2016-08-01T00:00:00Z,107,Philadelphia,1603797,PA,2016,8,80.06000759447736,0
2016-09-01T00:00:00Z,85,Philadelphia,1603797,PA,2016,9,63.599071453556775,0
2016-10-01T00:00:00Z,85,Philadelphia,1603797,PA,2016,10,63.599071453556775,0
2016-11-01T00:00:00Z,89,Philadelphia,1603797,PA,2016,11,66.59196893372416,0
2016-12-01T00:00:00Z,78,Philadelphia,1603797,PA,2016,12,58.36150086326387,0
2017-01-01T00:00:00Z,79,Philadelphia,1603797,PA,2017,1,59.10972523330571,0
2017-02-01T00:00:00Z,63,Philadelphia,1603797,PA,2017,2,47.1381353126362,0
2017-03-01T00:00:00Z,75,Philadelphia,1603797,PA,2017,3,56.116827753138324,0
2017-04-01T00:00:00Z,82,Philadelphia,1603797,PA,2017,4,61.35439834343124,0
2017-05-01T00:00:00Z,79,Philadelphia,1603797,PA,2017,5,59.10972523330571,0
2017-06-01T00:00:00Z,95,Philadelphia,1603797,PA,2017,6,71.08131515397523,0
2017-07-01T00:00:00Z,88,Philadelphia,1603797,PA,2017,7,65.84374456368232,0
2017-08-01T00:00:00Z,85,Philadelphia,1603797,PA,2017,8,63.599071453556775,0
2017-09-01T00:00:00Z,91,Philadelphia,1603797,PA,2017,9,68.08841767380784,0
2017-10-01T00:00:00Z,84,Philadelphia,1603797,PA,2017,10,62.850847083514935,0
2017-11-01T00:00:00Z,76,Philadelphia,1603797,PA,2017,11,56.86505212318018,0
2017-12-01T00:00:00Z,80,Philadelphia,1603797,PA,2017,12,59.857949603347556,0
2018-01-01T00:00:00Z,74,Philadelphia,1603797,PA,2018,1,55.368603383096485,0
2018-02-01T00:00:00Z,75,Philadelphia,1603797,PA,2018,2,56.116827753138324,0
2018-03-01T00:00:00Z,63,Philadelphia,1603797,PA,2018,3,47.1381353126362,0
2018-04-01T00:00:00Z,80,Philadelphia,1603797,PA,2018,4,59.857949603347556,0
2018-05-01T00:00:00Z,108,Philadelphia,1603797,PA,2018,5,80.8082319645192,0
2018-06-01T00:00:00Z,92,Philadelphia,1603797,PA,2018,6,68.83664204384968,0
2018-07-01T00:00:00Z,81,Philadelphia,1603797,PA,2018,7,60.6061739733894,0
2018-08-01T00:00:00Z,100,Philadelphia,1603797,PA,2018,8,74.82243700418445,0
2018-09-01T00:00:00Z,92,Philadelphia,1603797,PA,2018,9,68.83664204384968,0
2018-10-01T00:00:00Z,98,Philadelphia,1603797,PA,2018,10,73.32598826410076,0
2018-11-01T00:00:00Z,91,Philadelphia,1603797,PA,2018,11,68.08841767380784,0
2018-12-01T00:00:00Z,93,Philadelphia,1603797,PA,2018,12,69.58486641389153,0
2019-01-01T00:00:00Z,65,Philadelphia,1603797,PA,2019,1,48.63458405271989,0
2019-02-01T00:00:00Z,69,Philadelphia,1603797,PA,2019,2,51.62748153288727,0
2019-03-01T00:00:00Z,101,Philadelphia,1603797,PA,2019,3,75.57066137422628,0
2019-04-01T00:00:00Z,91,Philadelphia,1603797,PA,2019,4,68.08841767380784,0
2019-05-01T00:00:00Z,82,Philadelphia,1603797,PA,2019,5,61.35439834343124,0
2019-06-01T00:00:00Z,103,Philadelphia,1603797,PA,2019,6,77.06711011430998,0
2019-07-01T00:00:00Z,88,Philadelphia,1603797,PA,2019,7,65.84374456368232,0
2019-08-01T00:00:00Z,104,Philadelphia,1603797,PA,2019,8,77.81533448435182,0
2019-09-01T00:00:00Z,98,Philadelphia,1603797,PA,2019,9,73.32598826410076,0
2019-10-01T00:00:00Z,98,Philadelphia,1603797,PA,2019,10,73.32598826410076,0
2019-11-01T00:00:00Z,94,Philadelphia,1603797,PA,2019,11,70.33309078393339,0
2019-12-01T00:00:00Z,86,Philadelphia,1603797,PA,2019,12,64.34729582359863,0
2020-01-01T00:00:00Z,82,Philadelphia,1603797,PA,2020,1,61.35439834343124,0
2020-02-01T00:00:00Z,71,Philadelphia,1603797,PA,2020,2,53.12393027297095,0
2020-03-01T00:00:00Z,106,Philadelphia,1603797,PA,2020,3,79.31178322443552,0
2020-04-01T00:00:00Z,101,Philadelphia,1603797,PA,2020,4,75.57066137422628,0
2020-05-01T00:00:00Z,127,Philadelphia,1603797,PA,2020,5,95.02449499531426,0
2020-06-01T00:00:00Z,126,Philadelphia,1603797,PA,2020,6,94.2762706252724,0
2020-07-01T00:00:00Z,143,Philadelphia,1603797,PA,2020,7,106.99608491598376,0
2020-08-01T00:00:00Z,176,Philadelphia,1603797,PA,2020,8,131.68748912736464,0
2020-09-01T00:00:00Z,143,Philadelphia,1603797,PA,2020,9,106.99608491598376,0
2020-10-01T00:00:00Z,163,Philadelphia,1603797,PA,2020,10,121.96057231682063,0
2020-11-01T00:00:00Z,150,Philadelphia,1603797,PA,2020,11,112.23365550627665,0
2020-12-01T00:00:00Z,139,Philadelphia,1603797,PA,2020,12,104.00318743581639,0
2021-01-01T00:00:00Z,139,Philadelphia,1603797,PA,2021,1,104.00318743581639,0
2021-02-01T00:00:00Z,85,Philadelphia,1603797,PA,2021,2,63.599071453556775,0
2021-03-01T00:00:00Z,113,Philadelphia,1603797,PA,2021,3,84.54935381472842,0
2021-04-01T00:00:00Z,117,Philadelphia,1603797,PA,2021,4,87.54225129489579,0
2021-05-01T00:00:00Z,123,Philadelphia,1603797,PA,2021,5,92.03159751514687,0
2021-06-01T00:00:00Z,151,Philadelphia,1603797,PA,2021,6,112.98187987631852,0
2021-07-01T00:00:00Z,153,Philadelphia,1603797,PA,2021,7,114.4783286164022,0
2021-08-01T00:00:00Z,130,Philadelphia,1603797,PA,2021,8,97.26916810543977,0
2021-09-01T00:00:00Z,144,Philadelphia,1603797,PA,2021,9,107.7443092860256,0
2021-10-01T00:00:00Z,128,Philadelphia,1603797,PA,2021,10,95.7727193653561,0
2021-11-01T00:00:00Z,126,Philadelphia,1603797,PA,2021,11,94.2762706252724,0
2021-12-01T00:00:00Z,130,Philadelphia,1603797,PA,2021,12,97.26916810543977,0
2022-01-01T00:00:00Z,126,Philadelphia,1603797,PA,2022,1,94.2762706252724,0
2022-02-01T00:00:00Z,116,Philadelphia,1603797,PA,2022,2,86.79402692485395,0
2022-03-01T00:00:00Z,114,Philadelphia,1603797,PA,2022,3,85.29757818477027,0
2022-04-01T00:00:00Z,128,Philadelphia,1603797,PA,2022,4,95.7727193653561,0
2022-05-01T00:00:00Z,138,Philadelphia,1603797,PA,2022,5,103.25496306577455,0
2022-06-01T00:00:00Z,154,Philadelphia,1603797,PA,2022,6,115.22655298644406,0
2022-07-01T00:00:00Z,136,Philadelphia,1603797,PA,2022,7,101.75851432569084,0
2022-08-01T00:00:00Z,140,Philadelphia,1603797,PA,2022,8,104.75141180585823,0
2022-09-01T00:00:00Z,124,Philadelphia,1603797,PA,2022,9,92.77982188518871,0
2022-10-01T00:00:00Z,132,Philadelphia,1603797,PA,2022,10,98.76561684552345,0
2022-11-01T00:00:00Z,103,Philadelphia,1603797,PA,2022,11,77.06711011430998,0
2022-12-01T00:00:00Z,95,Philadelphia,1603797,PA,2022,12,71.08131515397523,0
2023-01-01T00:00:00Z,92,Philadelphia,1603797,PA,2023,1,68.83664204384968,0
2023-02-01T00:00:00Z,91,Philadelphia,1603797,PA,2023,2,68.08841767380784,0
2023-03-01T00:00:00Z,114,Philadelphia,1603797,PA,2023,3,85.29757818477027,0
2023-04-01T00:00:00Z,108,Philadelphia,1603797,PA,2023,4,80.8082319645192,0
2023-05-01T00:00:00Z,123,Philadelphia,1603797,PA,2023,5,92.03159751514687,0
2023-06-01T00:00:00Z,114,Philadelphia,1603797,PA,2023,6,85.29757818477027,0
2023-07-01T00:00:00Z,103,Philadelphia,1603797,PA,2023,7,77.06711011430998,0
2023-08-01T00:00:00Z,109,Philadelphia,1603797,PA,2023,8,81.55645633456103,0
2023-09-01T00:00:00Z,93,Philadelphia,1603797,PA,2023,9,69.58486641389153,0
2023-10-01T00:00:00Z,96,Philadelphia,1603797,PA,2023,10,71.82953952401706,0
2023-11-01T00:00:00Z,73,Philadelphia,1603797,PA,2023,11,54.620379013054645,0
2023-12-01T00:00:00Z,67,Philadelphia,1603797,PA,2023,12,50.13103279280358,0
2024-01-01T00:00:00Z,68,Philadelphia,1603797,PA,2024,1,50.87925716284542,0
2024-02-01T00:00:00Z,69,Philadelphia,1603797,PA,2024,2,51.62748153288727,0
2024-03-01T00:00:00Z,51,Philadelphia,1603797,PA,2024,3,38.159442872134065,0
2024-04-01T00:00:00Z,72,Philadelphia,1603797,PA,2024,4,53.8721546430128,0
2024-05-01T00:00:00Z,76,Philadelphia,1603797,PA,2024,5,56.86505212318018,0
2024-06-01T00:00:00Z,84,Philadelphia,1603797,PA,2024,6,62.850847083514935,0
2024-07-01T00:00:00Z,82,Philadelphia,1603797,PA,2024,7,61.35439834343124,0
2024-08-01T00:00:00Z,68,Philadelphia,1603797,PA,2024,8,50.87925716284542,0
2024-09-01T00:00:00Z,69,Philadelphia,1603797,PA,2024,9,51.62748153288727,0
2024-10-01T00:00:00Z,63,Philadelphia,1603797,PA,2024,10,47.1381353126362,0
2024-11-01T00:00:00Z,71,Philadelphia,1603797,PA,2024,11,53.12393027297095,0
2024-12-01T00:00:00Z,56,Philadelphia,1603797,PA,2024,12,41.90056472234329,0
2025-01-01T00:00:00Z,59,Philadelphia,1603797,PA,2025,1,44.14523783246882,0
2025-02-01T00:00:00Z,64,Philadelphia,1603797,PA,2025,2,47.88635968267805,0
2025-03-01T00:00:00Z,53,Philadelphia,1603797,PA,2025,3,39.65589161221776,0
2025-04-01T00:00:00Z,59,Philadelphia,1603797,PA,2025,4,44.14523783246882,0
2025-05-01T00:00:00Z,85,Philadelphia,1603797,PA,2025,5,63.599071453556775,0
2025-06-01T00:00:00Z,69,Philadelphia,1603797,PA,2025,6,51.62748153288727,0
2025-07-01T00:00:00Z,70,Philadelphia,1603797,PA,2025,7,52.37570590292911,0
2025-08-01T00:00:00Z,58,Philadelphia,1603797,PA,2025,8,43.397013462426976,0
2025-09-01T00:00:00Z,49,Philadelphia,1603797,PA,2025,9,36.66299413205038,0
2025-10-01T00:00:00Z,55,Philadelphia,1603797,PA,2025,10,41.152340352301444,0
2025-11-01T00:00:00Z,54,Philadelphia,1603797,PA,2025,11,40.4041159822596,0
2025-12-01T00:00:00Z,44,Philadelphia,1603797,PA,2025,12,32.92187228184116,0
2026-01-01T00:00:00Z,27,Philadelphia,1603797,PA,2026,1,20.2020579911298,0
2026-02-01T00:00:00Z,19,Philadelphia,1603797,PA,2026,2,14.216263030795044,0
2006-03-01T00:00:00Z,11,Buffalo,278349,NY,2006,3,47.42248041128224,0
2006-04-01T00:00:00Z,27,Buffalo,278349,NY,2006,4,116.40063373678367,0
2006-05-01T00:00:00Z,27,Buffalo,278349,NY,2006,5,116.40063373678367,0
2006-06-01T00:00:00Z,29,Buffalo,278349,NY,2006,6,125.02290290247136,0
2006-07-01T00:00:00Z,30,Buffalo,278349,NY,2006,7,129.33403748531518,0
2006-08-01T00:00:00Z,29,Buffalo,278349,NY,2006,8,125.02290290247136,0
2006-09-01T00:00:00Z,21,Buffalo,278349,NY,2006,9,90.53382623972064,0
2006-10-01T00:00:00Z,20,Buffalo,278349,NY,2006,10,86.22269165687679,0
2006-11-01T00:00:00Z,12,Buffalo,278349,NY,2006,11,51.73361499412608,0
2006-12-01T00:00:00Z,11,Buffalo,278349,NY,2006,12,47.42248041128224,0
2007-01-01T00:00:00Z,13,Buffalo,278349,NY,2007,1,56.04474957696992,0
2007-02-01T00:00:00Z,5,Buffalo,278349,NY,2007,2,21.555672914219198,0
2007-03-01T00:00:00Z,19,Buffalo,278349,NY,2007,3,81.91155707403296,0
2007-04-01T00:00:00Z,11,Buffalo,278349,NY,2007,4,47.42248041128224,0
2007-05-01T00:00:00Z,13,Buffalo,278349,NY,2007,5,56.04474957696992,0
2007-06-01T00:00:00Z,19,Buffalo,278349,NY,2007,6,81.91155707403296,0
2007-07-01T00:00:00Z,18,Buffalo,278349,NY,2007,7,77.60042249118912,0
2007-08-01T00:00:00Z,19,Buffalo,278349,NY,2007,8,81.91155707403296,0
2007-09-01T00:00:00Z,12,Buffalo,278349,NY,2007,9,51.73361499412608,0
2007-10-01T00:00:00Z,25,Buffalo,278349,NY,2007,10,107.77836457109598,0
2007-11-01T00:00:00Z,9,Buffalo,278349,NY,2007,11,38.80021124559456,0
2007-12-01T00:00:00Z,17,Buffalo,278349,NY,2007,12,73.28928790834527,0
2008-01-01T00:00:00Z,16,Buffalo,278349,NY,2008,1,68.97815332550144,0
2008-02-01T00:00:00Z,11,Buffalo,278349,NY,2008,2,47.42248041128224,0
2008-03-01T00:00:00Z,13,Buffalo,278349,NY,2008,3,56.04474957696992,0
2008-04-01T00:00:00Z,11,Buffalo,278349,NY,2008,4,47.42248041128224,0
2008-05-01T00:00:00Z,20,Buffalo,278349,NY,2008,5,86.22269165687679,0
2008-06-01T00:00:00Z,25,Buffalo,278349,NY,2008,6,107.77836457109598,0
2008-07-01T00:00:00Z,28,Buffalo,278349,NY,2008,7,120.71176831962751,0
2008-08-01T00:00:00Z,29,Buffalo,278349,NY,2008,8,125.02290290247136,0
2008-09-01T00:00:00Z,12,Buffalo,278349,NY,2008,9,51.73361499412608,0
2008-10-01T00:00:00Z,16,Buffalo,278349,NY,2008,10,68.97815332550144,0
2008-11-01T00:00:00Z,22,Buffalo,278349,NY,2008,11,94.84496082256447,0
2008-12-01T00:00:00Z,17,Buffalo,278349,NY,2008,12,73.28928790834527,0
2009-01-01T00:00:00Z,15,Buffalo,278349,NY,2009,1,64.66701874265759,0
2009-02-01T00:00:00Z,8,Buffalo,278349,NY,2009,2,34.48907666275072,0
2009-03-01T00:00:00Z,15,Buffalo,278349,NY,2009,3,64.66701874265759,0
2009-04-01T00:00:00Z,24,Buffalo,278349,NY,2009,4,103.46722998825216,0
2009-05-01T00:00:00Z,21,Buffalo,278349,NY,2009,5,90.53382623972064,0
2009-06-01T00:00:00Z,22,Buffalo,278349,NY,2009,6,94.84496082256447,0
2009-07-01T00:00:00Z,30,Buffalo,278349,NY,2009,7,129.33403748531518,0
2009-08-01T00:00:00Z,40,Buffalo,278349,NY,2009,8,172.44538331375358,0
2009-09-01T00:00:00Z,19,Buffalo,278349,NY,2009,9,81.91155707403296,0
2009-10-01T00:00:00Z,22,Buffalo,278349,NY,2009,10,94.84496082256447,0
2009-11-01T00:00:00Z,20,Buffalo,278349,NY,2009,11,86.22269165687679,0
2009-12-01T00:00:00Z,25,Buffalo,278349,NY,2009,12,107.77836457109598,0
2010-01-01T00:00:00Z,20,Buffalo,278349,NY,2010,1,86.22269165687679,0
2010-02-01T00:00:00Z,6,Buffalo,278349,NY,2010,2,25.86680749706304,0
2010-03-01T00:00:00Z,16,Buffalo,278349,NY,2010,3,68.97815332550144,0
2010-04-01T00:00:00Z,17,Buffalo,278349,NY,2010,4,73.28928790834527,0
2010-05-01T00:00:00Z,17,Buffalo,278349,NY,2010,5,73.28928790834527,0
2010-06-01T00:00:00Z,27,Buffalo,278349,NY,2010,6,116.40063373678367,0
2010-07-01T00:00:00Z,24,Buffalo,278349,NY,2010,7,103.46722998825216,0
2010-08-01T00:00:00Z,23,Buffalo,278349,NY,2010,8,99.15609540540831,0
2010-09-01T00:00:00Z,19,Buffalo,278349,NY,2010,9,81.91155707403296,0
2010-10-01T00:00:00Z,20,Buffalo,278349,NY,2010,10,86.22269165687679,0
2010-11-01T00:00:00Z,18,Buffalo,278349,NY,2010,11,77.60042249118912,0
2010-12-01T00:00:00Z,13,Buffalo,278349,NY,2010,12,56.04474957696992,0
2011-01-01T00:00:00Z,8,Buffalo,278349,NY,2011,1,34.48907666275072,0
2011-02-01T00:00:00Z,7,Buffalo,278349,NY,2011,2,30.177942079906877,0
2011-03-01T00:00:00Z,15,Buffalo,278349,NY,2011,3,64.66701874265759,0
2011-04-01T00:00:00Z,14,Buffalo,278349,NY,2011,4,60.355884159813755,0
2011-05-01T00:00:00Z,21,Buffalo,278349,NY,2011,5,90.53382623972064,0
2011-06-01T00:00:00Z,23,Buffalo,278349,NY,2011,6,99.15609540540831,0
2011-07-01T00:00:00Z,33,Buffalo,278349,NY,2011,7,142.2674412338467,0
2011-08-01T00:00:00Z,11,Buffalo,278349,NY,2011,8,47.42248041128224,0
2011-09-01T00:00:00Z,30,Buffalo,278349,NY,2011,9,129.33403748531518,0
2011-10-01T00:00:00Z,20,Buffalo,278349,NY,2011,10,86.22269165687679,0
2011-11-01T00:00:00Z,25,Buffalo,278349,NY,2011,11,107.77836457109598,0
2011-12-01T00:00:00Z,22,Buffalo,278349,NY,2011,12,94.84496082256447,0
2012-01-01T00:00:00Z,27,Buffalo,278349,NY,2012,1,116.40063373678367,0
2012-02-01T00:00:00Z,13,Buffalo,278349,NY,2012,2,56.04474957696992,0
2012-03-01T00:00:00Z,18,Buffalo,278349,NY,2012,3,77.60042249118912,0
2012-04-01T00:00:00Z,11,Buffalo,278349,NY,2012,4,47.42248041128224,0
2012-05-01T00:00:00Z,29,Buffalo,278349,NY,2012,5,125.02290290247136,0
2012-06-01T00:00:00Z,19,Buffalo,278349,NY,2012,6,81.91155707403296,0
2012-07-01T00:00:00Z,19,Buffalo,278349,NY,2012,7,81.91155707403296,0
2012-08-01T00:00:00Z,21,Buffalo,278349,NY,2012,8,90.53382623972064,0
2012-09-01T00:00:00Z,19,Buffalo,278349,NY,2012,9,81.91155707403296,0
2012-10-01T00:00:00Z,15,Buffalo,278349,NY,2012,10,64.66701874265759,0
2012-11-01T00:00:00Z,15,Buffalo,278349,NY,2012,11,64.66701874265759,0
2012-12-01T00:00:00Z,11,Buffalo,278349,NY,2012,12,47.42248041128224,0
2013-01-01T00:00:00Z,14,Buffalo,278349,NY,2013,1,60.355884159813755,0
2013-02-01T00:00:00Z,9,Buffalo,278349,NY,2013,2,38.80021124559456,0
2013-03-01T00:00:00Z,12,Buffalo,278349,NY,2013,3,51.73361499412608,0
2013-04-01T00:00:00Z,12,Buffalo,278349,NY,2013,4,51.73361499412608,0
2013-05-01T00:00:00Z,9,Buffalo,278349,NY,2013,5,38.80021124559456,0
2013-06-01T00:00:00Z,11,Buffalo,278349,NY,2013,6,47.42248041128224,0
2013-07-01T00:00:00Z,16,Buffalo,278349,NY,2013,7,68.97815332550144,0
2013-08-01T00:00:00Z,22,Buffalo,278349,NY,2013,8,94.84496082256447,0
2013-09-01T00:00:00Z,14,Buffalo,278349,NY,2013,9,60.355884159813755,0
2013-10-01T00:00:00Z,17,Buffalo,278349,NY,2013,10,73.28928790834527,0
2013-11-01T00:00:00Z,14,Buffalo,278349,NY,2013,11,60.355884159813755,0
2013-12-01T00:00:00Z,21,Buffalo,278349,NY,2013,12,90.53382623972064,0
2014-01-01T00:00:00Z,8,Buffalo,278349,NY,2014,1,34.48907666275072,0
2014-02-01T00:00:00Z,11,Buffalo,278349,NY,2014,2,47.42248041128224,0
2014-03-01T00:00:00Z,5,Buffalo,278349,NY,2014,3,21.555672914219198,0
2014-04-01T00:00:00Z,12,Buffalo,278349,NY,2014,4,51.73361499412608,0
2014-05-01T00:00:00Z,25,Buffalo,278349,NY,2014,5,107.77836457109598,0
2014-06-01T00:00:00Z,26,Buffalo,278349,NY,2014,6,112.08949915393984,0
2014-07-01T00:00:00Z,24,Buffalo,278349,NY,2014,7,103.46722998825216,0
2014-08-01T00:00:00Z,18,Buffalo,278349,NY,2014,8,77.60042249118912,0
2014-09-01T00:00:00Z,14,Buffalo,278349,NY,2014,9,60.355884159813755,0
2014-10-01T00:00:00Z,21,Buffalo,278349,NY,2014,10,90.53382623972064,0
2014-11-01T00:00:00Z,12,Buffalo,278349,NY,2014,11,51.73361499412608,0
2014-12-01T00:00:00Z,29,Buffalo,278349,NY,2014,12,125.02290290247136,0
2015-01-01T00:00:00Z,10,Buffalo,278349,NY,2015,1,43.111345828438395,0
2015-02-01T00:00:00Z,4,Buffalo,278349,NY,2015,2,17.24453833137536,0
2015-03-01T00:00:00Z,7,Buffalo,278349,NY,2015,3,30.177942079906877,0
2015-04-01T00:00:00Z,16,Buffalo,278349,NY,2015,4,68.97815332550144,0
2015-05-01T00:00:00Z,19,Buffalo,278349,NY,2015,5,81.91155707403296,0
2015-06-01T00:00:00Z,18,Buffalo,278349,NY,2015,6,77.60042249118912,0
2015-07-01T00:00:00Z,22,Buffalo,278349,NY,2015,7,94.84496082256447,0
2015-08-01T00:00:00Z,19,Buffalo,278349,NY,2015,8,81.91155707403296,0
2015-09-01T00:00:00Z,30,Buffalo,278349,NY,2015,9,129.33403748531518,0
2015-10-01T00:00:00Z,20,Buffalo,278349,NY,2015,10,86.22269165687679,0
2015-11-01T00:00:00Z,23,Buffalo,278349,NY,2015,11,99.15609540540831,0
2015-12-01T00:00:00Z,16,Buffalo,278349,NY,2015,12,68.97815332550144,0
2016-01-01T00:00:00Z,21,Buffalo,278349,NY,2016,1,90.53382623972064,0
2016-02-01T00:00:00Z,13,Buffalo,278349,NY,2016,2,56.04474957696992,0
2016-03-01T00:00:00Z,16,Buffalo,278349,NY,2016,3,68.97815332550144,0
2016-04-01T00:00:00Z,20,Buffalo,278349,NY,2016,4,86.22269165687679,0
2016-05-01T00:00:00Z,30,Buffalo,278349,NY,2016,5,129.33403748531518,0
2016-06-01T00:00:00Z,26,Buffalo,278349,NY,2016,6,112.08949915393984,0
2016-07-01T00:00:00Z,29,Buffalo,278349,NY,2016,7,125.02290290247136,0
2016-08-01T00:00:00Z,31,Buffalo,278349,NY,2016,8,133.64517206815904,0
2016-09-01T00:00:00Z,19,Buffalo,278349,NY,2016,9,81.91155707403296,0
2016-10-01T00:00:00Z,19,Buffalo,278349,NY,2016,10,81.91155707403296,0
2016-11-01T00:00:00Z,29,Buffalo,278349,NY,2016,11,125.02290290247136,0
2016-12-01T00:00:00Z,9,Buffalo,278349,NY,2016,12,38.80021124559456,0
2017-01-01T00:00:00Z,25,Buffalo,278349,NY,2017,1,107.77836457109598,0
2017-02-01T00:00:00Z,11,Buffalo,278349,NY,2017,2,47.42248041128224,0
2017-03-01T00:00:00Z,12,Buffalo,278349,NY,2017,3,51.73361499412608,0
2017-04-01T00:00:00Z,12,Buffalo,278349,NY,2017,4,51.73361499412608,0
2017-05-01T00:00:00Z,18,Buffalo,278349,NY,2017,5,77.60042249118912,0
2017-06-01T00:00:00Z,19,Buffalo,278349,NY,2017,6,81.91155707403296,0
2017-07-01T00:00:00Z,17,Buffalo,278349,NY,2017,7,73.28928790834527,0
2017-08-01T00:00:00Z,17,Buffalo,278349,NY,2017,8,73.28928790834527,0
2017-09-01T00:00:00Z,23,Buffalo,278349,NY,2017,9,99.15609540540831,0
2017-10-01T00:00:00Z,14,Buffalo,278349,NY,2017,10,60.355884159813755,0
2017-11-01T00:00:00Z,19,Buffalo,278349,NY,2017,11,81.91155707403296,0
2017-12-01T00:00:00Z,13,Buffalo,278349,NY,2017,12,56.04474957696992,0
2018-01-01T00:00:00Z,10,Buffalo,278349,NY,2018,1,43.111345828438395,0
2018-02-01T00:00:00Z,11,Buffalo,278349,NY,2018,2,47.42248041128224,0
2018-03-01T00:00:00Z,10,Buffalo,278349,NY,2018,3,43.111345828438395,0
2018-04-01T00:00:00Z,20,Buffalo,278349,NY,2018,4,86.22269165687679,0
2018-05-01T00:00:00Z,18,Buffalo,278349,NY,2018,5,77.60042249118912,0
2018-06-01T00:00:00Z,28,Buffalo,278349,NY,2018,6,120.71176831962751,0
2018-07-01T00:00:00Z,31,Buffalo,278349,NY,2018,7,133.64517206815904,0
2018-08-01T00:00:00Z,18,Buffalo,278349,NY,2018,8,77.60042249118912,0
2018-09-01T00:00:00Z,12,Buffalo,278349,NY,2018,9,51.73361499412608,0
2018-10-01T00:00:00Z,19,Buffalo,278349,NY,2018,10,81.91155707403296,0
2018-11-01T00:00:00Z,14,Buffalo,278349,NY,2018,11,60.355884159813755,0
2018-12-01T00:00:00Z,15,Buffalo,278349,NY,2018,12,64.66701874265759,0
2019-01-01T00:00:00Z,8,Buffalo,278349,NY,2019,1,34.48907666275072,0
2019-02-01T00:00:00Z,7,Buffalo,278349,NY,2019,2,30.177942079906877,0
2019-03-01T00:00:00Z,11,Buffalo,278349,NY,2019,3,47.42248041128224,0
2019-04-01T00:00:00Z,5,Buffalo,278349,NY,2019,4,21.555672914219198,0
2019-05-01T00:00:00Z,12,Buffalo,278349,NY,2019,5,51.73361499412608,0
2019-06-01T00:00:00Z,23,Buffalo,278349,NY,2019,6,99.15609540540831,0
2019-07-01T00:00:00Z,16,Buffalo,278349,NY,2019,7,68.97815332550144,0
2019-08-01T00:00:00Z,15,Buffalo,278349,NY,2019,8,64.66701874265759,0
2019-09-01T00:00:00Z,14,Buffalo,278349,NY,2019,9,60.355884159813755,0
2019-10-01T00:00:00Z,18,Buffalo,278349,NY,2019,10,77.60042249118912,0
2019-11-01T00:00:00Z,10,Buffalo,278349,NY,2019,11,43.111345828438395,0
2019-12-01T00:00:00Z,14,Buffalo,278349,NY,2019,12,60.355884159813755,0
2020-01-01T00:00:00Z,9,Buffalo,278349,NY,2020,1,38.80021124559456,0
2020-02-01T00:00:00Z,9,Buffalo,278349,NY,2020,2,38.80021124559456,0
2020-03-01T00:00:00Z,14,Buffalo,278349,NY,2020,3,60.355884159813755,0
2020-04-01T00:00:00Z,10,Buffalo,278349,NY,2020,4,43.111345828438395,0
2020-05-01T00:00:00Z,25,Buffalo,278349,NY,2020,5,107.77836457109598,0
2020-06-01T00:00:00Z,30,Buffalo,278349,NY,2020,6,129.33403748531518,0
2020-07-01T00:00:00Z,38,Buffalo,278349,NY,2020,7,163.8231141480659,0
2020-08-01T00:00:00Z,43,Buffalo,278349,NY,2020,8,185.3787870622851,0
2020-09-01T00:00:00Z,36,Buffalo,278349,NY,2020,9,155.20084498237824,0
2020-10-01T00:00:00Z,32,Buffalo,278349,NY,2020,10,137.95630665100288,0
2020-11-01T00:00:00Z,36,Buffalo,278349,NY,2020,11,155.20084498237824,0
2020-12-01T00:00:00Z,18,Buffalo,278349,NY,2020,12,77.60042249118912,0
2021-01-01T00:00:00Z,30,Buffalo,278349,NY,2021,1,129.33403748531518,0
2021-02-01T00:00:00Z,15,Buffalo,278349,NY,2021,2,64.66701874265759,0
2021-03-01T00:00:00Z,18,Buffalo,278349,NY,2021,3,77.60042249118912,0
2021-04-01T00:00:00Z,28,Buffalo,278349,NY,2021,4,120.71176831962751,0
2021-05-01T00:00:00Z,31,Buffalo,278349,NY,2021,5,133.64517206815904,0
2021-06-01T00:00:00Z,31,Buffalo,278349,NY,2021,6,133.64517206815904,0
2021-07-01T00:00:00Z,36,Buffalo,278349,NY,2021,7,155.20084498237824,0
2021-08-01T00:00:00Z,25,Buffalo,278349,NY,2021,8,107.77836457109598,0
2021-09-01T00:00:00Z,29,Buffalo,278349,NY,2021,9,125.02290290247136,0
2021-10-01T00:00:00Z,23,Buffalo,278349,NY,2021,10,99.15609540540831,0
2021-11-01T00:00:00Z,19,Buffalo,278349,NY,2021,11,81.91155707403296,0
2021-12-01T00:00:00Z,16,Buffalo,278349,NY,2021,12,68.97815332550144,0
2022-01-01T00:00:00Z,14,Buffalo,278349,NY,2022,1,60.355884159813755,0
2022-02-01T00:00:00Z,15,Buffalo,278349,NY,2022,2,64.66701874265759,0
2022-03-01T00:00:00Z,10,Buffalo,278349,NY,2022,3,43.111345828438395,0
2022-04-01T00:00:00Z,17,Buffalo,278349,NY,2022,4,73.28928790834527,0
2022-05-01T00:00:00Z,19,Buffalo,278349,NY,2022,5,81.91155707403296,0
2022-06-01T00:00:00Z,29,Buffalo,278349,NY,2022,6,125.02290290247136,0
2022-07-01T00:00:00Z,15,Buffalo,278349,NY,2022,7,64.66701874265759,0
2022-08-01T00:00:00Z,17,Buffalo,278349,NY,2022,8,73.28928790834527,0
2022-09-01T00:00:00Z,20,Buffalo,278349,NY,2022,9,86.22269165687679,0
2022-10-01T00:00:00Z,21,Buffalo,278349,NY,2022,10,90.53382623972064,0
2022-11-01T00:00:00Z,12,Buffalo,278349,NY,2022,11,51.73361499412608,0
2022-12-01T00:00:00Z,12,Buffalo,278349,NY,2022,12,51.73361499412608,0
2023-01-01T00:00:00Z,13,Buffalo,278349,NY,2023,1,56.04474957696992,0
2023-02-01T00:00:00Z,10,Buffalo,278349,NY,2023,2,43.111345828438395,0
2023-03-01T00:00:00Z,5,Buffalo,278349,NY,2023,3,21.555672914219198,0
2023-04-01T00:00:00Z,12,Buffalo,278349,NY,2023,4,51.73361499412608,0
2023-05-01T00:00:00Z,11,Buffalo,278349,NY,2023,5,47.42248041128224,0
2023-06-01T00:00:00Z,12,Buffalo,278349,NY,2023,6,51.73361499412608,0
2023-07-01T00:00:00Z,18,Buffalo,278349,NY,2023,7,77.60042249118912,0
2023-08-01T00:00:00Z,19,Buffalo,278349,NY,2023,8,81.91155707403296,0
2023-09-01T00:00:00Z,11,Buffalo,278349,NY,2023,9,47.42248041128224,0
2023-10-01T00:00:00Z,9,Buffalo,278349,NY,2023,10,38.80021124559456,0
2023-11-01T00:00:00Z,7,Buffalo,278349,NY,2023,11,30.177942079906877,0
2023-12-01T00:00:00Z,14,Buffalo,278349,NY,2023,12,60.355884159813755,0
2024-01-01T00:00:00Z,7,Buffalo,278349,NY,2024,1,30.177942079906877,0
2024-02-01T00:00:00Z,13,Buffalo,278349,NY,2024,2,56.04474957696992,0
2024-03-01T00:00:00Z,4,Buffalo,278349,NY,2024,3,17.24453833137536,0
2024-04-01T00:00:00Z,10,Buffalo,278349,NY,2024,4,43.111345828438395,0
2024-05-01T00:00:00Z,12,Buffalo,278349,NY,2024,5,51.73361499412608,0
2024-06-01T00:00:00Z,15,Buffalo,278349,NY,2024,6,64.66701874265759,0
2024-07-01T00:00:00Z,19,Buffalo,278349,NY,2024,7,81.91155707403296,0
2024-08-01T00:00:00Z,9,Buffalo,278349,NY,2024,8,38.80021124559456,0
2024-09-01T00:00:00Z,13,Buffalo,278349,NY,2024,9,56.04474957696992,0
2024-10-01T00:00:00Z,13,Buffalo,278349,NY,2024,10,56.04474957696992,0
2024-11-01T00:00:00Z,4,Buffalo,278349,NY,2024,11,17.24453833137536,0
2024-12-01T00:00:00Z,5,Buffalo,278349,NY,2024,12,21.555672914219198,0
2025-01-01T00:00:00Z,10,Buffalo,278349,NY,2025,1,43.111345828438395,0
2025-02-01T00:00:00Z,4,Buffalo,278349,NY,2025,2,17.24453833137536,0
2025-03-01T00:00:00Z,9,Buffalo,278349,NY,2025,3,38.80021124559456,0
2025-04-01T00:00:00Z,8,Buffalo,278349,NY,2025,4,34.48907666275072,0
2025-05-01T00:00:00Z,2,Buffalo,278349,NY,2025,5,8.62226916568768,0
2025-06-01T00:00:00Z,13,Buffalo,278349,NY,2025,6,56.04474957696992,0
2025-07-01T00:00:00Z,14,Buffalo,278349,NY,2025,7,60.355884159813755,0
2025-08-01T00:00:00Z,9,Buffalo,278349,NY,2025,8,38.80021124559456,0
2025-09-01T00:00:00Z,5,Buffalo,278349,NY,2025,9,21.555672914219198,0
2025-10-01T00:00:00Z,9,Buffalo,278349,NY,2025,10,38.80021124559456,0
2025-11-01T00:00:00Z,15,Buffalo,278349,NY,2025,11,64.66701874265759,0
2025-12-01T00:00:00Z,2,Buffalo,278349,NY,2025,12,8.62226916568768,0
2026-01-01T00:00:00Z,3,Buffalo,278349,NY,2026,1,12.93340374853152,0
2006-03-01T00:00:00Z,16,Rochester,211328,NY,2006,3,90.85402786190187,0
2006-04-01T00:00:00Z,16,Rochester,211328,NY,2006,4,90.85402786190187,0
2006-05-01T00:00:00Z,26,Rochester,211328,NY,2006,5,147.63779527559055,0
2006-06-01T00:00:00Z,27,Rochester,211328,NY,2006,6,153.31617201695943,0
2006-07-01T00:00:00Z,41,Rochester,211328,NY,2006,7,232.81344639612354,0
2006-08-01T00:00:00Z,21,Rochester,211328,NY,2006,8,119.24591156874624,0
2006-09-01T00:00:00Z,25,Rochester,211328,NY,2006,9,141.95941853422167,0
2006-10-01T00:00:00Z,24,Rochester,211328,NY,2006,10,136.28104179285282,0
2006-11-01T00:00:00Z,19,Rochester,211328,NY,2006,11,107.88915808600848,0
2006-12-01T00:00:00Z,10,Rochester,211328,NY,2006,12,56.78376741368867,0
2007-01-01T00:00:00Z,15,Rochester,211328,NY,2007,1,85.175651120533,0
2007-02-01T00:00:00Z,8,Rochester,211328,NY,2007,2,45.427013930950935,0
2007-03-01T00:00:00Z,7,Rochester,211328,NY,2007,3,39.74863718958207,0
2007-04-01T00:00:00Z,16,Rochester,211328,NY,2007,4,90.85402786190187,0
2007-05-01T00:00:00Z,13,Rochester,211328,NY,2007,5,73.81889763779527,0
2007-06-01T00:00:00Z,21,Rochester,211328,NY,2007,6,119.24591156874624,0
2007-07-01T00:00:00Z,24,Rochester,211328,NY,2007,7,136.28104179285282,0
2007-08-01T00:00:00Z,20,Rochester,211328,NY,2007,8,113.56753482737734,0
2007-09-01T00:00:00Z,19,Rochester,211328,NY,2007,9,107.88915808600848,0
2007-10-01T00:00:00Z,10,Rochester,211328,NY,2007,10,56.78376741368867,0
2007-11-01T00:00:00Z,15,Rochester,211328,NY,2007,11,85.175651120533,0
2007-12-01T00:00:00Z,8,Rochester,211328,NY,2007,12,45.427013930950935,0
2008-01-01T00:00:00Z,11,Rochester,211328,NY,2008,1,62.46214415505754,0
2008-02-01T00:00:00Z,5,Rochester,211328,NY,2008,2,28.391883706844336,0
2008-03-01T00:00:00Z,16,Rochester,211328,NY,2008,3,90.85402786190187,0
2008-04-01T00:00:00Z,12,Rochester,211328,NY,2008,4,68.14052089642641,0
2008-05-01T00:00:00Z,14,Rochester,211328,NY,2008,5,79.49727437916414,0
2008-06-01T00:00:00Z,10,Rochester,211328,NY,2008,6,56.78376741368867,0
2008-07-01T00:00:00Z,20,Rochester,211328,NY,2008,7,113.56753482737734,0
2008-08-01T00:00:00Z,14,Rochester,211328,NY,2008,8,79.49727437916414,0
2008-09-01T00:00:00Z,16,Rochester,211328,NY,2008,9,90.85402786190187,0
2008-10-01T00:00:00Z,13,Rochester,211328,NY,2008,10,73.81889763779527,0
2008-11-01T00:00:00Z,13,Rochester,211328,NY,2008,11,73.81889763779527,0
2008-12-01T00:00:00Z,13,Rochester,211328,NY,2008,12,73.81889763779527,0
2009-01-01T00:00:00Z,7,Rochester,211328,NY,2009,1,39.74863718958207,0
2009-02-01T00:00:00Z,5,Rochester,211328,NY,2009,2,28.391883706844336,0
2009-03-01T00:00:00Z,6,Rochester,211328,NY,2009,3,34.070260448213205,0
2009-04-01T00:00:00Z,8,Rochester,211328,NY,2009,4,45.427013930950935,0
2009-05-01T00:00:00Z,9,Rochester,211328,NY,2009,5,51.10539067231981,0
2009-06-01T00:00:00Z,5,Rochester,211328,NY,2009,6,28.391883706844336,0
2009-07-01T00:00:00Z,16,Rochester,211328,NY,2009,7,90.85402786190187,0
2009-08-01T00:00:00Z,22,Rochester,211328,NY,2009,8,124.92428831011507,0
2009-09-01T00:00:00Z,8,Rochester,211328,NY,2009,9,45.427013930950935,0
2009-10-01T00:00:00Z,20,Rochester,211328,NY,2009,10,113.56753482737734,0
2009-11-01T00:00:00Z,10,Rochester,211328,NY,2009,11,56.78376741368867,0
2009-12-01T00:00:00Z,10,Rochester,211328,NY,2009,12,56.78376741368867,0
2010-01-01T00:00:00Z,14,Rochester,211328,NY,2010,1,79.49727437916414,0
2010-02-01T00:00:00Z,7,Rochester,211328,NY,2010,2,39.74863718958207,0
2010-03-01T00:00:00Z,10,Rochester,211328,NY,2010,3,56.78376741368867,0
2010-04-01T00:00:00Z,12,Rochester,211328,NY,2010,4,68.14052089642641,0
2010-05-01T00:00:00Z,19,Rochester,211328,NY,2010,5,107.88915808600848,0
2010-06-01T00:00:00Z,18,Rochester,211328,NY,2010,6,102.21078134463961,0
2010-07-01T00:00:00Z,17,Rochester,211328,NY,2010,7,96.53240460327075,0
2010-08-01T00:00:00Z,23,Rochester,211328,NY,2010,8,130.60266505148394,0
2010-09-01T00:00:00Z,8,Rochester,211328,NY,2010,9,45.427013930950935,0
2010-10-01T00:00:00Z,11,Rochester,211328,NY,2010,10,62.46214415505754,0
2010-11-01T00:00:00Z,9,Rochester,211328,NY,2010,11,51.10539067231981,0
2010-12-01T00:00:00Z,7,Rochester,211328,NY,2010,12,39.74863718958207,0
2011-01-01T00:00:00Z,9,Rochester,211328,NY,2011,1,51.10539067231981,0
2011-02-01T00:00:00Z,3,Rochester,211328,NY,2011,2,17.035130224106602,0
2011-03-01T00:00:00Z,6,Rochester,211328,NY,2011,3,34.070260448213205,0
2011-04-01T00:00:00Z,6,Rochester,211328,NY,2011,4,34.070260448213205,0
2011-05-01T00:00:00Z,13,Rochester,211328,NY,2011,5,73.81889763779527,0
2011-06-01T00:00:00Z,14,Rochester,211328,NY,2011,6,79.49727437916414,0
2011-07-01T00:00:00Z,9,Rochester,211328,NY,2011,7,51.10539067231981,0
2011-08-01T00:00:00Z,15,Rochester,211328,NY,2011,8,85.175651120533,0
2011-09-01T00:00:00Z,12,Rochester,211328,NY,2011,9,68.14052089642641,0
2011-10-01T00:00:00Z,18,Rochester,211328,NY,2011,10,102.21078134463961,0
2011-11-01T00:00:00Z,8,Rochester,211328,NY,2011,11,45.427013930950935,0
2011-12-01T00:00:00Z,18,Rochester,211328,NY,2011,12,102.21078134463961,0
2012-01-01T00:00:00Z,17,Rochester,211328,NY,2012,1,96.53240460327075,0
2012-02-01T00:00:00Z,4,Rochester,211328,NY,2012,2,22.713506965475467,0
2012-03-01T00:00:00Z,8,Rochester,211328,NY,2012,3,45.427013930950935,0
2012-04-01T00:00:00Z,11,Rochester,211328,NY,2012,4,62.46214415505754,0
2012-05-01T00:00:00Z,18,Rochester,211328,NY,2012,5,102.21078134463961,0
2012-06-01T00:00:00Z,22,Rochester,211328,NY,2012,6,124.92428831011507,0
2012-07-01T00:00:00Z,18,Rochester,211328,NY,2012,7,102.21078134463961,0
2012-08-01T00:00:00Z,27,Rochester,211328,NY,2012,8,153.31617201695943,0
2012-09-01T00:00:00Z,24,Rochester,211328,NY,2012,9,136.28104179285282,0
2012-10-01T00:00:00Z,18,Rochester,211328,NY,2012,10,102.21078134463961,0
2012-11-01T00:00:00Z,14,Rochester,211328,NY,2012,11,79.49727437916414,0
2012-12-01T00:00:00Z,13,Rochester,211328,NY,2012,12,73.81889763779527,0
2013-01-01T00:00:00Z,16,Rochester,211328,NY,2013,1,90.85402786190187,0
2013-02-01T00:00:00Z,7,Rochester,211328,NY,2013,2,39.74863718958207,0
2013-03-01T00:00:00Z,11,Rochester,211328,NY,2013,3,62.46214415505754,0
2013-04-01T00:00:00Z,17,Rochester,211328,NY,2013,4,96.53240460327075,0
2013-05-01T00:00:00Z,22,Rochester,211328,NY,2013,5,124.92428831011507,0
2013-06-01T00:00:00Z,21,Rochester,211328,NY,2013,6,119.24591156874624,0
2013-07-01T00:00:00Z,22,Rochester,211328,NY,2013,7,124.92428831011507,0
2013-08-01T00:00:00Z,18,Rochester,211328,NY,2013,8,102.21078134463961,0
2013-09-01T00:00:00Z,14,Rochester,211328,NY,2013,9,79.49727437916414,0
2013-10-01T00:00:00Z,12,Rochester,211328,NY,2013,10,68.14052089642641,0
2013-11-01T00:00:00Z,20,Rochester,211328,NY,2013,11,113.56753482737734,0
2013-12-01T00:00:00Z,12,Rochester,211328,NY,2013,12,68.14052089642641,0
2014-01-01T00:00:00Z,13,Rochester,211328,NY,2014,1,73.81889763779527,0
2014-02-01T00:00:00Z,8,Rochester,211328,NY,2014,2,45.427013930950935,0
2014-03-01T00:00:00Z,14,Rochester,211328,NY,2014,3,79.49727437916414,0
2014-04-01T00:00:00Z,12,Rochester,211328,NY,2014,4,68.14052089642641,0
2014-05-01T00:00:00Z,14,Rochester,211328,NY,2014,5,79.49727437916414,0
2014-06-01T00:00:00Z,23,Rochester,211328,NY,2014,6,130.60266505148394,0
2014-07-01T00:00:00Z,13,Rochester,211328,NY,2014,7,73.81889763779527,0
2014-08-01T00:00:00Z,17,Rochester,211328,NY,2014,8,96.53240460327075,0
2014-09-01T00:00:00Z,16,Rochester,211328,NY,2014,9,90.85402786190187,0
2014-10-01T00:00:00Z,18,Rochester,211328,NY,2014,10,102.21078134463961,0
2014-11-01T00:00:00Z,8,Rochester,211328,NY,2014,11,45.427013930950935,0
2014-12-01T00:00:00Z,12,Rochester,211328,NY,2014,12,68.14052089642641,0
2015-01-01T00:00:00Z,16,Rochester,211328,NY,2015,1,90.85402786190187,0
2015-02-01T00:00:00Z,13,Rochester,211328,NY,2015,2,73.81889763779527,0
2015-03-01T00:00:00Z,10,Rochester,211328,NY,2015,3,56.78376741368867,0
2015-04-01T00:00:00Z,20,Rochester,211328,NY,2015,4,113.56753482737734,0
2015-05-01T00:00:00Z,15,Rochester,211328,NY,2015,5,85.175651120533,0
2015-06-01T00:00:00Z,17,Rochester,211328,NY,2015,6,96.53240460327075,0
2015-07-01T00:00:00Z,23,Rochester,211328,NY,2015,7,130.60266505148394,0
2015-08-01T00:00:00Z,24,Rochester,211328,NY,2015,8,136.28104179285282,0
2015-09-01T00:00:00Z,15,Rochester,211328,NY,2015,9,85.175651120533,0
2015-10-01T00:00:00Z,10,Rochester,211328,NY,2015,10,56.78376741368867,0
2015-11-01T00:00:00Z,12,Rochester,211328,NY,2015,11,68.14052089642641,0
2015-12-01T00:00:00Z,16,Rochester,211328,NY,2015,12,90.85402786190187,0
2016-01-01T00:00:00Z,13,Rochester,211328,NY,2016,1,73.81889763779527,0
2016-02-01T00:00:00Z,5,Rochester,211328,NY,2016,2,28.391883706844336,0
2016-03-01T00:00:00Z,15,Rochester,211328,NY,2016,3,85.175651120533,0
2016-04-01T00:00:00Z,12,Rochester,211328,NY,2016,4,68.14052089642641,0
2016-05-01T00:00:00Z,16,Rochester,211328,NY,2016,5,90.85402786190187,0
2016-06-01T00:00:00Z,17,Rochester,211328,NY,2016,6,96.53240460327075,0
2016-07-01T00:00:00Z,17,Rochester,211328,NY,2016,7,96.53240460327075,0
2016-08-01T00:00:00Z,18,Rochester,211328,NY,2016,8,102.21078134463961,0
2016-09-01T00:00:00Z,10,Rochester,211328,NY,2016,9,56.78376741368867,0
2016-10-01T00:00:00Z,17,Rochester,211328,NY,2016,10,96.53240460327075,0
2016-11-01T00:00:00Z,8,Rochester,211328,NY,2016,11,45.427013930950935,0
2016-12-01T00:00:00Z,8,Rochester,211328,NY,2016,12,45.427013930950935,0
2017-01-01T00:00:00Z,12,Rochester,211328,NY,2017,1,68.14052089642641,0
2017-02-01T00:00:00Z,12,Rochester,211328,NY,2017,2,68.14052089642641,0
2017-03-01T00:00:00Z,7,Rochester,211328,NY,2017,3,39.74863718958207,0
2017-04-01T00:00:00Z,11,Rochester,211328,NY,2017,4,62.46214415505754,0
2017-05-01T00:00:00Z,11,Rochester,211328,NY,2017,5,62.46214415505754,0
2017-06-01T00:00:00Z,13,Rochester,211328,NY,2017,6,73.81889763779527,0
2017-07-01T00:00:00Z,20,Rochester,211328,NY,2017,7,113.56753482737734,0
2017-08-01T00:00:00Z,24,Rochester,211328,NY,2017,8,136.28104179285282,0
2017-09-01T00:00:00Z,13,Rochester,211328,NY,2017,9,73.81889763779527,0
2017-10-01T00:00:00Z,11,Rochester,211328,NY,2017,10,62.46214415505754,0
2017-11-01T00:00:00Z,11,Rochester,211328,NY,2017,11,62.46214415505754,0
2017-12-01T00:00:00Z,11,Rochester,211328,NY,2017,12,62.46214415505754,0
2018-01-01T00:00:00Z,5,Rochester,211328,NY,2018,1,28.391883706844336,0
2018-02-01T00:00:00Z,8,Rochester,211328,NY,2018,2,45.427013930950935,0
2018-03-01T00:00:00Z,2,Rochester,211328,NY,2018,3,11.356753482737734,0
2018-04-01T00:00:00Z,13,Rochester,211328,NY,2018,4,73.81889763779527,0
2018-05-01T00:00:00Z,9,Rochester,211328,NY,2018,5,51.10539067231981,0
2018-06-01T00:00:00Z,19,Rochester,211328,NY,2018,6,107.88915808600848,0
2018-07-01T00:00:00Z,20,Rochester,211328,NY,2018,7,113.56753482737734,0
2018-08-01T00:00:00Z,12,Rochester,211328,NY,2018,8,68.14052089642641,0
2018-09-01T00:00:00Z,12,Rochester,211328,NY,2018,9,68.14052089642641,0
2018-10-01T00:00:00Z,17,Rochester,211328,NY,2018,10,96.53240460327075,0
2018-11-01T00:00:00Z,9,Rochester,211328,NY,2018,11,51.10539067231981,0
2018-12-01T00:00:00Z,11,Rochester,211328,NY,2018,12,62.46214415505754,0
2019-01-01T00:00:00Z,8,Rochester,211328,NY,2019,1,45.427013930950935,0
2019-02-01T00:00:00Z,6,Rochester,211328,NY,2019,2,34.070260448213205,0
2019-03-01T00:00:00Z,6,Rochester,211328,NY,2019,3,34.070260448213205,0
2019-04-01T00:00:00Z,16,Rochester,211328,NY,2019,4,90.85402786190187,0
2019-05-01T00:00:00Z,18,Rochester,211328,NY,2019,5,102.21078134463961,0
2019-06-01T00:00:00Z,22,Rochester,211328,NY,2019,6,124.92428831011507,0
2019-07-01T00:00:00Z,22,Rochester,211328,NY,2019,7,124.92428831011507,0
2019-08-01T00:00:00Z,8,Rochester,211328,NY,2019,8,45.427013930950935,0
2019-09-01T00:00:00Z,11,Rochester,211328,NY,2019,9,62.46214415505754,0
2019-10-01T00:00:00Z,9,Rochester,211328,NY,2019,10,51.10539067231981,0
2019-11-01T00:00:00Z,17,Rochester,211328,NY,2019,11,96.53240460327075,0
2019-12-01T00:00:00Z,14,Rochester,211328,NY,2019,12,79.49727437916414,0
2020-01-01T00:00:00Z,9,Rochester,211328,NY,2020,1,51.10539067231981,0
2020-02-01T00:00:00Z,11,Rochester,211328,NY,2020,2,62.46214415505754,0
2020-03-01T00:00:00Z,9,Rochester,211328,NY,2020,3,51.10539067231981,0
2020-04-01T00:00:00Z,20,Rochester,211328,NY,2020,4,113.56753482737734,0
2020-05-01T00:00:00Z,15,Rochester,211328,NY,2020,5,85.175651120533,0
2020-06-01T00:00:00Z,37,Rochester,211328,NY,2020,6,210.09993943064808,0
2020-07-01T00:00:00Z,37,Rochester,211328,NY,2020,7,210.09993943064808,0
2020-08-01T00:00:00Z,33,Rochester,211328,NY,2020,8,187.38643246517262,0
2020-09-01T00:00:00Z,22,Rochester,211328,NY,2020,9,124.92428831011507,0
2020-10-01T00:00:00Z,28,Rochester,211328,NY,2020,10,158.99454875832828,0
2020-11-01T00:00:00Z,25,Rochester,211328,NY,2020,11,141.95941853422167,0
2020-12-01T00:00:00Z,21,Rochester,211328,NY,2020,12,119.24591156874624,0
2021-01-01T00:00:00Z,12,Rochester,211328,NY,2021,1,68.14052089642641,0
2021-02-01T00:00:00Z,15,Rochester,211328,NY,2021,2,85.175651120533,0
2021-03-01T00:00:00Z,28,Rochester,211328,NY,2021,3,158.99454875832828,0
2021-04-01T00:00:00Z,28,Rochester,211328,NY,2021,4,158.99454875832828,0
2021-05-01T00:00:00Z,39,Rochester,211328,NY,2021,5,221.45669291338584,0
2021-06-01T00:00:00Z,45,Rochester,211328,NY,2021,6,255.526953361599,0
2021-07-01T00:00:00Z,30,Rochester,211328,NY,2021,7,170.351302241066,0
2021-08-01T00:00:00Z,40,Rochester,211328,NY,2021,8,227.1350696547547,0
2021-09-01T00:00:00Z,32,Rochester,211328,NY,2021,9,181.70805572380374,0
2021-10-01T00:00:00Z,26,Rochester,211328,NY,2021,10,147.63779527559055,0
2021-11-01T00:00:00Z,35,Rochester,211328,NY,2021,11,198.74318594791038,0
2021-12-01T00:00:00Z,20,Rochester,211328,NY,2021,12,113.56753482737734,0
2022-01-01T00:00:00Z,14,Rochester,211328,NY,2022,1,79.49727437916414,0
2022-02-01T00:00:00Z,19,Rochester,211328,NY,2022,2,107.88915808600848,0
2022-03-01T00:00:00Z,22,Rochester,211328,NY,2022,3,124.92428831011507,0
2022-04-01T00:00:00Z,30,Rochester,211328,NY,2022,4,170.351302241066,0
2022-05-01T00:00:00Z,36,Rochester,211328,NY,2022,5,204.42156268927923,0
2022-06-01T00:00:00Z,29,Rochester,211328,NY,2022,6,164.67292549969716,0
2022-07-01T00:00:00Z,34,Rochester,211328,NY,2022,7,193.0648092065415,0
2022-08-01T00:00:00Z,34,Rochester,211328,NY,2022,8,193.0648092065415,0
2022-09-01T00:00:00Z,31,Rochester,211328,NY,2022,9,176.0296789824349,0
2022-10-01T00:00:00Z,19,Rochester,211328,NY,2022,10,107.88915808600848,0
2022-11-01T00:00:00Z,15,Rochester,211328,NY,2022,11,85.175651120533,0
2022-12-01T00:00:00Z,20,Rochester,211328,NY,2022,12,113.56753482737734,0
2023-01-01T00:00:00Z,8,Rochester,211328,NY,2023,1,45.427013930950935,0
2023-02-01T00:00:00Z,11,Rochester,211328,NY,2023,2,62.46214415505754,0
2023-03-01T00:00:00Z,13,Rochester,211328,NY,2023,3,73.81889763779527,0
2023-04-01T00:00:00Z,16,Rochester,211328,NY,2023,4,90.85402786190187,0
2023-05-01T00:00:00Z,30,Rochester,211328,NY,2023,5,170.351302241066,0
2023-06-01T00:00:00Z,29,Rochester,211328,NY,2023,6,164.67292549969716,0
2023-07-01T00:00:00Z,40,Rochester,211328,NY,2023,7,227.1350696547547,0
2023-08-01T00:00:00Z,34,Rochester,211328,NY,2023,8,193.0648092065415,0
2023-09-01T00:00:00Z,20,Rochester,211328,NY,2023,9,113.56753482737734,0
2023-10-01T00:00:00Z,18,Rochester,211328,NY,2023,10,102.21078134463961,0
2023-11-01T00:00:00Z,14,Rochester,211328,NY,2023,11,79.49727437916414,0
2023-12-01T00:00:00Z,14,Rochester,211328,NY,2023,12,79.49727437916414,0
2024-01-01T00:00:00Z,16,Rochester,211328,NY,2024,1,90.85402786190187,0
2024-02-01T00:00:00Z,9,Rochester,211328,NY,2024,2,51.10539067231981,0
2024-03-01T00:00:00Z,13,Rochester,211328,NY,2024,3,73.81889763779527,0
2024-04-01T00:00:00Z,11,Rochester,211328,NY,2024,4,62.46214415505754,0
2024-05-01T00:00:00Z,16,Rochester,211328,NY,2024,5,90.85402786190187,0
2024-06-01T00:00:00Z,13,Rochester,211328,NY,2024,6,73.81889763779527,0
2024-07-01T00:00:00Z,17,Rochester,211328,NY,2024,7,96.53240460327075,0
2024-08-01T00:00:00Z,16,Rochester,211328,NY,2024,8,90.85402786190187,0
2024-09-01T00:00:00Z,15,Rochester,211328,NY,2024,9,85.175651120533,0
2024-10-01T00:00:00Z,15,Rochester,211328,NY,2024,10,85.175651120533,0
2024-11-01T00:00:00Z,13,Rochester,211328,NY,2024,11,73.81889763779527,0
2024-12-01T00:00:00Z,11,Rochester,211328,NY,2024,12,62.46214415505754,0
2025-01-01T00:00:00Z,12,Rochester,211328,NY,2025,1,68.14052089642641,0
2025-02-01T00:00:00Z,5,Rochester,211328,NY,2025,2,28.391883706844336,0
2025-03-01T00:00:00Z,9,Rochester,211328,NY,2025,3,51.10539067231981,0
2025-04-01T00:00:00Z,13,Rochester,211328,NY,2025,4,73.81889763779527,0
2025-05-01T00:00:00Z,16,Rochester,211328,NY,2025,5,90.85402786190187,0
2025-06-01T00:00:00Z,20,Rochester,211328,NY,2025,6,113.56753482737734,0
2025-07-01T00:00:00Z,12,Rochester,211328,NY,2025,7,68.14052089642641,0
2025-08-01T00:00:00Z,18,Rochester,211328,NY,2025,8,102.21078134463961,0
2025-09-01T00:00:00Z,12,Rochester,211328,NY,2025,9,68.14052089642641,0
2025-10-01T00:00:00Z,15,Rochester,211328,NY,2025,10,85.175651120533,0
2025-11-01T00:00:00Z,10,Rochester,211328,NY,2025,11,56.78376741368867,0
2025-12-01T00:00:00Z,4,Rochester,211328,NY,2025,12,22.713506965475467,0
2026-01-01T00:00:00Z,13,Rochester,211328,NY,2026,1,73.81889763779527,0
2006-03-01T00:00:00Z,6,Syracuse,148620,NY,2006,3,48.44570044408559,0
2006-04-01T00:00:00Z,3,Syracuse,148620,NY,2006,4,24.222850222042794,0
2006-05-01T00:00:00Z,5,Syracuse,148620,NY,2006,5,40.37141703673799,0
2006-06-01T00:00:00Z,7,Syracuse,148620,NY,2006,6,56.51998385143318,0
2006-07-01T00:00:00Z,9,Syracuse,148620,NY,2006,7,72.66855066612838,0
2006-08-01T00:00:00Z,5,Syracuse,148620,NY,2006,8,40.37141703673799,0
2006-09-01T00:00:00Z,9,Syracuse,148620,NY,2006,9,72.66855066612838,0
2006-10-01T00:00:00Z,10,Syracuse,148620,NY,2006,10,80.74283407347598,0
2006-11-01T00:00:00Z,5,Syracuse,148620,NY,2006,11,40.37141703673799,0
2006-12-01T00:00:00Z,5,Syracuse,148620,NY,2006,12,40.37141703673799,0
2007-01-01T00:00:00Z,7,Syracuse,148620,NY,2007,1,56.51998385143318,0
2007-02-01T00:00:00Z,5,Syracuse,148620,NY,2007,2,40.37141703673799,0
2007-03-01T00:00:00Z,4,Syracuse,148620,NY,2007,3,32.29713362939039,0
2007-04-01T00:00:00Z,6,Syracuse,148620,NY,2007,4,48.44570044408559,0
2007-05-01T00:00:00Z,10,Syracuse,148620,NY,2007,5,80.74283407347598,0
2007-06-01T00:00:00Z,15,Syracuse,148620,NY,2007,6,121.11425111021396,0
2007-07-01T00:00:00Z,6,Syracuse,148620,NY,2007,7,48.44570044408559,0
2007-08-01T00:00:00Z,8,Syracuse,148620,NY,2007,8,64.59426725878077,0
2007-09-01T00:00:00Z,14,Syracuse,148620,NY,2007,9,113.03996770286636,0
2007-10-01T00:00:00Z,9,Syracuse,148620,NY,2007,10,72.66855066612838,0
2007-11-01T00:00:00Z,6,Syracuse,148620,NY,2007,11,48.44570044408559,0
2007-12-01T00:00:00Z,5,Syracuse,148620,NY,2007,12,40.37141703673799,0
2008-01-01T00:00:00Z,5,Syracuse,148620,NY,2008,1,40.37141703673799,0
2008-02-01T00:00:00Z,2,Syracuse,148620,NY,2008,2,16.148566814695194,0
2008-03-01T00:00:00Z,2,Syracuse,148620,NY,2008,3,16.148566814695194,0
2008-04-01T00:00:00Z,6,Syracuse,148620,NY,2008,4,48.44570044408559,0
2008-05-01T00:00:00Z,4,Syracuse,148620,NY,2008,5,32.29713362939039,0
2008-06-01T00:00:00Z,13,Syracuse,148620,NY,2008,6,104.96568429551877,0
2008-07-01T00:00:00Z,16,Syracuse,148620,NY,2008,7,129.18853451756155,0
2008-08-01T00:00:00Z,10,Syracuse,148620,NY,2008,8,80.74283407347598,0
2008-09-01T00:00:00Z,8,Syracuse,148620,NY,2008,9,64.59426725878077,0
2008-10-01T00:00:00Z,12,Syracuse,148620,NY,2008,10,96.89140088817118,0
2008-11-01T00:00:00Z,11,Syracuse,148620,NY,2008,11,88.81711748082358,0
2008-12-01T00:00:00Z,4,Syracuse,148620,NY,2008,12,32.29713362939039,0
2009-01-01T00:00:00Z,4,Syracuse,148620,NY,2009,1,32.29713362939039,0
2009-02-01T00:00:00Z,0,Syracuse,148620,NY,2009,2,0,0
2009-03-01T00:00:00Z,6,Syracuse,148620,NY,2009,3,48.44570044408559,0
2009-04-01T00:00:00Z,7,Syracuse,148620,NY,2009,4,56.51998385143318,0
2009-05-01T00:00:00Z,10,Syracuse,148620,NY,2009,5,80.74283407347598,0
2009-06-01T00:00:00Z,6,Syracuse,148620,NY,2009,6,48.44570044408559,0
2009-07-01T00:00:00Z,11,Syracuse,148620,NY,2009,7,88.81711748082358,0
2009-08-01T00:00:00Z,10,Syracuse,148620,NY,2009,8,80.74283407347598,0
2009-09-01T00:00:00Z,4,Syracuse,148620,NY,2009,9,32.29713362939039,0
2009-10-01T00:00:00Z,3,Syracuse,148620,NY,2009,10,24.222850222042794,0
2009-11-01T00:00:00Z,5,Syracuse,148620,NY,2009,11,40.37141703673799,0
2009-12-01T00:00:00Z,7,Syracuse,148620,NY,2009,12,56.51998385143318,0
2010-01-01T00:00:00Z,8,Syracuse,148620,NY,2010,1,64.59426725878077,0
2010-02-01T00:00:00Z,3,Syracuse,148620,NY,2010,2,24.222850222042794,0
2010-03-01T00:00:00Z,9,Syracuse,148620,NY,2010,3,72.66855066612838,0
2010-04-01T00:00:00Z,2,Syracuse,148620,NY,2010,4,16.148566814695194,0
2010-05-01T00:00:00Z,8,Syracuse,148620,NY,2010,5,64.59426725878077,0
2010-06-01T00:00:00Z,5,Syracuse,148620,NY,2010,6,40.37141703673799,0
2010-07-01T00:00:00Z,10,Syracuse,148620,NY,2010,7,80.74283407347598,0
2010-08-01T00:00:00Z,4,Syracuse,148620,NY,2010,8,32.29713362939039,0
2010-09-01T00:00:00Z,5,Syracuse,148620,NY,2010,9,40.37141703673799,0
2010-10-01T00:00:00Z,11,Syracuse,148620,NY,2010,10,88.81711748082358,0
2010-11-01T00:00:00Z,9,Syracuse,148620,NY,2010,11,72.66855066612838,0
2010-12-01T00:00:00Z,6,Syracuse,148620,NY,2010,12,48.44570044408559,0
2011-01-01T00:00:00Z,5,Syracuse,148620,NY,2011,1,40.37141703673799,0
2011-02-01T00:00:00Z,5,Syracuse,148620,NY,2011,2,40.37141703673799,0
2011-03-01T00:00:00Z,9,Syracuse,148620,NY,2011,3,72.66855066612838,0
2011-04-01T00:00:00Z,7,Syracuse,148620,NY,2011,4,56.51998385143318,0
2011-05-01T00:00:00Z,5,Syracuse,148620,NY,2011,5,40.37141703673799,0
2011-06-01T00:00:00Z,9,Syracuse,148620,NY,2011,6,72.66855066612838,0
2011-07-01T00:00:00Z,13,Syracuse,148620,NY,2011,7,104.96568429551877,0
2011-08-01T00:00:00Z,9,Syracuse,148620,NY,2011,8,72.66855066612838,0
2011-09-01T00:00:00Z,7,Syracuse,148620,NY,2011,9,56.51998385143318,0
2011-10-01T00:00:00Z,6,Syracuse,148620,NY,2011,10,48.44570044408559,0
2011-11-01T00:00:00Z,7,Syracuse,148620,NY,2011,11,56.51998385143318,0
2011-12-01T00:00:00Z,4,Syracuse,148620,NY,2011,12,32.29713362939039,0
2012-01-01T00:00:00Z,4,Syracuse,148620,NY,2012,1,32.29713362939039,0
2012-02-01T00:00:00Z,2,Syracuse,148620,NY,2012,2,16.148566814695194,0
2012-03-01T00:00:00Z,8,Syracuse,148620,NY,2012,3,64.59426725878077,0
2012-04-01T00:00:00Z,4,Syracuse,148620,NY,2012,4,32.29713362939039,0
2012-05-01T00:00:00Z,11,Syracuse,148620,NY,2012,5,88.81711748082358,0
2012-06-01T00:00:00Z,6,Syracuse,148620,NY,2012,6,48.44570044408559,0
2012-07-01T00:00:00Z,10,Syracuse,148620,NY,2012,7,80.74283407347598,0
2012-08-01T00:00:00Z,12,Syracuse,148620,NY,2012,8,96.89140088817118,0
2012-09-01T00:00:00Z,6,Syracuse,148620,NY,2012,9,48.44570044408559,0
2012-10-01T00:00:00Z,7,Syracuse,148620,NY,2012,10,56.51998385143318,0
2012-11-01T00:00:00Z,3,Syracuse,148620,NY,2012,11,24.222850222042794,0
2012-12-01T00:00:00Z,5,Syracuse,148620,NY,2012,12,40.37141703673799,0
2013-01-01T00:00:00Z,9,Syracuse,148620,NY,2013,1,72.66855066612838,0
2013-02-01T00:00:00Z,4,Syracuse,148620,NY,2013,2,32.29713362939039,0
2013-03-01T00:00:00Z,3,Syracuse,148620,NY,2013,3,24.222850222042794,0
2013-04-01T00:00:00Z,2,Syracuse,148620,NY,2013,4,16.148566814695194,0
2013-05-01T00:00:00Z,5,Syracuse,148620,NY,2013,5,40.37141703673799,0
2013-06-01T00:00:00Z,9,Syracuse,148620,NY,2013,6,72.66855066612838,0
2013-07-01T00:00:00Z,6,Syracuse,148620,NY,2013,7,48.44570044408559,0
2013-08-01T00:00:00Z,10,Syracuse,148620,NY,2013,8,80.74283407347598,0
2013-09-01T00:00:00Z,10,Syracuse,148620,NY,2013,9,80.74283407347598,0
2013-10-01T00:00:00Z,5,Syracuse,148620,NY,2013,10,40.37141703673799,0
2013-11-01T00:00:00Z,7,Syracuse,148620,NY,2013,11,56.51998385143318,0
2013-12-01T00:00:00Z,4,Syracuse,148620,NY,2013,12,32.29713362939039,0
2014-01-01T00:00:00Z,7,Syracuse,148620,NY,2014,1,56.51998385143318,0
2014-02-01T00:00:00Z,5,Syracuse,148620,NY,2014,2,40.37141703673799,0
2014-03-01T00:00:00Z,1,Syracuse,148620,NY,2014,3,8.074283407347597,0
2014-04-01T00:00:00Z,2,Syracuse,148620,NY,2014,4,16.148566814695194,0
2014-05-01T00:00:00Z,7,Syracuse,148620,NY,2014,5,56.51998385143318,0
2014-06-01T00:00:00Z,7,Syracuse,148620,NY,2014,6,56.51998385143318,0
2014-07-01T00:00:00Z,11,Syracuse,148620,NY,2014,7,88.81711748082358,0
2014-08-01T00:00:00Z,15,Syracuse,148620,NY,2014,8,121.11425111021396,0
2014-09-01T00:00:00Z,4,Syracuse,148620,NY,2014,9,32.29713362939039,0
2014-10-01T00:00:00Z,12,Syracuse,148620,NY,2014,10,96.89140088817118,0
2014-11-01T00:00:00Z,11,Syracuse,148620,NY,2014,11,88.81711748082358,0
2014-12-01T00:00:00Z,12,Syracuse,148620,NY,2014,12,96.89140088817118,0
2015-01-01T00:00:00Z,5,Syracuse,148620,NY,2015,1,40.37141703673799,0
2015-02-01T00:00:00Z,3,Syracuse,148620,NY,2015,2,24.222850222042794,0
2015-03-01T00:00:00Z,4,Syracuse,148620,NY,2015,3,32.29713362939039,0
2015-04-01T00:00:00Z,7,Syracuse,148620,NY,2015,4,56.51998385143318,0
2015-05-01T00:00:00Z,7,Syracuse,148620,NY,2015,5,56.51998385143318,0
2015-06-01T00:00:00Z,16,Syracuse,148620,NY,2015,6,129.18853451756155,0
2015-07-01T00:00:00Z,9,Syracuse,148620,NY,2015,7,72.66855066612838,0
2015-08-01T00:00:00Z,9,Syracuse,148620,NY,2015,8,72.66855066612838,0
2015-09-01T00:00:00Z,10,Syracuse,148620,NY,2015,9,80.74283407347598,0
2015-10-01T00:00:00Z,16,Syracuse,148620,NY,2015,10,129.18853451756155,0
2015-11-01T00:00:00Z,16,Syracuse,148620,NY,2015,11,129.18853451756155,0
2015-12-01T00:00:00Z,11,Syracuse,148620,NY,2015,12,88.81711748082358,0
2016-01-01T00:00:00Z,10,Syracuse,148620,NY,2016,1,80.74283407347598,0
2016-02-01T00:00:00Z,4,Syracuse,148620,NY,2016,2,32.29713362939039,0
2016-03-01T00:00:00Z,13,Syracuse,148620,NY,2016,3,104.96568429551877,0
2016-04-01T00:00:00Z,14,Syracuse,148620,NY,2016,4,113.03996770286636,0
2016-05-01T00:00:00Z,15,Syracuse,148620,NY,2016,5,121.11425111021396,0
2016-06-01T00:00:00Z,10,Syracuse,148620,NY,2016,6,80.74283407347598,0
2016-07-01T00:00:00Z,14,Syracuse,148620,NY,2016,7,113.03996770286636,0
2016-08-01T00:00:00Z,7,Syracuse,148620,NY,2016,8,56.51998385143318,0
2016-09-01T00:00:00Z,5,Syracuse,148620,NY,2016,9,40.37141703673799,0
2016-10-01T00:00:00Z,14,Syracuse,148620,NY,2016,10,113.03996770286636,0
2016-11-01T00:00:00Z,11,Syracuse,148620,NY,2016,11,88.81711748082358,0
2016-12-01T00:00:00Z,11,Syracuse,148620,NY,2016,12,88.81711748082358,0
2017-01-01T00:00:00Z,9,Syracuse,148620,NY,2017,1,72.66855066612838,0
2017-02-01T00:00:00Z,6,Syracuse,148620,NY,2017,2,48.44570044408559,0
2017-03-01T00:00:00Z,5,Syracuse,148620,NY,2017,3,40.37141703673799,0
2017-04-01T00:00:00Z,12,Syracuse,148620,NY,2017,4,96.89140088817118,0
2017-05-01T00:00:00Z,5,Syracuse,148620,NY,2017,5,40.37141703673799,0
2017-06-01T00:00:00Z,12,Syracuse,148620,NY,2017,6,96.89140088817118,0
2017-07-01T00:00:00Z,15,Syracuse,148620,NY,2017,7,121.11425111021396,0
2017-08-01T00:00:00Z,9,Syracuse,148620,NY,2017,8,72.66855066612838,0
2017-09-01T00:00:00Z,11,Syracuse,148620,NY,2017,9,88.81711748082358,0
2017-10-01T00:00:00Z,17,Syracuse,148620,NY,2017,10,137.26281792490917,0
2017-11-01T00:00:00Z,3,Syracuse,148620,NY,2017,11,24.222850222042794,0
2017-12-01T00:00:00Z,9,Syracuse,148620,NY,2017,12,72.66855066612838,0
2018-01-01T00:00:00Z,2,Syracuse,148620,NY,2018,1,16.148566814695194,0
2018-02-01T00:00:00Z,8,Syracuse,148620,NY,2018,2,64.59426725878077,0
2018-03-01T00:00:00Z,4,Syracuse,148620,NY,2018,3,32.29713362939039,0
2018-04-01T00:00:00Z,7,Syracuse,148620,NY,2018,4,56.51998385143318,0
2018-05-01T00:00:00Z,9,Syracuse,148620,NY,2018,5,72.66855066612838,0
2018-06-01T00:00:00Z,14,Syracuse,148620,NY,2018,6,113.03996770286636,0
2018-07-01T00:00:00Z,14,Syracuse,148620,NY,2018,7,113.03996770286636,0
2018-08-01T00:00:00Z,10,Syracuse,148620,NY,2018,8,80.74283407347598,0
2018-09-01T00:00:00Z,14,Syracuse,148620,NY,2018,9,113.03996770286636,0
2018-10-01T00:00:00Z,11,Syracuse,148620,NY,2018,10,88.81711748082358,0
2018-11-01T00:00:00Z,6,Syracuse,148620,NY,2018,11,48.44570044408559,0
2018-12-01T00:00:00Z,10,Syracuse,148620,NY,2018,12,80.74283407347598,0
2019-01-01T00:00:00Z,10,Syracuse,148620,NY,2019,1,80.74283407347598,0
2019-02-01T00:00:00Z,5,Syracuse,148620,NY,2019,2,40.37141703673799,0
2019-03-01T00:00:00Z,5,Syracuse,148620,NY,2019,3,40.37141703673799,0
2019-04-01T00:00:00Z,7,Syracuse,148620,NY,2019,4,56.51998385143318,0
2019-05-01T00:00:00Z,4,Syracuse,148620,NY,2019,5,32.29713362939039,0
2019-06-01T00:00:00Z,5,Syracuse,148620,NY,2019,6,40.37141703673799,0
2019-07-01T00:00:00Z,10,Syracuse,148620,NY,2019,7,80.74283407347598,0
2019-08-01T00:00:00Z,2,Syracuse,148620,NY,2019,8,16.148566814695194,0
2019-09-01T00:00:00Z,7,Syracuse,148620,NY,2019,9,56.51998385143318,0
2019-10-01T00:00:00Z,10,Syracuse,148620,NY,2019,10,80.74283407347598,0
2019-11-01T00:00:00Z,7,Syracuse,148620,NY,2019,11,56.51998385143318,0
2019-12-01T00:00:00Z,14,Syracuse,148620,NY,2019,12,113.03996770286636,0
2020-01-01T00:00:00Z,9,Syracuse,148620,NY,2020,1,72.66855066612838,0
2020-02-01T00:00:00Z,6,Syracuse,148620,NY,2020,2,48.44570044408559,0
2020-03-01T00:00:00Z,13,Syracuse,148620,NY,2020,3,104.96568429551877,0
2020-04-01T00:00:00Z,7,Syracuse,148620,NY,2020,4,56.51998385143318,0
2020-05-01T00:00:00Z,17,Syracuse,148620,NY,2020,5,137.26281792490917,0
2020-06-01T00:00:00Z,22,Syracuse,148620,NY,2020,6,177.63423496164717,0
2020-07-01T00:00:00Z,26,Syracuse,148620,NY,2020,7,209.93136859103754,0
2020-08-01T00:00:00Z,9,Syracuse,148620,NY,2020,8,72.66855066612838,0
2020-09-01T00:00:00Z,13,Syracuse,148620,NY,2020,9,104.96568429551877,0
2020-10-01T00:00:00Z,9,Syracuse,148620,NY,2020,10,72.66855066612838,0
2020-11-01T00:00:00Z,7,Syracuse,148620,NY,2020,11,56.51998385143318,0
2020-12-01T00:00:00Z,10,Syracuse,148620,NY,2020,12,80.74283407347598,0
2021-01-01T00:00:00Z,7,Syracuse,148620,NY,2021,1,56.51998385143318,0
2021-02-01T00:00:00Z,6,Syracuse,148620,NY,2021,2,48.44570044408559,0
2021-03-01T00:00:00Z,12,Syracuse,148620,NY,2021,3,96.89140088817118,0
2021-04-01T00:00:00Z,11,Syracuse,148620,NY,2021,4,88.81711748082358,0
2021-05-01T00:00:00Z,8,Syracuse,148620,NY,2021,5,64.59426725878077,0
2021-06-01T00:00:00Z,13,Syracuse,148620,NY,2021,6,104.96568429551877,0
2021-07-01T00:00:00Z,13,Syracuse,148620,NY,2021,7,104.96568429551877,0
2021-08-01T00:00:00Z,11,Syracuse,148620,NY,2021,8,88.81711748082358,0
2021-09-01T00:00:00Z,15,Syracuse,148620,NY,2021,9,121.11425111021396,0
2021-10-01T00:00:00Z,16,Syracuse,148620,NY,2021,10,129.18853451756155,0
2021-11-01T00:00:00Z,8,Syracuse,148620,NY,2021,11,64.59426725878077,0
2021-12-01T00:00:00Z,15,Syracuse,148620,NY,2021,12,121.11425111021396,0
2022-01-01T00:00:00Z,11,Syracuse,148620,NY,2022,1,88.81711748082358,0
2022-02-01T00:00:00Z,5,Syracuse,148620,NY,2022,2,40.37141703673799,0
2022-03-01T00:00:00Z,8,Syracuse,148620,NY,2022,3,64.59426725878077,0
2022-04-01T00:00:00Z,11,Syracuse,148620,NY,2022,4,88.81711748082358,0
2022-05-01T00:00:00Z,18,Syracuse,148620,NY,2022,5,145.33710133225676,0
2022-06-01T00:00:00Z,17,Syracuse,148620,NY,2022,6,137.26281792490917,0
2022-07-01T00:00:00Z,15,Syracuse,148620,NY,2022,7,121.11425111021396,0
2022-08-01T00:00:00Z,26,Syracuse,148620,NY,2022,8,209.93136859103754,0
2022-09-01T00:00:00Z,10,Syracuse,148620,NY,2022,9,80.74283407347598,0
2022-10-01T00:00:00Z,12,Syracuse,148620,NY,2022,10,96.89140088817118,0
2022-11-01T00:00:00Z,9,Syracuse,148620,NY,2022,11,72.66855066612838,0
2022-12-01T00:00:00Z,5,Syracuse,148620,NY,2022,12,40.37141703673799,0
2023-01-01T00:00:00Z,7,Syracuse,148620,NY,2023,1,56.51998385143318,0
2023-02-01T00:00:00Z,1,Syracuse,148620,NY,2023,2,8.074283407347597,0
2023-03-01T00:00:00Z,6,Syracuse,148620,NY,2023,3,48.44570044408559,0
2023-04-01T00:00:00Z,8,Syracuse,148620,NY,2023,4,64.59426725878077,0
2023-05-01T00:00:00Z,16,Syracuse,148620,NY,2023,5,129.18853451756155,0
2023-06-01T00:00:00Z,10,Syracuse,148620,NY,2023,6,80.74283407347598,0
2023-07-01T00:00:00Z,11,Syracuse,148620,NY,2023,7,88.81711748082358,0
2023-08-01T00:00:00Z,6,Syracuse,148620,NY,2023,8,48.44570044408559,0
2023-09-01T00:00:00Z,8,Syracuse,148620,NY,2023,9,64.59426725878077,0
2023-10-01T00:00:00Z,4,Syracuse,148620,NY,2023,10,32.29713362939039,0
2023-11-01T00:00:00Z,7,Syracuse,148620,NY,2023,11,56.51998385143318,0
2023-12-01T00:00:00Z,9,Syracuse,148620,NY,2023,12,72.66855066612838,0
2024-01-01T00:00:00Z,1,Syracuse,148620,NY,2024,1,8.074283407347597,0
2024-02-01T00:00:00Z,3,Syracuse,148620,NY,2024,2,24.222850222042794,0
2024-03-01T00:00:00Z,1,Syracuse,148620,NY,2024,3,8.074283407347597,0
2024-04-01T00:00:00Z,5,Syracuse,148620,NY,2024,4,40.37141703673799,0
2024-05-01T00:00:00Z,5,Syracuse,148620,NY,2024,5,40.37141703673799,0
2024-06-01T00:00:00Z,9,Syracuse,148620,NY,2024,6,72.66855066612838,0
2024-07-01T00:00:00Z,14,Syracuse,148620,NY,2024,7,113.03996770286636,0
2024-08-01T00:00:00Z,8,Syracuse,148620,NY,2024,8,64.59426725878077,0
2024-09-01T00:00:00Z,4,Syracuse,148620,NY,2024,9,32.29713362939039,0
2024-10-01T00:00:00Z,4,Syracuse,148620,NY,2024,10,32.29713362939039,0
2024-11-01T00:00:00Z,2,Syracuse,148620,NY,2024,11,16.148566814695194,0
2024-12-01T00:00:00Z,7,Syracuse,148620,NY,2024,12,56.51998385143318,0
2025-01-01T00:00:00Z,3,Syracuse,148620,NY,2025,1,24.222850222042794,0
2025-02-01T00:00:00Z,2,Syracuse,148620,NY,2025,2,16.148566814695194,0
2025-03-01T00:00:00Z,5,Syracuse,148620,NY,2025,3,40.37141703673799,0
2025-04-01T00:00:00Z,9,Syracuse,148620,NY,2025,4,72.66855066612838,0
2025-05-01T00:00:00Z,4,Syracuse,148620,NY,2025,5,32.29713362939039,0
2025-06-01T00:00:00Z,9,Syracuse,148620,NY,2025,6,72.66855066612838,0
2025-07-01T00:00:00Z,4,Syracuse,148620,NY,2025,7,32.29713362939039,0
2025-08-01T00:00:00Z,4,Syracuse,148620,NY,2025,8,32.29713362939039,0
2025-09-01T00:00:00Z,3,Syracuse,148620,NY,2025,9,24.222850222042794,0
2025-10-01T00:00:00Z,2,Syracuse,148620,NY,2025,10,16.148566814695194,0
2025-11-01T00:00:00Z,4,Syracuse,148620,NY,2025,11,32.29713362939039,0
2025-12-01T00:00:00Z,1,Syracuse,148620,NY,2025,12,8.074283407347597,0
2026-01-01T00:00:00Z,5,Syracuse,148620,NY,2026,1,40.37141703673799,0
