pct,month_date,shooting_incidents,robbery_count,gun_violence_count,collision_count,high_crime_shoot,high_crime_rob,high_crime_gunviol,high_crash,b_summons_count,vm_arrests_count,post
1,2018-01-01,0,5,0,0,0,0,0,1,1189,194,0
1,2018-02-01,0,7,0,1,0,0,0,1,1380,171,0
1,2018-03-01,0,8,0,0,0,0,0,1,1130,158,0
1,2018-04-01,0,0,0,0,0,0,0,1,1184,186,0
1,2018-05-01,0,8,0,0,0,0,0,1,1385,174,0
1,2018-06-01,0,8,0,0,0,0,0,1,1679,168,0
1,2018-07-01,0,4,0,0,0,0,0,1,910,178,0
1,2018-08-01,0,6,0,0,0,0,0,1,851,180,0
1,2018-09-01,0,10,0,0,0,0,0,1,622,130,0
1,2018-10-01,0,9,0,0,0,0,0,1,1124,176,0
1,2018-11-01,0,8,0,0,0,0,0,1,1153,131,0
1,2018-12-01,0,6,0,0,0,0,0,1,920,167,0
1,2019-01-01,0,2,0,0,0,0,0,1,1494,177,0
1,2019-02-01,0,5,0,0,0,0,0,1,1264,133,0
1,2019-03-01,0,5,0,0,0,0,0,1,777,141,0
1,2019-04-01,0,6,0,0,0,0,0,1,644,151,0
1,2019-05-01,1,6,2,0,0,0,0,1,746,143,0
1,2019-06-01,0,8,0,0,0,0,0,1,806,167,0
1,2019-07-01,0,6,0,0,0,0,0,1,801,140,0
1,2019-08-01,0,5,0,0,0,0,0,1,825,145,0
1,2019-09-01,0,5,0,0,0,0,0,1,800,178,0
1,2019-10-01,0,10,0,0,0,0,0,1,667,214,0
1,2019-11-01,0,8,0,0,0,0,0,1,684,114,0
1,2019-12-01,0,12,0,0,0,0,0,1,487,146,0
1,2020-01-01,0,19,0,0,0,0,0,1,772,112,0
1,2020-02-01,0,22,1,0,0,0,0,1,774,114,0
1,2020-03-01,0,6,0,0,0,0,0,1,536,87,0
1,2020-04-01,0,9,0,0,0,0,0,1,33,37,0
1,2020-05-01,1,7,2,0,0,0,0,1,210,50,0
1,2020-06-01,0,6,0,0,0,0,0,1,99,77,0
1,2020-07-01,0,13,0,0,0,0,0,1,57,35,0
1,2020-08-01,0,18,0,0,0,0,0,1,104,26,0
1,2020-09-01,0,8,1,0,0,0,0,1,257,62,0
1,2020-10-01,1,19,1,0,0,0,0,1,277,42,0
1,2020-11-01,0,9,0,1,0,0,0,1,185,58,0
1,2020-12-01,1,15,2,0,0,0,0,1,288,53,0
1,2021-01-01,0,9,0,0,0,0,0,1,460,45,0
1,2021-02-01,0,9,1,0,0,0,0,1,321,50,0
1,2021-03-01,0,5,0,0,0,0,0,1,402,61,0
1,2021-04-01,0,4,0,0,0,0,0,1,313,81,0
1,2021-05-01,0,7,1,0,0,0,0,1,264,102,0
1,2021-06-01,0,12,0,0,0,0,0,1,287,122,0
1,2021-07-01,0,13,0,0,0,0,0,1,314,82,0
1,2021-08-01,0,11,0,0,0,0,0,1,371,90,0
1,2021-09-01,0,18,1,0,0,0,0,1,365,100,0
1,2021-10-01,0,13,0,0,0,0,0,1,557,144,0
1,2021-11-01,0,22,0,0,0,0,0,1,217,95,0
1,2021-12-01,0,12,0,1,0,0,0,1,155,106,0
1,2022-01-01,0,12,0,0,0,0,0,1,238,95,0
1,2022-02-01,0,11,0,0,0,0,0,1,370,86,0
1,2022-03-01,1,10,2,1,0,0,0,1,378,132,0
1,2022-04-01,0,16,0,0,0,0,0,1,268,135,0
1,2022-05-01,0,13,1,0,0,0,0,1,313,98,0
1,2022-06-01,0,10,0,0,0,0,0,1,339,114,0
1,2022-07-01,1,11,2,0,0,0,0,1,409,103,0
1,2022-08-01,0,10,0,0,0,0,0,1,355,127,0
1,2022-09-01,0,10,0,0,0,0,0,1,413,98,0
1,2022-10-01,0,13,0,0,0,0,0,1,380,137,1
1,2022-11-01,0,12,0,0,0,0,0,1,382,173,1
1,2022-12-01,0,8,0,0,0,0,0,1,355,104,1
1,2023-01-01,0,14,0,1,0,0,0,1,322,140,1
1,2023-02-01,0,9,0,0,0,0,0,1,424,139,1
1,2023-03-01,0,8,0,0,0,0,0,1,475,101,1
1,2023-04-01,0,9,0,0,0,0,0,1,439,90,1
1,2023-05-01,0,10,0,0,0,0,0,1,406,113,1
1,2023-06-01,0,14,1,0,0,0,0,1,386,125,1
1,2023-07-01,0,19,0,0,0,0,0,1,331,114,1
1,2023-08-01,0,10,0,0,0,0,0,1,469,124,1
1,2023-09-01,0,5,0,0,0,0,0,1,419,106,1
1,2023-10-01,0,12,0,0,0,0,0,1,423,145,1
1,2023-11-01,0,11,0,0,0,0,0,1,441,173,1
1,2023-12-01,0,11,0,0,0,0,0,1,345,139,1
1,2024-01-01,0,14,0,1,0,0,0,1,442,177,1
1,2024-02-01,0,8,0,0,0,0,0,1,413,196,1
1,2024-03-01,0,10,0,0,0,0,0,1,496,163,1
1,2024-04-01,0,9,0,0,0,0,0,1,570,184,1
1,2024-05-01,1,17,1,0,0,0,0,1,522,159,1
1,2024-06-01,1,5,1,0,0,0,0,1,427,179,1
1,2024-07-01,0,10,0,0,0,0,0,1,450,224,1
1,2024-08-01,0,15,0,0,0,0,0,1,408,195,1
1,2024-09-01,0,16,0,0,0,0,0,1,356,194,1
1,2024-10-01,0,15,1,0,0,0,0,1,439,205,1
1,2024-11-01,0,18,0,0,0,0,0,1,363,201,1
1,2024-12-01,1,14,1,0,0,0,0,1,303,164,1
1,2025-01-01,0,7,0,0,0,0,0,1,436,279,1
1,2025-02-01,0,15,1,0,0,0,0,1,303,210,1
1,2025-03-01,0,11,1,0,0,0,0,1,424,271,1
1,2025-04-01,0,18,1,0,0,0,0,1,443,282,1
1,2025-05-01,0,19,0,0,0,0,0,1,453,302,1
1,2025-06-01,0,14,0,0,0,0,0,1,475,221,1
1,2025-07-01,0,8,0,0,0,0,0,1,451,309,1
1,2025-08-01,0,18,0,0,0,0,0,1,467,192,1
1,2025-09-01,0,9,0,0,0,0,0,1,579,274,1
1,2025-10-01,0,11,0,0,0,0,0,1,620,283,1
1,2025-11-01,0,13,1,0,0,0,0,1,534,223,1
1,2025-12-01,0,8,0,0,0,0,0,1,403,177,1
5,2018-01-01,0,7,0,0,0,0,0,0,1149,205,0
5,2018-02-01,0,6,0,0,0,0,0,0,1075,172,0
5,2018-03-01,0,11,0,0,0,0,0,0,961,197,0
5,2018-04-01,0,3,0,0,0,0,0,0,935,166,0
5,2018-05-01,0,10,1,0,0,0,0,0,968,170,0
5,2018-06-01,1,10,2,0,0,0,0,0,997,151,0
5,2018-07-01,0,6,0,0,0,0,0,0,933,154,0
5,2018-08-01,0,2,0,0,0,0,0,0,1572,143,0
5,2018-09-01,0,5,0,0,0,0,0,0,897,134,0
5,2018-10-01,0,8,0,0,0,0,0,0,1143,156,0
5,2018-11-01,0,9,0,0,0,0,0,0,1145,129,0
5,2018-12-01,0,8,0,0,0,0,0,0,656,135,0
5,2019-01-01,0,5,0,0,0,0,0,0,1156,127,0
5,2019-02-01,0,7,0,0,0,0,0,0,1348,126,0
5,2019-03-01,0,9,0,0,0,0,0,0,973,157,0
5,2019-04-01,0,5,1,0,0,0,0,0,762,214,0
5,2019-05-01,0,9,0,0,0,0,0,0,944,138,0
5,2019-06-01,1,8,2,0,0,0,0,0,819,150,0
5,2019-07-01,0,9,0,0,0,0,0,0,773,137,0
5,2019-08-01,2,8,2,0,0,0,0,0,764,117,0
5,2019-09-01,0,3,1,0,0,0,0,0,923,128,0
5,2019-10-01,0,9,0,0,0,0,0,0,857,134,0
5,2019-11-01,0,10,0,0,0,0,0,0,855,131,0
5,2019-12-01,0,9,0,0,0,0,0,0,633,95,0
5,2020-01-01,0,12,0,0,0,0,0,0,919,106,0
5,2020-02-01,0,4,0,0,0,0,0,0,1067,118,0
5,2020-03-01,0,9,0,0,0,0,0,0,489,76,0
5,2020-04-01,0,2,0,0,0,0,0,0,68,42,0
5,2020-05-01,0,2,1,0,0,0,0,0,609,55,0
5,2020-06-01,1,4,1,0,0,0,0,0,118,58,0
5,2020-07-01,0,6,0,0,0,0,0,0,30,50,0
5,2020-08-01,0,5,1,0,0,0,0,0,144,32,0
5,2020-09-01,0,5,0,0,0,0,0,0,254,33,0
5,2020-10-01,0,6,0,0,0,0,0,0,287,61,0
5,2020-11-01,1,5,2,0,0,0,0,0,390,33,0
5,2020-12-01,1,7,2,0,0,0,0,0,315,46,0
5,2021-01-01,0,7,0,0,0,0,0,0,552,55,0
5,2021-02-01,0,7,0,0,0,0,0,0,296,50,0
5,2021-03-01,0,2,0,0,0,0,0,0,486,62,0
5,2021-04-01,0,2,0,0,0,0,0,0,299,51,0
5,2021-05-01,0,4,0,0,0,0,0,0,395,73,0
5,2021-06-01,1,7,3,0,0,0,0,0,597,61,0
5,2021-07-01,0,5,0,0,0,0,0,0,507,63,0
5,2021-08-01,0,11,0,0,0,0,0,0,611,67,0
5,2021-09-01,1,2,2,0,0,0,0,0,428,91,0
5,2021-10-01,0,14,0,0,0,0,0,0,634,74,0
5,2021-11-01,0,7,0,0,0,0,0,0,405,78,0
5,2021-12-01,0,6,1,0,0,0,0,0,297,83,0
5,2022-01-01,0,3,0,0,0,0,0,0,220,51,0
5,2022-02-01,0,6,3,0,0,0,0,0,303,78,0
5,2022-03-01,2,8,4,0,0,0,0,0,398,83,0
5,2022-04-01,1,8,1,0,0,0,0,0,590,74,0
5,2022-05-01,1,3,2,0,0,0,0,0,450,83,0
5,2022-06-01,1,8,2,0,0,0,0,0,500,86,0
5,2022-07-01,1,10,3,0,0,0,0,0,460,82,0
5,2022-08-01,0,9,1,0,0,0,0,0,539,99,0
5,2022-09-01,0,15,2,0,0,0,0,0,570,85,0
5,2022-10-01,0,16,0,0,0,0,0,0,594,93,1
5,2022-11-01,0,11,0,0,0,0,0,0,634,119,1
5,2022-12-01,1,7,1,0,0,0,0,0,532,85,1
5,2023-01-01,2,13,2,0,0,0,0,0,531,111,1
5,2023-02-01,0,14,0,0,0,0,0,0,471,84,1
5,2023-03-01,0,8,2,0,0,0,0,0,444,96,1
5,2023-04-01,0,12,0,0,0,0,0,0,582,75,1
5,2023-05-01,1,13,1,0,0,0,0,0,651,106,1
5,2023-06-01,2,11,2,0,0,0,0,0,542,92,1
5,2023-07-01,1,5,1,0,0,0,0,0,604,87,1
5,2023-08-01,1,10,1,0,0,0,0,0,637,93,1
5,2023-09-01,0,4,0,0,0,0,0,0,453,79,1
5,2023-10-01,0,10,2,0,0,0,0,0,326,89,1
5,2023-11-01,0,10,0,0,0,0,0,0,460,94,1
5,2023-12-01,1,6,1,0,0,0,0,0,404,93,1
5,2024-01-01,0,9,0,0,0,0,0,0,504,260,1
5,2024-02-01,0,4,0,0,0,0,0,0,440,106,1
5,2024-03-01,0,9,0,0,0,0,0,0,652,121,1
5,2024-04-01,0,12,0,0,0,0,0,0,496,94,1
5,2024-05-01,0,13,0,0,0,0,0,0,516,110,1
5,2024-06-01,0,11,0,0,0,0,0,0,535,105,1
5,2024-07-01,0,25,0,1,0,0,0,0,447,122,1
5,2024-08-01,1,22,2,0,0,0,0,0,483,130,1
5,2024-09-01,1,11,1,0,0,0,0,0,340,155,1
5,2024-10-01,1,23,1,0,0,0,0,0,370,141,1
5,2024-11-01,0,11,1,0,0,0,0,0,418,134,1
5,2024-12-01,0,10,0,1,0,0,0,0,418,95,1
5,2025-01-01,0,11,0,0,0,0,0,0,423,124,1
5,2025-02-01,0,10,0,0,0,0,0,0,501,109,1
5,2025-03-01,0,9,0,0,0,0,0,0,547,102,1
5,2025-04-01,0,22,0,1,0,0,0,0,425,131,1
5,2025-05-01,1,8,2,0,0,0,0,0,496,115,1
5,2025-06-01,0,15,0,0,0,0,0,0,494,148,1
5,2025-07-01,0,6,0,0,0,0,0,0,781,82,1
5,2025-08-01,0,18,1,0,0,0,0,0,706,114,1
5,2025-09-01,0,16,1,0,0,0,0,0,500,108,1
5,2025-10-01,0,8,0,0,0,0,0,0,444,132,1
5,2025-11-01,0,12,0,0,0,0,0,0,465,129,1
5,2025-12-01,0,16,1,0,0,0,0,0,446,98,1
6,2018-01-01,0,15,0,0,0,1,0,0,832,166,0
6,2018-02-01,0,6,0,0,0,1,0,0,842,152,0
6,2018-03-01,0,3,0,0,0,1,0,0,769,164,0
6,2018-04-01,0,5,0,0,0,1,0,0,755,134,0
6,2018-05-01,0,16,0,0,0,1,0,0,1085,143,0
6,2018-06-01,1,11,2,0,0,1,0,0,874,144,0
6,2018-07-01,0,17,0,0,0,1,0,0,705,150,0
6,2018-08-01,0,18,0,0,0,1,0,0,682,104,0
6,2018-09-01,0,11,0,0,0,1,0,0,744,133,0
6,2018-10-01,0,20,0,0,0,1,0,0,926,125,0
6,2018-11-01,0,16,0,0,0,1,0,0,949,123,0
6,2018-12-01,1,17,1,0,0,1,0,0,752,105,0
6,2019-01-01,0,8,0,0,0,1,0,0,923,107,0
6,2019-02-01,0,4,0,0,0,1,0,0,1062,65,0
6,2019-03-01,0,13,0,0,0,1,0,0,872,87,0
6,2019-04-01,0,12,0,0,0,1,0,0,819,98,0
6,2019-05-01,0,15,0,0,0,1,0,0,937,100,0
6,2019-06-01,0,12,0,0,0,1,0,0,664,116,0
6,2019-07-01,0,20,0,0,0,1,0,0,779,128,0
6,2019-08-01,0,16,0,0,0,1,0,0,739,143,0
6,2019-09-01,0,15,0,0,0,1,0,0,820,139,0
6,2019-10-01,0,10,0,0,0,1,0,0,835,129,0
6,2019-11-01,0,11,0,0,0,1,0,0,806,105,0
6,2019-12-01,0,7,0,0,0,1,0,0,595,84,0
6,2020-01-01,0,12,0,0,0,1,0,0,1049,101,0
6,2020-02-01,0,7,0,0,0,1,0,0,894,106,0
6,2020-03-01,0,8,0,0,0,1,0,0,504,106,0
6,2020-04-01,0,4,0,0,0,1,0,0,56,50,0
6,2020-05-01,0,10,0,0,0,1,0,0,211,116,0
6,2020-06-01,1,13,2,0,0,1,0,0,21,67,0
6,2020-07-01,0,16,0,0,0,1,0,0,39,39,0
6,2020-08-01,0,13,1,0,0,1,0,0,66,52,0
6,2020-09-01,0,14,0,0,0,1,0,0,145,75,0
6,2020-10-01,0,17,0,0,0,1,0,0,216,64,0
6,2020-11-01,0,16,0,1,0,1,0,0,77,65,0
6,2020-12-01,0,14,0,0,0,1,0,0,78,51,0
6,2021-01-01,0,16,0,0,0,1,0,0,313,50,0
6,2021-02-01,0,9,0,0,0,1,0,0,232,31,0
6,2021-03-01,1,14,2,0,0,1,0,0,386,52,0
6,2021-04-01,1,11,1,0,0,1,0,0,268,49,0
6,2021-05-01,1,20,1,0,0,1,0,0,334,54,0
6,2021-06-01,0,15,0,0,0,1,0,0,285,85,0
6,2021-07-01,0,12,0,0,0,1,0,0,86,66,0
6,2021-08-01,0,13,0,0,0,1,0,0,232,88,0
6,2021-09-01,0,23,0,0,0,1,0,0,352,83,0
6,2021-10-01,0,17,0,0,0,1,0,0,390,75,0
6,2021-11-01,0,18,0,0,0,1,0,0,311,64,0
6,2021-12-01,0,22,0,0,0,1,0,0,258,47,0
6,2022-01-01,0,17,0,0,0,1,0,0,275,65,0
6,2022-02-01,0,19,0,0,0,1,0,0,211,63,0
6,2022-03-01,0,22,0,0,0,1,0,0,449,82,0
6,2022-04-01,0,18,0,0,0,1,0,0,391,113,0
6,2022-05-01,0,17,0,0,0,1,0,0,491,87,0
6,2022-06-01,0,27,0,0,0,1,0,0,474,90,0
6,2022-07-01,0,15,0,0,0,1,0,0,365,60,0
6,2022-08-01,0,30,0,0,0,1,0,0,260,103,0
6,2022-09-01,0,30,0,0,0,1,0,0,394,92,0
6,2022-10-01,0,20,0,0,0,1,0,0,431,113,1
6,2022-11-01,0,21,0,0,0,1,0,0,365,66,1
6,2022-12-01,0,14,0,0,0,1,0,0,324,75,1
6,2023-01-01,0,16,0,0,0,1,0,0,358,122,1
6,2023-02-01,0,18,0,0,0,1,0,0,253,99,1
6,2023-03-01,0,9,0,0,0,1,0,0,352,120,1
6,2023-04-01,0,15,0,0,0,1,0,0,311,111,1
6,2023-05-01,0,13,0,0,0,1,0,0,458,90,1
6,2023-06-01,0,20,0,0,0,1,0,0,306,110,1
6,2023-07-01,0,17,0,0,0,1,0,0,258,112,1
6,2023-08-01,0,13,0,0,0,1,0,0,438,101,1
6,2023-09-01,0,20,0,0,0,1,0,0,311,77,1
6,2023-10-01,0,16,1,0,0,1,0,0,435,67,1
6,2023-11-01,0,22,0,0,0,1,0,0,358,80,1
6,2023-12-01,0,15,0,0,0,1,0,0,227,69,1
6,2024-01-01,0,11,0,0,0,1,0,0,359,81,1
6,2024-02-01,0,13,0,0,0,1,0,0,398,115,1
6,2024-03-01,0,14,0,1,0,1,0,0,244,105,1
6,2024-04-01,0,15,0,0,0,1,0,0,296,84,1
6,2024-05-01,0,16,0,0,0,1,0,0,318,140,1
6,2024-06-01,0,14,0,0,0,1,0,0,384,106,1
6,2024-07-01,1,11,1,0,0,1,0,0,276,93,1
6,2024-08-01,0,16,0,0,0,1,0,0,367,108,1
6,2024-09-01,0,16,0,0,0,1,0,0,416,121,1
6,2024-10-01,0,14,0,1,0,1,0,0,364,113,1
6,2024-11-01,0,5,0,0,0,1,0,0,414,113,1
6,2024-12-01,0,11,0,1,0,1,0,0,462,107,1
6,2025-01-01,0,5,0,0,0,1,0,0,446,120,1
6,2025-02-01,0,10,0,0,0,1,0,0,480,117,1
6,2025-03-01,0,5,0,0,0,1,0,0,581,133,1
6,2025-04-01,0,12,0,0,0,1,0,0,422,203,1
6,2025-05-01,0,16,0,0,0,1,0,0,443,170,1
6,2025-06-01,1,8,1,0,0,1,0,0,278,140,1
6,2025-07-01,1,8,1,0,0,1,0,0,387,118,1
6,2025-08-01,1,11,1,0,0,1,0,0,391,105,1
6,2025-09-01,0,19,1,0,0,1,0,0,521,123,1
6,2025-10-01,0,15,0,0,0,1,0,0,624,113,1
6,2025-11-01,0,8,0,0,0,1,0,0,649,101,1
6,2025-12-01,0,6,0,0,0,1,0,0,638,56,1
7,2018-01-01,0,14,0,0,0,0,0,1,942,154,0
7,2018-02-01,0,13,0,0,0,0,0,1,1073,209,0
7,2018-03-01,0,12,0,0,0,0,0,1,1133,148,0
7,2018-04-01,1,5,2,0,0,0,0,1,1134,133,0
7,2018-05-01,0,9,0,0,0,0,0,1,1140,145,0
7,2018-06-01,0,11,0,0,0,0,0,1,813,106,0
7,2018-07-01,0,7,0,0,0,0,0,1,810,117,0
7,2018-08-01,0,8,1,0,0,0,0,1,975,109,0
7,2018-09-01,0,8,0,0,0,0,0,1,727,141,0
7,2018-10-01,0,13,0,0,0,0,0,1,1153,111,0
7,2018-11-01,0,11,0,0,0,0,0,1,1180,114,0
7,2018-12-01,0,8,0,0,0,0,0,1,762,106,0
7,2019-01-01,0,12,1,0,0,0,0,1,903,159,0
7,2019-02-01,0,7,1,0,0,0,0,1,908,123,0
7,2019-03-01,0,12,0,0,0,0,0,1,906,139,0
7,2019-04-01,2,7,4,0,0,0,0,1,713,144,0
7,2019-05-01,2,11,4,0,0,0,0,1,960,131,0
7,2019-06-01,0,9,1,0,0,0,0,1,801,91,0
7,2019-07-01,0,12,0,0,0,0,0,1,824,125,0
7,2019-08-01,0,23,0,0,0,0,0,1,686,115,0
7,2019-09-01,0,12,0,0,0,0,0,1,1051,97,0
7,2019-10-01,0,19,0,0,0,0,0,1,1009,74,0
7,2019-11-01,0,13,1,0,0,0,0,1,755,97,0
7,2019-12-01,0,13,0,0,0,0,0,1,432,79,0
7,2020-01-01,0,12,0,0,0,0,0,1,925,84,0
7,2020-02-01,0,8,0,2,0,0,0,1,944,106,0
7,2020-03-01,1,12,2,0,0,0,0,1,604,91,0
7,2020-04-01,0,10,1,0,0,0,0,1,37,64,0
7,2020-05-01,0,5,0,0,0,0,0,1,275,71,0
7,2020-06-01,1,6,2,0,0,0,0,1,114,34,0
7,2020-07-01,1,7,4,0,0,0,0,1,114,42,0
7,2020-08-01,0,11,1,0,0,0,0,1,91,49,0
7,2020-09-01,0,13,0,0,0,0,0,1,193,45,0
7,2020-10-01,1,8,2,0,0,0,0,1,248,61,0
7,2020-11-01,1,7,2,0,0,0,0,1,143,49,0
7,2020-12-01,0,17,1,0,0,0,0,1,144,46,0
7,2021-01-01,0,2,1,0,0,0,0,1,328,91,0
7,2021-02-01,1,4,3,0,0,0,0,1,263,69,0
7,2021-03-01,2,4,2,0,0,0,0,1,365,88,0
7,2021-04-01,0,4,0,0,0,0,0,1,235,80,0
7,2021-05-01,0,11,2,0,0,0,0,1,230,60,0
7,2021-06-01,1,18,3,0,0,0,0,1,306,70,0
7,2021-07-01,0,16,0,0,0,0,0,1,178,82,0
7,2021-08-01,1,13,2,0,0,0,0,1,148,74,0
7,2021-09-01,0,10,0,0,0,0,0,1,362,72,0
7,2021-10-01,1,9,1,0,0,0,0,1,359,120,0
7,2021-11-01,1,15,1,0,0,0,0,1,321,114,0
7,2021-12-01,0,13,1,0,0,0,0,1,296,80,0
7,2022-01-01,1,10,3,0,0,0,0,1,369,80,0
7,2022-02-01,0,13,1,0,0,0,0,1,341,106,0
7,2022-03-01,1,16,3,0,0,0,0,1,401,159,0
7,2022-04-01,1,15,3,0,0,0,0,1,438,106,0
7,2022-05-01,1,11,5,0,0,0,0,1,512,94,0
7,2022-06-01,0,21,1,0,0,0,0,1,424,73,0
7,2022-07-01,3,12,6,0,0,0,0,1,338,85,0
7,2022-08-01,0,24,1,0,0,0,0,1,404,113,0
7,2022-09-01,1,16,1,1,0,0,0,1,620,109,0
7,2022-10-01,0,19,0,0,0,0,0,1,684,109,1
7,2022-11-01,0,12,0,0,0,0,0,1,366,90,1
7,2022-12-01,0,9,0,0,0,0,0,1,547,114,1
7,2023-01-01,1,7,2,0,0,0,0,1,628,110,1
7,2023-02-01,1,11,1,0,0,0,0,1,669,68,1
7,2023-03-01,0,16,0,0,0,0,0,1,585,85,1
7,2023-04-01,0,6,3,0,0,0,0,1,552,93,1
7,2023-05-01,0,12,0,0,0,0,0,1,679,107,1
7,2023-06-01,3,14,3,1,0,0,0,1,521,104,1
7,2023-07-01,3,12,4,0,0,0,0,1,569,93,1
7,2023-08-01,0,13,2,0,0,0,0,1,649,84,1
7,2023-09-01,0,11,1,0,0,0,0,1,509,88,1
7,2023-10-01,0,9,0,0,0,0,0,1,533,110,1
7,2023-11-01,0,14,1,1,0,0,0,1,462,117,1
7,2023-12-01,0,15,0,0,0,0,0,1,365,93,1
7,2024-01-01,0,9,0,0,0,0,0,1,687,134,1
7,2024-02-01,0,4,1,0,0,0,0,1,469,102,1
7,2024-03-01,1,10,3,0,0,0,0,1,531,112,1
7,2024-04-01,0,16,4,0,0,0,0,1,501,118,1
7,2024-05-01,0,5,2,0,0,0,0,1,606,130,1
7,2024-06-01,1,4,2,1,0,0,0,1,568,100,1
7,2024-07-01,0,11,2,0,0,0,0,1,661,98,1
7,2024-08-01,2,11,2,0,0,0,0,1,530,96,1
7,2024-09-01,1,12,3,0,0,0,0,1,514,100,1
7,2024-10-01,1,7,2,1,0,0,0,1,592,123,1
7,2024-11-01,0,7,3,0,0,0,0,1,487,146,1
7,2024-12-01,0,8,1,0,0,0,0,1,458,97,1
7,2025-01-01,0,7,1,0,0,0,0,1,756,86,1
7,2025-02-01,1,11,4,0,0,0,0,1,715,106,1
7,2025-03-01,0,14,3,0,0,0,0,1,721,89,1
7,2025-04-01,0,10,1,0,0,0,0,1,635,103,1
7,2025-05-01,0,9,1,0,0,0,0,1,644,107,1
7,2025-06-01,1,6,2,0,0,0,0,1,521,108,1
7,2025-07-01,0,16,2,0,0,0,0,1,474,93,1
7,2025-08-01,2,15,3,0,0,0,0,1,675,128,1
7,2025-09-01,1,5,2,1,0,0,0,1,522,109,1
7,2025-10-01,0,8,0,0,0,0,0,1,499,119,1
7,2025-11-01,0,8,2,0,0,0,0,1,391,119,1
7,2025-12-01,0,4,0,0,0,0,0,1,519,76,1
9,2018-01-01,0,9,0,0,0,0,0,1,1023,180,0
9,2018-02-01,0,12,0,0,0,0,0,1,988,150,0
9,2018-03-01,0,6,0,0,0,0,0,1,795,162,0
9,2018-04-01,0,7,0,0,0,0,0,1,988,155,0
9,2018-05-01,0,6,0,0,0,0,0,1,1021,135,0
9,2018-06-01,0,5,0,0,0,0,0,1,893,102,0
9,2018-07-01,0,7,0,1,0,0,0,1,627,115,0
9,2018-08-01,0,8,0,0,0,0,0,1,767,112,0
9,2018-09-01,0,9,0,0,0,0,0,1,820,108,0
9,2018-10-01,0,8,0,0,0,0,0,1,856,109,0
9,2018-11-01,0,4,0,0,0,0,0,1,847,72,0
9,2018-12-01,0,3,1,0,0,0,0,1,650,110,0
9,2019-01-01,0,5,0,0,0,0,0,1,901,122,0
9,2019-02-01,0,6,0,0,0,0,0,1,1259,84,0
9,2019-03-01,0,10,0,0,0,0,0,1,836,91,0
9,2019-04-01,1,10,1,0,0,0,0,1,864,116,0
9,2019-05-01,0,11,0,0,0,0,0,1,942,113,0
9,2019-06-01,0,6,0,0,0,0,0,1,731,104,0
9,2019-07-01,1,11,1,1,0,0,0,1,657,98,0
9,2019-08-01,1,13,2,0,0,0,0,1,633,80,0
9,2019-09-01,0,15,2,0,0,0,0,1,632,92,0
9,2019-10-01,0,9,1,0,0,0,0,1,672,90,0
9,2019-11-01,0,10,0,0,0,0,0,1,509,86,0
9,2019-12-01,0,13,0,0,0,0,0,1,416,70,0
9,2020-01-01,2,9,4,0,0,0,0,1,646,77,0
9,2020-02-01,0,7,0,0,0,0,0,1,639,85,0
9,2020-03-01,1,5,2,0,0,0,0,1,338,64,0
9,2020-04-01,0,9,0,0,0,0,0,1,15,53,0
9,2020-05-01,1,3,1,0,0,0,0,1,206,72,0
9,2020-06-01,1,13,2,0,0,0,0,1,18,44,0
9,2020-07-01,1,6,2,0,0,0,0,1,19,29,0
9,2020-08-01,1,10,2,0,0,0,0,1,94,34,0
9,2020-09-01,2,11,4,0,0,0,0,1,89,41,0
9,2020-10-01,1,11,1,0,0,0,0,1,443,55,0
9,2020-11-01,0,7,0,0,0,0,0,1,258,52,0
9,2020-12-01,1,3,1,0,0,0,0,1,440,46,0
9,2021-01-01,1,10,1,0,0,0,0,1,362,66,0
9,2021-02-01,1,14,2,0,0,0,0,1,307,56,0
9,2021-03-01,0,8,0,1,0,0,0,1,238,78,0
9,2021-04-01,0,11,3,0,0,0,0,1,236,61,0
9,2021-05-01,1,12,2,0,0,0,0,1,388,56,0
9,2021-06-01,0,14,1,0,0,0,0,1,363,97,0
9,2021-07-01,0,12,0,0,0,0,0,1,273,94,0
9,2021-08-01,1,17,3,0,0,0,0,1,329,92,0
9,2021-09-01,0,20,0,0,0,0,0,1,451,82,0
9,2021-10-01,0,27,2,0,0,0,0,1,593,104,0
9,2021-11-01,0,27,1,0,0,0,0,1,451,107,0
9,2021-12-01,1,11,3,0,0,0,0,1,354,76,0
9,2022-01-01,1,19,1,0,0,0,0,1,481,83,0
9,2022-02-01,0,32,0,0,0,0,0,1,502,107,0
9,2022-03-01,0,22,0,0,0,0,0,1,477,121,0
9,2022-04-01,1,18,1,0,0,0,0,1,424,142,0
9,2022-05-01,1,17,1,0,0,0,0,1,484,122,0
9,2022-06-01,0,22,0,0,0,0,0,1,530,99,0
9,2022-07-01,0,23,0,0,0,0,0,1,554,121,0
9,2022-08-01,0,15,0,0,0,0,0,1,525,70,0
9,2022-09-01,2,17,2,0,0,0,0,1,636,96,0
9,2022-10-01,3,11,3,0,0,0,0,1,638,80,1
9,2022-11-01,0,13,1,0,0,0,0,1,456,87,1
9,2022-12-01,0,13,0,0,0,0,0,1,751,75,1
9,2023-01-01,0,9,0,0,0,0,0,1,627,83,1
9,2023-02-01,0,12,0,0,0,0,0,1,530,89,1
9,2023-03-01,1,20,2,0,0,0,0,1,707,95,1
9,2023-04-01,0,13,0,0,0,0,0,1,552,83,1
9,2023-05-01,2,22,3,1,0,0,0,1,598,92,1
9,2023-06-01,0,14,0,0,0,0,0,1,385,95,1
9,2023-07-01,0,19,0,0,0,0,0,1,475,94,1
9,2023-08-01,0,21,0,0,0,0,0,1,568,113,1
9,2023-09-01,0,18,0,0,0,0,0,1,523,87,1
9,2023-10-01,0,10,0,0,0,0,0,1,453,91,1
9,2023-11-01,0,13,0,0,0,0,0,1,452,88,1
9,2023-12-01,1,18,1,0,0,0,0,1,421,74,1
9,2024-01-01,0,11,0,0,0,0,0,1,540,79,1
9,2024-02-01,0,12,0,0,0,0,0,1,611,73,1
9,2024-03-01,1,9,2,0,0,0,0,1,641,91,1
9,2024-04-01,0,6,0,0,0,0,0,1,633,75,1
9,2024-05-01,0,15,0,1,0,0,0,1,540,96,1
9,2024-06-01,1,9,1,0,0,0,0,1,533,80,1
9,2024-07-01,1,7,1,1,0,0,0,1,530,96,1
9,2024-08-01,1,12,4,0,0,0,0,1,521,89,1
9,2024-09-01,0,13,2,0,0,0,0,1,525,88,1
9,2024-10-01,0,17,0,1,0,0,0,1,651,81,1
9,2024-11-01,1,19,3,0,0,0,0,1,601,118,1
9,2024-12-01,0,11,1,0,0,0,0,1,502,88,1
9,2025-01-01,0,9,1,0,0,0,0,1,727,129,1
9,2025-02-01,0,6,0,0,0,0,0,1,647,75,1
9,2025-03-01,1,7,2,0,0,0,0,1,695,107,1
9,2025-04-01,0,14,2,0,0,0,0,1,697,115,1
9,2025-05-01,0,13,1,0,0,0,0,1,625,135,1
9,2025-06-01,0,13,2,0,0,0,0,1,464,95,1
9,2025-07-01,0,5,0,1,0,0,0,1,538,105,1
9,2025-08-01,1,14,1,0,0,0,0,1,483,111,1
9,2025-09-01,0,9,0,0,0,0,0,1,505,126,1
9,2025-10-01,0,4,0,0,0,0,0,1,550,111,1
9,2025-11-01,0,10,0,0,0,0,0,1,451,128,1
9,2025-12-01,0,7,0,0,0,0,0,1,562,121,1
10,2018-01-01,0,7,0,0,0,0,0,0,1609,144,0
10,2018-02-01,0,6,0,0,0,0,0,0,2049,128,0
10,2018-03-01,0,3,1,0,0,0,0,0,2380,107,0
10,2018-04-01,0,10,0,0,0,0,0,0,2115,120,0
10,2018-05-01,0,8,0,0,0,0,0,0,1873,102,0
10,2018-06-01,0,7,0,0,0,0,0,0,1575,82,0
10,2018-07-01,0,6,1,0,0,0,0,0,1600,95,0
10,2018-08-01,0,9,0,0,0,0,0,0,1843,108,0
10,2018-09-01,0,5,0,0,0,0,0,0,1407,93,0
10,2018-10-01,0,7,0,0,0,0,0,0,1794,104,0
10,2018-11-01,0,6,0,0,0,0,0,0,2104,90,0
10,2018-12-01,0,7,0,0,0,0,0,0,906,96,0
10,2019-01-01,0,4,0,0,0,0,0,0,2082,98,0
10,2019-02-01,0,8,1,0,0,0,0,0,2195,66,0
10,2019-03-01,0,9,0,0,0,0,0,0,2060,92,0
10,2019-04-01,0,6,0,0,0,0,0,0,1537,109,0
10,2019-05-01,0,11,0,0,0,0,0,0,1524,92,0
10,2019-06-01,1,10,2,0,0,0,0,0,1587,94,0
10,2019-07-01,0,11,1,0,0,0,0,0,1595,75,0
10,2019-08-01,0,19,0,0,0,0,0,0,1781,186,0
10,2019-09-01,0,12,0,1,0,0,0,0,1633,97,0
10,2019-10-01,2,19,5,0,0,0,0,0,1395,93,0
10,2019-11-01,0,5,0,0,0,0,0,0,1036,70,0
10,2019-12-01,0,9,0,0,0,0,0,0,544,63,0
10,2020-01-01,0,13,0,0,0,0,0,0,1369,81,0
10,2020-02-01,0,12,0,0,0,0,0,0,1158,109,0
10,2020-03-01,0,13,0,0,0,0,0,0,851,56,0
10,2020-04-01,0,4,0,0,0,0,0,0,39,19,0
10,2020-05-01,0,6,2,0,0,0,0,0,424,44,0
10,2020-06-01,0,11,0,0,0,0,0,0,221,29,0
10,2020-07-01,0,11,1,0,0,0,0,0,140,17,0
10,2020-08-01,1,11,3,0,0,0,0,0,271,26,0
10,2020-09-01,0,13,1,0,0,0,0,0,322,29,0
10,2020-10-01,2,11,5,0,0,0,0,0,190,50,0
10,2020-11-01,0,13,1,0,0,0,0,0,77,41,0
10,2020-12-01,0,9,0,0,0,0,0,0,91,41,0
10,2021-01-01,0,6,1,1,0,0,0,0,329,42,0
10,2021-02-01,1,9,2,0,0,0,0,0,320,42,0
10,2021-03-01,0,9,0,0,0,0,0,0,452,50,0
10,2021-04-01,0,5,0,0,0,0,0,0,252,41,0
10,2021-05-01,0,10,0,0,0,0,0,0,312,41,0
10,2021-06-01,1,22,1,0,0,0,0,0,229,52,0
10,2021-07-01,0,8,0,0,0,0,0,0,342,67,0
10,2021-08-01,0,8,0,0,0,0,0,0,414,66,0
10,2021-09-01,0,19,1,0,0,0,0,0,390,55,0
10,2021-10-01,0,14,1,0,0,0,0,0,522,67,0
10,2021-11-01,0,17,0,0,0,0,0,0,446,64,0
10,2021-12-01,0,15,0,0,0,0,0,0,299,64,0
10,2022-01-01,1,14,2,0,0,0,0,0,315,39,0
10,2022-02-01,0,12,0,0,0,0,0,0,467,44,0
10,2022-03-01,1,8,3,0,0,0,0,0,652,52,0
10,2022-04-01,0,15,1,0,0,0,0,0,620,67,0
10,2022-05-01,0,13,1,0,0,0,0,0,587,80,0
10,2022-06-01,0,14,1,0,0,0,0,0,598,84,0
10,2022-07-01,0,9,1,0,0,0,0,0,494,78,0
10,2022-08-01,0,13,0,0,0,0,0,0,425,69,0
10,2022-09-01,0,16,0,0,0,0,0,0,475,69,0
10,2022-10-01,0,18,0,0,0,0,0,0,486,67,1
10,2022-11-01,2,12,3,0,0,0,0,0,412,48,1
10,2022-12-01,0,8,0,0,0,0,0,0,385,48,1
10,2023-01-01,0,7,1,1,0,0,0,0,560,61,1
10,2023-02-01,0,16,0,0,0,0,0,0,463,75,1
10,2023-03-01,0,12,0,0,0,0,0,0,583,49,1
10,2023-04-01,0,13,0,0,0,0,0,0,543,52,1
10,2023-05-01,0,8,0,0,0,0,0,0,494,63,1
10,2023-06-01,0,12,0,0,0,0,0,0,282,76,1
10,2023-07-01,0,16,0,0,0,0,0,0,448,70,1
10,2023-08-01,0,14,0,0,0,0,0,0,719,121,1
10,2023-09-01,0,7,0,0,0,0,0,0,342,69,1
10,2023-10-01,0,12,0,0,0,0,0,0,423,84,1
10,2023-11-01,0,10,0,0,0,0,0,0,333,71,1
10,2023-12-01,1,8,1,0,0,0,0,0,229,74,1
10,2024-01-01,0,10,0,0,0,0,0,0,544,79,1
10,2024-02-01,0,6,0,0,0,0,0,0,616,83,1
10,2024-03-01,0,8,1,0,0,0,0,0,448,97,1
10,2024-04-01,1,11,2,0,0,0,0,0,398,82,1
10,2024-05-01,0,14,0,0,0,0,0,0,353,103,1
10,2024-06-01,0,6,1,0,0,0,0,0,356,82,1
10,2024-07-01,0,7,0,0,0,0,0,0,382,89,1
10,2024-08-01,0,10,1,0,0,0,0,0,291,62,1
10,2024-09-01,0,8,0,0,0,0,0,0,318,72,1
10,2024-10-01,0,12,0,0,0,0,0,0,371,114,1
10,2024-11-01,0,9,0,0,0,0,0,0,319,114,1
10,2024-12-01,1,6,2,0,0,0,0,0,220,90,1
10,2025-01-01,0,8,0,0,0,0,0,0,404,89,1
10,2025-02-01,1,8,2,0,0,0,0,0,494,73,1
10,2025-03-01,0,10,0,0,0,0,0,0,592,97,1
10,2025-04-01,0,9,1,1,0,0,0,0,439,98,1
10,2025-05-01,0,8,0,0,0,0,0,0,521,78,1
10,2025-06-01,1,6,2,0,0,0,0,0,359,88,1
10,2025-07-01,0,14,0,0,0,0,0,0,266,93,1
10,2025-08-01,0,10,0,0,0,0,0,0,441,88,1
10,2025-09-01,0,8,0,0,0,0,0,0,419,86,1
10,2025-10-01,0,11,0,0,0,0,0,0,537,95,1
10,2025-11-01,0,10,1,0,0,0,0,0,566,81,1
10,2025-12-01,0,8,0,0,0,0,0,0,542,51,1
13,2018-01-01,1,12,2,0,0,1,0,1,1245,257,0
13,2018-02-01,0,8,0,0,0,1,0,1,1161,209,0
13,2018-03-01,0,12,0,0,0,1,0,1,1346,203,0
13,2018-04-01,0,10,0,0,0,1,0,1,1155,175,0
13,2018-05-01,0,17,0,0,0,1,0,1,1436,191,0
13,2018-06-01,0,10,0,0,0,1,0,1,1099,192,0
13,2018-07-01,0,18,0,0,0,1,0,1,1183,240,0
13,2018-08-01,1,10,1,0,0,1,0,1,1198,186,0
13,2018-09-01,0,15,1,0,0,1,0,1,1002,151,0
13,2018-10-01,0,17,0,0,0,1,0,1,1429,152,0
13,2018-11-01,0,11,0,0,0,1,0,1,1295,149,0
13,2018-12-01,0,11,0,0,0,1,0,1,734,167,0
13,2019-01-01,0,10,0,0,0,1,0,1,1523,224,0
13,2019-02-01,0,12,0,1,0,1,0,1,1748,180,0
13,2019-03-01,1,11,3,0,0,1,0,1,2198,182,0
13,2019-04-01,0,11,0,0,0,1,0,1,1590,164,0
13,2019-05-01,0,18,0,0,0,1,0,1,1209,208,0
13,2019-06-01,0,16,0,0,0,1,0,1,1196,141,0
13,2019-07-01,0,10,0,0,0,1,0,1,1316,157,0
13,2019-08-01,1,20,2,0,0,1,0,1,1196,146,0
13,2019-09-01,0,23,0,0,0,1,0,1,1060,133,0
13,2019-10-01,0,15,1,0,0,1,0,1,1072,145,0
13,2019-11-01,0,10,0,0,0,1,0,1,1125,114,0
13,2019-12-01,0,16,0,0,0,1,0,1,472,129,0
13,2020-01-01,0,15,0,0,0,1,0,1,1548,95,0
13,2020-02-01,0,17,0,0,0,1,0,1,1562,98,0
13,2020-03-01,0,14,0,0,0,1,0,1,1005,86,0
13,2020-04-01,0,9,0,0,0,1,0,1,11,58,0
13,2020-05-01,0,10,0,0,0,1,0,1,122,89,0
13,2020-06-01,1,12,1,0,0,1,0,1,52,71,0
13,2020-07-01,0,13,0,1,0,1,0,1,92,53,0
13,2020-08-01,1,15,3,0,0,1,0,1,221,77,0
13,2020-09-01,0,12,0,0,0,1,0,1,384,60,0
13,2020-10-01,1,20,3,0,0,1,0,1,256,73,0
13,2020-11-01,0,14,0,0,0,1,0,1,116,70,0
13,2020-12-01,0,16,0,0,0,1,0,1,292,75,0
13,2021-01-01,0,8,0,0,0,1,0,1,531,87,0
13,2021-02-01,1,12,1,0,0,1,0,1,494,79,0
13,2021-03-01,0,11,0,1,0,1,0,1,491,76,0
13,2021-04-01,0,11,0,0,0,1,0,1,346,83,0
13,2021-05-01,0,19,0,0,0,1,0,1,433,90,0
13,2021-06-01,2,15,3,0,0,1,0,1,387,96,0
13,2021-07-01,0,14,0,0,0,1,0,1,314,102,0
13,2021-08-01,0,27,1,0,0,1,0,1,395,108,0
13,2021-09-01,0,23,0,0,0,1,0,1,510,118,0
13,2021-10-01,1,24,1,0,0,1,0,1,620,131,0
13,2021-11-01,0,10,0,0,0,1,0,1,384,110,0
13,2021-12-01,0,15,1,0,0,1,0,1,357,121,0
13,2022-01-01,0,18,0,0,0,1,0,1,488,92,0
13,2022-02-01,0,12,0,0,0,1,0,1,438,139,0
13,2022-03-01,0,17,1,0,0,1,0,1,472,175,0
13,2022-04-01,0,18,0,0,0,1,0,1,459,125,0
13,2022-05-01,0,18,0,0,0,1,0,1,518,133,0
13,2022-06-01,0,13,0,0,0,1,0,1,553,119,0
13,2022-07-01,2,19,5,0,0,1,0,1,382,110,0
13,2022-08-01,0,13,0,0,0,1,0,1,284,94,0
13,2022-09-01,1,18,2,0,0,1,0,1,420,79,0
13,2022-10-01,0,22,0,0,0,1,0,1,572,111,1
13,2022-11-01,1,13,1,0,0,1,0,1,470,92,1
13,2022-12-01,0,9,0,0,0,1,0,1,289,125,1
13,2023-01-01,0,17,1,0,0,1,0,1,534,125,1
13,2023-02-01,0,13,0,0,0,1,0,1,497,91,1
13,2023-03-01,0,14,0,0,0,1,0,1,503,129,1
13,2023-04-01,0,10,0,0,0,1,0,1,547,95,1
13,2023-05-01,0,10,0,0,0,1,0,1,730,136,1
13,2023-06-01,0,15,0,0,0,1,0,1,714,106,1
13,2023-07-01,0,15,1,0,0,1,0,1,559,126,1
13,2023-08-01,0,16,0,0,0,1,0,1,718,187,1
13,2023-09-01,0,21,0,0,0,1,0,1,652,129,1
13,2023-10-01,1,17,1,0,0,1,0,1,315,107,1
13,2023-11-01,0,12,1,0,0,1,0,1,514,147,1
13,2023-12-01,0,15,2,0,0,1,0,1,491,148,1
13,2024-01-01,0,12,0,0,0,1,0,1,573,205,1
13,2024-02-01,1,14,1,0,0,1,0,1,589,263,1
13,2024-03-01,0,8,0,0,0,1,0,1,662,214,1
13,2024-04-01,0,9,0,0,0,1,0,1,524,174,1
13,2024-05-01,0,16,0,0,0,1,0,1,488,194,1
13,2024-06-01,0,12,0,0,0,1,0,1,567,175,1
13,2024-07-01,1,17,1,0,0,1,0,1,434,176,1
13,2024-08-01,0,15,0,0,0,1,0,1,350,203,1
13,2024-09-01,0,15,0,0,0,1,0,1,403,190,1
13,2024-10-01,0,13,0,0,0,1,0,1,446,221,1
13,2024-11-01,0,30,0,0,0,1,0,1,458,201,1
13,2024-12-01,0,18,1,0,0,1,0,1,442,217,1
13,2025-01-01,0,12,0,0,0,1,0,1,581,184,1
13,2025-02-01,0,12,0,1,0,1,0,1,543,197,1
13,2025-03-01,0,12,0,0,0,1,0,1,591,207,1
13,2025-04-01,0,15,0,0,0,1,0,1,423,214,1
13,2025-05-01,0,24,2,0,0,1,0,1,774,234,1
13,2025-06-01,0,21,1,0,0,1,0,1,507,193,1
13,2025-07-01,0,9,1,0,0,1,0,1,571,223,1
13,2025-08-01,0,19,0,0,0,1,0,1,541,231,1
13,2025-09-01,1,16,1,0,0,1,0,1,478,195,1
13,2025-10-01,0,19,0,0,0,1,0,1,463,163,1
13,2025-11-01,0,20,0,0,0,1,0,1,590,224,1
13,2025-12-01,0,11,0,0,0,1,0,1,481,125,1
14,2018-01-01,1,13,2,0,0,1,0,0,4799,730,0
14,2018-02-01,0,12,0,0,0,1,0,0,6280,513,0
14,2018-03-01,0,12,0,0,0,1,0,0,7201,593,0
14,2018-04-01,0,6,0,0,0,1,0,0,6234,509,0
14,2018-05-01,0,9,0,0,0,1,0,0,6019,515,0
14,2018-06-01,0,11,0,0,0,1,0,0,4190,449,0
14,2018-07-01,0,17,0,0,0,1,0,0,4015,468,0
14,2018-08-01,0,13,0,0,0,1,0,0,3485,454,0
14,2018-09-01,0,11,0,0,0,1,0,0,3098,406,0
14,2018-10-01,0,17,0,0,0,1,0,0,4250,480,0
14,2018-11-01,0,13,0,0,0,1,0,0,3448,438,0
14,2018-12-01,0,19,0,0,0,1,0,0,1485,382,0
14,2019-01-01,0,12,0,0,0,1,0,0,3805,458,0
14,2019-02-01,0,8,0,0,0,1,0,0,3964,410,0
14,2019-03-01,0,7,0,0,0,1,0,0,4661,372,0
14,2019-04-01,0,10,0,0,0,1,0,0,4192,428,0
14,2019-05-01,0,8,0,0,0,1,0,0,3467,361,0
14,2019-06-01,0,11,0,0,0,1,0,0,2953,388,0
14,2019-07-01,0,17,0,0,0,1,0,0,4067,381,0
14,2019-08-01,0,14,0,0,0,1,0,0,3912,332,0
14,2019-09-01,0,13,0,0,0,1,0,0,2914,288,0
14,2019-10-01,0,15,0,0,0,1,0,0,3235,389,0
14,2019-11-01,0,11,0,0,0,1,0,0,2631,266,0
14,2019-12-01,0,16,0,0,0,1,0,0,871,271,0
14,2020-01-01,0,13,1,0,0,1,0,0,3264,337,0
14,2020-02-01,0,11,0,0,0,1,0,0,3646,261,0
14,2020-03-01,0,12,0,0,0,1,0,0,2642,174,0
14,2020-04-01,0,6,0,0,0,1,0,0,38,42,0
14,2020-05-01,0,10,0,0,0,1,0,0,366,114,0
14,2020-06-01,0,9,0,0,0,1,0,0,251,94,0
14,2020-07-01,0,15,1,0,0,1,0,0,361,80,0
14,2020-08-01,1,14,2,0,0,1,0,0,493,118,0
14,2020-09-01,0,18,0,0,0,1,0,0,677,111,0
14,2020-10-01,0,23,0,0,0,1,0,0,521,189,0
14,2020-11-01,1,22,2,0,0,1,0,0,448,133,0
14,2020-12-01,1,23,2,0,0,1,0,0,539,194,0
14,2021-01-01,0,25,1,0,0,1,0,0,537,163,0
14,2021-02-01,1,28,1,0,0,1,0,0,501,176,0
14,2021-03-01,0,36,0,0,0,1,0,0,786,257,0
14,2021-04-01,1,23,2,0,0,1,0,0,633,164,0
14,2021-05-01,2,36,6,0,0,1,0,0,1046,193,0
14,2021-06-01,3,29,5,1,0,1,0,0,750,220,0
14,2021-07-01,0,37,1,0,0,1,0,0,1068,225,0
14,2021-08-01,1,36,2,0,0,1,0,0,621,234,0
14,2021-09-01,0,51,0,0,0,1,0,0,843,281,0
14,2021-10-01,1,57,3,0,0,1,0,0,1530,304,0
14,2021-11-01,1,38,3,0,0,1,0,0,1505,275,0
14,2021-12-01,0,30,0,0,0,1,0,0,630,298,0
14,2022-01-01,0,34,0,0,0,1,0,0,1126,238,0
14,2022-02-01,0,41,0,0,0,1,0,0,1575,291,0
14,2022-03-01,0,45,0,0,0,1,0,0,1791,357,0
14,2022-04-01,0,49,0,0,0,1,0,0,1650,267,0
14,2022-05-01,1,65,2,0,0,1,0,0,1923,295,0
14,2022-06-01,0,62,2,1,0,1,0,0,1019,252,0
14,2022-07-01,1,69,2,0,0,1,0,0,1224,248,0
14,2022-08-01,0,46,0,0,0,1,0,0,1285,275,0
14,2022-09-01,0,54,0,0,0,1,0,0,993,226,0
14,2022-10-01,0,66,0,0,0,1,0,0,1362,301,1
14,2022-11-01,0,67,2,0,0,1,0,0,864,313,1
14,2022-12-01,0,57,1,0,0,1,0,0,503,354,1
14,2023-01-01,0,53,1,0,0,1,0,0,977,354,1
14,2023-02-01,1,31,1,0,0,1,0,0,1027,282,1
14,2023-03-01,0,45,0,0,0,1,0,0,1166,330,1
14,2023-04-01,1,40,2,1,0,1,0,0,1025,335,1
14,2023-05-01,0,36,0,0,0,1,0,0,957,416,1
14,2023-06-01,0,46,1,1,0,1,0,0,795,449,1
14,2023-07-01,1,28,1,0,0,1,0,0,1036,470,1
14,2023-08-01,0,45,0,1,0,1,0,0,1022,452,1
14,2023-09-01,0,33,1,0,0,1,0,0,808,400,1
14,2023-10-01,2,36,2,0,0,1,0,0,973,422,1
14,2023-11-01,0,36,1,0,0,1,0,0,751,361,1
14,2023-12-01,0,23,1,0,0,1,0,0,489,383,1
14,2024-01-01,1,24,1,0,0,1,0,0,1122,466,1
14,2024-02-01,1,26,1,0,0,1,0,0,839,392,1
14,2024-03-01,1,31,1,0,0,1,0,0,807,635,1
14,2024-04-01,0,40,0,0,0,1,0,0,800,517,1
14,2024-05-01,0,30,0,1,0,1,0,0,1017,578,1
14,2024-06-01,1,42,1,0,0,1,0,0,854,480,1
14,2024-07-01,0,39,0,0,0,1,0,0,1072,501,1
14,2024-08-01,0,42,0,0,0,1,0,0,870,539,1
14,2024-09-01,2,33,2,0,0,1,0,0,695,395,1
14,2024-10-01,0,35,0,0,0,1,0,0,913,481,1
14,2024-11-01,0,39,0,0,0,1,0,0,805,473,1
14,2024-12-01,0,24,1,0,0,1,0,0,449,492,1
14,2025-01-01,0,24,1,0,0,1,0,0,980,625,1
14,2025-02-01,0,24,0,0,0,1,0,0,965,574,1
14,2025-03-01,0,27,1,0,0,1,0,0,1020,596,1
14,2025-04-01,0,28,0,0,0,1,0,0,923,604,1
14,2025-05-01,0,39,0,0,0,1,0,0,1308,617,1
14,2025-06-01,1,28,3,0,0,1,0,0,830,584,1
14,2025-07-01,0,18,0,0,0,1,0,0,927,596,1
14,2025-08-01,1,32,1,0,0,1,0,0,668,570,1
14,2025-09-01,0,31,0,0,0,1,0,0,675,524,1
14,2025-10-01,0,41,0,0,0,1,0,0,1102,532,1
14,2025-11-01,1,29,1,0,0,1,0,0,734,551,1
14,2025-12-01,0,26,1,0,0,1,0,0,754,510,1
17,2018-01-01,0,5,0,0,0,0,0,0,2093,128,0
17,2018-02-01,0,7,0,0,0,0,0,0,3014,104,0
17,2018-03-01,0,7,0,0,0,0,0,0,3102,123,0
17,2018-04-01,0,4,0,0,0,0,0,0,3139,98,0
17,2018-05-01,0,7,0,0,0,0,0,0,3142,110,0
17,2018-06-01,0,6,0,0,0,0,0,0,1932,78,0
17,2018-07-01,0,4,0,0,0,0,0,0,1646,66,0
17,2018-08-01,0,3,0,0,0,0,0,0,2344,86,0
17,2018-09-01,0,4,0,0,0,0,0,0,1419,68,0
17,2018-10-01,0,6,0,0,0,0,0,0,2357,57,0
17,2018-11-01,0,5,0,0,0,0,0,0,1932,59,0
17,2018-12-01,0,5,0,0,0,0,0,0,1165,59,0
17,2019-01-01,0,5,0,0,0,0,0,0,2239,82,0
17,2019-02-01,0,2,0,0,0,0,0,0,1971,65,0
17,2019-03-01,0,5,0,0,0,0,0,0,1880,58,0
17,2019-04-01,0,2,0,0,0,0,0,0,1929,92,0
17,2019-05-01,0,3,0,0,0,0,0,0,1869,67,0
17,2019-06-01,0,5,0,0,0,0,0,0,1274,68,0
17,2019-07-01,0,7,0,0,0,0,0,0,1821,68,0
17,2019-08-01,0,7,0,0,0,0,0,0,1770,93,0
17,2019-09-01,0,8,0,0,0,0,0,0,1687,49,0
17,2019-10-01,1,5,1,0,0,0,0,0,1904,69,0
17,2019-11-01,0,4,0,0,0,0,0,0,1528,58,0
17,2019-12-01,0,7,0,0,0,0,0,0,576,41,0
17,2020-01-01,0,8,0,0,0,0,0,0,1952,46,0
17,2020-02-01,0,4,0,0,0,0,0,0,2304,56,0
17,2020-03-01,0,2,0,0,0,0,0,0,1696,60,0
17,2020-04-01,0,4,0,0,0,0,0,0,46,30,0
17,2020-05-01,0,0,0,0,0,0,0,0,531,40,0
17,2020-06-01,0,5,0,0,0,0,0,0,240,19,0
17,2020-07-01,0,6,0,0,0,0,0,0,624,15,0
17,2020-08-01,0,14,0,0,0,0,0,0,467,36,0
17,2020-09-01,0,6,0,0,0,0,0,0,431,34,0
17,2020-10-01,0,4,0,0,0,0,0,0,391,49,0
17,2020-11-01,0,4,0,0,0,0,0,0,532,68,0
17,2020-12-01,0,7,0,0,0,0,0,0,241,44,0
17,2021-01-01,0,3,0,0,0,0,0,0,605,48,0
17,2021-02-01,0,5,0,0,0,0,0,0,525,46,0
17,2021-03-01,0,6,0,0,0,0,0,0,909,73,0
17,2021-04-01,0,3,0,0,0,0,0,0,837,47,0
17,2021-05-01,0,9,0,0,0,0,0,0,1012,44,0
17,2021-06-01,0,3,0,0,0,0,0,0,500,39,0
17,2021-07-01,0,5,0,0,0,0,0,0,885,53,0
17,2021-08-01,1,11,1,0,0,0,0,0,526,38,0
17,2021-09-01,0,9,0,0,0,0,0,0,648,37,0
17,2021-10-01,0,17,0,0,0,0,0,0,1563,57,0
17,2021-11-01,0,10,0,0,0,0,0,0,1369,29,0
17,2021-12-01,0,14,0,0,0,0,0,0,491,42,0
17,2022-01-01,0,7,0,0,0,0,0,0,1059,47,0
17,2022-02-01,0,1,0,0,0,0,0,0,1419,48,0
17,2022-03-01,2,5,3,0,0,0,0,0,1632,56,0
17,2022-04-01,0,9,0,0,0,0,0,0,1699,46,0
17,2022-05-01,0,11,0,0,0,0,0,0,1538,61,0
17,2022-06-01,0,8,0,0,0,0,0,0,1099,60,0
17,2022-07-01,0,9,0,0,0,0,0,0,1026,34,0
17,2022-08-01,0,9,0,0,0,0,0,0,1562,52,0
17,2022-09-01,0,10,0,0,0,0,0,0,1006,44,0
17,2022-10-01,0,8,0,1,0,0,0,0,1471,30,1
17,2022-11-01,0,11,0,0,0,0,0,0,862,40,1
17,2022-12-01,0,7,0,0,0,0,0,0,527,32,1
17,2023-01-01,0,11,0,0,0,0,0,0,1012,53,1
17,2023-02-01,0,6,0,0,0,0,0,0,892,35,1
17,2023-03-01,0,7,0,0,0,0,0,0,1114,50,1
17,2023-04-01,0,3,0,0,0,0,0,0,989,52,1
17,2023-05-01,0,4,0,0,0,0,0,0,970,57,1
17,2023-06-01,0,16,0,0,0,0,0,0,723,45,1
17,2023-07-01,0,12,0,0,0,0,0,0,851,72,1
17,2023-08-01,0,19,0,0,0,0,0,0,864,61,1
17,2023-09-01,0,10,0,0,0,0,0,0,837,39,1
17,2023-10-01,0,8,0,0,0,0,0,0,918,54,1
17,2023-11-01,0,11,0,1,0,0,0,0,443,41,1
17,2023-12-01,0,4,1,0,0,0,0,0,358,65,1
17,2024-01-01,0,6,0,0,0,0,0,0,728,84,1
17,2024-02-01,0,5,0,0,0,0,0,0,1011,51,1
17,2024-03-01,0,4,0,1,0,0,0,0,906,76,1
17,2024-04-01,0,13,1,0,0,0,0,0,558,71,1
17,2024-05-01,0,7,0,0,0,0,0,0,901,76,1
17,2024-06-01,0,2,0,0,0,0,0,0,516,58,1
17,2024-07-01,0,6,0,0,0,0,0,0,608,59,1
17,2024-08-01,0,8,0,0,0,0,0,0,625,53,1
17,2024-09-01,0,8,0,0,0,0,0,0,292,57,1
17,2024-10-01,0,3,0,0,0,0,0,0,509,66,1
17,2024-11-01,0,6,0,0,0,0,0,0,592,64,1
17,2024-12-01,0,4,0,0,0,0,0,0,716,54,1
17,2025-01-01,0,1,0,1,0,0,0,0,1120,71,1
17,2025-02-01,0,5,0,0,0,0,0,0,1068,63,1
17,2025-03-01,0,2,0,0,0,0,0,0,915,69,1
17,2025-04-01,0,5,0,0,0,0,0,0,503,60,1
17,2025-05-01,0,5,0,0,0,0,0,0,487,63,1
17,2025-06-01,0,5,0,0,0,0,0,0,393,74,1
17,2025-07-01,0,10,0,0,0,0,0,0,383,72,1
17,2025-08-01,0,10,0,0,0,0,0,0,426,66,1
17,2025-09-01,0,3,0,0,0,0,0,0,256,69,1
17,2025-10-01,0,7,0,0,0,0,0,0,492,87,1
17,2025-11-01,0,4,0,0,0,0,0,0,308,74,1
17,2025-12-01,0,2,0,0,0,0,0,0,305,56,1
18,2018-01-01,0,10,0,0,0,0,0,1,2274,270,0
18,2018-02-01,0,14,0,0,0,0,0,1,3412,221,0
18,2018-03-01,0,7,0,0,0,0,0,1,4954,223,0
18,2018-04-01,0,7,0,0,0,0,0,1,3492,235,0
18,2018-05-01,0,9,0,0,0,0,0,1,2966,205,0
18,2018-06-01,0,12,1,0,0,0,0,1,2438,185,0
18,2018-07-01,0,9,0,0,0,0,0,1,2152,200,0
18,2018-08-01,0,11,0,0,0,0,0,1,2159,234,0
18,2018-09-01,0,14,1,0,0,0,0,1,1601,153,0
18,2018-10-01,0,13,0,0,0,0,0,1,1973,173,0
18,2018-11-01,0,6,0,0,0,0,0,1,1500,178,0
18,2018-12-01,0,16,0,0,0,0,0,1,1525,184,0
18,2019-01-01,0,15,0,0,0,0,0,1,2028,158,0
18,2019-02-01,0,12,0,0,0,0,0,1,1790,153,0
18,2019-03-01,0,8,0,0,0,0,0,1,1806,154,0
18,2019-04-01,0,10,0,0,0,0,0,1,1847,136,0
18,2019-05-01,0,17,0,0,0,0,0,1,2088,160,0
18,2019-06-01,0,13,0,0,0,0,0,1,1644,127,0
18,2019-07-01,0,18,0,0,0,0,0,1,1524,152,0
18,2019-08-01,0,20,0,0,0,0,0,1,1190,145,0
18,2019-09-01,0,18,0,0,0,0,0,1,1252,206,0
18,2019-10-01,1,16,2,0,0,0,0,1,1164,122,0
18,2019-11-01,0,18,1,0,0,0,0,1,1055,123,0
18,2019-12-01,0,6,0,0,0,0,0,1,784,163,0
18,2020-01-01,1,15,1,0,0,0,0,1,1432,126,0
18,2020-02-01,0,14,0,0,0,0,0,1,1371,144,0
18,2020-03-01,0,11,0,2,0,0,0,1,1014,117,0
18,2020-04-01,0,2,0,0,0,0,0,1,36,30,0
18,2020-05-01,0,6,0,0,0,0,0,1,356,58,0
18,2020-06-01,0,11,0,0,0,0,0,1,205,115,0
18,2020-07-01,0,11,0,0,0,0,0,1,128,41,0
18,2020-08-01,1,17,2,0,0,0,0,1,164,44,0
18,2020-09-01,0,5,0,0,0,0,0,1,287,44,0
18,2020-10-01,0,18,0,0,0,0,0,1,235,90,0
18,2020-11-01,0,11,0,0,0,0,0,1,195,69,0
18,2020-12-01,0,16,0,0,0,0,0,1,287,75,0
18,2021-01-01,0,4,1,0,0,0,0,1,264,69,0
18,2021-02-01,0,6,0,0,0,0,0,1,164,71,0
18,2021-03-01,1,8,3,0,0,0,0,1,330,104,0
18,2021-04-01,0,11,0,0,0,0,0,1,327,89,0
18,2021-05-01,0,9,0,0,0,0,0,1,454,95,0
18,2021-06-01,0,8,0,0,0,0,0,1,399,111,0
18,2021-07-01,0,23,0,0,0,0,0,1,336,110,0
18,2021-08-01,0,12,2,0,0,0,0,1,315,120,0
18,2021-09-01,0,14,0,0,0,0,0,1,336,139,0
18,2021-10-01,0,18,0,0,0,0,0,1,437,143,0
18,2021-11-01,0,11,0,0,0,0,0,1,382,122,0
18,2021-12-01,0,7,1,1,0,0,0,1,196,115,0
18,2022-01-01,2,13,3,0,0,0,0,1,251,96,0
18,2022-02-01,1,15,2,0,0,0,0,1,319,84,0
18,2022-03-01,0,15,0,0,0,0,0,1,407,115,0
18,2022-04-01,0,10,1,0,0,0,0,1,417,107,0
18,2022-05-01,2,9,4,0,0,0,0,1,544,143,0
18,2022-06-01,0,9,0,0,0,0,0,1,515,136,0
18,2022-07-01,1,15,2,0,0,0,0,1,509,128,0
18,2022-08-01,0,13,2,0,0,0,0,1,515,125,0
18,2022-09-01,0,18,0,0,0,0,0,1,456,143,0
18,2022-10-01,0,12,2,0,0,0,0,1,470,158,1
18,2022-11-01,0,22,0,0,0,0,0,1,381,156,1
18,2022-12-01,0,5,0,0,0,0,0,1,445,138,1
18,2023-01-01,1,9,1,0,0,0,0,1,623,138,1
18,2023-02-01,0,12,1,0,0,0,0,1,628,123,1
18,2023-03-01,1,9,1,0,0,0,0,1,463,142,1
18,2023-04-01,1,10,2,0,0,0,0,1,703,168,1
18,2023-05-01,0,8,1,0,0,0,0,1,883,172,1
18,2023-06-01,0,4,0,0,0,0,0,1,557,203,1
18,2023-07-01,0,14,0,1,0,0,0,1,582,207,1
18,2023-08-01,0,15,0,0,0,0,0,1,932,201,1
18,2023-09-01,0,15,2,1,0,0,0,1,448,203,1
18,2023-10-01,0,13,2,1,0,0,0,1,447,192,1
18,2023-11-01,1,13,3,1,0,0,0,1,387,187,1
18,2023-12-01,0,14,1,0,0,0,0,1,445,196,1
18,2024-01-01,0,19,0,0,0,0,0,1,633,205,1
18,2024-02-01,0,17,1,0,0,0,0,1,499,207,1
18,2024-03-01,0,20,0,0,0,0,0,1,598,242,1
18,2024-04-01,2,8,2,0,0,0,0,1,449,254,1
18,2024-05-01,0,19,0,0,0,0,0,1,409,320,1
18,2024-06-01,0,15,0,0,0,0,0,1,382,273,1
18,2024-07-01,0,31,0,0,0,0,0,1,417,336,1
18,2024-08-01,0,28,1,0,0,0,0,1,644,330,1
18,2024-09-01,2,14,3,0,0,0,0,1,576,282,1
18,2024-10-01,1,21,1,0,0,0,0,1,558,266,1
18,2024-11-01,0,22,0,0,0,0,0,1,342,277,1
18,2024-12-01,2,20,2,0,0,0,0,1,622,278,1
18,2025-01-01,0,20,0,0,0,0,0,1,800,314,1
18,2025-02-01,0,18,0,1,0,0,0,1,799,246,1
18,2025-03-01,0,18,0,0,0,0,0,1,743,292,1
18,2025-04-01,1,17,1,0,0,0,0,1,597,308,1
18,2025-05-01,0,27,0,0,0,0,0,1,648,309,1
18,2025-06-01,0,21,0,1,0,0,0,1,612,257,1
18,2025-07-01,2,24,2,1,0,0,0,1,392,307,1
18,2025-08-01,0,27,0,0,0,0,0,1,485,298,1
18,2025-09-01,0,25,0,0,0,0,0,1,466,314,1
18,2025-10-01,0,26,0,0,0,0,0,1,703,303,1
18,2025-11-01,2,12,2,0,0,0,0,1,690,351,1
18,2025-12-01,0,12,0,1,0,0,0,1,574,243,1
19,2018-01-01,0,14,0,0,0,1,0,1,1414,146,0
19,2018-02-01,0,7,0,0,0,1,0,1,1159,154,0
19,2018-03-01,0,13,0,0,0,1,0,1,1363,147,0
19,2018-04-01,1,12,1,0,0,1,0,1,1420,111,0
19,2018-05-01,0,19,0,0,0,1,0,1,1390,122,0
19,2018-06-01,0,14,0,0,0,1,0,1,1349,113,0
19,2018-07-01,1,10,2,0,0,1,0,1,1674,122,0
19,2018-08-01,0,10,1,0,0,1,0,1,1693,126,0
19,2018-09-01,0,16,0,0,0,1,0,1,1190,92,0
19,2018-10-01,0,9,1,0,0,1,0,1,1254,119,0
19,2018-11-01,0,7,0,0,0,1,0,1,1395,157,0
19,2018-12-01,0,9,0,0,0,1,0,1,1300,100,0
19,2019-01-01,0,11,0,0,0,1,0,1,1569,117,0
19,2019-02-01,0,13,0,0,0,1,0,1,1118,113,0
19,2019-03-01,0,9,0,2,0,1,0,1,1248,118,0
19,2019-04-01,0,12,0,0,0,1,0,1,1256,128,0
19,2019-05-01,0,8,0,0,0,1,0,1,1218,152,0
19,2019-06-01,0,20,0,0,0,1,0,1,1200,141,0
19,2019-07-01,0,11,0,0,0,1,0,1,1542,140,0
19,2019-08-01,0,17,0,0,0,1,0,1,1687,120,0
19,2019-09-01,0,17,0,0,0,1,0,1,1375,154,0
19,2019-10-01,0,25,0,0,0,1,0,1,2015,158,0
19,2019-11-01,1,16,1,0,0,1,0,1,1205,112,0
19,2019-12-01,0,12,0,0,0,1,0,1,1433,85,0
19,2020-01-01,0,24,0,0,0,1,0,1,1221,97,0
19,2020-02-01,0,17,0,0,0,1,0,1,1340,118,0
19,2020-03-01,0,11,0,0,0,1,0,1,761,77,0
19,2020-04-01,0,11,0,0,0,1,0,1,64,49,0
19,2020-05-01,0,17,0,0,0,1,0,1,411,71,0
19,2020-06-01,1,14,1,0,0,1,0,1,134,49,0
19,2020-07-01,0,28,1,0,0,1,0,1,160,23,0
19,2020-08-01,0,21,0,0,0,1,0,1,297,34,0
19,2020-09-01,0,24,0,0,0,1,0,1,475,55,0
19,2020-10-01,0,31,0,0,0,1,0,1,363,60,0
19,2020-11-01,0,18,0,0,0,1,0,1,747,85,0
19,2020-12-01,0,22,0,0,0,1,0,1,559,48,0
19,2021-01-01,1,12,2,0,0,1,0,1,508,59,0
19,2021-02-01,0,8,0,0,0,1,0,1,499,76,0
19,2021-03-01,0,19,0,0,0,1,0,1,579,94,0
19,2021-04-01,2,11,3,0,0,1,0,1,315,56,0
19,2021-05-01,0,9,0,0,0,1,0,1,496,64,0
19,2021-06-01,0,12,0,0,0,1,0,1,352,80,0
19,2021-07-01,0,26,0,0,0,1,0,1,652,81,0
19,2021-08-01,1,12,1,0,0,1,0,1,401,48,0
19,2021-09-01,1,18,2,0,0,1,0,1,420,76,0
19,2021-10-01,0,21,0,0,0,1,0,1,505,73,0
19,2021-11-01,0,17,0,0,0,1,0,1,318,87,0
19,2021-12-01,1,11,1,0,0,1,0,1,888,81,0
19,2022-01-01,1,17,1,0,0,1,0,1,882,75,0
19,2022-02-01,0,18,0,0,0,1,0,1,1028,72,0
19,2022-03-01,0,23,0,1,0,1,0,1,1010,128,0
19,2022-04-01,0,18,0,0,0,1,0,1,889,90,0
19,2022-05-01,0,20,0,0,0,1,0,1,795,105,0
19,2022-06-01,1,23,1,0,0,1,0,1,712,123,0
19,2022-07-01,0,25,0,0,0,1,0,1,588,105,0
19,2022-08-01,0,20,0,0,0,1,0,1,696,125,0
19,2022-09-01,0,20,0,0,0,1,0,1,691,139,0
19,2022-10-01,0,26,0,0,0,1,0,1,752,156,1
19,2022-11-01,0,15,0,0,0,1,0,1,729,96,1
19,2022-12-01,0,9,0,0,0,1,0,1,1183,129,1
19,2023-01-01,0,15,0,0,0,1,0,1,651,84,1
19,2023-02-01,0,15,0,0,0,1,0,1,760,127,1
19,2023-03-01,1,17,1,0,0,1,0,1,794,104,1
19,2023-04-01,0,11,0,0,0,1,0,1,756,95,1
19,2023-05-01,0,20,0,0,0,1,0,1,805,132,1
19,2023-06-01,0,17,0,0,0,1,0,1,514,71,1
19,2023-07-01,0,26,0,0,0,1,0,1,668,74,1
19,2023-08-01,1,14,1,0,0,1,0,1,748,70,1
19,2023-09-01,0,19,0,1,0,1,0,1,636,62,1
19,2023-10-01,1,25,1,0,0,1,0,1,831,76,1
19,2023-11-01,0,17,1,0,0,1,0,1,709,99,1
19,2023-12-01,1,23,4,0,0,1,0,1,1352,88,1
19,2024-01-01,0,19,0,0,0,1,0,1,1209,136,1
19,2024-02-01,1,15,1,2,0,1,0,1,666,100,1
19,2024-03-01,0,14,0,0,0,1,0,1,573,123,1
19,2024-04-01,0,15,0,0,0,1,0,1,479,109,1
19,2024-05-01,0,15,0,0,0,1,0,1,587,101,1
19,2024-06-01,1,18,1,3,0,1,0,1,316,96,1
19,2024-07-01,1,23,1,0,0,1,0,1,599,125,1
19,2024-08-01,0,26,0,0,0,1,0,1,558,138,1
19,2024-09-01,0,13,0,1,0,1,0,1,402,123,1
19,2024-10-01,0,21,0,0,0,1,0,1,626,150,1
19,2024-11-01,0,14,0,0,0,1,0,1,460,121,1
19,2024-12-01,0,12,1,1,0,1,0,1,769,126,1
19,2025-01-01,0,14,0,0,0,1,0,1,1135,170,1
19,2025-02-01,0,14,1,0,0,1,0,1,724,176,1
19,2025-03-01,0,18,0,0,0,1,0,1,684,142,1
19,2025-04-01,0,15,1,1,0,1,0,1,542,146,1
19,2025-05-01,0,12,1,0,0,1,0,1,630,107,1
19,2025-06-01,0,14,0,0,0,1,0,1,680,120,1
19,2025-07-01,0,14,0,0,0,1,0,1,479,158,1
19,2025-08-01,0,12,0,0,0,1,0,1,460,125,1
19,2025-09-01,0,13,0,0,0,1,0,1,540,97,1
19,2025-10-01,0,19,0,0,0,1,0,1,512,136,1
19,2025-11-01,0,11,1,0,0,1,0,1,661,93,1
19,2025-12-01,0,8,0,0,0,1,0,1,1371,98,1
20,2018-01-01,0,10,0,0,0,0,0,0,894,118,0
20,2018-02-01,0,9,0,0,0,0,0,0,901,86,0
20,2018-03-01,0,5,0,0,0,0,0,0,825,110,0
20,2018-04-01,0,2,0,0,0,0,0,0,1016,101,0
20,2018-05-01,1,4,3,0,0,0,0,0,1183,108,0
20,2018-06-01,0,5,1,0,0,0,0,0,957,96,0
20,2018-07-01,0,2,0,0,0,0,0,0,983,87,0
20,2018-08-01,0,6,0,0,0,0,0,0,1118,113,0
20,2018-09-01,0,5,0,0,0,0,0,0,926,91,0
20,2018-10-01,0,7,0,1,0,0,0,0,1134,95,0
20,2018-11-01,0,3,0,0,0,0,0,0,804,91,0
20,2018-12-01,0,3,0,0,0,0,0,0,681,110,0
20,2019-01-01,0,5,0,0,0,0,0,0,1013,83,0
20,2019-02-01,0,3,1,0,0,0,0,0,1019,95,0
20,2019-03-01,0,6,0,0,0,0,0,0,862,87,0
20,2019-04-01,0,3,0,0,0,0,0,0,747,103,0
20,2019-05-01,0,6,0,0,0,0,0,0,1333,102,0
20,2019-06-01,0,12,0,0,0,0,0,0,813,100,0
20,2019-07-01,0,5,1,0,0,0,0,0,783,93,0
20,2019-08-01,1,4,2,0,0,0,0,0,815,88,0
20,2019-09-01,0,9,1,0,0,0,0,0,742,87,0
20,2019-10-01,1,9,2,0,0,0,0,0,661,97,0
20,2019-11-01,0,11,0,0,0,0,0,0,562,60,0
20,2019-12-01,0,12,0,0,0,0,0,0,562,68,0
20,2020-01-01,0,8,0,0,0,0,0,0,692,61,0
20,2020-02-01,0,7,0,0,0,0,0,0,621,48,0
20,2020-03-01,0,6,0,0,0,0,0,0,506,51,0
20,2020-04-01,0,3,0,0,0,0,0,0,71,14,0
20,2020-05-01,0,4,0,0,0,0,0,0,187,43,0
20,2020-06-01,1,8,2,0,0,0,0,0,96,20,0
20,2020-07-01,0,7,0,0,0,0,0,0,127,13,0
20,2020-08-01,0,12,0,0,0,0,0,0,91,34,0
20,2020-09-01,1,8,1,0,0,0,0,0,275,47,0
20,2020-10-01,0,13,2,0,0,0,0,0,116,35,0
20,2020-11-01,0,7,0,0,0,0,0,0,126,27,0
20,2020-12-01,2,8,4,0,0,0,0,0,207,35,0
20,2021-01-01,0,6,0,0,0,0,0,0,407,62,0
20,2021-02-01,0,3,1,0,0,0,0,0,298,58,0
20,2021-03-01,0,16,0,0,0,0,0,0,426,74,0
20,2021-04-01,0,10,0,1,0,0,0,0,329,40,0
20,2021-05-01,0,10,0,0,0,0,0,0,153,24,0
20,2021-06-01,1,4,1,0,0,0,0,0,201,42,0
20,2021-07-01,0,9,0,0,0,0,0,0,732,69,0
20,2021-08-01,0,5,0,0,0,0,0,0,464,45,0
20,2021-09-01,0,10,1,0,0,0,0,0,402,45,0
20,2021-10-01,2,21,3,0,0,0,0,0,515,59,0
20,2021-11-01,0,10,0,0,0,0,0,0,258,52,0
20,2021-12-01,0,11,0,0,0,0,0,0,273,45,0
20,2022-01-01,0,5,0,0,0,0,0,0,298,54,0
20,2022-02-01,0,13,0,0,0,0,0,0,347,54,0
20,2022-03-01,0,6,0,0,0,0,0,0,328,68,0
20,2022-04-01,0,14,2,0,0,0,0,0,392,74,0
20,2022-05-01,0,10,0,0,0,0,0,0,514,57,0
20,2022-06-01,0,10,1,0,0,0,0,0,564,39,0
20,2022-07-01,0,12,0,0,0,0,0,0,435,53,0
20,2022-08-01,1,10,1,0,0,0,0,0,467,38,0
20,2022-09-01,0,9,1,0,0,0,0,0,524,57,0
20,2022-10-01,0,9,0,0,0,0,0,0,548,57,1
20,2022-11-01,0,10,2,0,0,0,0,0,406,54,1
20,2022-12-01,0,8,1,0,0,0,0,0,426,44,1
20,2023-01-01,1,8,4,0,0,0,0,0,477,62,1
20,2023-02-01,0,8,1,0,0,0,0,0,485,44,1
20,2023-03-01,1,8,1,1,0,0,0,0,377,55,1
20,2023-04-01,0,8,0,0,0,0,0,0,267,66,1
20,2023-05-01,0,9,2,2,0,0,0,0,349,58,1
20,2023-06-01,0,8,3,0,0,0,0,0,392,58,1
20,2023-07-01,0,6,0,0,0,0,0,0,407,49,1
20,2023-08-01,0,5,0,0,0,0,0,0,381,68,1
20,2023-09-01,0,6,0,0,0,0,0,0,322,93,1
20,2023-10-01,0,13,0,0,0,0,0,0,363,55,1
20,2023-11-01,0,9,2,0,0,0,0,0,288,45,1
20,2023-12-01,1,14,2,0,0,0,0,0,182,39,1
20,2024-01-01,0,7,0,0,0,0,0,0,290,53,1
20,2024-02-01,0,8,0,0,0,0,0,0,491,51,1
20,2024-03-01,0,6,1,0,0,0,0,0,423,43,1
20,2024-04-01,0,10,0,0,0,0,0,0,525,52,1
20,2024-05-01,2,7,3,0,0,0,0,0,318,34,1
20,2024-06-01,0,8,0,2,0,0,0,0,223,43,1
20,2024-07-01,0,11,0,0,0,0,0,0,233,61,1
20,2024-08-01,0,11,0,0,0,0,0,0,253,46,1
20,2024-09-01,1,12,2,1,0,0,0,0,370,70,1
20,2024-10-01,1,17,1,0,0,0,0,0,317,74,1
20,2024-11-01,1,16,2,0,0,0,0,0,297,89,1
20,2024-12-01,0,9,1,0,0,0,0,0,373,63,1
20,2025-01-01,0,10,0,0,0,0,0,0,393,109,1
20,2025-02-01,0,4,0,0,0,0,0,0,357,79,1
20,2025-03-01,0,5,1,0,0,0,0,0,353,86,1
20,2025-04-01,0,8,0,0,0,0,0,0,274,62,1
20,2025-05-01,0,7,0,0,0,0,0,0,267,63,1
20,2025-06-01,0,11,0,0,0,0,0,0,273,55,1
20,2025-07-01,0,9,0,0,0,0,0,0,208,74,1
20,2025-08-01,0,11,0,0,0,0,0,0,231,61,1
20,2025-09-01,1,5,5,0,0,0,0,0,190,73,1
20,2025-10-01,0,14,0,0,0,0,0,0,513,64,1
20,2025-11-01,0,8,0,0,0,0,0,0,590,68,1
20,2025-12-01,0,11,0,0,0,0,0,0,429,69,1
22,2018-01-01,0,0,0,0,0,0,0,0,311,5,0
22,2018-02-01,0,0,0,0,0,0,0,0,256,5,0
22,2018-03-01,0,1,0,0,0,0,0,0,241,2,0
22,2018-04-01,0,1,0,0,0,0,0,0,243,2,0
22,2018-05-01,0,3,0,0,0,0,0,0,212,7,0
22,2018-06-01,0,2,0,0,0,0,0,0,193,15,0
22,2018-07-01,0,1,0,0,0,0,0,0,139,15,0
22,2018-08-01,0,1,0,0,0,0,0,0,207,9,0
22,2018-09-01,0,3,0,0,0,0,0,0,211,15,0
22,2018-10-01,0,2,0,0,0,0,0,0,188,6,0
22,2018-11-01,0,0,0,0,0,0,0,0,173,3,0
22,2018-12-01,0,1,0,0,0,0,0,0,133,1,0
22,2019-01-01,0,0,0,0,0,0,0,0,163,5,0
22,2019-02-01,0,1,0,0,0,0,0,0,170,2,0
22,2019-03-01,0,0,0,0,0,0,0,0,166,4,0
22,2019-04-01,0,5,0,0,0,0,0,0,139,9,0
22,2019-05-01,0,2,0,0,0,0,0,0,132,8,0
22,2019-06-01,0,2,0,0,0,0,0,0,121,7,0
22,2019-07-01,0,1,0,0,0,0,0,0,122,11,0
22,2019-08-01,0,4,0,0,0,0,0,0,119,3,0
22,2019-09-01,0,2,0,0,0,0,0,0,140,10,0
22,2019-10-01,0,0,0,0,0,0,0,0,136,0,0
22,2019-11-01,0,3,0,0,0,0,0,0,109,2,0
22,2019-12-01,0,1,0,0,0,0,0,0,222,1,0
22,2020-01-01,0,1,0,0,0,0,0,0,150,1,0
22,2020-02-01,0,1,0,0,0,0,0,0,154,1,0
22,2020-03-01,0,1,0,0,0,0,0,0,75,7,0
22,2020-04-01,0,0,0,0,0,0,0,0,0,3,0
22,2020-05-01,0,0,0,0,0,0,0,0,69,2,0
22,2020-06-01,1,0,2,0,0,0,0,0,9,0,0
22,2020-07-01,0,1,0,0,0,0,0,0,0,1,0
22,2020-08-01,0,2,0,0,0,0,0,0,1,0,0
22,2020-09-01,0,2,0,0,0,0,0,0,59,1,0
22,2020-10-01,0,1,0,0,0,0,0,0,35,2,0
22,2020-11-01,0,1,0,1,0,0,0,0,25,2,0
22,2020-12-01,0,0,0,0,0,0,0,0,42,2,0
22,2021-01-01,0,1,0,0,0,0,0,0,44,1,0
22,2021-02-01,0,0,0,0,0,0,0,0,33,4,0
22,2021-03-01,0,1,0,0,0,0,0,0,72,2,0
22,2021-04-01,0,1,0,0,0,0,0,0,18,2,0
22,2021-05-01,0,3,0,0,0,0,0,0,27,0,0
22,2021-06-01,0,2,0,0,0,0,0,0,51,1,0
22,2021-07-01,0,1,0,0,0,0,0,0,62,4,0
22,2021-08-01,0,2,0,0,0,0,0,0,48,3,0
22,2021-09-01,0,2,0,0,0,0,0,0,55,1,0
22,2021-10-01,0,1,0,0,0,0,0,0,74,4,0
22,2021-11-01,0,0,0,0,0,0,0,0,53,0,0
22,2021-12-01,0,3,0,0,0,0,0,0,68,3,0
22,2022-01-01,0,0,0,0,0,0,0,0,66,1,0
22,2022-02-01,0,1,0,0,0,0,0,0,63,0,0
22,2022-03-01,0,3,0,0,0,0,0,0,66,0,0
22,2022-04-01,0,0,0,0,0,0,0,0,39,1,0
22,2022-05-01,0,1,0,0,0,0,0,0,45,7,0
22,2022-06-01,0,3,0,0,0,0,0,0,51,1,0
22,2022-07-01,0,1,0,0,0,0,0,0,41,2,0
22,2022-08-01,0,7,0,0,0,0,0,0,61,4,0
22,2022-09-01,0,5,0,0,0,0,0,0,67,17,0
22,2022-10-01,0,6,0,0,0,0,0,0,52,3,1
22,2022-11-01,0,1,0,0,0,0,0,0,64,2,1
22,2022-12-01,0,0,0,0,0,0,0,0,69,0,1
22,2023-01-01,0,1,0,0,0,0,0,0,84,1,1
22,2023-02-01,0,1,0,0,0,0,0,0,89,3,1
22,2023-03-01,0,0,0,1,0,0,0,0,93,1,1
22,2023-04-01,0,2,0,0,0,0,0,0,56,4,1
22,2023-05-01,0,1,0,0,0,0,0,0,67,5,1
22,2023-06-01,0,2,0,0,0,0,0,0,72,7,1
22,2023-07-01,0,2,0,0,0,0,0,0,85,6,1
22,2023-08-01,0,6,0,0,0,0,0,0,95,8,1
22,2023-09-01,0,2,0,0,0,0,0,0,88,2,1
22,2023-10-01,0,1,0,0,0,0,0,0,102,2,1
22,2023-11-01,0,2,0,0,0,0,0,0,70,5,1
22,2023-12-01,0,3,0,0,0,0,0,0,70,1,1
22,2024-01-01,0,1,0,0,0,0,0,0,74,3,1
22,2024-02-01,0,8,0,0,0,0,0,0,68,0,1
22,2024-03-01,0,6,0,0,0,0,0,0,75,2,1
22,2024-04-01,0,3,0,0,0,0,0,0,87,7,1
22,2024-05-01,0,2,0,0,0,0,0,0,89,8,1
22,2024-06-01,0,4,0,0,0,0,0,0,101,3,1
22,2024-07-01,0,4,0,0,0,0,0,0,64,10,1
22,2024-08-01,0,6,0,0,0,0,0,0,88,11,1
22,2024-09-01,0,3,0,0,0,0,0,0,139,16,1
22,2024-10-01,0,1,0,0,0,0,0,0,92,13,1
22,2024-11-01,0,0,0,0,0,0,0,0,85,10,1
22,2024-12-01,0,2,0,0,0,0,0,0,184,7,1
22,2025-01-01,0,0,0,0,0,0,0,0,93,4,1
22,2025-02-01,0,1,0,0,0,0,0,0,73,5,1
22,2025-03-01,0,1,0,0,0,0,0,0,104,3,1
22,2025-04-01,0,0,0,0,0,0,0,0,63,6,1
22,2025-05-01,0,0,0,0,0,0,0,0,60,8,1
22,2025-06-01,0,0,0,0,0,0,0,0,79,8,1
22,2025-07-01,0,2,0,0,0,0,0,0,60,10,1
22,2025-08-01,0,2,0,0,0,0,0,0,67,12,1
22,2025-09-01,0,1,0,0,0,0,0,0,70,7,1
22,2025-10-01,0,1,0,0,0,0,0,0,79,5,1
22,2025-11-01,0,2,0,0,0,0,0,0,71,3,1
22,2025-12-01,0,1,0,0,0,0,0,0,85,1,1
23,2018-01-01,0,11,0,0,1,1,1,0,717,276,0
23,2018-02-01,1,12,1,0,1,1,1,0,660,246,0
23,2018-03-01,0,11,1,0,1,1,1,0,893,271,0
23,2018-04-01,2,10,4,0,1,1,1,0,729,216,0
23,2018-05-01,2,19,5,0,1,1,1,0,767,175,0
23,2018-06-01,1,7,6,0,1,1,1,0,708,177,0
23,2018-07-01,2,8,5,0,1,1,1,0,783,175,0
23,2018-08-01,2,24,5,0,1,1,1,0,864,150,0
23,2018-09-01,1,12,4,0,1,1,1,0,811,166,0
23,2018-10-01,1,11,3,0,1,1,1,0,758,161,0
23,2018-11-01,0,11,0,0,1,1,1,0,753,140,0
23,2018-12-01,1,9,2,0,1,1,1,0,613,121,0
23,2019-01-01,1,13,5,0,1,1,1,0,776,150,0
23,2019-02-01,3,11,5,0,1,1,1,0,701,132,0
23,2019-03-01,1,12,2,0,1,1,1,0,692,185,0
23,2019-04-01,1,16,6,0,1,1,1,0,687,171,0
23,2019-05-01,2,18,6,0,1,1,1,0,773,170,0
23,2019-06-01,2,10,7,0,1,1,1,0,630,139,0
23,2019-07-01,4,13,11,0,1,1,1,0,678,141,0
23,2019-08-01,1,12,6,0,1,1,1,0,658,156,0
23,2019-09-01,3,15,9,0,1,1,1,0,805,124,0
23,2019-10-01,1,12,4,0,1,1,1,0,1166,158,0
23,2019-11-01,2,23,5,0,1,1,1,0,763,114,0
23,2019-12-01,2,13,5,0,1,1,1,0,746,116,0
23,2020-01-01,0,10,3,1,1,1,1,0,837,135,0
23,2020-02-01,1,14,1,0,1,1,1,0,813,135,0
23,2020-03-01,1,11,4,0,1,1,1,0,547,108,0
23,2020-04-01,4,14,9,0,1,1,1,0,16,58,0
23,2020-05-01,2,10,4,0,1,1,1,0,231,90,0
23,2020-06-01,8,13,15,0,1,1,1,0,80,60,0
23,2020-07-01,7,19,22,0,1,1,1,0,195,67,0
23,2020-08-01,3,13,9,0,1,1,1,0,192,67,0
23,2020-09-01,2,20,10,0,1,1,1,0,401,86,0
23,2020-10-01,2,14,7,0,1,1,1,0,356,77,0
23,2020-11-01,3,13,8,0,1,1,1,0,421,96,0
23,2020-12-01,4,17,9,0,1,1,1,0,264,94,0
23,2021-01-01,3,16,8,0,1,1,1,0,515,80,0
23,2021-02-01,1,15,2,0,1,1,1,0,384,85,0
23,2021-03-01,3,9,10,0,1,1,1,0,495,80,0
23,2021-04-01,0,10,4,0,1,1,1,0,241,62,0
23,2021-05-01,7,16,15,0,1,1,1,0,234,103,0
23,2021-06-01,2,20,8,0,1,1,1,0,168,89,0
23,2021-07-01,5,16,19,0,1,1,1,0,422,70,0
23,2021-08-01,2,18,15,0,1,1,1,0,319,93,0
23,2021-09-01,3,16,10,0,1,1,1,0,422,70,0
23,2021-10-01,0,20,7,0,1,1,1,0,331,102,0
23,2021-11-01,5,16,16,0,1,1,1,0,486,74,0
23,2021-12-01,3,19,16,0,1,1,1,0,190,75,0
23,2022-01-01,1,15,7,0,1,1,1,0,240,82,0
23,2022-02-01,2,11,13,1,1,1,1,0,380,79,0
23,2022-03-01,1,10,7,0,1,1,1,0,445,87,0
23,2022-04-01,0,16,5,0,1,1,1,0,271,78,0
23,2022-05-01,3,22,19,0,1,1,1,0,342,96,0
23,2022-06-01,1,22,8,0,1,1,1,0,360,106,0
23,2022-07-01,3,18,12,0,1,1,1,0,324,73,0
23,2022-08-01,2,23,11,0,1,1,1,0,327,79,0
23,2022-09-01,1,12,13,0,1,1,1,0,479,89,0
23,2022-10-01,3,13,9,0,1,1,1,0,352,107,1
23,2022-11-01,0,15,7,0,1,1,1,0,409,88,1
23,2022-12-01,2,10,8,0,1,1,1,0,367,76,1
23,2023-01-01,3,13,10,0,1,1,1,0,350,87,1
23,2023-02-01,1,19,2,0,1,1,1,0,508,92,1
23,2023-03-01,1,10,6,0,1,1,1,0,610,136,1
23,2023-04-01,1,14,4,0,1,1,1,0,403,104,1
23,2023-05-01,1,16,7,0,1,1,1,0,444,111,1
23,2023-06-01,2,19,5,0,1,1,1,0,529,166,1
23,2023-07-01,2,20,6,0,1,1,1,0,436,107,1
23,2023-08-01,0,14,3,1,1,1,1,0,486,113,1
23,2023-09-01,2,20,6,0,1,1,1,0,520,98,1
23,2023-10-01,1,16,3,0,1,1,1,0,380,100,1
23,2023-11-01,0,23,0,0,1,1,1,0,473,124,1
23,2023-12-01,1,25,4,0,1,1,1,0,380,98,1
23,2024-01-01,1,19,1,0,1,1,1,0,435,108,1
23,2024-02-01,0,13,2,0,1,1,1,0,530,115,1
23,2024-03-01,0,16,9,0,1,1,1,0,621,121,1
23,2024-04-01,1,22,5,0,1,1,1,0,461,119,1
23,2024-05-01,0,29,8,0,1,1,1,0,433,132,1
23,2024-06-01,2,22,10,1,1,1,1,0,401,119,1
23,2024-07-01,1,17,11,0,1,1,1,0,332,128,1
23,2024-08-01,2,18,8,0,1,1,1,0,477,118,1
23,2024-09-01,1,21,8,0,1,1,1,0,453,107,1
23,2024-10-01,3,23,10,0,1,1,1,0,472,197,1
23,2024-11-01,0,23,5,1,1,1,1,0,407,143,1
23,2024-12-01,4,27,10,0,1,1,1,0,342,81,1
23,2025-01-01,0,23,4,0,1,1,1,0,395,139,1
23,2025-02-01,0,17,2,0,1,1,1,0,458,152,1
23,2025-03-01,3,20,9,0,1,1,1,0,439,141,1
23,2025-04-01,0,12,6,0,1,1,1,0,506,173,1
23,2025-05-01,1,20,12,0,1,1,1,0,588,132,1
23,2025-06-01,0,19,7,0,1,1,1,0,500,134,1
23,2025-07-01,0,16,4,0,1,1,1,0,433,145,1
23,2025-08-01,1,17,8,0,1,1,1,0,415,134,1
23,2025-09-01,1,17,9,0,1,1,1,0,339,135,1
23,2025-10-01,2,18,7,0,1,1,1,0,380,155,1
23,2025-11-01,1,17,13,0,1,1,1,0,358,112,1
23,2025-12-01,3,21,4,0,1,1,1,0,418,134,1
24,2018-01-01,2,12,2,0,0,0,0,0,816,142,0
24,2018-02-01,0,12,0,0,0,0,0,0,777,112,0
24,2018-03-01,0,16,0,0,0,0,0,0,904,141,0
24,2018-04-01,0,7,0,0,0,0,0,0,790,113,0
24,2018-05-01,0,8,1,0,0,0,0,0,838,95,0
24,2018-06-01,0,17,0,0,0,0,0,0,769,79,0
24,2018-07-01,0,9,1,0,0,0,0,0,638,110,0
24,2018-08-01,1,7,2,0,0,0,0,0,852,96,0
24,2018-09-01,0,13,0,0,0,0,0,0,689,85,0
24,2018-10-01,0,17,1,0,0,0,0,0,998,81,0
24,2018-11-01,0,9,0,0,0,0,0,0,661,89,0
24,2018-12-01,0,13,0,0,0,0,0,0,376,81,0
24,2019-01-01,0,10,3,0,0,0,0,0,842,84,0
24,2019-02-01,0,8,1,0,0,0,0,0,802,83,0
24,2019-03-01,0,14,1,0,0,0,0,0,1020,80,0
24,2019-04-01,0,12,2,0,0,0,0,0,940,110,0
24,2019-05-01,0,16,2,0,0,0,0,0,1223,55,0
24,2019-06-01,0,12,0,0,0,0,0,0,786,66,0
24,2019-07-01,0,13,0,0,0,0,0,0,692,89,0
24,2019-08-01,1,17,2,0,0,0,0,0,646,64,0
24,2019-09-01,0,19,0,0,0,0,0,0,591,71,0
24,2019-10-01,0,21,0,0,0,0,0,0,652,59,0
24,2019-11-01,0,18,1,0,0,0,0,0,703,74,0
24,2019-12-01,0,15,1,0,0,0,0,0,454,62,0
24,2020-01-01,1,15,3,0,0,0,0,0,790,80,0
24,2020-02-01,0,14,0,0,0,0,0,0,776,96,0
24,2020-03-01,0,9,3,0,0,0,0,0,531,83,0
24,2020-04-01,0,12,4,0,0,0,0,0,34,46,0
24,2020-05-01,0,10,0,0,0,0,0,0,106,55,0
24,2020-06-01,2,11,3,0,0,0,0,0,60,47,0
24,2020-07-01,4,11,8,0,0,0,0,0,183,38,0
24,2020-08-01,2,14,7,0,0,0,0,0,140,40,0
24,2020-09-01,0,9,3,0,0,0,0,0,277,60,0
24,2020-10-01,0,14,0,0,0,0,0,0,364,49,0
24,2020-11-01,0,13,0,0,0,0,0,0,316,66,0
24,2020-12-01,0,6,1,0,0,0,0,0,242,75,0
24,2021-01-01,0,10,0,0,0,0,0,0,585,92,0
24,2021-02-01,1,5,2,0,0,0,0,0,454,83,0
24,2021-03-01,0,13,6,0,0,0,0,0,586,56,0
24,2021-04-01,0,15,1,0,0,0,0,0,362,59,0
24,2021-05-01,1,21,4,0,0,0,0,0,324,70,0
24,2021-06-01,0,9,1,0,0,0,0,0,414,69,0
24,2021-07-01,0,8,3,0,0,0,0,0,613,77,0
24,2021-08-01,1,10,9,0,0,0,0,0,357,93,0
24,2021-09-01,1,11,4,0,0,0,0,0,475,92,0
24,2021-10-01,0,16,2,0,0,0,0,0,381,101,0
24,2021-11-01,1,16,1,0,0,0,0,0,338,74,0
24,2021-12-01,2,11,4,0,0,0,0,0,228,93,0
24,2022-01-01,1,17,3,0,0,0,0,0,356,70,0
24,2022-02-01,0,11,1,0,0,0,0,0,339,73,0
24,2022-03-01,0,9,0,0,0,0,0,0,421,81,0
24,2022-04-01,0,11,2,0,0,0,0,0,435,87,0
24,2022-05-01,1,17,2,0,0,0,0,0,591,108,0
24,2022-06-01,0,20,1,0,0,0,0,0,585,95,0
24,2022-07-01,0,18,1,0,0,0,0,0,570,117,0
24,2022-08-01,1,17,6,0,0,0,0,0,452,91,0
24,2022-09-01,1,7,1,0,0,0,0,0,467,107,0
24,2022-10-01,0,12,0,0,0,0,0,0,436,106,1
24,2022-11-01,0,8,0,0,0,0,0,0,547,101,1
24,2022-12-01,0,4,2,0,0,0,0,0,486,77,1
24,2023-01-01,1,17,6,0,0,0,0,0,638,159,1
24,2023-02-01,0,4,0,0,0,0,0,0,724,105,1
24,2023-03-01,0,9,0,0,0,0,0,0,1028,112,1
24,2023-04-01,0,10,1,0,0,0,0,0,734,105,1
24,2023-05-01,2,9,4,0,0,0,0,0,789,139,1
24,2023-06-01,0,9,1,0,0,0,0,0,929,105,1
24,2023-07-01,1,11,1,1,0,0,0,0,669,77,1
24,2023-08-01,0,14,1,0,0,0,0,0,719,96,1
24,2023-09-01,1,13,1,0,0,0,0,0,679,88,1
24,2023-10-01,1,12,2,0,0,0,0,0,720,71,1
24,2023-11-01,0,12,0,0,0,0,0,0,545,111,1
24,2023-12-01,0,21,0,0,0,0,0,0,344,73,1
24,2024-01-01,0,11,0,0,0,0,0,0,555,120,1
24,2024-02-01,0,18,2,0,0,0,0,0,603,125,1
24,2024-03-01,0,12,1,0,0,0,0,0,557,103,1
24,2024-04-01,0,13,0,0,0,0,0,0,748,72,1
24,2024-05-01,2,7,3,0,0,0,0,0,610,77,1
24,2024-06-01,0,17,0,0,0,0,0,0,479,75,1
24,2024-07-01,1,9,6,0,0,0,0,0,509,86,1
24,2024-08-01,0,13,1,0,0,0,0,0,495,84,1
24,2024-09-01,0,7,2,0,0,0,0,0,612,80,1
24,2024-10-01,0,9,0,0,0,0,0,0,545,82,1
24,2024-11-01,1,9,1,0,0,0,0,0,540,78,1
24,2024-12-01,0,4,1,0,0,0,0,0,531,79,1
24,2025-01-01,1,11,3,0,0,0,0,0,556,85,1
24,2025-02-01,0,8,2,0,0,0,0,0,476,117,1
24,2025-03-01,0,10,6,0,0,0,0,0,595,104,1
24,2025-04-01,0,6,0,0,0,0,0,0,529,136,1
24,2025-05-01,1,8,1,0,0,0,0,0,585,103,1
24,2025-06-01,0,5,1,0,0,0,0,0,549,121,1
24,2025-07-01,0,10,0,0,0,0,0,0,420,93,1
24,2025-08-01,0,7,3,0,0,0,0,0,568,109,1
24,2025-09-01,0,8,0,0,0,0,0,0,566,91,1
24,2025-10-01,0,10,0,0,0,0,0,0,712,146,1
24,2025-11-01,1,11,1,0,0,0,0,0,582,106,1
24,2025-12-01,0,3,0,0,0,0,0,0,491,133,1
25,2018-01-01,0,16,3,0,1,1,1,1,1296,426,0
25,2018-02-01,1,14,3,0,1,1,1,1,1092,307,0
25,2018-03-01,0,19,0,0,1,1,1,1,1280,322,0
25,2018-04-01,1,7,1,0,1,1,1,1,1277,279,0
25,2018-05-01,0,16,0,1,1,1,1,1,1191,293,0
25,2018-06-01,0,19,0,0,1,1,1,1,1264,251,0
25,2018-07-01,0,20,1,0,1,1,1,1,1071,228,0
25,2018-08-01,1,20,4,0,1,1,1,1,1168,396,0
25,2018-09-01,0,22,0,0,1,1,1,1,1043,341,0
25,2018-10-01,1,13,3,0,1,1,1,1,1504,320,0
25,2018-11-01,2,13,7,1,1,1,1,1,1058,267,0
25,2018-12-01,2,14,4,0,1,1,1,1,685,245,0
25,2019-01-01,0,8,1,0,1,1,1,1,1329,346,0
25,2019-02-01,1,16,3,0,1,1,1,1,1060,293,0
25,2019-03-01,2,12,6,0,1,1,1,1,1548,340,0
25,2019-04-01,1,12,2,0,1,1,1,1,1174,328,0
25,2019-05-01,0,16,1,0,1,1,1,1,1167,303,0
25,2019-06-01,1,15,4,0,1,1,1,1,1581,233,0
25,2019-07-01,5,12,7,0,1,1,1,1,1070,287,0
25,2019-08-01,1,18,6,0,1,1,1,1,1037,281,0
25,2019-09-01,2,13,4,0,1,1,1,1,1465,277,0
25,2019-10-01,2,24,3,0,1,1,1,1,1277,249,0
25,2019-11-01,1,13,4,0,1,1,1,1,963,218,0
25,2019-12-01,0,15,1,0,1,1,1,1,1356,165,0
25,2020-01-01,1,20,2,0,1,1,1,1,1143,291,0
25,2020-02-01,2,13,3,0,1,1,1,1,1140,269,0
25,2020-03-01,2,21,2,0,1,1,1,1,938,199,0
25,2020-04-01,0,11,0,0,1,1,1,1,283,89,0
25,2020-05-01,2,15,3,0,1,1,1,1,510,239,0
25,2020-06-01,2,15,6,0,1,1,1,1,321,43,0
25,2020-07-01,2,24,6,0,1,1,1,1,185,49,0
25,2020-08-01,1,26,4,0,1,1,1,1,199,85,0
25,2020-09-01,2,16,6,0,1,1,1,1,327,128,0
25,2020-10-01,1,17,2,0,1,1,1,1,375,134,0
25,2020-11-01,3,21,9,0,1,1,1,1,560,122,0
25,2020-12-01,2,16,6,0,1,1,1,1,489,166,0
25,2021-01-01,3,14,5,0,1,1,1,1,476,201,0
25,2021-02-01,1,8,6,0,1,1,1,1,434,175,0
25,2021-03-01,2,11,6,0,1,1,1,1,639,234,0
25,2021-04-01,2,8,5,0,1,1,1,1,658,166,0
25,2021-05-01,4,18,12,0,1,1,1,1,558,140,0
25,2021-06-01,1,18,6,0,1,1,1,1,501,141,0
25,2021-07-01,2,28,11,0,1,1,1,1,413,135,0
25,2021-08-01,2,32,7,0,1,1,1,1,523,160,0
25,2021-09-01,1,28,7,0,1,1,1,1,609,180,0
25,2021-10-01,1,29,7,0,1,1,1,1,702,135,0
25,2021-11-01,5,27,12,0,1,1,1,1,568,145,0
25,2021-12-01,3,22,9,0,1,1,1,1,644,98,0
25,2022-01-01,3,20,9,0,1,1,1,1,698,124,0
25,2022-02-01,4,20,11,0,1,1,1,1,607,141,0
25,2022-03-01,2,27,8,0,1,1,1,1,724,179,0
25,2022-04-01,3,22,14,0,1,1,1,1,757,172,0
25,2022-05-01,1,16,7,0,1,1,1,1,737,132,0
25,2022-06-01,6,19,16,0,1,1,1,1,832,175,0
25,2022-07-01,1,20,4,0,1,1,1,1,709,152,0
25,2022-08-01,2,16,11,0,1,1,1,1,762,128,0
25,2022-09-01,5,22,12,1,1,1,1,1,817,203,0
25,2022-10-01,2,21,6,0,1,1,1,1,645,175,1
25,2022-11-01,0,16,2,0,1,1,1,1,578,150,1
25,2022-12-01,2,17,2,0,1,1,1,1,528,146,1
25,2023-01-01,3,17,11,0,1,1,1,1,589,190,1
25,2023-02-01,2,19,5,0,1,1,1,1,728,181,1
25,2023-03-01,2,26,3,1,1,1,1,1,783,204,1
25,2023-04-01,5,17,10,0,1,1,1,1,985,192,1
25,2023-05-01,4,22,6,0,1,1,1,1,885,195,1
25,2023-06-01,0,25,3,0,1,1,1,1,723,236,1
25,2023-07-01,3,19,5,0,1,1,1,1,1031,222,1
25,2023-08-01,4,32,6,1,1,1,1,1,1083,289,1
25,2023-09-01,2,31,3,0,1,1,1,1,1058,314,1
25,2023-10-01,1,26,4,0,1,1,1,1,975,394,1
25,2023-11-01,1,24,2,0,1,1,1,1,812,270,1
25,2023-12-01,1,22,6,0,1,1,1,1,430,224,1
25,2024-01-01,0,24,2,0,1,1,1,1,728,276,1
25,2024-02-01,0,18,0,2,1,1,1,1,611,225,1
25,2024-03-01,3,21,8,1,1,1,1,1,670,173,1
25,2024-04-01,1,18,2,1,1,1,1,1,743,181,1
25,2024-05-01,1,20,4,0,1,1,1,1,1473,170,1
25,2024-06-01,1,21,5,0,1,1,1,1,913,225,1
25,2024-07-01,2,32,5,0,1,1,1,1,925,166,1
25,2024-08-01,1,21,4,0,1,1,1,1,950,182,1
25,2024-09-01,0,16,4,0,1,1,1,1,917,154,1
25,2024-10-01,0,28,1,0,1,1,1,1,1096,213,1
25,2024-11-01,4,19,5,0,1,1,1,1,851,165,1
25,2024-12-01,0,19,1,0,1,1,1,1,535,122,1
25,2025-01-01,2,18,6,0,1,1,1,1,593,181,1
25,2025-02-01,0,11,2,0,1,1,1,1,828,173,1
25,2025-03-01,1,20,3,0,1,1,1,1,768,168,1
25,2025-04-01,1,11,4,0,1,1,1,1,610,174,1
25,2025-05-01,0,22,2,0,1,1,1,1,758,196,1
25,2025-06-01,0,17,2,0,1,1,1,1,788,194,1
25,2025-07-01,1,18,3,0,1,1,1,1,591,176,1
25,2025-08-01,0,11,9,0,1,1,1,1,602,209,1
25,2025-09-01,2,11,6,0,1,1,1,1,639,158,1
25,2025-10-01,0,21,5,0,1,1,1,1,764,202,1
25,2025-11-01,0,10,4,1,1,1,1,1,641,178,1
25,2025-12-01,0,10,2,0,1,1,1,1,528,158,1
26,2018-01-01,0,9,0,0,0,0,1,1,724,110,0
26,2018-02-01,1,6,3,0,0,0,1,1,666,114,0
26,2018-03-01,1,9,2,0,0,0,1,1,538,124,0
26,2018-04-01,1,6,4,0,0,0,1,1,705,98,0
26,2018-05-01,0,11,0,0,0,0,1,1,835,92,0
26,2018-06-01,0,9,2,0,0,0,1,1,630,82,0
26,2018-07-01,1,6,1,0,0,0,1,1,933,84,0
26,2018-08-01,0,9,1,0,0,0,1,1,825,96,0
26,2018-09-01,0,10,0,0,0,0,1,1,715,86,0
26,2018-10-01,1,13,2,0,0,0,1,1,806,92,0
26,2018-11-01,0,6,0,0,0,0,1,1,682,85,0
26,2018-12-01,1,15,2,0,0,0,1,1,396,71,0
26,2019-01-01,0,7,1,0,0,0,1,1,646,72,0
26,2019-02-01,0,6,0,0,0,0,1,1,654,74,0
26,2019-03-01,0,6,0,0,0,0,1,1,556,88,0
26,2019-04-01,0,9,0,0,0,0,1,1,587,103,0
26,2019-05-01,0,13,2,0,0,0,1,1,933,114,0
26,2019-06-01,0,11,0,0,0,0,1,1,621,62,0
26,2019-07-01,0,9,0,1,0,0,1,1,710,89,0
26,2019-08-01,1,16,2,1,0,0,1,1,508,69,0
26,2019-09-01,1,8,2,0,0,0,1,1,526,66,0
26,2019-10-01,0,19,0,0,0,0,1,1,728,97,0
26,2019-11-01,0,15,0,0,0,0,1,1,420,52,0
26,2019-12-01,0,9,0,0,0,0,1,1,380,63,0
26,2020-01-01,0,8,0,0,0,0,1,1,519,73,0
26,2020-02-01,0,4,0,0,0,0,1,1,446,82,0
26,2020-03-01,0,7,0,0,0,0,1,1,307,67,0
26,2020-04-01,0,7,0,0,0,0,1,1,125,48,0
26,2020-05-01,2,8,3,0,0,0,1,1,384,48,0
26,2020-06-01,2,9,5,0,0,0,1,1,98,29,0
26,2020-07-01,2,7,3,0,0,0,1,1,87,17,0
26,2020-08-01,1,15,6,0,0,0,1,1,223,25,0
26,2020-09-01,1,9,2,0,0,0,1,1,373,39,0
26,2020-10-01,2,10,4,0,0,0,1,1,453,53,0
26,2020-11-01,0,4,0,0,0,0,1,1,388,45,0
26,2020-12-01,0,7,0,0,0,0,1,1,270,36,0
26,2021-01-01,0,7,0,0,0,0,1,1,429,56,0
26,2021-02-01,0,5,1,1,0,0,1,1,360,37,0
26,2021-03-01,2,8,4,0,0,0,1,1,338,65,0
26,2021-04-01,3,3,9,0,0,0,1,1,183,38,0
26,2021-05-01,0,7,2,0,0,0,1,1,324,49,0
26,2021-06-01,1,4,5,1,0,0,1,1,199,33,0
26,2021-07-01,1,3,8,0,0,0,1,1,225,39,0
26,2021-08-01,0,7,3,0,0,0,1,1,204,46,0
26,2021-09-01,1,8,7,0,0,0,1,1,280,46,0
26,2021-10-01,1,8,2,0,0,0,1,1,300,47,0
26,2021-11-01,0,11,9,0,0,0,1,1,270,59,0
26,2021-12-01,1,2,1,0,0,0,1,1,170,41,0
26,2022-01-01,1,7,3,0,0,0,1,1,197,35,0
26,2022-02-01,1,12,2,0,0,0,1,1,159,54,0
26,2022-03-01,1,7,3,0,0,0,1,1,309,68,0
26,2022-04-01,0,6,2,0,0,0,1,1,158,54,0
26,2022-05-01,0,9,2,0,0,0,1,1,170,49,0
26,2022-06-01,1,6,2,0,0,0,1,1,152,40,0
26,2022-07-01,1,12,2,0,0,0,1,1,173,33,0
26,2022-08-01,1,15,6,0,0,0,1,1,234,51,0
26,2022-09-01,1,8,5,0,0,0,1,1,207,37,0
26,2022-10-01,0,8,2,0,0,0,1,1,356,48,1
26,2022-11-01,0,9,1,0,0,0,1,1,209,44,1
26,2022-12-01,0,5,1,0,0,0,1,1,197,34,1
26,2023-01-01,2,16,4,0,0,0,1,1,296,62,1
26,2023-02-01,0,5,2,0,0,0,1,1,404,30,1
26,2023-03-01,0,5,2,0,0,0,1,1,459,45,1
26,2023-04-01,3,11,4,0,0,0,1,1,261,51,1
26,2023-05-01,0,12,3,0,0,0,1,1,395,69,1
26,2023-06-01,1,16,3,0,0,0,1,1,356,61,1
26,2023-07-01,1,19,5,0,0,0,1,1,220,66,1
26,2023-08-01,0,11,4,1,0,0,1,1,248,49,1
26,2023-09-01,0,16,4,0,0,0,1,1,292,59,1
26,2023-10-01,0,11,2,0,0,0,1,1,337,92,1
26,2023-11-01,0,17,1,0,0,0,1,1,307,78,1
26,2023-12-01,1,16,1,0,0,0,1,1,158,69,1
26,2024-01-01,0,13,4,0,0,0,1,1,289,100,1
26,2024-02-01,0,7,2,0,0,0,1,1,369,57,1
26,2024-03-01,0,13,1,0,0,0,1,1,296,57,1
26,2024-04-01,1,15,2,0,0,0,1,1,353,83,1
26,2024-05-01,1,9,4,0,0,0,1,1,307,50,1
26,2024-06-01,3,6,3,2,0,0,1,1,295,40,1
26,2024-07-01,0,13,2,0,0,0,1,1,362,45,1
26,2024-08-01,0,10,2,0,0,0,1,1,235,42,1
26,2024-09-01,0,10,0,0,0,0,1,1,270,64,1
26,2024-10-01,1,15,1,0,0,0,1,1,355,59,1
26,2024-11-01,0,7,1,0,0,0,1,1,354,68,1
26,2024-12-01,0,5,0,2,0,0,1,1,341,68,1
26,2025-01-01,0,10,0,0,0,0,1,1,361,98,1
26,2025-02-01,0,9,0,0,0,0,1,1,284,56,1
26,2025-03-01,0,9,4,0,0,0,1,1,297,88,1
26,2025-04-01,1,6,2,0,0,0,1,1,370,75,1
26,2025-05-01,0,9,0,0,0,0,1,1,280,139,1
26,2025-06-01,1,9,2,0,0,0,1,1,318,73,1
26,2025-07-01,2,11,3,0,0,0,1,1,265,71,1
26,2025-08-01,0,10,3,0,0,0,1,1,222,53,1
26,2025-09-01,0,6,1,0,0,0,1,1,228,48,1
26,2025-10-01,1,1,1,0,0,0,1,1,412,52,1
26,2025-11-01,0,6,0,0,0,0,1,1,488,32,1
26,2025-12-01,0,5,0,0,0,0,1,1,349,43,1
28,2018-01-01,0,13,2,0,1,1,1,1,1046,189,0
28,2018-02-01,0,15,0,0,1,1,1,1,868,141,0
28,2018-03-01,0,11,0,0,1,1,1,1,979,154,0
28,2018-04-01,0,12,1,0,1,1,1,1,1001,139,0
28,2018-05-01,1,17,6,0,1,1,1,1,1107,113,0
28,2018-06-01,0,15,2,0,1,1,1,1,933,147,0
28,2018-07-01,2,11,3,0,1,1,1,1,971,111,0
28,2018-08-01,0,13,2,0,1,1,1,1,914,125,0
28,2018-09-01,2,15,3,0,1,1,1,1,869,110,0
28,2018-10-01,1,21,1,0,1,1,1,1,950,101,0
28,2018-11-01,1,5,2,0,1,1,1,1,821,113,0
28,2018-12-01,0,7,0,0,1,1,1,1,990,96,0
28,2019-01-01,0,16,1,0,1,1,1,1,1051,114,0
28,2019-02-01,0,9,0,0,1,1,1,1,987,131,0
28,2019-03-01,1,10,3,0,1,1,1,1,895,124,0
28,2019-04-01,1,20,3,0,1,1,1,1,1101,133,0
28,2019-05-01,4,14,9,0,1,1,1,1,1090,161,0
28,2019-06-01,0,14,0,0,1,1,1,1,928,112,0
28,2019-07-01,2,14,3,1,1,1,1,1,954,128,0
28,2019-08-01,1,16,3,0,1,1,1,1,952,104,0
28,2019-09-01,1,15,2,0,1,1,1,1,979,107,0
28,2019-10-01,1,12,2,0,1,1,1,1,908,101,0
28,2019-11-01,0,10,0,0,1,1,1,1,807,86,0
28,2019-12-01,3,14,5,0,1,1,1,1,1039,90,0
28,2020-01-01,2,16,6,0,1,1,1,1,1030,94,0
28,2020-02-01,0,14,0,0,1,1,1,1,1018,131,0
28,2020-03-01,1,8,2,0,1,1,1,1,737,75,0
28,2020-04-01,0,12,1,0,1,1,1,1,129,46,0
28,2020-05-01,3,2,6,0,1,1,1,1,371,75,0
28,2020-06-01,0,11,1,0,1,1,1,1,125,37,0
28,2020-07-01,3,10,5,0,1,1,1,1,66,33,0
28,2020-08-01,3,23,8,0,1,1,1,1,296,51,0
28,2020-09-01,3,15,5,0,1,1,1,1,570,44,0
28,2020-10-01,3,13,5,0,1,1,1,1,419,85,0
28,2020-11-01,1,8,1,0,1,1,1,1,421,85,0
28,2020-12-01,0,12,1,0,1,1,1,1,384,94,0
28,2021-01-01,0,12,1,0,1,1,1,1,430,68,0
28,2021-02-01,2,12,5,0,1,1,1,1,474,89,0
28,2021-03-01,2,14,6,0,1,1,1,1,581,98,0
28,2021-04-01,1,12,6,0,1,1,1,1,393,109,0
28,2021-05-01,5,13,14,0,1,1,1,1,220,97,0
28,2021-06-01,5,12,10,0,1,1,1,1,289,91,0
28,2021-07-01,2,13,3,1,1,1,1,1,136,114,0
28,2021-08-01,1,19,5,0,1,1,1,1,210,117,0
28,2021-09-01,2,15,5,0,1,1,1,1,293,79,0
28,2021-10-01,2,25,10,0,1,1,1,1,389,75,0
28,2021-11-01,3,11,7,0,1,1,1,1,403,106,0
28,2021-12-01,0,15,4,0,1,1,1,1,305,92,0
28,2022-01-01,1,14,4,0,1,1,1,1,255,111,0
28,2022-02-01,2,14,6,0,1,1,1,1,287,122,0
28,2022-03-01,1,10,5,0,1,1,1,1,585,113,0
28,2022-04-01,2,18,6,0,1,1,1,1,417,118,0
28,2022-05-01,0,13,4,0,1,1,1,1,568,82,0
28,2022-06-01,3,17,5,1,1,1,1,1,432,107,0
28,2022-07-01,3,14,5,0,1,1,1,1,448,102,0
28,2022-08-01,1,16,4,0,1,1,1,1,569,97,0
28,2022-09-01,3,19,10,0,1,1,1,1,583,109,0
28,2022-10-01,2,13,4,0,1,1,1,1,531,123,1
28,2022-11-01,1,13,1,0,1,1,1,1,496,160,1
28,2022-12-01,3,12,4,0,1,1,1,1,544,146,1
28,2023-01-01,0,16,4,0,1,1,1,1,421,128,1
28,2023-02-01,3,9,8,0,1,1,1,1,679,118,1
28,2023-03-01,1,14,3,0,1,1,1,1,877,111,1
28,2023-04-01,1,17,5,0,1,1,1,1,488,104,1
28,2023-05-01,0,11,4,0,1,1,1,1,635,125,1
28,2023-06-01,0,15,2,0,1,1,1,1,406,126,1
28,2023-07-01,2,13,4,0,1,1,1,1,470,117,1
28,2023-08-01,1,16,3,0,1,1,1,1,641,128,1
28,2023-09-01,0,18,3,0,1,1,1,1,560,109,1
28,2023-10-01,0,18,0,0,1,1,1,1,668,86,1
28,2023-11-01,2,14,3,0,1,1,1,1,473,80,1
28,2023-12-01,0,18,1,0,1,1,1,1,448,79,1
28,2024-01-01,0,15,3,0,1,1,1,1,612,72,1
28,2024-02-01,2,17,2,0,1,1,1,1,496,84,1
28,2024-03-01,1,13,6,0,1,1,1,1,534,101,1
28,2024-04-01,2,22,4,0,1,1,1,1,565,121,1
28,2024-05-01,1,11,4,0,1,1,1,1,527,97,1
28,2024-06-01,1,12,3,0,1,1,1,1,565,134,1
28,2024-07-01,1,16,2,0,1,1,1,1,445,161,1
28,2024-08-01,2,17,9,0,1,1,1,1,590,119,1
28,2024-09-01,1,9,4,0,1,1,1,1,519,105,1
28,2024-10-01,3,12,5,0,1,1,1,1,612,154,1
28,2024-11-01,0,12,1,0,1,1,1,1,574,154,1
28,2024-12-01,0,9,1,0,1,1,1,1,434,136,1
28,2025-01-01,1,12,3,0,1,1,1,1,556,163,1
28,2025-02-01,0,11,0,0,1,1,1,1,461,205,1
28,2025-03-01,0,10,2,0,1,1,1,1,611,158,1
28,2025-04-01,1,11,3,0,1,1,1,1,578,170,1
28,2025-05-01,3,11,5,0,1,1,1,1,647,216,1
28,2025-06-01,0,9,1,0,1,1,1,1,647,179,1
28,2025-07-01,2,9,2,0,1,1,1,1,624,165,1
28,2025-08-01,0,15,0,0,1,1,1,1,708,169,1
28,2025-09-01,0,5,3,0,1,1,1,1,765,155,1
28,2025-10-01,0,9,2,0,1,1,1,1,658,168,1
28,2025-11-01,2,7,4,0,1,1,1,1,666,159,1
28,2025-12-01,0,11,1,0,1,1,1,1,663,126,1
30,2018-01-01,0,7,1,0,1,0,1,0,891,88,0
30,2018-02-01,0,9,0,0,1,0,1,0,695,98,0
30,2018-03-01,1,10,2,0,1,0,1,0,528,141,0
30,2018-04-01,0,11,0,0,1,0,1,0,708,85,0
30,2018-05-01,2,18,3,0,1,0,1,0,702,111,0
30,2018-06-01,1,17,2,0,1,0,1,0,551,79,0
30,2018-07-01,1,16,2,0,1,0,1,0,564,88,0
30,2018-08-01,2,14,4,0,1,0,1,0,674,84,0
30,2018-09-01,0,17,0,0,1,0,1,0,505,81,0
30,2018-10-01,0,13,0,0,1,0,1,0,587,66,0
30,2018-11-01,1,17,3,0,1,0,1,0,652,84,0
30,2018-12-01,0,14,0,0,1,0,1,0,581,73,0
30,2019-01-01,0,10,0,0,1,0,1,0,810,106,0
30,2019-02-01,0,12,0,0,1,0,1,0,764,82,0
30,2019-03-01,0,11,4,0,1,0,1,0,607,82,0
30,2019-04-01,1,8,1,0,1,0,1,0,702,71,0
30,2019-05-01,0,9,1,1,1,0,1,0,838,104,0
30,2019-06-01,2,15,3,0,1,0,1,0,550,86,0
30,2019-07-01,1,21,2,0,1,0,1,0,637,102,0
30,2019-08-01,2,16,4,0,1,0,1,0,484,89,0
30,2019-09-01,1,25,2,0,1,0,1,0,531,59,0
30,2019-10-01,0,25,0,0,1,0,1,0,674,73,0
30,2019-11-01,0,23,0,0,1,0,1,0,533,75,0
30,2019-12-01,0,16,1,0,1,0,1,0,614,50,0
30,2020-01-01,2,17,3,0,1,0,1,0,741,70,0
30,2020-02-01,0,15,0,0,1,0,1,0,579,74,0
30,2020-03-01,0,17,1,0,1,0,1,0,568,53,0
30,2020-04-01,0,9,1,1,1,0,1,0,168,40,0
30,2020-05-01,1,8,3,0,1,0,1,0,434,46,0
30,2020-06-01,1,5,3,0,1,0,1,0,141,30,0
30,2020-07-01,0,14,4,0,1,0,1,0,163,26,0
30,2020-08-01,1,12,6,0,1,0,1,0,207,28,0
30,2020-09-01,1,17,3,0,1,0,1,0,446,52,0
30,2020-10-01,2,22,9,0,1,0,1,0,375,42,0
30,2020-11-01,1,14,2,0,1,0,1,0,339,47,0
30,2020-12-01,2,15,4,0,1,0,1,0,380,40,0
30,2021-01-01,1,9,3,0,1,0,1,0,361,58,0
30,2021-02-01,0,9,2,0,1,0,1,0,290,47,0
30,2021-03-01,0,8,0,0,1,0,1,0,516,76,0
30,2021-04-01,3,9,8,0,1,0,1,0,327,41,0
30,2021-05-01,0,8,4,0,1,0,1,0,408,60,0
30,2021-06-01,0,7,4,0,1,0,1,0,347,60,0
30,2021-07-01,4,8,15,0,1,0,1,0,280,67,0
30,2021-08-01,0,7,3,0,1,0,1,0,258,97,0
30,2021-09-01,0,14,3,0,1,0,1,0,349,93,0
30,2021-10-01,1,10,3,0,1,0,1,0,287,122,0
30,2021-11-01,0,7,2,0,1,0,1,0,267,97,0
30,2021-12-01,2,9,2,0,1,0,1,0,252,72,0
30,2022-01-01,2,10,3,0,1,0,1,0,138,99,0
30,2022-02-01,0,6,1,0,1,0,1,0,197,76,0
30,2022-03-01,1,8,3,0,1,0,1,0,296,87,0
30,2022-04-01,1,9,3,0,1,0,1,0,193,103,0
30,2022-05-01,0,7,3,0,1,0,1,0,229,96,0
30,2022-06-01,3,11,6,0,1,0,1,0,299,93,0
30,2022-07-01,2,18,3,0,1,0,1,0,208,85,0
30,2022-08-01,3,18,7,0,1,0,1,0,249,87,0
30,2022-09-01,1,13,4,0,1,0,1,0,342,99,0
30,2022-10-01,0,10,1,0,1,0,1,0,353,92,1
30,2022-11-01,2,12,4,0,1,0,1,0,530,72,1
30,2022-12-01,1,10,4,0,1,0,1,0,396,59,1
30,2023-01-01,1,8,5,0,1,0,1,0,482,90,1
30,2023-02-01,0,9,2,0,1,0,1,0,487,83,1
30,2023-03-01,1,7,3,0,1,0,1,0,538,63,1
30,2023-04-01,0,7,3,0,1,0,1,0,345,54,1
30,2023-05-01,1,13,3,0,1,0,1,0,618,92,1
30,2023-06-01,0,19,3,0,1,0,1,0,333,81,1
30,2023-07-01,2,11,4,0,1,0,1,0,411,87,1
30,2023-08-01,0,10,2,1,1,0,1,0,397,71,1
30,2023-09-01,0,11,1,0,1,0,1,0,430,59,1
30,2023-10-01,0,11,2,0,1,0,1,0,453,113,1
30,2023-11-01,0,15,1,0,1,0,1,0,449,75,1
30,2023-12-01,0,14,1,1,1,0,1,0,216,71,1
30,2024-01-01,1,10,2,0,1,0,1,0,384,78,1
30,2024-02-01,0,9,0,0,1,0,1,0,351,100,1
30,2024-03-01,0,12,0,0,1,0,1,0,272,90,1
30,2024-04-01,1,12,3,1,1,0,1,0,517,115,1
30,2024-05-01,2,10,6,1,1,0,1,0,297,84,1
30,2024-06-01,0,10,1,0,1,0,1,0,237,87,1
30,2024-07-01,0,12,1,0,1,0,1,0,264,82,1
30,2024-08-01,0,14,0,0,1,0,1,0,345,140,1
30,2024-09-01,1,9,2,0,1,0,1,0,300,105,1
30,2024-10-01,0,11,0,0,1,0,1,0,296,125,1
30,2024-11-01,2,7,2,1,1,0,1,0,401,103,1
30,2024-12-01,0,8,1,0,1,0,1,0,416,82,1
30,2025-01-01,1,10,1,0,1,0,1,0,417,96,1
30,2025-02-01,0,4,1,0,1,0,1,0,382,107,1
30,2025-03-01,0,9,0,0,1,0,1,0,478,117,1
30,2025-04-01,1,3,1,0,1,0,1,0,473,113,1
30,2025-05-01,0,13,1,1,1,0,1,0,453,84,1
30,2025-06-01,0,10,0,0,1,0,1,0,334,85,1
30,2025-07-01,0,8,0,0,1,0,1,0,219,75,1
30,2025-08-01,0,6,0,0,1,0,1,0,233,79,1
30,2025-09-01,0,5,0,0,1,0,1,0,161,107,1
30,2025-10-01,0,14,0,0,1,0,1,0,315,84,1
30,2025-11-01,0,8,0,0,1,0,1,0,339,63,1
30,2025-12-01,0,5,0,0,1,0,1,0,366,76,1
32,2018-01-01,1,21,1,0,1,1,1,1,1006,237,0
32,2018-02-01,1,9,4,0,1,1,1,1,757,188,0
32,2018-03-01,0,10,1,0,1,1,1,1,1042,242,0
32,2018-04-01,1,13,4,0,1,1,1,1,939,175,0
32,2018-05-01,3,18,8,0,1,1,1,1,1041,158,0
32,2018-06-01,3,14,3,0,1,1,1,1,815,144,0
32,2018-07-01,2,16,3,0,1,1,1,1,835,162,0
32,2018-08-01,0,16,1,1,1,1,1,1,942,175,0
32,2018-09-01,1,18,4,0,1,1,1,1,653,143,0
32,2018-10-01,0,21,1,0,1,1,1,1,913,139,0
32,2018-11-01,1,17,4,0,1,1,1,1,1114,138,0
32,2018-12-01,0,21,0,0,1,1,1,1,660,121,0
32,2019-01-01,2,10,3,0,1,1,1,1,1026,149,0
32,2019-02-01,2,21,3,0,1,1,1,1,978,143,0
32,2019-03-01,1,11,4,0,1,1,1,1,930,197,0
32,2019-04-01,3,16,7,0,1,1,1,1,739,194,0
32,2019-05-01,3,20,4,0,1,1,1,1,846,170,0
32,2019-06-01,3,19,5,0,1,1,1,1,609,140,0
32,2019-07-01,0,10,2,0,1,1,1,1,835,162,0
32,2019-08-01,0,18,3,0,1,1,1,1,505,137,0
32,2019-09-01,2,25,6,0,1,1,1,1,531,150,0
32,2019-10-01,1,15,3,0,1,1,1,1,582,160,0
32,2019-11-01,0,32,0,0,1,1,1,1,501,138,0
32,2019-12-01,1,22,3,0,1,1,1,1,521,131,0
32,2020-01-01,2,15,7,0,1,1,1,1,725,149,0
32,2020-02-01,0,14,2,0,1,1,1,1,598,135,0
32,2020-03-01,2,18,5,0,1,1,1,1,391,80,0
32,2020-04-01,2,15,3,0,1,1,1,1,14,57,0
32,2020-05-01,2,10,2,0,1,1,1,1,162,131,0
32,2020-06-01,0,10,5,0,1,1,1,1,89,46,0
32,2020-07-01,9,19,21,0,1,1,1,1,63,29,0
32,2020-08-01,9,18,20,0,1,1,1,1,86,50,0
32,2020-09-01,2,11,4,0,1,1,1,1,201,81,0
32,2020-10-01,0,12,1,1,1,1,1,1,284,87,0
32,2020-11-01,4,12,8,0,1,1,1,1,211,87,0
32,2020-12-01,5,18,7,0,1,1,1,1,136,105,0
32,2021-01-01,2,10,6,0,1,1,1,1,290,117,0
32,2021-02-01,1,7,7,0,1,1,1,1,437,90,0
32,2021-03-01,4,12,15,0,1,1,1,1,597,120,0
32,2021-04-01,3,9,6,0,1,1,1,1,486,87,0
32,2021-05-01,4,9,15,0,1,1,1,1,396,90,0
32,2021-06-01,7,18,18,0,1,1,1,1,445,93,0
32,2021-07-01,8,14,20,1,1,1,1,1,347,115,0
32,2021-08-01,4,20,12,0,1,1,1,1,406,131,0
32,2021-09-01,5,17,11,0,1,1,1,1,353,113,0
32,2021-10-01,6,25,12,0,1,1,1,1,401,123,0
32,2021-11-01,1,24,8,0,1,1,1,1,236,90,0
32,2021-12-01,6,19,14,0,1,1,1,1,328,105,0
32,2022-01-01,1,19,4,0,1,1,1,1,215,67,0
32,2022-02-01,2,24,7,0,1,1,1,1,217,62,0
32,2022-03-01,2,24,7,0,1,1,1,1,553,101,0
32,2022-04-01,4,21,11,0,1,1,1,1,398,112,0
32,2022-05-01,6,8,11,0,1,1,1,1,300,90,0
32,2022-06-01,4,17,9,0,1,1,1,1,480,117,0
32,2022-07-01,0,16,2,0,1,1,1,1,328,96,0
32,2022-08-01,5,17,14,0,1,1,1,1,484,80,0
32,2022-09-01,1,22,4,0,1,1,1,1,652,65,0
32,2022-10-01,2,13,7,0,1,1,1,1,567,88,1
32,2022-11-01,1,23,5,0,1,1,1,1,446,111,1
32,2022-12-01,4,10,6,0,1,1,1,1,528,77,1
32,2023-01-01,2,16,7,0,1,1,1,1,391,88,1
32,2023-02-01,2,11,7,0,1,1,1,1,539,99,1
32,2023-03-01,2,13,4,0,1,1,1,1,599,90,1
32,2023-04-01,1,13,6,1,1,1,1,1,552,123,1
32,2023-05-01,1,24,2,1,1,1,1,1,603,94,1
32,2023-06-01,5,21,9,0,1,1,1,1,469,103,1
32,2023-07-01,5,21,9,0,1,1,1,1,524,101,1
32,2023-08-01,3,17,8,2,1,1,1,1,828,143,1
32,2023-09-01,2,18,3,0,1,1,1,1,706,114,1
32,2023-10-01,0,21,2,0,1,1,1,1,732,106,1
32,2023-11-01,2,18,3,0,1,1,1,1,474,89,1
32,2023-12-01,1,32,5,0,1,1,1,1,341,101,1
32,2024-01-01,2,20,5,0,1,1,1,1,530,108,1
32,2024-02-01,1,21,3,0,1,1,1,1,392,123,1
32,2024-03-01,1,17,3,0,1,1,1,1,290,137,1
32,2024-04-01,1,14,9,0,1,1,1,1,250,116,1
32,2024-05-01,1,21,9,0,1,1,1,1,367,140,1
32,2024-06-01,4,20,6,0,1,1,1,1,458,116,1
32,2024-07-01,2,24,5,0,1,1,1,1,529,141,1
32,2024-08-01,0,17,4,0,1,1,1,1,328,137,1
32,2024-09-01,1,10,5,0,1,1,1,1,382,124,1
32,2024-10-01,3,19,9,0,1,1,1,1,362,151,1
32,2024-11-01,2,14,4,0,1,1,1,1,738,163,1
32,2024-12-01,3,18,15,0,1,1,1,1,549,132,1
32,2025-01-01,1,17,10,0,1,1,1,1,649,158,1
32,2025-02-01,1,19,3,0,1,1,1,1,494,142,1
32,2025-03-01,2,11,7,0,1,1,1,1,540,165,1
32,2025-04-01,1,26,2,0,1,1,1,1,489,153,1
32,2025-05-01,1,18,4,0,1,1,1,1,447,128,1
32,2025-06-01,0,20,10,0,1,1,1,1,292,139,1
32,2025-07-01,3,19,9,0,1,1,1,1,394,147,1
32,2025-08-01,1,27,3,0,1,1,1,1,316,142,1
32,2025-09-01,1,13,5,1,1,1,1,1,318,154,1
32,2025-10-01,2,16,5,0,1,1,1,1,355,155,1
32,2025-11-01,1,18,1,0,1,1,1,1,363,128,1
32,2025-12-01,3,14,4,0,1,1,1,1,376,115,1
33,2018-01-01,1,4,2,0,1,1,1,0,981,223,0
33,2018-02-01,0,6,0,0,1,1,1,0,851,181,0
33,2018-03-01,0,4,4,0,1,1,1,0,937,166,0
33,2018-04-01,0,5,0,0,1,1,1,0,992,182,0
33,2018-05-01,0,7,0,0,1,1,1,0,972,174,0
33,2018-06-01,1,8,4,0,1,1,1,0,800,143,0
33,2018-07-01,1,9,3,0,1,1,1,0,772,156,0
33,2018-08-01,1,10,3,0,1,1,1,0,973,140,0
33,2018-09-01,0,18,0,0,1,1,1,0,678,106,0
33,2018-10-01,0,20,1,0,1,1,1,0,935,132,0
33,2018-11-01,1,8,3,0,1,1,1,0,723,145,0
33,2018-12-01,1,14,3,0,1,1,1,0,645,130,0
33,2019-01-01,1,6,1,0,1,1,1,0,991,157,0
33,2019-02-01,1,14,2,0,1,1,1,0,906,137,0
33,2019-03-01,0,7,0,0,1,1,1,0,818,109,0
33,2019-04-01,0,11,0,0,1,1,1,0,785,119,0
33,2019-05-01,0,8,0,0,1,1,1,0,1253,126,0
33,2019-06-01,1,12,1,0,1,1,1,0,713,132,0
33,2019-07-01,2,15,5,0,1,1,1,0,837,114,0
33,2019-08-01,0,12,0,0,1,1,1,0,726,117,0
33,2019-09-01,0,14,1,0,1,1,1,0,757,85,0
33,2019-10-01,1,18,2,0,1,1,1,0,787,107,0
33,2019-11-01,0,15,0,0,1,1,1,0,706,93,0
33,2019-12-01,0,14,0,1,1,1,1,0,762,80,0
33,2020-01-01,0,8,0,0,1,1,1,0,1058,93,0
33,2020-02-01,0,16,2,0,1,1,1,0,811,109,0
33,2020-03-01,1,13,2,0,1,1,1,0,602,80,0
33,2020-04-01,0,14,2,0,1,1,1,0,30,51,0
33,2020-05-01,2,25,4,0,1,1,1,0,328,75,0
33,2020-06-01,1,8,1,0,1,1,1,0,102,43,0
33,2020-07-01,0,16,1,0,1,1,1,0,58,27,0
33,2020-08-01,0,14,3,0,1,1,1,0,108,34,0
33,2020-09-01,3,14,4,0,1,1,1,0,406,60,0
33,2020-10-01,0,14,2,1,1,1,1,0,354,78,0
33,2020-11-01,0,10,0,0,1,1,1,0,222,74,0
33,2020-12-01,2,15,4,0,1,1,1,0,309,85,0
33,2021-01-01,0,15,1,0,1,1,1,0,403,103,0
33,2021-02-01,1,14,2,0,1,1,1,0,653,72,0
33,2021-03-01,2,15,4,0,1,1,1,0,580,119,0
33,2021-04-01,3,12,5,0,1,1,1,0,363,84,0
33,2021-05-01,0,32,0,0,1,1,1,0,274,97,0
33,2021-06-01,1,24,3,0,1,1,1,0,287,90,0
33,2021-07-01,2,20,2,0,1,1,1,0,207,91,0
33,2021-08-01,1,22,3,0,1,1,1,0,282,123,0
33,2021-09-01,2,21,8,0,1,1,1,0,264,112,0
33,2021-10-01,2,19,3,0,1,1,1,0,330,91,0
33,2021-11-01,2,22,6,0,1,1,1,0,294,64,0
33,2021-12-01,0,17,1,0,1,1,1,0,233,69,0
33,2022-01-01,2,8,4,0,1,1,1,0,191,51,0
33,2022-02-01,1,15,4,0,1,1,1,0,282,71,0
33,2022-03-01,0,19,2,0,1,1,1,0,542,87,0
33,2022-04-01,1,14,4,0,1,1,1,0,435,65,0
33,2022-05-01,0,14,0,0,1,1,1,0,504,75,0
33,2022-06-01,0,20,0,0,1,1,1,0,498,113,0
33,2022-07-01,0,22,3,0,1,1,1,0,168,94,0
33,2022-08-01,1,19,5,0,1,1,1,0,262,70,0
33,2022-09-01,1,17,4,0,1,1,1,0,388,75,0
33,2022-10-01,2,21,5,0,1,1,1,0,284,80,1
33,2022-11-01,1,14,1,0,1,1,1,0,322,82,1
33,2022-12-01,1,15,3,0,1,1,1,0,254,90,1
33,2023-01-01,0,18,0,0,1,1,1,0,405,87,1
33,2023-02-01,2,12,3,0,1,1,1,0,425,95,1
33,2023-03-01,1,8,2,0,1,1,1,0,443,104,1
33,2023-04-01,0,8,0,0,1,1,1,0,278,91,1
33,2023-05-01,1,10,1,1,1,1,1,0,430,96,1
33,2023-06-01,1,20,2,1,1,1,1,0,206,92,1
33,2023-07-01,0,18,3,0,1,1,1,0,398,84,1
33,2023-08-01,1,19,3,0,1,1,1,0,270,90,1
33,2023-09-01,1,19,5,0,1,1,1,0,131,80,1
33,2023-10-01,0,15,4,2,1,1,1,0,169,68,1
33,2023-11-01,1,15,2,0,1,1,1,0,440,97,1
33,2023-12-01,2,14,2,0,1,1,1,0,141,87,1
33,2024-01-01,0,14,1,0,1,1,1,0,372,99,1
33,2024-02-01,0,8,0,0,1,1,1,0,293,97,1
33,2024-03-01,0,20,1,0,1,1,1,0,243,88,1
33,2024-04-01,0,13,0,0,1,1,1,0,328,95,1
33,2024-05-01,1,21,3,0,1,1,1,0,370,91,1
33,2024-06-01,0,13,0,1,1,1,1,0,261,84,1
33,2024-07-01,0,9,2,0,1,1,1,0,264,78,1
33,2024-08-01,0,10,0,0,1,1,1,0,199,91,1
33,2024-09-01,1,14,3,0,1,1,1,0,303,78,1
33,2024-10-01,1,17,2,0,1,1,1,0,414,112,1
33,2024-11-01,1,8,1,0,1,1,1,0,783,87,1
33,2024-12-01,0,8,0,0,1,1,1,0,403,84,1
33,2025-01-01,0,6,0,0,1,1,1,0,410,136,1
33,2025-02-01,0,8,0,0,1,1,1,0,356,153,1
33,2025-03-01,0,10,0,0,1,1,1,0,318,104,1
33,2025-04-01,0,8,1,0,1,1,1,0,333,114,1
33,2025-05-01,0,16,1,0,1,1,1,0,362,115,1
33,2025-06-01,1,16,1,0,1,1,1,0,422,98,1
33,2025-07-01,1,13,1,1,1,1,1,0,389,121,1
33,2025-08-01,2,21,5,0,1,1,1,0,335,116,1
33,2025-09-01,0,14,1,0,1,1,1,0,318,120,1
33,2025-10-01,0,19,1,0,1,1,1,0,340,108,1
33,2025-11-01,0,15,0,0,1,1,1,0,426,104,1
33,2025-12-01,0,8,0,0,1,1,1,0,372,115,1
34,2018-01-01,1,22,2,0,1,1,1,0,640,261,0
34,2018-02-01,0,17,0,0,1,1,1,0,558,188,0
34,2018-03-01,0,14,1,0,1,1,1,0,555,192,0
34,2018-04-01,0,9,2,0,1,1,1,0,602,182,0
34,2018-05-01,1,13,3,0,1,1,1,0,890,188,0
34,2018-06-01,1,15,4,0,1,1,1,0,602,150,0
34,2018-07-01,1,17,3,0,1,1,1,0,602,178,0
34,2018-08-01,1,16,4,0,1,1,1,0,708,162,0
34,2018-09-01,2,20,3,0,1,1,1,0,669,129,0
34,2018-10-01,2,15,4,0,1,1,1,0,788,152,0
34,2018-11-01,2,14,7,0,1,1,1,0,914,166,0
34,2018-12-01,1,27,3,0,1,1,1,0,480,138,0
34,2019-01-01,3,10,6,0,1,1,1,0,725,171,0
34,2019-02-01,2,13,3,0,1,1,1,0,630,154,0
34,2019-03-01,1,11,2,0,1,1,1,0,612,146,0
34,2019-04-01,1,10,3,0,1,1,1,0,623,120,0
34,2019-05-01,2,20,5,0,1,1,1,0,932,146,0
34,2019-06-01,0,27,1,0,1,1,1,0,603,129,0
34,2019-07-01,0,21,2,0,1,1,1,0,645,165,0
34,2019-08-01,0,27,2,0,1,1,1,0,597,130,0
34,2019-09-01,1,15,3,0,1,1,1,0,601,110,0
34,2019-10-01,0,19,2,0,1,1,1,0,726,124,0
34,2019-11-01,2,23,3,0,1,1,1,0,670,97,0
34,2019-12-01,0,28,0,0,1,1,1,0,607,93,0
34,2020-01-01,2,14,3,0,1,1,1,0,715,90,0
34,2020-02-01,2,18,4,0,1,1,1,0,549,88,0
34,2020-03-01,0,8,1,0,1,1,1,0,466,103,0
34,2020-04-01,0,11,0,0,1,1,1,0,63,65,0
34,2020-05-01,1,13,5,0,1,1,1,0,488,118,0
34,2020-06-01,3,14,8,1,1,1,1,0,35,33,0
34,2020-07-01,3,16,5,0,1,1,1,0,93,37,0
34,2020-08-01,1,27,1,0,1,1,1,0,144,41,0
34,2020-09-01,1,18,2,0,1,1,1,0,221,47,0
34,2020-10-01,6,18,11,0,1,1,1,0,245,77,0
34,2020-11-01,1,21,4,0,1,1,1,0,144,52,0
34,2020-12-01,0,27,0,0,1,1,1,0,126,48,0
34,2021-01-01,1,17,2,0,1,1,1,0,333,59,0
34,2021-02-01,2,10,2,0,1,1,1,0,305,46,0
34,2021-03-01,2,11,5,0,1,1,1,0,248,72,0
34,2021-04-01,3,12,5,0,1,1,1,0,145,50,0
34,2021-05-01,4,22,9,0,1,1,1,0,127,69,0
34,2021-06-01,5,24,9,0,1,1,1,0,237,80,0
34,2021-07-01,4,24,13,0,1,1,1,0,310,69,0
34,2021-08-01,6,13,12,0,1,1,1,0,380,65,0
34,2021-09-01,5,20,13,0,1,1,1,0,224,45,0
34,2021-10-01,0,22,2,0,1,1,1,0,248,57,0
34,2021-11-01,2,22,8,0,1,1,1,0,309,62,0
34,2021-12-01,3,15,12,0,1,1,1,0,343,56,0
34,2022-01-01,3,15,6,0,1,1,1,0,200,52,0
34,2022-02-01,1,32,4,0,1,1,1,0,233,76,0
34,2022-03-01,2,14,6,0,1,1,1,0,298,100,0
34,2022-04-01,2,13,8,0,1,1,1,0,579,55,0
34,2022-05-01,1,31,3,0,1,1,1,0,405,71,0
34,2022-06-01,2,18,5,0,1,1,1,0,269,52,0
34,2022-07-01,3,28,7,0,1,1,1,0,389,76,0
34,2022-08-01,2,31,4,0,1,1,1,0,375,82,0
34,2022-09-01,2,28,3,0,1,1,1,0,460,106,0
34,2022-10-01,1,31,7,0,1,1,1,0,488,91,1
34,2022-11-01,0,17,2,2,1,1,1,0,882,126,1
34,2022-12-01,5,19,10,0,1,1,1,0,677,111,1
34,2023-01-01,1,29,3,0,1,1,1,0,1239,148,1
34,2023-02-01,0,15,1,0,1,1,1,0,1218,145,1
34,2023-03-01,0,21,3,0,1,1,1,0,1321,120,1
34,2023-04-01,0,15,6,0,1,1,1,0,1249,122,1
34,2023-05-01,2,17,2,0,1,1,1,0,479,201,1
34,2023-06-01,1,13,3,1,1,1,1,0,496,126,1
34,2023-07-01,3,15,5,1,1,1,1,0,510,131,1
34,2023-08-01,2,23,5,2,1,1,1,0,684,109,1
34,2023-09-01,0,15,2,0,1,1,1,0,440,102,1
34,2023-10-01,3,23,3,1,1,1,1,0,549,106,1
34,2023-11-01,0,11,1,1,1,1,1,0,495,122,1
34,2023-12-01,4,18,7,0,1,1,1,0,650,92,1
34,2024-01-01,5,23,9,0,1,1,1,0,751,146,1
34,2024-02-01,0,11,1,0,1,1,1,0,726,157,1
34,2024-03-01,0,30,2,0,1,1,1,0,641,163,1
34,2024-04-01,1,22,3,0,1,1,1,0,667,151,1
34,2024-05-01,1,23,9,1,1,1,1,0,560,192,1
34,2024-06-01,4,27,6,1,1,1,1,0,833,196,1
34,2024-07-01,0,18,5,0,1,1,1,0,632,185,1
34,2024-08-01,4,6,5,0,1,1,1,0,940,267,1
34,2024-09-01,1,15,2,0,1,1,1,0,851,179,1
34,2024-10-01,1,16,6,2,1,1,1,0,759,175,1
34,2024-11-01,0,23,2,1,1,1,1,0,578,177,1
34,2024-12-01,1,11,1,0,1,1,1,0,473,157,1
34,2025-01-01,1,23,3,0,1,1,1,0,572,205,1
34,2025-02-01,0,17,3,0,1,1,1,0,704,218,1
34,2025-03-01,1,13,5,2,1,1,1,0,944,252,1
34,2025-04-01,2,18,3,0,1,1,1,0,700,214,1
34,2025-05-01,0,22,2,0,1,1,1,0,625,174,1
34,2025-06-01,0,13,4,2,1,1,1,0,416,174,1
34,2025-07-01,0,26,3,1,1,1,1,0,269,161,1
34,2025-08-01,1,30,3,0,1,1,1,0,353,167,1
34,2025-09-01,1,25,1,1,1,1,1,0,450,196,1
34,2025-10-01,1,18,2,0,1,1,1,0,530,185,1
34,2025-11-01,1,21,2,2,1,1,1,0,726,168,1
34,2025-12-01,0,10,1,0,1,1,1,0,443,165,1
40,2018-01-01,7,35,10,0,1,1,1,1,1201,535,0
40,2018-02-01,0,38,1,0,1,1,1,1,894,453,0
40,2018-03-01,3,35,6,0,1,1,1,1,1123,414,0
40,2018-04-01,2,37,5,0,1,1,1,1,956,376,0
40,2018-05-01,6,40,9,0,1,1,1,1,1295,371,0
40,2018-06-01,1,38,3,0,1,1,1,1,1234,289,0
40,2018-07-01,1,45,2,0,1,1,1,1,1211,338,0
40,2018-08-01,4,47,10,0,1,1,1,1,1176,369,0
40,2018-09-01,3,36,8,0,1,1,1,1,1118,387,0
40,2018-10-01,6,38,10,0,1,1,1,1,1167,361,0
40,2018-11-01,0,44,2,0,1,1,1,1,1113,343,0
40,2018-12-01,1,31,7,0,1,1,1,1,1137,354,0
40,2019-01-01,1,41,3,0,1,1,1,1,1267,492,0
40,2019-02-01,2,32,5,0,1,1,1,1,1051,404,0
40,2019-03-01,3,29,7,0,1,1,1,1,1222,444,0
40,2019-04-01,2,29,5,0,1,1,1,1,1239,446,0
40,2019-05-01,2,31,6,0,1,1,1,1,1306,403,0
40,2019-06-01,2,46,6,0,1,1,1,1,1222,378,0
40,2019-07-01,0,53,2,0,1,1,1,1,1285,431,0
40,2019-08-01,4,40,11,0,1,1,1,1,991,410,0
40,2019-09-01,1,54,4,0,1,1,1,1,1125,378,0
40,2019-10-01,2,52,9,2,1,1,1,1,1089,412,0
40,2019-11-01,2,34,6,0,1,1,1,1,1086,343,0
40,2019-12-01,1,33,5,0,1,1,1,1,1063,320,0
40,2020-01-01,1,42,4,2,1,1,1,1,1458,374,0
40,2020-02-01,2,42,4,1,1,1,1,1,965,315,0
40,2020-03-01,2,32,5,0,1,1,1,1,866,254,0
40,2020-04-01,0,20,3,0,1,1,1,1,256,168,0
40,2020-05-01,4,33,12,0,1,1,1,1,322,269,0
40,2020-06-01,5,35,14,0,1,1,1,1,275,177,0
40,2020-07-01,5,38,15,0,1,1,1,1,757,107,0
40,2020-08-01,11,53,25,0,1,1,1,1,240,108,0
40,2020-09-01,12,40,20,0,1,1,1,1,1339,185,0
40,2020-10-01,7,41,17,0,1,1,1,1,1069,197,0
40,2020-11-01,4,37,10,0,1,1,1,1,860,160,0
40,2020-12-01,2,33,6,0,1,1,1,1,637,226,0
40,2021-01-01,5,29,7,1,1,1,1,1,1695,253,0
40,2021-02-01,2,20,4,0,1,1,1,1,524,183,0
40,2021-03-01,1,26,4,0,1,1,1,1,686,211,0
40,2021-04-01,9,21,23,0,1,1,1,1,572,154,0
40,2021-05-01,5,36,19,0,1,1,1,1,1733,157,0
40,2021-06-01,7,33,20,1,1,1,1,1,481,177,0
40,2021-07-01,9,54,19,0,1,1,1,1,412,214,0
40,2021-08-01,9,43,20,0,1,1,1,1,339,177,0
40,2021-09-01,0,35,8,0,1,1,1,1,618,207,0
40,2021-10-01,7,45,18,0,1,1,1,1,521,221,0
40,2021-11-01,3,45,13,0,1,1,1,1,1060,194,0
40,2021-12-01,6,47,11,0,1,1,1,1,414,191,0
40,2022-01-01,3,39,7,0,1,1,1,1,823,182,0
40,2022-02-01,2,34,6,0,1,1,1,1,547,201,0
40,2022-03-01,4,41,14,0,1,1,1,1,507,233,0
40,2022-04-01,3,38,7,0,1,1,1,1,449,192,0
40,2022-05-01,7,47,12,0,1,1,1,1,668,280,0
40,2022-06-01,7,54,17,1,1,1,1,1,808,291,0
40,2022-07-01,6,70,14,0,1,1,1,1,751,287,0
40,2022-08-01,4,67,12,0,1,1,1,1,1357,291,0
40,2022-09-01,5,42,7,1,1,1,1,1,968,325,0
40,2022-10-01,2,34,8,0,1,1,1,1,1123,382,1
40,2022-11-01,4,43,7,0,1,1,1,1,1063,409,1
40,2022-12-01,5,46,9,0,1,1,1,1,937,301,1
40,2023-01-01,1,33,5,1,1,1,1,1,1765,380,1
40,2023-02-01,0,33,10,0,1,1,1,1,1542,328,1
40,2023-03-01,2,50,5,0,1,1,1,1,989,414,1
40,2023-04-01,3,47,12,0,1,1,1,1,749,300,1
40,2023-05-01,2,65,8,1,1,1,1,1,2179,392,1
40,2023-06-01,7,60,19,0,1,1,1,1,2192,392,1
40,2023-07-01,3,75,14,0,1,1,1,1,1053,299,1
40,2023-08-01,2,68,5,0,1,1,1,1,781,367,1
40,2023-09-01,4,68,7,1,1,1,1,1,616,334,1
40,2023-10-01,4,69,10,0,1,1,1,1,784,343,1
40,2023-11-01,4,40,13,2,1,1,1,1,702,386,1
40,2023-12-01,1,59,10,0,1,1,1,1,637,359,1
40,2024-01-01,1,50,4,1,1,1,1,1,866,383,1
40,2024-02-01,4,44,6,0,1,1,1,1,897,404,1
40,2024-03-01,4,46,4,1,1,1,1,1,746,426,1
40,2024-04-01,2,47,3,1,1,1,1,1,855,387,1
40,2024-05-01,2,65,15,3,1,1,1,1,1204,422,1
40,2024-06-01,6,58,15,0,1,1,1,1,1273,435,1
40,2024-07-01,4,64,10,0,1,1,1,1,782,405,1
40,2024-08-01,6,54,13,0,1,1,1,1,845,486,1
40,2024-09-01,3,59,10,0,1,1,1,1,951,392,1
40,2024-10-01,6,54,19,0,1,1,1,1,1335,528,1
40,2024-11-01,8,45,13,1,1,1,1,1,1080,546,1
40,2024-12-01,2,46,11,0,1,1,1,1,1025,606,1
40,2025-01-01,3,38,11,0,1,1,1,1,982,753,1
40,2025-02-01,2,27,12,0,1,1,1,1,736,604,1
40,2025-03-01,4,42,8,1,1,1,1,1,646,605,1
40,2025-04-01,6,52,19,1,1,1,1,1,420,556,1
40,2025-05-01,2,79,16,1,1,1,1,1,538,498,1
40,2025-06-01,2,67,7,0,1,1,1,1,597,465,1
40,2025-07-01,1,71,15,0,1,1,1,1,493,473,1
40,2025-08-01,1,56,10,0,1,1,1,1,504,457,1
40,2025-09-01,3,59,13,0,1,1,1,1,346,529,1
40,2025-10-01,1,44,8,0,1,1,1,1,559,474,1
40,2025-11-01,2,39,12,0,1,1,1,1,554,346,1
40,2025-12-01,2,46,3,1,1,1,1,1,696,337,1
41,2018-01-01,0,13,0,0,1,1,1,0,1331,218,0
41,2018-02-01,2,13,3,0,1,1,1,0,1119,182,0
41,2018-03-01,1,7,3,0,1,1,1,0,1500,221,0
41,2018-04-01,1,17,2,0,1,1,1,0,1336,201,0
41,2018-05-01,2,9,4,0,1,1,1,0,1372,235,0
41,2018-06-01,1,13,1,0,1,1,1,0,934,162,0
41,2018-07-01,1,10,1,0,1,1,1,0,1375,199,0
41,2018-08-01,2,15,8,0,1,1,1,0,1088,236,0
41,2018-09-01,1,9,2,0,1,1,1,0,1142,147,0
41,2018-10-01,1,24,1,0,1,1,1,0,1267,170,0
41,2018-11-01,1,8,5,0,1,1,1,0,1078,137,0
41,2018-12-01,0,17,3,0,1,1,1,0,895,149,0
41,2019-01-01,2,16,3,0,1,1,1,0,1512,189,0
41,2019-02-01,1,16,2,0,1,1,1,0,1036,144,0
41,2019-03-01,1,16,6,0,1,1,1,0,1295,169,0
41,2019-04-01,0,16,0,0,1,1,1,0,1236,171,0
41,2019-05-01,0,14,0,0,1,1,1,0,1165,142,0
41,2019-06-01,4,14,7,0,1,1,1,0,843,126,0
41,2019-07-01,3,9,6,0,1,1,1,0,933,118,0
41,2019-08-01,1,10,1,0,1,1,1,0,886,155,0
41,2019-09-01,0,16,1,0,1,1,1,0,1020,153,0
41,2019-10-01,0,8,5,0,1,1,1,0,929,110,0
41,2019-11-01,1,10,4,0,1,1,1,0,869,132,0
41,2019-12-01,1,21,1,0,1,1,1,0,986,91,0
41,2020-01-01,3,20,6,0,1,1,1,0,1328,113,0
41,2020-02-01,2,23,3,0,1,1,1,0,737,110,0
41,2020-03-01,0,18,1,0,1,1,1,0,690,87,0
41,2020-04-01,1,11,4,0,1,1,1,0,142,73,0
41,2020-05-01,2,16,4,0,1,1,1,0,562,101,0
41,2020-06-01,2,13,6,0,1,1,1,0,376,60,0
41,2020-07-01,2,15,5,0,1,1,1,0,1118,45,0
41,2020-08-01,4,12,11,0,1,1,1,0,262,111,0
41,2020-09-01,1,11,1,0,1,1,1,0,878,106,0
41,2020-10-01,1,28,4,0,1,1,1,0,394,137,0
41,2020-11-01,1,13,4,0,1,1,1,0,632,143,0
41,2020-12-01,3,17,6,0,1,1,1,0,503,95,0
41,2021-01-01,1,18,2,0,1,1,1,0,1289,119,0
41,2021-02-01,0,16,0,0,1,1,1,0,307,83,0
41,2021-03-01,0,12,4,0,1,1,1,0,524,96,0
41,2021-04-01,1,12,4,0,1,1,1,0,240,61,0
41,2021-05-01,8,17,15,0,1,1,1,0,318,68,0
41,2021-06-01,5,9,10,0,1,1,1,0,483,86,0
41,2021-07-01,2,20,3,0,1,1,1,0,406,99,0
41,2021-08-01,2,10,6,0,1,1,1,0,519,82,0
41,2021-09-01,3,14,10,0,1,1,1,0,383,90,0
41,2021-10-01,3,26,8,0,1,1,1,0,474,77,0
41,2021-11-01,3,28,9,0,1,1,1,0,1173,87,0
41,2021-12-01,0,30,2,0,1,1,1,0,656,74,0
41,2022-01-01,3,26,6,0,1,1,1,0,689,116,0
41,2022-02-01,0,14,5,0,1,1,1,0,617,127,0
41,2022-03-01,0,24,1,0,1,1,1,0,559,136,0
41,2022-04-01,2,15,5,0,1,1,1,0,433,137,0
41,2022-05-01,4,26,9,0,1,1,1,0,424,152,0
41,2022-06-01,2,28,7,0,1,1,1,0,915,157,0
41,2022-07-01,2,40,6,0,1,1,1,0,498,120,0
41,2022-08-01,2,26,2,0,1,1,1,0,1291,109,0
41,2022-09-01,3,29,4,0,1,1,1,0,994,131,0
41,2022-10-01,1,27,4,0,1,1,1,0,474,144,1
41,2022-11-01,0,30,0,1,1,1,1,0,652,135,1
41,2022-12-01,1,23,2,0,1,1,1,0,472,107,1
41,2023-01-01,3,28,3,1,1,1,1,0,1422,146,1
41,2023-02-01,0,18,5,0,1,1,1,0,1007,129,1
41,2023-03-01,2,19,5,0,1,1,1,0,578,169,1
41,2023-04-01,0,34,4,0,1,1,1,0,419,164,1
41,2023-05-01,3,30,6,0,1,1,1,0,552,175,1
41,2023-06-01,4,31,7,0,1,1,1,0,582,158,1
41,2023-07-01,1,26,6,2,1,1,1,0,458,159,1
41,2023-08-01,3,32,6,0,1,1,1,0,554,171,1
41,2023-09-01,1,29,4,2,1,1,1,0,351,164,1
41,2023-10-01,1,35,4,3,1,1,1,0,385,199,1
41,2023-11-01,1,25,1,0,1,1,1,0,584,147,1
41,2023-12-01,1,28,2,1,1,1,1,0,303,173,1
41,2024-01-01,1,25,2,0,1,1,1,0,489,205,1
41,2024-02-01,1,22,2,2,1,1,1,0,557,157,1
41,2024-03-01,3,24,4,0,1,1,1,0,586,198,1
41,2024-04-01,2,27,4,0,1,1,1,0,499,188,1
41,2024-05-01,1,13,5,0,1,1,1,0,520,248,1
41,2024-06-01,1,26,7,0,1,1,1,0,517,213,1
41,2024-07-01,1,24,4,1,1,1,1,0,458,243,1
41,2024-08-01,0,29,1,2,1,1,1,0,433,228,1
41,2024-09-01,1,30,5,0,1,1,1,0,510,217,1
41,2024-10-01,3,31,7,0,1,1,1,0,578,236,1
41,2024-11-01,1,22,1,0,1,1,1,0,486,201,1
41,2024-12-01,1,23,4,0,1,1,1,0,335,189,1
41,2025-01-01,0,16,2,0,1,1,1,0,528,277,1
41,2025-02-01,0,11,5,0,1,1,1,0,500,268,1
41,2025-03-01,0,15,4,0,1,1,1,0,546,276,1
41,2025-04-01,0,21,1,0,1,1,1,0,409,248,1
41,2025-05-01,2,33,3,1,1,1,1,0,473,206,1
41,2025-06-01,3,33,6,1,1,1,1,0,308,233,1
41,2025-07-01,2,28,3,0,1,1,1,0,250,264,1
41,2025-08-01,1,22,7,0,1,1,1,0,267,159,1
41,2025-09-01,2,31,3,0,1,1,1,0,425,229,1
41,2025-10-01,0,23,3,0,1,1,1,0,374,211,1
41,2025-11-01,1,9,4,0,1,1,1,0,312,241,1
41,2025-12-01,1,15,2,0,1,1,1,0,454,204,1
42,2018-01-01,1,22,4,0,1,1,1,1,1103,296,0
42,2018-02-01,1,15,4,1,1,1,1,1,810,266,0
42,2018-03-01,3,13,5,1,1,1,1,1,758,292,0
42,2018-04-01,1,15,2,0,1,1,1,1,766,247,0
42,2018-05-01,3,25,6,0,1,1,1,1,812,246,0
42,2018-06-01,0,17,2,0,1,1,1,1,541,227,0
42,2018-07-01,0,21,2,0,1,1,1,1,1110,231,0
42,2018-08-01,4,27,9,0,1,1,1,1,701,249,0
42,2018-09-01,1,18,3,0,1,1,1,1,687,230,0
42,2018-10-01,2,25,4,1,1,1,1,1,703,232,0
42,2018-11-01,3,13,6,0,1,1,1,1,827,216,0
42,2018-12-01,5,27,8,1,1,1,1,1,518,222,0
42,2019-01-01,1,27,3,0,1,1,1,1,1068,250,0
42,2019-02-01,1,26,5,0,1,1,1,1,848,231,0
42,2019-03-01,2,15,4,0,1,1,1,1,784,225,0
42,2019-04-01,4,11,8,0,1,1,1,1,628,195,0
42,2019-05-01,4,23,10,0,1,1,1,1,650,184,0
42,2019-06-01,4,23,8,0,1,1,1,1,671,197,0
42,2019-07-01,3,25,9,0,1,1,1,1,604,253,0
42,2019-08-01,2,17,3,0,1,1,1,1,539,208,0
42,2019-09-01,5,34,9,0,1,1,1,1,651,156,0
42,2019-10-01,2,32,6,0,1,1,1,1,673,179,0
42,2019-11-01,2,26,3,0,1,1,1,1,612,182,0
42,2019-12-01,1,29,4,0,1,1,1,1,585,142,0
42,2020-01-01,2,35,3,0,1,1,1,1,809,148,0
42,2020-02-01,0,26,2,0,1,1,1,1,708,125,0
42,2020-03-01,2,25,4,0,1,1,1,1,603,127,0
42,2020-04-01,2,14,3,0,1,1,1,1,91,99,0
42,2020-05-01,1,28,4,0,1,1,1,1,250,140,0
42,2020-06-01,8,22,24,0,1,1,1,1,184,100,0
42,2020-07-01,4,29,14,0,1,1,1,1,232,89,0
42,2020-08-01,11,29,24,0,1,1,1,1,207,90,0
42,2020-09-01,3,30,5,0,1,1,1,1,551,107,0
42,2020-10-01,6,24,11,0,1,1,1,1,505,122,0
42,2020-11-01,2,31,7,0,1,1,1,1,506,120,0
42,2020-12-01,3,38,7,0,1,1,1,1,502,145,0
42,2021-01-01,2,29,5,0,1,1,1,1,474,153,0
42,2021-02-01,2,24,5,0,1,1,1,1,350,144,0
42,2021-03-01,4,17,10,0,1,1,1,1,450,160,0
42,2021-04-01,4,27,7,0,1,1,1,1,319,114,0
42,2021-05-01,11,26,29,0,1,1,1,1,440,141,0
42,2021-06-01,7,32,20,0,1,1,1,1,306,131,0
42,2021-07-01,10,29,29,1,1,1,1,1,321,117,0
42,2021-08-01,8,32,18,0,1,1,1,1,272,122,0
42,2021-09-01,4,28,15,0,1,1,1,1,377,128,0
42,2021-10-01,4,36,17,0,1,1,1,1,396,122,0
42,2021-11-01,5,30,15,0,1,1,1,1,310,118,0
42,2021-12-01,4,36,11,0,1,1,1,1,275,132,0
42,2022-01-01,2,29,10,0,1,1,1,1,393,113,0
42,2022-02-01,0,19,3,0,1,1,1,1,359,111,0
42,2022-03-01,5,28,14,0,1,1,1,1,567,154,0
42,2022-04-01,3,30,16,0,1,1,1,1,407,171,0
42,2022-05-01,3,38,11,0,1,1,1,1,350,125,0
42,2022-06-01,2,50,11,1,1,1,1,1,392,148,0
42,2022-07-01,7,57,16,0,1,1,1,1,390,109,0
42,2022-08-01,3,43,13,0,1,1,1,1,466,172,0
42,2022-09-01,2,31,7,0,1,1,1,1,596,137,0
42,2022-10-01,1,35,9,0,1,1,1,1,554,137,1
42,2022-11-01,3,44,8,0,1,1,1,1,576,160,1
42,2022-12-01,3,32,4,0,1,1,1,1,517,122,1
42,2023-01-01,2,37,4,0,1,1,1,1,703,177,1
42,2023-02-01,3,27,12,0,1,1,1,1,843,202,1
42,2023-03-01,3,27,12,0,1,1,1,1,674,250,1
42,2023-04-01,2,34,6,0,1,1,1,1,722,221,1
42,2023-05-01,1,27,6,0,1,1,1,1,741,217,1
42,2023-06-01,5,37,20,0,1,1,1,1,552,185,1
42,2023-07-01,5,42,9,1,1,1,1,1,657,188,1
42,2023-08-01,3,51,8,2,1,1,1,1,661,178,1
42,2023-09-01,3,33,8,1,1,1,1,1,503,161,1
42,2023-10-01,3,38,14,0,1,1,1,1,634,165,1
42,2023-11-01,2,41,8,0,1,1,1,1,509,161,1
42,2023-12-01,2,43,6,0,1,1,1,1,462,149,1
42,2024-01-01,1,38,10,0,1,1,1,1,533,156,1
42,2024-02-01,2,25,4,1,1,1,1,1,731,182,1
42,2024-03-01,0,39,13,1,1,1,1,1,851,172,1
42,2024-04-01,4,34,13,0,1,1,1,1,689,157,1
42,2024-05-01,3,47,11,0,1,1,1,1,829,187,1
42,2024-06-01,7,28,14,1,1,1,1,1,678,174,1
42,2024-07-01,4,51,10,0,1,1,1,1,516,177,1
42,2024-08-01,6,48,15,0,1,1,1,1,592,220,1
42,2024-09-01,4,36,17,2,1,1,1,1,625,196,1
42,2024-10-01,4,34,12,0,1,1,1,1,589,168,1
42,2024-11-01,4,48,11,2,1,1,1,1,436,177,1
42,2024-12-01,2,41,9,0,1,1,1,1,464,201,1
42,2025-01-01,1,37,13,0,1,1,1,1,781,205,1
42,2025-02-01,3,28,12,0,1,1,1,1,633,178,1
42,2025-03-01,1,33,6,1,1,1,1,1,771,226,1
42,2025-04-01,1,43,10,0,1,1,1,1,810,209,1
42,2025-05-01,4,44,19,0,1,1,1,1,957,246,1
42,2025-06-01,9,32,17,1,1,1,1,1,860,200,1
42,2025-07-01,2,52,5,0,1,1,1,1,678,183,1
42,2025-08-01,3,40,9,0,1,1,1,1,635,178,1
42,2025-09-01,2,37,17,0,1,1,1,1,523,186,1
42,2025-10-01,1,23,8,2,1,1,1,1,746,189,1
42,2025-11-01,3,29,18,0,1,1,1,1,658,212,1
42,2025-12-01,0,23,2,0,1,1,1,1,436,188,1
43,2018-01-01,5,25,9,0,1,1,1,0,1375,283,0
43,2018-02-01,1,23,1,0,1,1,1,0,807,277,0
43,2018-03-01,1,20,4,0,1,1,1,0,1110,287,0
43,2018-04-01,2,24,5,0,1,1,1,0,1103,307,0
43,2018-05-01,2,36,6,0,1,1,1,0,1357,299,0
43,2018-06-01,1,15,3,0,1,1,1,0,827,246,0
43,2018-07-01,0,30,1,0,1,1,1,0,921,282,0
43,2018-08-01,2,30,7,0,1,1,1,0,1035,353,0
43,2018-09-01,0,22,2,0,1,1,1,0,1029,291,0
43,2018-10-01,2,17,6,0,1,1,1,0,1038,215,0
43,2018-11-01,2,24,7,0,1,1,1,0,921,192,0
43,2018-12-01,1,32,3,0,1,1,1,0,1002,231,0
43,2019-01-01,4,25,6,0,1,1,1,0,1301,263,0
43,2019-02-01,1,25,5,0,1,1,1,0,854,238,0
43,2019-03-01,0,15,0,0,1,1,1,0,1168,209,0
43,2019-04-01,0,29,2,0,1,1,1,0,1074,235,0
43,2019-05-01,0,36,3,0,1,1,1,0,1703,238,0
43,2019-06-01,2,34,7,0,1,1,1,0,1101,236,0
43,2019-07-01,0,32,2,0,1,1,1,0,1151,228,0
43,2019-08-01,1,26,3,0,1,1,1,0,799,211,0
43,2019-09-01,1,39,7,0,1,1,1,0,957,191,0
43,2019-10-01,2,39,5,0,1,1,1,0,796,167,0
43,2019-11-01,2,34,3,0,1,1,1,0,701,192,0
43,2019-12-01,0,25,2,0,1,1,1,0,606,158,0
43,2020-01-01,2,51,7,0,1,1,1,0,841,211,0
43,2020-02-01,0,43,2,0,1,1,1,0,601,183,0
43,2020-03-01,2,31,8,0,1,1,1,0,541,170,0
43,2020-04-01,1,22,6,0,1,1,1,0,42,116,0
43,2020-05-01,0,16,3,0,1,1,1,0,427,184,0
43,2020-06-01,6,23,18,0,1,1,1,0,140,96,0
43,2020-07-01,6,30,16,1,1,1,1,0,396,69,0
43,2020-08-01,4,37,8,0,1,1,1,0,317,105,0
43,2020-09-01,2,35,6,0,1,1,1,0,581,125,0
43,2020-10-01,4,32,15,0,1,1,1,0,481,160,0
43,2020-11-01,6,39,13,0,1,1,1,0,553,141,0
43,2020-12-01,1,41,7,0,1,1,1,0,781,134,0
43,2021-01-01,4,21,8,0,1,1,1,0,811,153,0
43,2021-02-01,4,19,7,0,1,1,1,0,619,165,0
43,2021-03-01,4,25,5,0,1,1,1,0,676,207,0
43,2021-04-01,3,36,7,0,1,1,1,0,466,98,0
43,2021-05-01,4,35,10,0,1,1,1,0,442,137,0
43,2021-06-01,7,46,19,0,1,1,1,0,349,115,0
43,2021-07-01,4,55,12,0,1,1,1,0,335,171,0
43,2021-08-01,3,48,15,0,1,1,1,0,509,167,0
43,2021-09-01,6,54,18,0,1,1,1,0,403,159,0
43,2021-10-01,5,63,19,0,1,1,1,0,356,170,0
43,2021-11-01,1,62,9,0,1,1,1,0,401,145,0
43,2021-12-01,4,61,12,0,1,1,1,0,349,168,0
43,2022-01-01,2,48,13,0,1,1,1,0,433,154,0
43,2022-02-01,4,44,9,1,1,1,1,0,435,162,0
43,2022-03-01,6,60,15,0,1,1,1,0,559,237,0
43,2022-04-01,1,40,10,0,1,1,1,0,356,239,0
43,2022-05-01,3,83,11,0,1,1,1,0,453,249,0
43,2022-06-01,6,53,18,0,1,1,1,0,683,215,0
43,2022-07-01,5,85,13,0,1,1,1,0,730,221,0
43,2022-08-01,0,74,8,0,1,1,1,0,603,192,0
43,2022-09-01,3,71,6,0,1,1,1,0,699,255,0
43,2022-10-01,2,62,9,0,1,1,1,0,862,279,1
43,2022-11-01,2,57,9,2,1,1,1,0,886,288,1
43,2022-12-01,1,69,6,1,1,1,1,0,827,203,1
43,2023-01-01,1,70,10,0,1,1,1,0,966,271,1
43,2023-02-01,2,30,4,1,1,1,1,0,783,268,1
43,2023-03-01,2,41,7,0,1,1,1,0,956,261,1
43,2023-04-01,2,34,11,0,1,1,1,0,1166,224,1
43,2023-05-01,3,50,9,2,1,1,1,0,1588,315,1
43,2023-06-01,2,50,7,0,1,1,1,0,1086,271,1
43,2023-07-01,6,42,11,1,1,1,1,0,810,224,1
43,2023-08-01,6,58,17,2,1,1,1,0,831,290,1
43,2023-09-01,4,40,10,0,1,1,1,0,864,207,1
43,2023-10-01,4,34,9,1,1,1,1,0,812,225,1
43,2023-11-01,2,42,3,0,1,1,1,0,1053,239,1
43,2023-12-01,0,52,8,1,1,1,1,0,954,262,1
43,2024-01-01,3,34,8,0,1,1,1,0,1116,288,1
43,2024-02-01,2,36,8,2,1,1,1,0,854,263,1
43,2024-03-01,3,46,13,0,1,1,1,0,694,298,1
43,2024-04-01,0,41,2,0,1,1,1,0,839,261,1
43,2024-05-01,2,47,10,1,1,1,1,0,1030,271,1
43,2024-06-01,3,41,11,0,1,1,1,0,862,198,1
43,2024-07-01,3,43,10,2,1,1,1,0,962,229,1
43,2024-08-01,3,38,11,0,1,1,1,0,1084,235,1
43,2024-09-01,3,44,10,0,1,1,1,0,924,200,1
43,2024-10-01,1,49,6,0,1,1,1,0,1028,242,1
43,2024-11-01,0,29,2,0,1,1,1,0,866,215,1
43,2024-12-01,4,39,8,1,1,1,1,0,796,199,1
43,2025-01-01,2,39,4,2,1,1,1,0,985,276,1
43,2025-02-01,2,33,5,0,1,1,1,0,872,243,1
43,2025-03-01,3,31,5,1,1,1,1,0,1034,256,1
43,2025-04-01,2,31,11,0,1,1,1,0,959,236,1
43,2025-05-01,2,46,8,0,1,1,1,0,1020,279,1
43,2025-06-01,3,51,6,0,1,1,1,0,839,288,1
43,2025-07-01,3,48,17,0,1,1,1,0,846,246,1
43,2025-08-01,4,48,7,0,1,1,1,0,848,251,1
43,2025-09-01,4,34,6,0,1,1,1,0,807,245,1
43,2025-10-01,2,41,5,1,1,1,1,0,869,241,1
43,2025-11-01,3,26,6,0,1,1,1,0,819,241,1
43,2025-12-01,2,20,3,0,1,1,1,0,732,218,1
44,2018-01-01,2,25,7,0,1,1,1,1,1436,429,0
44,2018-02-01,0,28,2,1,1,1,1,1,968,353,0
44,2018-03-01,2,34,3,0,1,1,1,1,1072,393,0
44,2018-04-01,0,40,4,1,1,1,1,1,995,387,0
44,2018-05-01,2,45,5,0,1,1,1,1,1152,423,0
44,2018-06-01,4,42,9,0,1,1,1,1,831,404,0
44,2018-07-01,7,46,18,0,1,1,1,1,1015,480,0
44,2018-08-01,6,31,12,1,1,1,1,1,1181,532,0
44,2018-09-01,4,31,10,0,1,1,1,1,917,410,0
44,2018-10-01,3,19,9,0,1,1,1,1,1098,391,0
44,2018-11-01,5,26,9,1,1,1,1,1,793,359,0
44,2018-12-01,3,22,6,0,1,1,1,1,689,346,0
44,2019-01-01,0,23,1,0,1,1,1,1,1338,415,0
44,2019-02-01,1,40,1,0,1,1,1,1,956,365,0
44,2019-03-01,2,27,6,0,1,1,1,1,1110,436,0
44,2019-04-01,2,24,6,0,1,1,1,1,1432,363,0
44,2019-05-01,2,28,10,0,1,1,1,1,880,391,0
44,2019-06-01,3,45,7,0,1,1,1,1,940,326,0
44,2019-07-01,4,37,10,0,1,1,1,1,1485,387,0
44,2019-08-01,3,44,7,0,1,1,1,1,731,278,0
44,2019-09-01,2,45,3,0,1,1,1,1,536,277,0
44,2019-10-01,4,46,9,0,1,1,1,1,1255,330,0
44,2019-11-01,5,33,9,0,1,1,1,1,890,241,0
44,2019-12-01,1,39,4,0,1,1,1,1,777,212,0
44,2020-01-01,2,40,3,1,1,1,1,1,956,311,0
44,2020-02-01,0,39,1,1,1,1,1,1,919,251,0
44,2020-03-01,1,20,3,0,1,1,1,1,641,208,0
44,2020-04-01,4,23,9,0,1,1,1,1,111,94,0
44,2020-05-01,2,23,7,0,1,1,1,1,566,179,0
44,2020-06-01,13,40,28,0,1,1,1,1,246,90,0
44,2020-07-01,8,33,15,0,1,1,1,1,505,112,0
44,2020-08-01,4,44,11,0,1,1,1,1,348,168,0
44,2020-09-01,2,33,5,0,1,1,1,1,542,161,0
44,2020-10-01,5,38,13,0,1,1,1,1,590,199,0
44,2020-11-01,5,44,17,0,1,1,1,1,686,209,0
44,2020-12-01,3,41,7,0,1,1,1,1,673,197,0
44,2021-01-01,3,30,5,0,1,1,1,1,714,245,0
44,2021-02-01,2,29,5,0,1,1,1,1,537,163,0
44,2021-03-01,4,29,7,0,1,1,1,1,624,190,0
44,2021-04-01,8,31,18,0,1,1,1,1,428,117,0
44,2021-05-01,9,35,22,0,1,1,1,1,760,168,0
44,2021-06-01,8,41,19,1,1,1,1,1,611,174,0
44,2021-07-01,5,62,7,1,1,1,1,1,575,236,0
44,2021-08-01,8,45,19,0,1,1,1,1,616,185,0
44,2021-09-01,5,50,9,1,1,1,1,1,1076,227,0
44,2021-10-01,7,62,15,0,1,1,1,1,902,236,0
44,2021-11-01,4,55,13,0,1,1,1,1,607,221,0
44,2021-12-01,7,62,12,0,1,1,1,1,491,188,0
44,2022-01-01,5,49,10,1,1,1,1,1,591,259,0
44,2022-02-01,2,46,6,0,1,1,1,1,561,235,0
44,2022-03-01,5,48,10,0,1,1,1,1,803,282,0
44,2022-04-01,5,60,9,0,1,1,1,1,806,280,0
44,2022-05-01,5,64,12,0,1,1,1,1,756,260,0
44,2022-06-01,8,51,19,0,1,1,1,1,504,242,0
44,2022-07-01,8,86,15,0,1,1,1,1,741,220,0
44,2022-08-01,7,65,14,0,1,1,1,1,609,263,0
44,2022-09-01,2,64,8,0,1,1,1,1,830,213,0
44,2022-10-01,0,59,3,0,1,1,1,1,738,248,1
44,2022-11-01,7,53,12,0,1,1,1,1,641,238,1
44,2022-12-01,1,68,5,3,1,1,1,1,902,252,1
44,2023-01-01,3,53,10,3,1,1,1,1,975,315,1
44,2023-02-01,3,48,8,0,1,1,1,1,809,296,1
44,2023-03-01,3,47,13,2,1,1,1,1,962,331,1
44,2023-04-01,5,36,16,2,1,1,1,1,719,327,1
44,2023-05-01,5,51,8,2,1,1,1,1,1154,414,1
44,2023-06-01,7,48,15,1,1,1,1,1,831,413,1
44,2023-07-01,4,47,8,2,1,1,1,1,711,318,1
44,2023-08-01,5,58,12,2,1,1,1,1,832,309,1
44,2023-09-01,3,31,7,3,1,1,1,1,763,325,1
44,2023-10-01,2,46,7,0,1,1,1,1,896,405,1
44,2023-11-01,4,48,9,2,1,1,1,1,1204,320,1
44,2023-12-01,0,55,2,0,1,1,1,1,988,318,1
44,2024-01-01,4,49,10,2,1,1,1,1,760,399,1
44,2024-02-01,3,36,9,1,1,1,1,1,1100,366,1
44,2024-03-01,5,43,9,2,1,1,1,1,836,371,1
44,2024-04-01,5,47,13,2,1,1,1,1,738,332,1
44,2024-05-01,5,41,11,2,1,1,1,1,1352,374,1
44,2024-06-01,4,52,22,1,1,1,1,1,2743,320,1
44,2024-07-01,3,51,7,0,1,1,1,1,2502,382,1
44,2024-08-01,4,49,13,2,1,1,1,1,2286,386,1
44,2024-09-01,6,53,13,1,1,1,1,1,1637,368,1
44,2024-10-01,2,50,14,1,1,1,1,1,1488,381,1
44,2024-11-01,3,52,8,1,1,1,1,1,1143,414,1
44,2024-12-01,1,32,3,0,1,1,1,1,839,349,1
44,2025-01-01,3,38,8,0,1,1,1,1,686,405,1
44,2025-02-01,1,25,4,0,1,1,1,1,478,341,1
44,2025-03-01,1,34,11,0,1,1,1,1,759,400,1
44,2025-04-01,1,46,10,0,1,1,1,1,714,384,1
44,2025-05-01,0,54,9,0,1,1,1,1,717,436,1
44,2025-06-01,2,41,7,1,1,1,1,1,537,438,1
44,2025-07-01,8,46,22,0,1,1,1,1,429,386,1
44,2025-08-01,2,40,14,1,1,1,1,1,500,452,1
44,2025-09-01,4,32,8,1,1,1,1,1,535,381,1
44,2025-10-01,2,40,11,1,1,1,1,1,420,463,1
44,2025-11-01,1,35,6,0,1,1,1,1,647,395,1
44,2025-12-01,1,30,1,0,1,1,1,1,558,346,1
45,2018-01-01,1,12,2,0,1,0,1,1,939,179,0
45,2018-02-01,0,10,0,0,1,0,1,1,715,173,0
45,2018-03-01,0,9,1,0,1,0,1,1,684,204,0
45,2018-04-01,0,10,1,0,1,0,1,1,673,164,0
45,2018-05-01,1,8,5,1,1,0,1,1,944,178,0
45,2018-06-01,1,12,3,0,1,0,1,1,759,123,0
45,2018-07-01,1,9,3,0,1,0,1,1,636,154,0
45,2018-08-01,0,9,0,1,1,0,1,1,750,160,0
45,2018-09-01,0,12,1,0,1,0,1,1,613,158,0
45,2018-10-01,0,11,1,0,1,0,1,1,838,154,0
45,2018-11-01,0,13,0,0,1,0,1,1,699,153,0
45,2018-12-01,0,12,0,0,1,0,1,1,690,156,0
45,2019-01-01,0,8,0,0,1,0,1,1,951,124,0
45,2019-02-01,0,9,1,1,1,0,1,1,839,135,0
45,2019-03-01,1,8,3,0,1,0,1,1,834,145,0
45,2019-04-01,0,13,0,0,1,0,1,1,769,134,0
45,2019-05-01,1,15,3,1,1,0,1,1,948,142,0
45,2019-06-01,0,12,4,0,1,0,1,1,841,141,0
45,2019-07-01,3,16,7,0,1,0,1,1,702,162,0
45,2019-08-01,1,9,3,0,1,0,1,1,627,136,0
45,2019-09-01,1,9,3,0,1,0,1,1,738,135,0
45,2019-10-01,0,14,1,1,1,0,1,1,805,120,0
45,2019-11-01,1,17,3,1,1,0,1,1,717,97,0
45,2019-12-01,0,13,1,0,1,0,1,1,691,112,0
45,2020-01-01,1,14,3,0,1,0,1,1,808,105,0
45,2020-02-01,0,8,2,0,1,0,1,1,800,109,0
45,2020-03-01,0,8,2,0,1,0,1,1,642,90,0
45,2020-04-01,0,5,0,0,1,0,1,1,77,43,0
45,2020-05-01,0,6,0,1,1,0,1,1,478,71,0
45,2020-06-01,2,9,3,0,1,0,1,1,447,60,0
45,2020-07-01,1,7,3,0,1,0,1,1,352,69,0
45,2020-08-01,1,18,2,0,1,0,1,1,264,55,0
45,2020-09-01,1,11,4,0,1,0,1,1,470,50,0
45,2020-10-01,1,12,2,0,1,0,1,1,435,74,0
45,2020-11-01,1,18,2,2,1,0,1,1,397,88,0
45,2020-12-01,0,11,0,0,1,0,1,1,339,80,0
45,2021-01-01,0,18,0,0,1,0,1,1,401,81,0
45,2021-02-01,3,15,5,0,1,0,1,1,402,64,0
45,2021-03-01,2,5,3,0,1,0,1,1,688,88,0
45,2021-04-01,1,9,3,0,1,0,1,1,481,70,0
45,2021-05-01,0,21,5,0,1,0,1,1,488,60,0
45,2021-06-01,0,13,1,0,1,0,1,1,332,75,0
45,2021-07-01,0,21,2,0,1,0,1,1,428,91,0
45,2021-08-01,0,17,2,0,1,0,1,1,259,74,0
45,2021-09-01,1,18,1,0,1,0,1,1,352,79,0
45,2021-10-01,2,9,4,0,1,0,1,1,580,89,0
45,2021-11-01,3,15,6,0,1,0,1,1,339,70,0
45,2021-12-01,2,9,6,0,1,0,1,1,348,70,0
45,2022-01-01,2,19,5,0,1,0,1,1,372,84,0
45,2022-02-01,2,15,4,0,1,0,1,1,453,77,0
45,2022-03-01,0,11,1,0,1,0,1,1,544,89,0
45,2022-04-01,0,12,3,0,1,0,1,1,513,109,0
45,2022-05-01,2,17,5,0,1,0,1,1,491,99,0
45,2022-06-01,0,21,3,0,1,0,1,1,723,89,0
45,2022-07-01,1,17,7,0,1,0,1,1,622,79,0
45,2022-08-01,1,20,4,0,1,0,1,1,782,86,0
45,2022-09-01,1,18,2,0,1,0,1,1,565,75,0
45,2022-10-01,0,26,1,0,1,0,1,1,555,103,1
45,2022-11-01,0,23,0,0,1,0,1,1,512,96,1
45,2022-12-01,1,35,3,0,1,0,1,1,599,100,1
45,2023-01-01,0,22,0,0,1,0,1,1,666,137,1
45,2023-02-01,1,13,1,0,1,0,1,1,548,108,1
45,2023-03-01,1,15,5,1,1,0,1,1,723,164,1
45,2023-04-01,0,12,1,0,1,0,1,1,622,141,1
45,2023-05-01,0,14,0,0,1,0,1,1,636,168,1
45,2023-06-01,3,17,4,1,1,0,1,1,586,175,1
45,2023-07-01,1,18,2,0,1,0,1,1,585,163,1
45,2023-08-01,1,27,4,0,1,0,1,1,699,170,1
45,2023-09-01,0,17,2,0,1,0,1,1,531,153,1
45,2023-10-01,0,18,0,0,1,0,1,1,649,167,1
45,2023-11-01,1,13,1,1,1,0,1,1,873,165,1
45,2023-12-01,0,17,2,1,1,0,1,1,522,129,1
45,2024-01-01,1,20,5,0,1,0,1,1,889,164,1
45,2024-02-01,0,23,0,0,1,0,1,1,911,171,1
45,2024-03-01,0,24,1,2,1,0,1,1,858,184,1
45,2024-04-01,1,16,4,0,1,0,1,1,768,174,1
45,2024-05-01,1,7,3,1,1,0,1,1,706,143,1
45,2024-06-01,1,18,1,1,1,0,1,1,328,156,1
45,2024-07-01,0,16,3,1,1,0,1,1,838,155,1
45,2024-08-01,0,22,2,0,1,0,1,1,978,174,1
45,2024-09-01,0,23,2,0,1,0,1,1,880,173,1
45,2024-10-01,0,17,2,1,1,0,1,1,858,177,1
45,2024-11-01,0,16,1,0,1,0,1,1,693,189,1
45,2024-12-01,0,16,2,1,1,0,1,1,503,113,1
45,2025-01-01,1,27,3,0,1,0,1,1,558,154,1
45,2025-02-01,1,12,1,0,1,0,1,1,355,160,1
45,2025-03-01,0,24,9,0,1,0,1,1,575,177,1
45,2025-04-01,2,15,3,0,1,0,1,1,730,173,1
45,2025-05-01,0,22,6,0,1,0,1,1,682,147,1
45,2025-06-01,1,18,3,0,1,0,1,1,732,163,1
45,2025-07-01,2,23,5,0,1,0,1,1,633,168,1
45,2025-08-01,4,14,6,0,1,0,1,1,635,141,1
45,2025-09-01,0,16,1,0,1,0,1,1,404,123,1
45,2025-10-01,0,13,0,0,1,0,1,1,709,171,1
45,2025-11-01,0,6,1,0,1,0,1,1,763,143,1
45,2025-12-01,0,10,1,0,1,0,1,1,749,191,1
46,2018-01-01,1,25,3,0,1,1,1,1,1646,299,0
46,2018-02-01,3,29,6,0,1,1,1,1,1259,309,0
46,2018-03-01,1,26,2,0,1,1,1,1,1502,308,0
46,2018-04-01,0,24,2,0,1,1,1,1,1545,330,0
46,2018-05-01,2,28,5,0,1,1,1,1,1576,391,0
46,2018-06-01,3,16,5,0,1,1,1,1,1229,325,0
46,2018-07-01,1,32,4,0,1,1,1,1,953,339,0
46,2018-08-01,1,24,2,0,1,1,1,1,1272,338,0
46,2018-09-01,4,31,8,0,1,1,1,1,1186,283,0
46,2018-10-01,5,26,11,0,1,1,1,1,1350,361,0
46,2018-11-01,0,28,0,0,1,1,1,1,1267,280,0
46,2018-12-01,1,26,3,0,1,1,1,1,917,312,0
46,2019-01-01,3,26,7,0,1,1,1,1,1509,322,0
46,2019-02-01,1,20,2,0,1,1,1,1,1211,290,0
46,2019-03-01,0,29,3,0,1,1,1,1,1313,295,0
46,2019-04-01,0,26,3,0,1,1,1,1,1223,242,0
46,2019-05-01,4,34,10,1,1,1,1,1,1457,273,0
46,2019-06-01,3,29,8,0,1,1,1,1,1081,245,0
46,2019-07-01,7,26,15,0,1,1,1,1,916,241,0
46,2019-08-01,3,30,7,1,1,1,1,1,1094,220,0
46,2019-09-01,1,28,2,0,1,1,1,1,876,220,0
46,2019-10-01,2,42,7,0,1,1,1,1,874,213,0
46,2019-11-01,2,39,3,0,1,1,1,1,1092,206,0
46,2019-12-01,1,28,1,0,1,1,1,1,690,153,0
46,2020-01-01,1,35,2,0,1,1,1,1,1216,181,0
46,2020-02-01,0,31,2,0,1,1,1,1,807,233,0
46,2020-03-01,3,38,11,0,1,1,1,1,661,202,0
46,2020-04-01,2,24,6,0,1,1,1,1,51,123,0
46,2020-05-01,4,22,10,0,1,1,1,1,262,243,0
46,2020-06-01,11,34,18,0,1,1,1,1,95,86,0
46,2020-07-01,6,16,20,0,1,1,1,1,289,106,0
46,2020-08-01,5,31,13,0,1,1,1,1,256,143,0
46,2020-09-01,2,36,7,0,1,1,1,1,524,137,0
46,2020-10-01,6,33,19,0,1,1,1,1,464,188,0
46,2020-11-01,1,33,5,0,1,1,1,1,505,131,0
46,2020-12-01,3,27,7,1,1,1,1,1,456,146,0
46,2021-01-01,0,34,0,0,1,1,1,1,511,173,0
46,2021-02-01,2,27,4,0,1,1,1,1,313,139,0
46,2021-03-01,2,15,12,0,1,1,1,1,388,177,0
46,2021-04-01,3,39,9,0,1,1,1,1,265,121,0
46,2021-05-01,7,32,23,0,1,1,1,1,371,115,0
46,2021-06-01,5,41,17,0,1,1,1,1,283,144,0
46,2021-07-01,5,32,12,0,1,1,1,1,260,154,0
46,2021-08-01,6,20,13,1,1,1,1,1,155,153,0
46,2021-09-01,3,34,12,0,1,1,1,1,209,173,0
46,2021-10-01,4,26,15,0,1,1,1,1,153,174,0
46,2021-11-01,2,48,9,0,1,1,1,1,226,157,0
46,2021-12-01,2,40,8,0,1,1,1,1,379,148,0
46,2022-01-01,3,33,16,1,1,1,1,1,648,138,0
46,2022-02-01,2,30,3,0,1,1,1,1,403,188,0
46,2022-03-01,3,29,9,1,1,1,1,1,475,221,0
46,2022-04-01,2,34,6,0,1,1,1,1,615,185,0
46,2022-05-01,5,34,13,0,1,1,1,1,385,188,0
46,2022-06-01,6,40,15,0,1,1,1,1,347,193,0
46,2022-07-01,3,34,9,0,1,1,1,1,334,200,0
46,2022-08-01,2,24,4,0,1,1,1,1,462,201,0
46,2022-09-01,4,42,13,0,1,1,1,1,498,248,0
46,2022-10-01,2,27,7,0,1,1,1,1,369,273,1
46,2022-11-01,5,33,12,0,1,1,1,1,527,360,1
46,2022-12-01,4,26,7,0,1,1,1,1,362,241,1
46,2023-01-01,1,29,6,0,1,1,1,1,469,269,1
46,2023-02-01,3,20,10,1,1,1,1,1,448,228,1
46,2023-03-01,1,30,15,0,1,1,1,1,538,217,1
46,2023-04-01,1,28,5,2,1,1,1,1,377,250,1
46,2023-05-01,3,20,10,0,1,1,1,1,485,346,1
46,2023-06-01,9,38,12,1,1,1,1,1,422,276,1
46,2023-07-01,6,28,12,1,1,1,1,1,376,311,1
46,2023-08-01,5,32,6,0,1,1,1,1,423,280,1
46,2023-09-01,7,30,16,1,1,1,1,1,337,294,1
46,2023-10-01,5,43,13,0,1,1,1,1,380,384,1
46,2023-11-01,1,26,3,0,1,1,1,1,468,317,1
46,2023-12-01,2,42,5,1,1,1,1,1,313,303,1
46,2024-01-01,1,29,3,1,1,1,1,1,496,397,1
46,2024-02-01,2,16,7,0,1,1,1,1,1117,318,1
46,2024-03-01,5,28,7,1,1,1,1,1,560,290,1
46,2024-04-01,2,33,6,0,1,1,1,1,519,394,1
46,2024-05-01,4,34,16,0,1,1,1,1,675,359,1
46,2024-06-01,3,45,8,1,1,1,1,1,682,288,1
46,2024-07-01,9,35,14,1,1,1,1,1,574,388,1
46,2024-08-01,6,43,10,1,1,1,1,1,496,323,1
46,2024-09-01,10,34,18,0,1,1,1,1,365,369,1
46,2024-10-01,3,34,9,0,1,1,1,1,659,326,1
46,2024-11-01,4,30,4,0,1,1,1,1,808,347,1
46,2024-12-01,1,36,5,0,1,1,1,1,658,266,1
46,2025-01-01,1,33,6,0,1,1,1,1,910,324,1
46,2025-02-01,0,35,5,1,1,1,1,1,574,314,1
46,2025-03-01,1,22,5,0,1,1,1,1,461,314,1
46,2025-04-01,7,44,13,1,1,1,1,1,351,344,1
46,2025-05-01,3,37,9,0,1,1,1,1,710,391,1
46,2025-06-01,3,41,9,0,1,1,1,1,534,344,1
46,2025-07-01,2,30,3,0,1,1,1,1,543,332,1
46,2025-08-01,1,32,5,0,1,1,1,1,544,400,1
46,2025-09-01,1,46,8,0,1,1,1,1,530,370,1
46,2025-10-01,1,42,5,0,1,1,1,1,501,471,1
46,2025-11-01,3,33,6,0,1,1,1,1,912,425,1
46,2025-12-01,0,35,1,0,1,1,1,1,577,404,1
47,2018-01-01,1,30,5,0,1,1,1,1,1373,369,0
47,2018-02-01,1,24,8,0,1,1,1,1,987,330,0
47,2018-03-01,1,28,6,0,1,1,1,1,1116,274,0
47,2018-04-01,1,25,5,0,1,1,1,1,887,292,0
47,2018-05-01,1,31,4,0,1,1,1,1,975,318,0
47,2018-06-01,1,23,5,0,1,1,1,1,642,296,0
47,2018-07-01,3,22,14,0,1,1,1,1,937,297,0
47,2018-08-01,1,26,4,0,1,1,1,1,908,282,0
47,2018-09-01,1,21,2,0,1,1,1,1,681,271,0
47,2018-10-01,4,37,6,0,1,1,1,1,1235,288,0
47,2018-11-01,3,37,7,0,1,1,1,1,693,217,0
47,2018-12-01,3,33,8,0,1,1,1,1,504,202,0
47,2019-01-01,3,46,7,1,1,1,1,1,1018,282,0
47,2019-02-01,1,19,6,0,1,1,1,1,702,267,0
47,2019-03-01,2,30,6,0,1,1,1,1,884,266,0
47,2019-04-01,2,19,7,0,1,1,1,1,704,257,0
47,2019-05-01,2,30,5,0,1,1,1,1,1513,251,0
47,2019-06-01,0,30,4,1,1,1,1,1,733,217,0
47,2019-07-01,2,33,9,0,1,1,1,1,751,237,0
47,2019-08-01,1,26,9,0,1,1,1,1,633,267,0
47,2019-09-01,3,37,10,0,1,1,1,1,746,229,0
47,2019-10-01,1,28,8,0,1,1,1,1,761,195,0
47,2019-11-01,3,24,8,0,1,1,1,1,990,174,0
47,2019-12-01,3,25,10,0,1,1,1,1,765,153,0
47,2020-01-01,2,28,5,0,1,1,1,1,1207,177,0
47,2020-02-01,2,24,5,1,1,1,1,1,993,176,0
47,2020-03-01,1,10,7,0,1,1,1,1,878,115,0
47,2020-04-01,2,19,6,1,1,1,1,1,150,102,0
47,2020-05-01,2,20,9,0,1,1,1,1,340,146,0
47,2020-06-01,5,23,15,0,1,1,1,1,421,85,0
47,2020-07-01,5,27,12,0,1,1,1,1,479,113,0
47,2020-08-01,8,37,32,0,1,1,1,1,514,134,0
47,2020-09-01,8,32,26,0,1,1,1,1,640,162,0
47,2020-10-01,3,27,12,0,1,1,1,1,612,204,0
47,2020-11-01,2,34,12,0,1,1,1,1,868,199,0
47,2020-12-01,6,42,16,0,1,1,1,1,934,195,0
47,2021-01-01,4,39,24,0,1,1,1,1,708,213,0
47,2021-02-01,2,23,15,0,1,1,1,1,458,162,0
47,2021-03-01,2,17,11,0,1,1,1,1,1582,172,0
47,2021-04-01,8,25,26,0,1,1,1,1,463,136,0
47,2021-05-01,3,28,24,0,1,1,1,1,609,153,0
47,2021-06-01,3,30,34,1,1,1,1,1,436,172,0
47,2021-07-01,9,25,48,0,1,1,1,1,443,167,0
47,2021-08-01,5,30,21,1,1,1,1,1,492,178,0
47,2021-09-01,12,40,34,0,1,1,1,1,507,182,0
47,2021-10-01,3,33,27,0,1,1,1,1,421,159,0
47,2021-11-01,7,48,28,0,1,1,1,1,378,179,0
47,2021-12-01,1,40,12,0,1,1,1,1,311,131,0
47,2022-01-01,3,32,20,0,1,1,1,1,445,162,0
47,2022-02-01,4,27,19,1,1,1,1,1,273,140,0
47,2022-03-01,9,26,23,0,1,1,1,1,589,206,0
47,2022-04-01,5,31,19,1,1,1,1,1,385,187,0
47,2022-05-01,0,39,15,0,1,1,1,1,591,168,0
47,2022-06-01,4,43,20,0,1,1,1,1,517,161,0
47,2022-07-01,5,60,27,0,1,1,1,1,562,169,0
47,2022-08-01,2,43,15,0,1,1,1,1,675,169,0
47,2022-09-01,2,33,18,0,1,1,1,1,536,152,0
47,2022-10-01,2,44,12,0,1,1,1,1,532,189,1
47,2022-11-01,3,45,18,0,1,1,1,1,615,211,1
47,2022-12-01,5,35,14,0,1,1,1,1,494,222,1
47,2023-01-01,3,40,21,0,1,1,1,1,1612,193,1
47,2023-02-01,0,26,7,0,1,1,1,1,1064,170,1
47,2023-03-01,4,33,12,0,1,1,1,1,1521,204,1
47,2023-04-01,3,38,18,0,1,1,1,1,1121,208,1
47,2023-05-01,4,38,20,1,1,1,1,1,617,214,1
47,2023-06-01,5,39,13,1,1,1,1,1,478,226,1
47,2023-07-01,5,60,20,1,1,1,1,1,494,210,1
47,2023-08-01,2,39,13,0,1,1,1,1,570,186,1
47,2023-09-01,3,39,10,2,1,1,1,1,687,202,1
47,2023-10-01,2,47,13,2,1,1,1,1,633,214,1
47,2023-11-01,0,40,6,2,1,1,1,1,569,186,1
47,2023-12-01,5,39,12,3,1,1,1,1,661,186,1
47,2024-01-01,5,44,11,1,1,1,1,1,914,222,1
47,2024-02-01,2,33,9,2,1,1,1,1,745,210,1
47,2024-03-01,0,42,8,1,1,1,1,1,603,202,1
47,2024-04-01,1,37,5,1,1,1,1,1,561,178,1
47,2024-05-01,3,49,9,1,1,1,1,1,731,272,1
47,2024-06-01,1,54,7,2,1,1,1,1,531,258,1
47,2024-07-01,0,46,10,2,1,1,1,1,564,207,1
47,2024-08-01,3,51,8,1,1,1,1,1,579,229,1
47,2024-09-01,1,43,8,0,1,1,1,1,659,325,1
47,2024-10-01,4,55,20,0,1,1,1,1,570,253,1
47,2024-11-01,4,46,13,2,1,1,1,1,466,244,1
47,2024-12-01,3,42,9,1,1,1,1,1,594,219,1
47,2025-01-01,2,39,8,0,1,1,1,1,623,307,1
47,2025-02-01,4,34,9,1,1,1,1,1,597,234,1
47,2025-03-01,2,39,4,0,1,1,1,1,573,298,1
47,2025-04-01,3,53,5,1,1,1,1,1,579,259,1
47,2025-05-01,2,41,6,0,1,1,1,1,609,305,1
47,2025-06-01,4,40,11,0,1,1,1,1,579,271,1
47,2025-07-01,2,45,23,0,1,1,1,1,518,319,1
47,2025-08-01,5,33,15,0,1,1,1,1,202,305,1
47,2025-09-01,0,53,6,1,1,1,1,1,454,293,1
47,2025-10-01,3,34,7,0,1,1,1,1,352,238,1
47,2025-11-01,1,38,5,0,1,1,1,1,446,283,1
47,2025-12-01,4,29,7,1,1,1,1,1,394,226,1
48,2018-01-01,4,25,5,0,1,1,1,1,1090,306,0
48,2018-02-01,2,19,3,0,1,1,1,1,913,312,0
48,2018-03-01,0,15,0,0,1,1,1,1,932,311,0
48,2018-04-01,0,14,0,0,1,1,1,1,881,264,0
48,2018-05-01,1,24,1,0,1,1,1,1,956,295,0
48,2018-06-01,3,31,7,0,1,1,1,1,710,249,0
48,2018-07-01,0,19,0,0,1,1,1,1,854,312,0
48,2018-08-01,1,26,1,0,1,1,1,1,735,308,0
48,2018-09-01,2,28,8,0,1,1,1,1,881,232,0
48,2018-10-01,3,28,5,0,1,1,1,1,881,246,0
48,2018-11-01,0,16,2,0,1,1,1,1,774,250,0
48,2018-12-01,3,32,8,0,1,1,1,1,628,204,0
48,2019-01-01,1,27,3,0,1,1,1,1,1046,220,0
48,2019-02-01,0,18,1,0,1,1,1,1,781,215,0
48,2019-03-01,1,13,4,0,1,1,1,1,809,218,0
48,2019-04-01,2,24,4,0,1,1,1,1,759,207,0
48,2019-05-01,1,33,6,0,1,1,1,1,1043,195,0
48,2019-06-01,1,30,6,0,1,1,1,1,634,160,0
48,2019-07-01,5,26,11,0,1,1,1,1,749,212,0
48,2019-08-01,2,22,5,1,1,1,1,1,647,187,0
48,2019-09-01,2,26,8,0,1,1,1,1,476,179,0
48,2019-10-01,1,48,3,0,1,1,1,1,325,169,0
48,2019-11-01,0,23,0,0,1,1,1,1,329,185,0
48,2019-12-01,3,25,4,0,1,1,1,1,308,136,0
48,2020-01-01,1,25,2,0,1,1,1,1,745,191,0
48,2020-02-01,0,26,5,0,1,1,1,1,642,153,0
48,2020-03-01,1,18,3,0,1,1,1,1,599,123,0
48,2020-04-01,2,19,6,0,1,1,1,1,66,76,0
48,2020-05-01,2,18,9,0,1,1,1,1,352,133,0
48,2020-06-01,6,14,16,0,1,1,1,1,84,87,0
48,2020-07-01,11,31,25,0,1,1,1,1,469,73,0
48,2020-08-01,9,26,21,0,1,1,1,1,299,112,0
48,2020-09-01,1,28,3,0,1,1,1,1,588,112,0
48,2020-10-01,0,32,5,0,1,1,1,1,332,134,0
48,2020-11-01,5,40,7,0,1,1,1,1,268,118,0
48,2020-12-01,4,25,10,1,1,1,1,1,437,111,0
48,2021-01-01,1,23,1,1,1,1,1,1,552,140,0
48,2021-02-01,4,22,7,0,1,1,1,1,374,110,0
48,2021-03-01,1,26,5,0,1,1,1,1,640,129,0
48,2021-04-01,9,24,27,0,1,1,1,1,232,98,0
48,2021-05-01,9,22,21,0,1,1,1,1,362,87,0
48,2021-06-01,5,25,14,0,1,1,1,1,300,81,0
48,2021-07-01,3,27,11,0,1,1,1,1,341,112,0
48,2021-08-01,6,39,19,0,1,1,1,1,422,90,0
48,2021-09-01,6,32,19,1,1,1,1,1,505,142,0
48,2021-10-01,2,45,8,0,1,1,1,1,413,124,0
48,2021-11-01,8,38,20,0,1,1,1,1,302,123,0
48,2021-12-01,2,33,9,0,1,1,1,1,180,110,0
48,2022-01-01,5,30,13,1,1,1,1,1,343,122,0
48,2022-02-01,5,42,15,1,1,1,1,1,383,124,0
48,2022-03-01,2,31,9,0,1,1,1,1,487,139,0
48,2022-04-01,4,31,16,0,1,1,1,1,342,118,0
48,2022-05-01,3,38,14,0,1,1,1,1,322,144,0
48,2022-06-01,9,49,15,0,1,1,1,1,312,154,0
48,2022-07-01,4,50,15,0,1,1,1,1,346,169,0
48,2022-08-01,4,32,13,0,1,1,1,1,500,128,0
48,2022-09-01,3,24,9,0,1,1,1,1,680,186,0
48,2022-10-01,2,38,14,0,1,1,1,1,610,145,1
48,2022-11-01,2,54,12,2,1,1,1,1,452,163,1
48,2022-12-01,5,28,15,0,1,1,1,1,441,176,1
48,2023-01-01,2,22,12,1,1,1,1,1,643,199,1
48,2023-02-01,3,15,6,0,1,1,1,1,525,162,1
48,2023-03-01,2,40,6,0,1,1,1,1,702,171,1
48,2023-04-01,1,32,8,0,1,1,1,1,601,149,1
48,2023-05-01,3,37,7,0,1,1,1,1,531,206,1
48,2023-06-01,1,40,6,0,1,1,1,1,378,150,1
48,2023-07-01,3,46,6,0,1,1,1,1,494,189,1
48,2023-08-01,4,39,10,1,1,1,1,1,692,209,1
48,2023-09-01,2,51,11,1,1,1,1,1,764,188,1
48,2023-10-01,2,42,8,1,1,1,1,1,915,181,1
48,2023-11-01,3,49,6,0,1,1,1,1,762,131,1
48,2023-12-01,3,52,5,0,1,1,1,1,541,150,1
48,2024-01-01,1,49,9,1,1,1,1,1,918,170,1
48,2024-02-01,3,33,7,0,1,1,1,1,717,150,1
48,2024-03-01,2,39,9,1,1,1,1,1,633,134,1
48,2024-04-01,1,38,6,0,1,1,1,1,567,147,1
48,2024-05-01,3,46,13,2,1,1,1,1,447,159,1
48,2024-06-01,6,37,7,1,1,1,1,1,748,173,1
48,2024-07-01,6,44,12,0,1,1,1,1,548,225,1
48,2024-08-01,2,45,2,0,1,1,1,1,643,197,1
48,2024-09-01,3,37,11,1,1,1,1,1,722,190,1
48,2024-10-01,4,37,8,0,1,1,1,1,730,198,1
48,2024-11-01,3,29,10,2,1,1,1,1,625,209,1
48,2024-12-01,1,22,6,1,1,1,1,1,532,179,1
48,2025-01-01,2,32,4,0,1,1,1,1,647,189,1
48,2025-02-01,3,32,5,0,1,1,1,1,542,213,1
48,2025-03-01,0,30,6,0,1,1,1,1,612,222,1
48,2025-04-01,6,45,13,0,1,1,1,1,500,224,1
48,2025-05-01,1,34,2,0,1,1,1,1,505,240,1
48,2025-06-01,0,53,6,0,1,1,1,1,395,215,1
48,2025-07-01,4,45,8,0,1,1,1,1,279,194,1
48,2025-08-01,3,40,8,0,1,1,1,1,172,178,1
48,2025-09-01,4,42,6,0,1,1,1,1,393,213,1
48,2025-10-01,3,40,9,0,1,1,1,1,245,213,1
48,2025-11-01,1,21,2,0,1,1,1,1,531,209,1
48,2025-12-01,1,21,4,0,1,1,1,1,578,198,1
49,2018-01-01,1,24,3,0,1,1,1,1,960,224,0
49,2018-02-01,1,23,1,0,1,1,1,1,641,211,0
49,2018-03-01,0,15,0,0,1,1,1,1,844,210,0
49,2018-04-01,0,13,1,0,1,1,1,1,817,192,0
49,2018-05-01,0,13,0,0,1,1,1,1,1020,205,0
49,2018-06-01,1,8,3,0,1,1,1,1,815,221,0
49,2018-07-01,1,19,2,1,1,1,1,1,785,192,0
49,2018-08-01,1,5,2,0,1,1,1,1,757,191,0
49,2018-09-01,1,11,2,0,1,1,1,1,702,175,0
49,2018-10-01,1,17,2,0,1,1,1,1,825,184,0
49,2018-11-01,0,17,1,0,1,1,1,1,694,164,0
49,2018-12-01,1,10,2,1,1,1,1,1,677,169,0
49,2019-01-01,1,13,1,0,1,1,1,1,931,203,0
49,2019-02-01,1,13,3,0,1,1,1,1,825,158,0
49,2019-03-01,0,13,0,0,1,1,1,1,799,181,0
49,2019-04-01,0,15,1,0,1,1,1,1,812,172,0
49,2019-05-01,1,22,5,0,1,1,1,1,1114,171,0
49,2019-06-01,2,12,4,0,1,1,1,1,652,129,0
49,2019-07-01,0,13,1,0,1,1,1,1,755,153,0
49,2019-08-01,3,17,6,1,1,1,1,1,623,136,0
49,2019-09-01,0,14,1,0,1,1,1,1,687,128,0
49,2019-10-01,1,30,1,0,1,1,1,1,641,128,0
49,2019-11-01,2,18,3,0,1,1,1,1,699,101,0
49,2019-12-01,0,13,0,0,1,1,1,1,534,104,0
49,2020-01-01,1,18,2,0,1,1,1,1,692,119,0
49,2020-02-01,0,9,1,0,1,1,1,1,660,133,0
49,2020-03-01,0,13,2,0,1,1,1,1,405,92,0
49,2020-04-01,1,6,3,0,1,1,1,1,247,81,0
49,2020-05-01,1,8,1,1,1,1,1,1,476,95,0
49,2020-06-01,0,15,1,0,1,1,1,1,250,79,0
49,2020-07-01,1,10,2,0,1,1,1,1,316,52,0
49,2020-08-01,2,16,5,0,1,1,1,1,450,62,0
49,2020-09-01,2,22,5,0,1,1,1,1,591,48,0
49,2020-10-01,2,24,8,0,1,1,1,1,527,77,0
49,2020-11-01,1,20,4,0,1,1,1,1,609,100,0
49,2020-12-01,2,19,4,0,1,1,1,1,532,96,0
49,2021-01-01,1,12,3,0,1,1,1,1,488,96,0
49,2021-02-01,0,21,3,0,1,1,1,1,373,62,0
49,2021-03-01,2,10,3,0,1,1,1,1,386,86,0
49,2021-04-01,2,12,7,0,1,1,1,1,229,48,0
49,2021-05-01,2,25,10,0,1,1,1,1,224,72,0
49,2021-06-01,1,19,12,0,1,1,1,1,427,79,0
49,2021-07-01,1,26,3,0,1,1,1,1,256,85,0
49,2021-08-01,0,13,3,0,1,1,1,1,335,67,0
49,2021-09-01,2,16,8,0,1,1,1,1,350,56,0
49,2021-10-01,2,26,6,0,1,1,1,1,484,73,0
49,2021-11-01,3,22,10,0,1,1,1,1,366,64,0
49,2021-12-01,2,20,8,0,1,1,1,1,339,66,0
49,2022-01-01,5,15,10,1,1,1,1,1,428,83,0
49,2022-02-01,1,23,5,1,1,1,1,1,409,90,0
49,2022-03-01,2,12,7,0,1,1,1,1,410,103,0
49,2022-04-01,5,20,10,0,1,1,1,1,388,107,0
49,2022-05-01,1,26,4,0,1,1,1,1,447,100,0
49,2022-06-01,2,16,5,0,1,1,1,1,499,108,0
49,2022-07-01,1,25,3,0,1,1,1,1,394,101,0
49,2022-08-01,1,31,6,0,1,1,1,1,562,105,0
49,2022-09-01,5,27,8,0,1,1,1,1,531,114,0
49,2022-10-01,1,30,3,0,1,1,1,1,709,117,1
49,2022-11-01,1,23,8,0,1,1,1,1,563,101,1
49,2022-12-01,2,31,3,0,1,1,1,1,697,149,1
49,2023-01-01,2,25,6,0,1,1,1,1,1192,142,1
49,2023-02-01,1,13,4,0,1,1,1,1,1332,93,1
49,2023-03-01,1,24,5,0,1,1,1,1,1273,108,1
49,2023-04-01,1,11,7,1,1,1,1,1,1000,115,1
49,2023-05-01,1,30,2,0,1,1,1,1,854,98,1
49,2023-06-01,3,24,9,0,1,1,1,1,633,102,1
49,2023-07-01,0,26,5,0,1,1,1,1,603,131,1
49,2023-08-01,1,31,5,0,1,1,1,1,598,78,1
49,2023-09-01,2,27,5,0,1,1,1,1,495,89,1
49,2023-10-01,0,29,12,0,1,1,1,1,761,104,1
49,2023-11-01,1,15,3,0,1,1,1,1,785,116,1
49,2023-12-01,0,27,3,1,1,1,1,1,723,118,1
49,2024-01-01,1,31,4,0,1,1,1,1,895,174,1
49,2024-02-01,2,19,3,1,1,1,1,1,690,139,1
49,2024-03-01,0,20,1,1,1,1,1,1,700,123,1
49,2024-04-01,1,23,4,0,1,1,1,1,882,124,1
49,2024-05-01,1,16,5,1,1,1,1,1,843,131,1
49,2024-06-01,2,17,6,0,1,1,1,1,705,141,1
49,2024-07-01,4,20,5,1,1,1,1,1,559,109,1
49,2024-08-01,1,22,3,2,1,1,1,1,574,112,1
49,2024-09-01,3,15,3,2,1,1,1,1,466,97,1
49,2024-10-01,0,29,1,0,1,1,1,1,762,125,1
49,2024-11-01,0,20,4,2,1,1,1,1,680,117,1
49,2024-12-01,0,24,3,0,1,1,1,1,521,107,1
49,2025-01-01,0,26,0,1,1,1,1,1,686,130,1
49,2025-02-01,2,20,3,0,1,1,1,1,635,134,1
49,2025-03-01,0,15,4,0,1,1,1,1,764,165,1
49,2025-04-01,0,18,5,0,1,1,1,1,578,155,1
49,2025-05-01,0,25,4,0,1,1,1,1,596,192,1
49,2025-06-01,1,19,4,0,1,1,1,1,575,166,1
49,2025-07-01,2,37,5,0,1,1,1,1,685,157,1
49,2025-08-01,0,31,2,0,1,1,1,1,549,104,1
49,2025-09-01,2,40,6,0,1,1,1,1,627,134,1
49,2025-10-01,0,26,2,0,1,1,1,1,586,139,1
49,2025-11-01,0,26,2,0,1,1,1,1,630,129,1
49,2025-12-01,1,26,2,0,1,1,1,1,530,98,1
50,2018-01-01,0,1,0,0,0,0,0,1,1103,102,0
50,2018-02-01,0,9,0,0,0,0,0,1,858,105,0
50,2018-03-01,0,6,0,0,0,0,0,1,854,67,0
50,2018-04-01,1,8,2,0,0,0,0,1,815,69,0
50,2018-05-01,0,12,0,0,0,0,0,1,859,63,0
50,2018-06-01,0,12,1,0,0,0,0,1,634,71,0
50,2018-07-01,1,6,1,1,0,0,0,1,586,61,0
50,2018-08-01,1,12,2,0,0,0,0,1,702,78,0
50,2018-09-01,2,11,2,1,0,0,0,1,614,65,0
50,2018-10-01,2,12,5,1,0,0,0,1,802,69,0
50,2018-11-01,0,10,0,0,0,0,0,1,577,65,0
50,2018-12-01,1,11,1,0,0,0,0,1,477,55,0
50,2019-01-01,0,4,1,0,0,0,0,1,963,78,0
50,2019-02-01,0,7,1,0,0,0,0,1,711,59,0
50,2019-03-01,0,11,0,0,0,0,0,1,871,91,0
50,2019-04-01,0,5,1,0,0,0,0,1,839,58,0
50,2019-05-01,0,7,0,0,0,0,0,1,869,65,0
50,2019-06-01,1,9,3,0,0,0,0,1,665,66,0
50,2019-07-01,1,11,2,0,0,0,0,1,791,79,0
50,2019-08-01,0,13,0,0,0,0,0,1,635,58,0
50,2019-09-01,1,14,2,0,0,0,0,1,714,65,0
50,2019-10-01,0,5,0,0,0,0,0,1,734,66,0
50,2019-11-01,1,17,1,0,0,0,0,1,683,79,0
50,2019-12-01,0,6,1,0,0,0,0,1,346,72,0
50,2020-01-01,1,6,2,0,0,0,0,1,662,87,0
50,2020-02-01,2,8,4,0,0,0,0,1,613,77,0
50,2020-03-01,0,3,0,0,0,0,0,1,357,75,0
50,2020-04-01,0,7,1,0,0,0,0,1,8,52,0
50,2020-05-01,1,5,2,0,0,0,0,1,355,75,0
50,2020-06-01,0,5,0,0,0,0,0,1,53,46,0
50,2020-07-01,0,5,0,1,0,0,0,1,102,40,0
50,2020-08-01,2,8,4,1,0,0,0,1,78,34,0
50,2020-09-01,0,11,3,1,0,0,0,1,229,63,0
50,2020-10-01,0,10,2,0,0,0,0,1,186,42,0
50,2020-11-01,0,7,1,0,0,0,0,1,185,57,0
50,2020-12-01,1,12,3,0,0,0,0,1,217,68,0
50,2021-01-01,0,12,0,0,0,0,0,1,301,69,0
50,2021-02-01,1,4,3,0,0,0,0,1,150,51,0
50,2021-03-01,0,5,4,0,0,0,0,1,354,72,0
50,2021-04-01,1,2,4,0,0,0,0,1,225,53,0
50,2021-05-01,2,5,3,0,0,0,0,1,241,70,0
50,2021-06-01,1,9,2,0,0,0,0,1,198,65,0
50,2021-07-01,1,13,3,0,0,0,0,1,167,76,0
50,2021-08-01,2,12,3,0,0,0,0,1,147,74,0
50,2021-09-01,1,12,2,0,0,0,0,1,391,63,0
50,2021-10-01,0,12,1,0,0,0,0,1,337,78,0
50,2021-11-01,1,13,3,0,0,0,0,1,394,78,0
50,2021-12-01,1,7,4,0,0,0,0,1,216,68,0
50,2022-01-01,1,15,2,0,0,0,0,1,408,54,0
50,2022-02-01,0,11,1,0,0,0,0,1,451,60,0
50,2022-03-01,0,18,1,0,0,0,0,1,583,84,0
50,2022-04-01,1,10,3,0,0,0,0,1,318,74,0
50,2022-05-01,3,18,4,0,0,0,0,1,426,83,0
50,2022-06-01,0,14,1,0,0,0,0,1,463,95,0
50,2022-07-01,2,23,3,0,0,0,0,1,410,129,0
50,2022-08-01,0,25,0,0,0,0,0,1,433,89,0
50,2022-09-01,3,11,5,0,0,0,0,1,691,92,0
50,2022-10-01,0,13,2,1,0,0,0,1,476,83,1
50,2022-11-01,1,16,2,0,0,0,0,1,350,54,1
50,2022-12-01,0,14,2,1,0,0,0,1,349,79,1
50,2023-01-01,0,10,1,0,0,0,0,1,485,82,1
50,2023-02-01,0,6,1,1,0,0,0,1,428,57,1
50,2023-03-01,0,18,1,2,0,0,0,1,547,60,1
50,2023-04-01,1,13,1,0,0,0,0,1,381,85,1
50,2023-05-01,1,12,2,3,0,0,0,1,464,75,1
50,2023-06-01,0,12,2,0,0,0,0,1,388,67,1
50,2023-07-01,2,17,5,0,0,0,0,1,404,60,1
50,2023-08-01,0,21,0,0,0,0,0,1,391,63,1
50,2023-09-01,0,8,2,1,0,0,0,1,325,52,1
50,2023-10-01,2,14,2,1,0,0,0,1,415,87,1
50,2023-11-01,0,12,0,1,0,0,0,1,458,93,1
50,2023-12-01,0,19,1,1,0,0,0,1,353,73,1
50,2024-01-01,0,21,0,4,0,0,0,1,562,82,1
50,2024-02-01,1,14,2,0,0,0,0,1,359,79,1
50,2024-03-01,0,7,0,0,0,0,0,1,480,78,1
50,2024-04-01,0,12,1,1,0,0,0,1,768,90,1
50,2024-05-01,1,10,1,1,0,0,0,1,318,76,1
50,2024-06-01,0,12,0,1,0,0,0,1,521,90,1
50,2024-07-01,1,16,2,0,0,0,0,1,195,87,1
50,2024-08-01,0,9,1,0,0,0,0,1,504,89,1
50,2024-09-01,0,9,0,2,0,0,0,1,654,87,1
50,2024-10-01,0,7,1,0,0,0,0,1,599,90,1
50,2024-11-01,0,11,2,0,0,0,0,1,502,80,1
50,2024-12-01,4,10,5,0,0,0,0,1,640,65,1
50,2025-01-01,0,9,0,0,0,0,0,1,625,85,1
50,2025-02-01,0,11,1,0,0,0,0,1,625,82,1
50,2025-03-01,0,7,1,1,0,0,0,1,694,63,1
50,2025-04-01,3,5,3,0,0,0,0,1,438,91,1
50,2025-05-01,0,14,3,1,0,0,0,1,282,78,1
50,2025-06-01,1,10,1,0,0,0,0,1,232,86,1
50,2025-07-01,1,10,2,0,0,0,0,1,170,68,1
50,2025-08-01,1,10,5,0,0,0,0,1,183,57,1
50,2025-09-01,0,17,0,0,0,0,0,1,261,66,1
50,2025-10-01,0,4,2,1,0,0,0,1,266,70,1
50,2025-11-01,1,1,1,0,0,0,0,1,312,74,1
50,2025-12-01,0,5,0,0,0,0,0,1,333,78,1
52,2018-01-01,3,16,5,0,1,1,1,1,1629,421,0
52,2018-02-01,1,26,3,0,1,1,1,1,1200,353,0
52,2018-03-01,0,30,1,0,1,1,1,1,1190,424,0
52,2018-04-01,3,20,6,0,1,1,1,1,1160,349,0
52,2018-05-01,2,34,5,0,1,1,1,1,1347,349,0
52,2018-06-01,1,35,4,0,1,1,1,1,970,293,0
52,2018-07-01,1,15,3,0,1,1,1,1,1065,400,0
52,2018-08-01,1,26,1,1,1,1,1,1,1127,328,0
52,2018-09-01,1,46,1,0,1,1,1,1,914,270,0
52,2018-10-01,2,30,4,0,1,1,1,1,921,281,0
52,2018-11-01,1,33,5,0,1,1,1,1,969,255,0
52,2018-12-01,1,25,2,0,1,1,1,1,825,292,0
52,2019-01-01,0,16,0,0,1,1,1,1,1139,273,0
52,2019-02-01,1,28,4,0,1,1,1,1,829,289,0
52,2019-03-01,0,37,1,0,1,1,1,1,845,293,0
52,2019-04-01,3,34,4,0,1,1,1,1,784,259,0
52,2019-05-01,0,25,1,0,1,1,1,1,1156,266,0
52,2019-06-01,4,27,8,0,1,1,1,1,815,245,0
52,2019-07-01,1,31,4,0,1,1,1,1,935,257,0
52,2019-08-01,3,37,6,2,1,1,1,1,755,304,0
52,2019-09-01,2,33,6,0,1,1,1,1,1067,270,0
52,2019-10-01,2,37,4,0,1,1,1,1,860,258,0
52,2019-11-01,0,35,0,0,1,1,1,1,843,251,0
52,2019-12-01,1,22,4,0,1,1,1,1,1099,235,0
52,2020-01-01,2,40,2,2,1,1,1,1,1273,250,0
52,2020-02-01,1,37,4,0,1,1,1,1,965,213,0
52,2020-03-01,0,26,1,0,1,1,1,1,782,198,0
52,2020-04-01,0,15,2,0,1,1,1,1,352,100,0
52,2020-05-01,4,28,11,0,1,1,1,1,833,195,0
52,2020-06-01,1,23,5,1,1,1,1,1,379,93,0
52,2020-07-01,4,20,13,0,1,1,1,1,314,104,0
52,2020-08-01,5,44,9,0,1,1,1,1,285,94,0
52,2020-09-01,2,34,12,0,1,1,1,1,360,133,0
52,2020-10-01,1,27,5,0,1,1,1,1,384,133,0
52,2020-11-01,2,27,3,0,1,1,1,1,465,129,0
52,2020-12-01,3,24,6,0,1,1,1,1,451,144,0
52,2021-01-01,2,25,6,0,1,1,1,1,404,168,0
52,2021-02-01,2,19,2,0,1,1,1,1,339,129,0
52,2021-03-01,4,22,7,0,1,1,1,1,878,129,0
52,2021-04-01,2,22,6,0,1,1,1,1,428,115,0
52,2021-05-01,3,42,8,0,1,1,1,1,392,105,0
52,2021-06-01,5,31,12,0,1,1,1,1,378,135,0
52,2021-07-01,1,40,5,0,1,1,1,1,389,172,0
52,2021-08-01,3,39,4,0,1,1,1,1,359,187,0
52,2021-09-01,1,29,5,1,1,1,1,1,522,166,0
52,2021-10-01,5,32,14,2,1,1,1,1,545,202,0
52,2021-11-01,2,31,7,0,1,1,1,1,456,163,0
52,2021-12-01,4,44,7,0,1,1,1,1,478,146,0
52,2022-01-01,3,33,5,0,1,1,1,1,697,247,0
52,2022-02-01,5,31,8,0,1,1,1,1,513,327,0
52,2022-03-01,2,23,7,0,1,1,1,1,579,341,0
52,2022-04-01,2,38,5,0,1,1,1,1,580,330,0
52,2022-05-01,3,42,9,0,1,1,1,1,627,255,0
52,2022-06-01,1,49,4,0,1,1,1,1,527,232,0
52,2022-07-01,4,34,17,0,1,1,1,1,663,303,0
52,2022-08-01,2,32,6,0,1,1,1,1,758,313,0
52,2022-09-01,5,29,8,0,1,1,1,1,894,239,0
52,2022-10-01,0,34,2,1,1,1,1,1,963,250,1
52,2022-11-01,2,23,7,1,1,1,1,1,830,198,1
52,2022-12-01,2,44,5,4,1,1,1,1,700,183,1
52,2023-01-01,2,34,5,0,1,1,1,1,856,281,1
52,2023-02-01,1,33,8,0,1,1,1,1,557,326,1
52,2023-03-01,2,23,5,0,1,1,1,1,844,273,1
52,2023-04-01,2,36,8,0,1,1,1,1,775,369,1
52,2023-05-01,0,31,2,0,1,1,1,1,799,291,1
52,2023-06-01,0,56,3,0,1,1,1,1,561,306,1
52,2023-07-01,3,52,8,0,1,1,1,1,701,251,1
52,2023-08-01,1,44,7,0,1,1,1,1,678,266,1
52,2023-09-01,0,35,3,0,1,1,1,1,671,311,1
52,2023-10-01,1,48,8,1,1,1,1,1,782,251,1
52,2023-11-01,0,30,5,2,1,1,1,1,721,288,1
52,2023-12-01,3,64,6,0,1,1,1,1,653,255,1
52,2024-01-01,3,45,4,0,1,1,1,1,730,323,1
52,2024-02-01,2,52,6,0,1,1,1,1,729,243,1
52,2024-03-01,2,25,7,2,1,1,1,1,695,270,1
52,2024-04-01,0,45,1,3,1,1,1,1,676,248,1
52,2024-05-01,2,35,4,0,1,1,1,1,1040,252,1
52,2024-06-01,1,39,3,2,1,1,1,1,834,261,1
52,2024-07-01,3,60,5,3,1,1,1,1,902,254,1
52,2024-08-01,3,56,9,2,1,1,1,1,953,270,1
52,2024-09-01,2,38,4,0,1,1,1,1,702,264,1
52,2024-10-01,3,53,8,1,1,1,1,1,772,232,1
52,2024-11-01,0,38,2,1,1,1,1,1,674,256,1
52,2024-12-01,2,33,3,0,1,1,1,1,584,223,1
52,2025-01-01,1,24,1,1,1,1,1,1,752,274,1
52,2025-02-01,0,26,3,1,1,1,1,1,690,199,1
52,2025-03-01,1,36,2,1,1,1,1,1,797,289,1
52,2025-04-01,0,42,1,0,1,1,1,1,725,280,1
52,2025-05-01,3,40,6,0,1,1,1,1,765,269,1
52,2025-06-01,2,45,8,0,1,1,1,1,563,247,1
52,2025-07-01,2,64,6,0,1,1,1,1,529,283,1
52,2025-08-01,2,55,6,1,1,1,1,1,599,276,1
52,2025-09-01,0,47,2,0,1,1,1,1,540,275,1
52,2025-10-01,0,54,3,0,1,1,1,1,704,321,1
52,2025-11-01,2,46,7,0,1,1,1,1,635,342,1
52,2025-12-01,1,34,1,0,1,1,1,1,530,277,1
60,2018-01-01,1,16,2,0,1,0,1,0,976,197,0
60,2018-02-01,0,9,1,0,1,0,1,0,690,195,0
60,2018-03-01,0,10,1,0,1,0,1,0,1061,215,0
60,2018-04-01,0,12,1,0,1,0,1,0,1095,234,0
60,2018-05-01,0,14,1,0,1,0,1,0,1069,230,0
60,2018-06-01,0,11,3,0,1,0,1,0,1008,263,0
60,2018-07-01,2,14,5,0,1,0,1,0,918,288,0
60,2018-08-01,0,9,0,0,1,0,1,0,1084,236,0
60,2018-09-01,0,11,1,0,1,0,1,0,851,188,0
60,2018-10-01,0,12,1,0,1,0,1,0,733,164,0
60,2018-11-01,0,9,1,0,1,0,1,0,711,156,0
60,2018-12-01,0,14,1,0,1,0,1,0,727,138,0
60,2019-01-01,2,11,4,0,1,0,1,0,922,174,0
60,2019-02-01,2,10,4,0,1,0,1,0,845,126,0
60,2019-03-01,0,9,0,0,1,0,1,0,972,145,0
60,2019-04-01,1,7,5,0,1,0,1,0,937,138,0
60,2019-05-01,1,15,2,0,1,0,1,0,974,187,0
60,2019-06-01,1,10,3,0,1,0,1,0,878,228,0
60,2019-07-01,2,11,7,1,1,0,1,0,773,226,0
60,2019-08-01,2,9,6,0,1,0,1,0,840,171,0
60,2019-09-01,0,15,4,0,1,0,1,0,904,123,0
60,2019-10-01,1,8,5,0,1,0,1,0,965,127,0
60,2019-11-01,0,3,2,0,1,0,1,0,891,123,0
60,2019-12-01,2,14,3,0,1,0,1,0,701,117,0
60,2020-01-01,0,11,0,0,1,0,1,0,1030,149,0
60,2020-02-01,0,14,2,0,1,0,1,0,836,133,0
60,2020-03-01,0,14,2,0,1,0,1,0,689,88,0
60,2020-04-01,1,8,5,0,1,0,1,0,64,44,0
60,2020-05-01,1,2,2,0,1,0,1,0,406,135,0
60,2020-06-01,1,12,6,0,1,0,1,0,89,53,0
60,2020-07-01,0,16,2,0,1,0,1,0,231,55,0
60,2020-08-01,4,10,10,0,1,0,1,0,305,80,0
60,2020-09-01,2,8,5,0,1,0,1,0,463,80,0
60,2020-10-01,2,9,5,0,1,0,1,0,630,89,0
60,2020-11-01,1,9,5,0,1,0,1,0,734,103,0
60,2020-12-01,0,10,3,0,1,0,1,0,658,90,0
60,2021-01-01,2,8,5,0,1,0,1,0,624,95,0
60,2021-02-01,2,4,5,0,1,0,1,0,469,81,0
60,2021-03-01,1,6,3,0,1,0,1,0,592,119,0
60,2021-04-01,0,5,1,0,1,0,1,0,304,82,0
60,2021-05-01,0,8,7,0,1,0,1,0,344,108,0
60,2021-06-01,1,15,2,0,1,0,1,0,464,163,0
60,2021-07-01,0,12,0,0,1,0,1,0,353,140,0
60,2021-08-01,3,11,11,0,1,0,1,0,343,112,0
60,2021-09-01,1,7,6,0,1,0,1,0,456,78,0
60,2021-10-01,1,7,7,0,1,0,1,0,801,100,0
60,2021-11-01,1,16,3,0,1,0,1,0,771,92,0
60,2021-12-01,3,8,6,0,1,0,1,0,538,95,0
60,2022-01-01,0,14,3,0,1,0,1,0,638,85,0
60,2022-02-01,0,10,2,0,1,0,1,0,609,95,0
60,2022-03-01,5,9,14,0,1,0,1,0,537,149,0
60,2022-04-01,1,15,10,0,1,0,1,0,581,101,0
60,2022-05-01,2,19,8,0,1,0,1,0,585,120,0
60,2022-06-01,2,21,5,0,1,0,1,0,597,133,0
60,2022-07-01,4,16,12,0,1,0,1,0,500,106,0
60,2022-08-01,1,18,6,0,1,0,1,0,495,85,0
60,2022-09-01,2,20,9,0,1,0,1,0,458,97,0
60,2022-10-01,0,13,2,0,1,0,1,0,715,106,1
60,2022-11-01,0,14,0,0,1,0,1,0,807,103,1
60,2022-12-01,1,10,2,0,1,0,1,0,631,77,1
60,2023-01-01,0,17,3,0,1,0,1,0,644,122,1
60,2023-02-01,1,13,2,0,1,0,1,0,631,127,1
60,2023-03-01,0,10,1,0,1,0,1,0,561,142,1
60,2023-04-01,0,12,1,0,1,0,1,0,608,157,1
60,2023-05-01,0,13,3,0,1,0,1,0,622,169,1
60,2023-06-01,0,14,2,0,1,0,1,0,566,151,1
60,2023-07-01,1,23,5,0,1,0,1,0,530,188,1
60,2023-08-01,1,16,2,1,1,0,1,0,720,172,1
60,2023-09-01,1,10,5,0,1,0,1,0,531,146,1
60,2023-10-01,0,15,1,0,1,0,1,0,582,171,1
60,2023-11-01,1,13,1,0,1,0,1,0,891,148,1
60,2023-12-01,3,17,4,1,1,0,1,0,640,142,1
60,2024-01-01,0,12,4,0,1,0,1,0,742,187,1
60,2024-02-01,0,16,0,1,1,0,1,0,696,158,1
60,2024-03-01,0,12,0,1,1,0,1,0,671,177,1
60,2024-04-01,1,9,2,1,1,0,1,0,758,191,1
60,2024-05-01,0,9,0,0,1,0,1,0,712,188,1
60,2024-06-01,0,27,5,0,1,0,1,0,583,201,1
60,2024-07-01,0,19,0,1,1,0,1,0,563,234,1
60,2024-08-01,0,13,3,0,1,0,1,0,627,204,1
60,2024-09-01,0,25,1,1,1,0,1,0,541,148,1
60,2024-10-01,1,12,2,0,1,0,1,0,574,196,1
60,2024-11-01,1,11,11,1,1,0,1,0,706,187,1
60,2024-12-01,1,9,4,0,1,0,1,0,565,142,1
60,2025-01-01,2,7,2,0,1,0,1,0,820,220,1
60,2025-02-01,0,12,2,0,1,0,1,0,756,248,1
60,2025-03-01,0,8,3,0,1,0,1,0,732,353,1
60,2025-04-01,2,9,2,0,1,0,1,0,693,399,1
60,2025-05-01,1,13,7,0,1,0,1,0,427,339,1
60,2025-06-01,0,20,3,0,1,0,1,0,464,265,1
60,2025-07-01,0,19,0,0,1,0,1,0,565,283,1
60,2025-08-01,1,18,2,0,1,0,1,0,683,271,1
60,2025-09-01,3,12,3,0,1,0,1,0,676,283,1
60,2025-10-01,0,15,2,0,1,0,1,0,702,293,1
60,2025-11-01,0,9,3,0,1,0,1,0,639,237,1
60,2025-12-01,1,15,1,0,1,0,1,0,570,233,1
61,2018-01-01,0,18,0,0,0,0,0,1,567,154,0
61,2018-02-01,0,14,0,0,0,0,0,1,620,143,0
61,2018-03-01,0,7,0,0,0,0,0,1,501,169,0
61,2018-04-01,0,5,0,0,0,0,0,1,508,118,0
61,2018-05-01,1,12,3,0,0,0,0,1,546,131,0
61,2018-06-01,0,15,0,0,0,0,0,1,529,109,0
61,2018-07-01,1,7,2,0,0,0,0,1,410,118,0
61,2018-08-01,0,16,1,0,0,0,0,1,473,119,0
61,2018-09-01,0,21,1,0,0,0,0,1,474,85,0
61,2018-10-01,3,7,5,0,0,0,0,1,394,88,0
61,2018-11-01,0,15,0,0,0,0,0,1,486,97,0
61,2018-12-01,0,14,0,0,0,0,0,1,390,91,0
61,2019-01-01,1,12,2,0,0,0,0,1,520,109,0
61,2019-02-01,0,13,0,0,0,0,0,1,556,95,0
61,2019-03-01,0,15,0,0,0,0,0,1,667,116,0
61,2019-04-01,0,16,0,0,0,0,0,1,556,89,0
61,2019-05-01,0,12,0,0,0,0,0,1,571,88,0
61,2019-06-01,2,5,4,0,0,0,0,1,918,89,0
61,2019-07-01,0,5,0,0,0,0,0,1,593,120,0
61,2019-08-01,0,12,0,0,0,0,0,1,649,83,0
61,2019-09-01,0,14,1,0,0,0,0,1,792,104,0
61,2019-10-01,0,8,0,0,0,0,0,1,558,101,0
61,2019-11-01,0,19,0,0,0,0,0,1,519,88,0
61,2019-12-01,0,11,0,0,0,0,0,1,939,72,0
61,2020-01-01,0,19,1,0,0,0,0,1,649,69,0
61,2020-02-01,0,21,0,0,0,0,0,1,526,82,0
61,2020-03-01,0,14,0,0,0,0,0,1,423,57,0
61,2020-04-01,0,6,1,0,0,0,0,1,81,47,0
61,2020-05-01,1,12,2,0,0,0,0,1,232,68,0
61,2020-06-01,0,7,1,0,0,0,0,1,101,31,0
61,2020-07-01,2,10,6,0,0,0,0,1,168,47,0
61,2020-08-01,1,11,1,0,0,0,0,1,212,41,0
61,2020-09-01,0,6,0,0,0,0,0,1,342,53,0
61,2020-10-01,0,11,1,0,0,0,0,1,389,67,0
61,2020-11-01,1,18,2,1,0,0,0,1,348,70,0
61,2020-12-01,0,3,2,0,0,0,0,1,304,53,0
61,2021-01-01,0,12,0,0,0,0,0,1,451,72,0
61,2021-02-01,0,5,1,1,0,0,0,1,319,54,0
61,2021-03-01,0,12,0,0,0,0,0,1,422,69,0
61,2021-04-01,2,8,4,0,0,0,0,1,359,60,0
61,2021-05-01,0,4,0,0,0,0,0,1,357,74,0
61,2021-06-01,0,8,0,1,0,0,0,1,369,72,0
61,2021-07-01,0,10,0,1,0,0,0,1,415,61,0
61,2021-08-01,0,8,2,0,0,0,0,1,364,50,0
61,2021-09-01,1,11,3,0,0,0,0,1,441,76,0
61,2021-10-01,0,10,1,0,0,0,0,1,596,62,0
61,2021-11-01,0,11,2,1,0,0,0,1,556,65,0
61,2021-12-01,0,15,1,0,0,0,0,1,375,61,0
61,2022-01-01,0,14,1,0,0,0,0,1,444,57,0
61,2022-02-01,2,15,4,0,0,0,0,1,437,50,0
61,2022-03-01,0,15,3,0,0,0,0,1,700,76,0
61,2022-04-01,0,9,1,0,0,0,0,1,441,64,0
61,2022-05-01,1,19,3,0,0,0,0,1,464,70,0
61,2022-06-01,0,21,2,0,0,0,0,1,425,72,0
61,2022-07-01,3,18,9,0,0,0,0,1,497,82,0
61,2022-08-01,1,17,6,0,0,0,0,1,437,89,0
61,2022-09-01,1,18,1,0,0,0,0,1,404,59,0
61,2022-10-01,2,25,4,0,0,0,0,1,466,70,1
61,2022-11-01,2,24,5,0,0,0,0,1,631,75,1
61,2022-12-01,2,18,3,0,0,0,0,1,491,78,1
61,2023-01-01,1,19,2,0,0,0,0,1,479,80,1
61,2023-02-01,0,16,1,0,0,0,0,1,525,87,1
61,2023-03-01,2,14,3,0,0,0,0,1,479,94,1
61,2023-04-01,0,15,0,0,0,0,0,1,626,114,1
61,2023-05-01,0,7,1,0,0,0,0,1,540,86,1
61,2023-06-01,0,11,0,0,0,0,0,1,389,83,1
61,2023-07-01,0,8,1,0,0,0,0,1,403,68,1
61,2023-08-01,0,19,0,1,0,0,0,1,653,75,1
61,2023-09-01,1,12,2,0,0,0,0,1,468,74,1
61,2023-10-01,0,22,0,0,0,0,0,1,471,101,1
61,2023-11-01,0,18,0,0,0,0,0,1,831,77,1
61,2023-12-01,0,15,1,0,0,0,0,1,506,70,1
61,2024-01-01,0,24,1,0,0,0,0,1,529,103,1
61,2024-02-01,1,11,2,0,0,0,0,1,595,93,1
61,2024-03-01,0,10,1,0,0,0,0,1,508,105,1
61,2024-04-01,0,6,2,0,0,0,0,1,630,91,1
61,2024-05-01,0,17,1,0,0,0,0,1,544,110,1
61,2024-06-01,1,9,1,0,0,0,0,1,523,108,1
61,2024-07-01,1,9,3,0,0,0,0,1,426,136,1
61,2024-08-01,0,10,0,0,0,0,0,1,409,113,1
61,2024-09-01,1,10,4,0,0,0,0,1,375,129,1
61,2024-10-01,0,9,2,2,0,0,0,1,390,117,1
61,2024-11-01,0,8,1,0,0,0,0,1,419,135,1
61,2024-12-01,2,17,2,1,0,0,0,1,356,114,1
61,2025-01-01,0,9,4,0,0,0,0,1,641,167,1
61,2025-02-01,0,8,0,0,0,0,0,1,526,127,1
61,2025-03-01,0,12,0,0,0,0,0,1,588,150,1
61,2025-04-01,1,12,3,0,0,0,0,1,742,136,1
61,2025-05-01,0,7,0,1,0,0,0,1,586,102,1
61,2025-06-01,0,13,0,0,0,0,0,1,418,104,1
61,2025-07-01,0,24,3,0,0,0,0,1,478,119,1
61,2025-08-01,1,14,3,0,0,0,0,1,621,82,1
61,2025-09-01,1,11,4,0,0,0,0,1,585,139,1
61,2025-10-01,1,9,2,0,0,0,0,1,592,153,1
61,2025-11-01,0,14,0,0,0,0,0,1,653,124,1
61,2025-12-01,1,10,1,0,0,0,0,1,594,93,1
62,2018-01-01,0,15,0,0,0,0,0,1,689,88,0
62,2018-02-01,0,8,0,0,0,0,0,1,791,86,0
62,2018-03-01,0,5,1,0,0,0,0,1,670,83,0
62,2018-04-01,0,10,0,0,0,0,0,1,704,75,0
62,2018-05-01,0,7,0,0,0,0,0,1,702,82,0
62,2018-06-01,0,6,0,0,0,0,0,1,717,79,0
62,2018-07-01,0,17,0,0,0,0,0,1,648,113,0
62,2018-08-01,0,12,0,0,0,0,0,1,529,76,0
62,2018-09-01,0,10,0,0,0,0,0,1,665,104,0
62,2018-10-01,0,11,1,0,0,0,0,1,774,90,0
62,2018-11-01,0,12,0,0,0,0,0,1,662,87,0
62,2018-12-01,1,8,1,0,0,0,0,1,336,69,0
62,2019-01-01,0,11,0,0,0,0,0,1,917,92,0
62,2019-02-01,0,11,0,0,0,0,0,1,649,93,0
62,2019-03-01,1,10,1,0,0,0,0,1,1477,111,0
62,2019-04-01,0,10,0,0,0,0,0,1,700,97,0
62,2019-05-01,0,12,0,0,0,0,0,1,853,118,0
62,2019-06-01,0,13,0,0,0,0,0,1,766,78,0
62,2019-07-01,0,11,0,0,0,0,0,1,597,78,0
62,2019-08-01,2,11,2,0,0,0,0,1,588,78,0
62,2019-09-01,0,11,0,0,0,0,0,1,863,77,0
62,2019-10-01,0,16,0,0,0,0,0,1,497,107,0
62,2019-11-01,0,7,0,1,0,0,0,1,395,71,0
62,2019-12-01,0,11,0,0,0,0,0,1,347,75,0
62,2020-01-01,0,16,0,0,0,0,0,1,791,71,0
62,2020-02-01,0,7,1,0,0,0,0,1,836,53,0
62,2020-03-01,0,5,0,0,0,0,0,1,681,54,0
62,2020-04-01,0,1,0,0,0,0,0,1,5,43,0
62,2020-05-01,0,6,0,0,0,0,0,1,273,61,0
62,2020-06-01,0,9,0,0,0,0,0,1,39,33,0
62,2020-07-01,1,10,2,0,0,0,0,1,50,27,0
62,2020-08-01,0,11,0,0,0,0,0,1,180,56,0
62,2020-09-01,1,8,1,0,0,0,0,1,296,71,0
62,2020-10-01,1,14,1,0,0,0,0,1,473,78,0
62,2020-11-01,0,13,0,0,0,0,0,1,429,55,0
62,2020-12-01,0,10,0,1,0,0,0,1,429,62,0
62,2021-01-01,0,8,0,1,0,0,0,1,792,66,0
62,2021-02-01,0,6,0,0,0,0,0,1,492,84,0
62,2021-03-01,0,7,0,0,0,0,0,1,531,73,0
62,2021-04-01,0,6,1,0,0,0,0,1,405,65,0
62,2021-05-01,1,15,2,0,0,0,0,1,547,56,0
62,2021-06-01,0,8,2,0,0,0,0,1,666,65,0
62,2021-07-01,0,11,0,0,0,0,0,1,624,69,0
62,2021-08-01,0,7,1,0,0,0,0,1,647,82,0
62,2021-09-01,0,8,0,0,0,0,0,1,715,84,0
62,2021-10-01,1,15,2,0,0,0,0,1,723,87,0
62,2021-11-01,0,6,0,0,0,0,0,1,602,95,0
62,2021-12-01,1,16,2,0,0,0,0,1,463,102,0
62,2022-01-01,0,12,0,0,0,0,0,1,552,94,0
62,2022-02-01,0,8,0,0,0,0,0,1,581,84,0
62,2022-03-01,1,5,1,0,0,0,0,1,684,110,0
62,2022-04-01,0,9,1,0,0,0,0,1,546,87,0
62,2022-05-01,0,10,0,0,0,0,0,1,642,96,0
62,2022-06-01,0,11,1,0,0,0,0,1,615,70,0
62,2022-07-01,1,11,2,0,0,0,0,1,583,81,0
62,2022-08-01,1,11,2,0,0,0,0,1,610,92,0
62,2022-09-01,2,11,2,0,0,0,0,1,556,77,0
62,2022-10-01,0,11,0,0,0,0,0,1,684,93,1
62,2022-11-01,0,13,0,0,0,0,0,1,544,52,1
62,2022-12-01,0,8,0,0,0,0,0,1,591,89,1
62,2023-01-01,1,13,1,0,0,0,0,1,536,76,1
62,2023-02-01,0,11,0,0,0,0,0,1,631,79,1
62,2023-03-01,0,5,0,0,0,0,0,1,768,93,1
62,2023-04-01,0,15,1,1,0,0,0,1,692,116,1
62,2023-05-01,0,16,0,0,0,0,0,1,732,110,1
62,2023-06-01,0,11,0,0,0,0,0,1,555,105,1
62,2023-07-01,1,13,1,0,0,0,0,1,492,111,1
62,2023-08-01,0,13,1,0,0,0,0,1,784,124,1
62,2023-09-01,0,13,0,0,0,0,0,1,623,117,1
62,2023-10-01,0,14,0,0,0,0,0,1,699,147,1
62,2023-11-01,0,11,1,0,0,0,0,1,748,146,1
62,2023-12-01,0,10,1,0,0,0,0,1,415,104,1
62,2024-01-01,0,10,0,0,0,0,0,1,704,145,1
62,2024-02-01,0,7,0,0,0,0,0,1,699,148,1
62,2024-03-01,1,9,1,0,0,0,0,1,525,175,1
62,2024-04-01,0,13,0,1,0,0,0,1,630,133,1
62,2024-05-01,0,14,0,0,0,0,0,1,595,192,1
62,2024-06-01,0,15,0,0,0,0,0,1,642,190,1
62,2024-07-01,0,10,0,0,0,0,0,1,584,196,1
62,2024-08-01,0,12,0,0,0,0,0,1,552,178,1
62,2024-09-01,0,10,0,1,0,0,0,1,546,179,1
62,2024-10-01,0,13,0,0,0,0,0,1,711,152,1
62,2024-11-01,0,8,0,0,0,0,0,1,631,164,1
62,2024-12-01,0,10,0,0,0,0,0,1,543,178,1
62,2025-01-01,1,7,1,0,0,0,0,1,607,191,1
62,2025-02-01,0,8,0,0,0,0,0,1,462,175,1
62,2025-03-01,0,6,0,0,0,0,0,1,562,199,1
62,2025-04-01,0,11,0,0,0,0,0,1,568,177,1
62,2025-05-01,0,14,0,0,0,0,0,1,442,185,1
62,2025-06-01,0,15,0,0,0,0,0,1,415,147,1
62,2025-07-01,1,14,2,0,0,0,0,1,460,158,1
62,2025-08-01,0,12,0,0,0,0,0,1,475,163,1
62,2025-09-01,0,12,0,0,0,0,0,1,640,157,1
62,2025-10-01,0,8,0,0,0,0,0,1,711,211,1
62,2025-11-01,0,13,1,0,0,0,0,1,559,149,1
62,2025-12-01,0,10,0,0,0,0,0,1,461,151,1
63,2018-01-01,0,15,1,0,1,0,1,1,730,112,0
63,2018-02-01,0,2,0,1,1,0,1,1,655,135,0
63,2018-03-01,3,4,4,0,1,0,1,1,587,123,0
63,2018-04-01,1,8,1,0,1,0,1,1,669,125,0
63,2018-05-01,0,8,4,0,1,0,1,1,637,109,0
63,2018-06-01,0,9,0,0,1,0,1,1,565,109,0
63,2018-07-01,0,14,2,0,1,0,1,1,596,104,0
63,2018-08-01,1,5,4,0,1,0,1,1,603,100,0
63,2018-09-01,1,6,5,0,1,0,1,1,439,99,0
63,2018-10-01,0,7,3,0,1,0,1,1,554,107,0
63,2018-11-01,0,6,0,0,1,0,1,1,489,94,0
63,2018-12-01,0,6,0,0,1,0,1,1,466,86,0
63,2019-01-01,0,3,4,0,1,0,1,1,593,115,0
63,2019-02-01,1,3,2,0,1,0,1,1,483,85,0
63,2019-03-01,1,2,3,0,1,0,1,1,600,100,0
63,2019-04-01,0,1,2,1,1,0,1,1,504,119,0
63,2019-05-01,0,6,3,0,1,0,1,1,469,89,0
63,2019-06-01,1,9,3,0,1,0,1,1,998,74,0
63,2019-07-01,0,11,2,0,1,0,1,1,606,113,0
63,2019-08-01,2,6,7,0,1,0,1,1,518,79,0
63,2019-09-01,0,8,0,0,1,0,1,1,800,56,0
63,2019-10-01,1,10,4,0,1,0,1,1,600,66,0
63,2019-11-01,1,11,2,0,1,0,1,1,569,54,0
63,2019-12-01,0,6,1,0,1,0,1,1,569,64,0
63,2020-01-01,1,11,3,0,1,0,1,1,599,68,0
63,2020-02-01,1,10,1,0,1,0,1,1,938,97,0
63,2020-03-01,0,8,3,0,1,0,1,1,524,47,0
63,2020-04-01,0,4,1,0,1,0,1,1,28,33,0
63,2020-05-01,2,5,8,0,1,0,1,1,188,48,0
63,2020-06-01,3,16,8,0,1,0,1,1,25,22,0
63,2020-07-01,3,13,11,0,1,0,1,1,149,36,0
63,2020-08-01,0,6,10,0,1,0,1,1,315,54,0
63,2020-09-01,2,8,9,0,1,0,1,1,375,56,0
63,2020-10-01,3,5,7,0,1,0,1,1,471,63,0
63,2020-11-01,0,6,1,0,1,0,1,1,513,66,0
63,2020-12-01,1,10,6,1,1,0,1,1,474,102,0
63,2021-01-01,3,3,11,0,1,0,1,1,837,98,0
63,2021-02-01,1,5,7,0,1,0,1,1,483,73,0
63,2021-03-01,1,5,4,2,1,0,1,1,524,76,0
63,2021-04-01,1,2,7,0,1,0,1,1,148,56,0
63,2021-05-01,0,11,2,0,1,0,1,1,315,74,0
63,2021-06-01,0,6,6,0,1,0,1,1,487,62,0
63,2021-07-01,2,6,6,0,1,0,1,1,583,69,0
63,2021-08-01,1,10,6,0,1,0,1,1,410,78,0
63,2021-09-01,3,5,6,0,1,0,1,1,600,86,0
63,2021-10-01,2,13,9,0,1,0,1,1,804,63,0
63,2021-11-01,1,7,4,0,1,0,1,1,628,45,0
63,2021-12-01,0,8,2,1,1,0,1,1,423,62,0
63,2022-01-01,1,11,4,0,1,0,1,1,414,64,0
63,2022-02-01,1,13,3,0,1,0,1,1,407,86,0
63,2022-03-01,1,8,3,0,1,0,1,1,627,102,0
63,2022-04-01,1,8,2,0,1,0,1,1,507,98,0
63,2022-05-01,0,8,3,0,1,0,1,1,606,70,0
63,2022-06-01,0,5,3,0,1,0,1,1,505,91,0
63,2022-07-01,0,12,2,0,1,0,1,1,553,85,0
63,2022-08-01,3,16,5,0,1,0,1,1,551,81,0
63,2022-09-01,0,10,5,0,1,0,1,1,496,99,0
63,2022-10-01,3,6,7,0,1,0,1,1,594,100,1
63,2022-11-01,0,7,3,0,1,0,1,1,588,78,1
63,2022-12-01,0,11,0,0,1,0,1,1,568,119,1
63,2023-01-01,2,12,3,0,1,0,1,1,709,124,1
63,2023-02-01,1,8,3,0,1,0,1,1,989,87,1
63,2023-03-01,0,4,2,0,1,0,1,1,1022,88,1
63,2023-04-01,1,6,3,0,1,0,1,1,781,98,1
63,2023-05-01,0,10,1,0,1,0,1,1,656,107,1
63,2023-06-01,0,14,1,0,1,0,1,1,608,122,1
63,2023-07-01,0,10,0,0,1,0,1,1,610,132,1
63,2023-08-01,1,10,3,0,1,0,1,1,802,141,1
63,2023-09-01,1,15,1,0,1,0,1,1,421,103,1
63,2023-10-01,0,3,1,0,1,0,1,1,509,106,1
63,2023-11-01,0,8,2,0,1,0,1,1,1158,121,1
63,2023-12-01,1,13,3,0,1,0,1,1,514,127,1
63,2024-01-01,1,19,2,0,1,0,1,1,565,113,1
63,2024-02-01,0,11,0,0,1,0,1,1,605,98,1
63,2024-03-01,1,3,1,0,1,0,1,1,886,130,1
63,2024-04-01,0,15,3,0,1,0,1,1,649,125,1
63,2024-05-01,0,10,1,0,1,0,1,1,778,132,1
63,2024-06-01,0,9,2,0,1,0,1,1,658,120,1
63,2024-07-01,0,4,1,0,1,0,1,1,704,98,1
63,2024-08-01,0,11,1,0,1,0,1,1,563,121,1
63,2024-09-01,1,7,3,2,1,0,1,1,545,116,1
63,2024-10-01,0,9,1,1,1,0,1,1,706,143,1
63,2024-11-01,0,15,2,0,1,0,1,1,537,136,1
63,2024-12-01,0,7,0,0,1,0,1,1,603,139,1
63,2025-01-01,1,10,2,0,1,0,1,1,615,113,1
63,2025-02-01,0,5,1,0,1,0,1,1,610,99,1
63,2025-03-01,1,8,2,0,1,0,1,1,596,108,1
63,2025-04-01,0,14,2,0,1,0,1,1,561,115,1
63,2025-05-01,1,5,2,0,1,0,1,1,666,117,1
63,2025-06-01,2,10,5,0,1,0,1,1,643,102,1
63,2025-07-01,0,8,1,0,1,0,1,1,604,107,1
63,2025-08-01,0,8,1,0,1,0,1,1,578,100,1
63,2025-09-01,0,11,0,0,1,0,1,1,617,87,1
63,2025-10-01,0,8,2,0,1,0,1,1,728,107,1
63,2025-11-01,1,13,3,0,1,0,1,1,732,122,1
63,2025-12-01,0,10,0,0,1,0,1,1,609,103,1
66,2018-01-01,0,7,0,0,0,0,0,1,847,96,0
66,2018-02-01,0,7,1,0,0,0,0,1,768,87,0
66,2018-03-01,0,8,0,0,0,0,0,1,888,56,0
66,2018-04-01,0,6,0,0,0,0,0,1,782,66,0
66,2018-05-01,1,13,2,0,0,0,0,1,803,76,0
66,2018-06-01,1,10,2,0,0,0,0,1,557,67,0
66,2018-07-01,0,8,0,0,0,0,0,1,723,73,0
66,2018-08-01,0,11,0,1,0,0,0,1,621,65,0
66,2018-09-01,0,9,0,0,0,0,0,1,631,48,0
66,2018-10-01,0,4,0,1,0,0,0,1,664,46,0
66,2018-11-01,0,11,1,0,0,0,0,1,433,56,0
66,2018-12-01,0,9,0,0,0,0,0,1,440,51,0
66,2019-01-01,0,10,0,0,0,0,0,1,814,59,0
66,2019-02-01,0,8,1,0,0,0,0,1,660,36,0
66,2019-03-01,0,12,0,0,0,0,0,1,1056,73,0
66,2019-04-01,0,8,0,0,0,0,0,1,712,68,0
66,2019-05-01,0,14,0,0,0,0,0,1,909,71,0
66,2019-06-01,0,9,0,0,0,0,0,1,962,40,0
66,2019-07-01,0,5,0,0,0,0,0,1,763,47,0
66,2019-08-01,0,10,0,0,0,0,0,1,660,68,0
66,2019-09-01,0,11,0,0,0,0,0,1,523,73,0
66,2019-10-01,0,15,0,0,0,0,0,1,559,39,0
66,2019-11-01,0,7,0,0,0,0,0,1,617,50,0
66,2019-12-01,0,7,0,0,0,0,0,1,570,39,0
66,2020-01-01,0,12,0,0,0,0,0,1,883,43,0
66,2020-02-01,0,17,0,0,0,0,0,1,843,50,0
66,2020-03-01,0,6,0,0,0,0,0,1,596,54,0
66,2020-04-01,0,5,0,0,0,0,0,1,88,33,0
66,2020-05-01,0,9,0,0,0,0,0,1,265,40,0
66,2020-06-01,0,11,0,0,0,0,0,1,43,30,0
66,2020-07-01,0,12,0,0,0,0,0,1,288,36,0
66,2020-08-01,0,7,0,0,0,0,0,1,556,39,0
66,2020-09-01,0,4,0,0,0,0,0,1,362,58,0
66,2020-10-01,0,8,0,0,0,0,0,1,223,44,0
66,2020-11-01,0,9,0,0,0,0,0,1,222,40,0
66,2020-12-01,3,14,4,0,0,0,0,1,294,48,0
66,2021-01-01,0,6,0,0,0,0,0,1,1037,70,0
66,2021-02-01,0,3,0,0,0,0,0,1,434,26,0
66,2021-03-01,0,3,0,0,0,0,0,1,465,45,0
66,2021-04-01,0,5,1,0,0,0,0,1,813,46,0
66,2021-05-01,0,4,1,0,0,0,0,1,315,52,0
66,2021-06-01,1,8,3,0,0,0,0,1,375,44,0
66,2021-07-01,0,10,0,0,0,0,0,1,723,54,0
66,2021-08-01,0,3,0,0,0,0,0,1,581,65,0
66,2021-09-01,0,14,0,0,0,0,0,1,715,49,0
66,2021-10-01,0,9,0,0,0,0,0,1,870,60,0
66,2021-11-01,0,4,0,0,0,0,0,1,381,62,0
66,2021-12-01,0,10,0,0,0,0,0,1,422,58,0
66,2022-01-01,0,11,1,0,0,0,0,1,562,52,0
66,2022-02-01,0,8,0,0,0,0,0,1,582,66,0
66,2022-03-01,0,8,0,0,0,0,0,1,703,86,0
66,2022-04-01,0,3,0,0,0,0,0,1,422,83,0
66,2022-05-01,1,4,2,0,0,0,0,1,573,69,0
66,2022-06-01,0,6,0,1,0,0,0,1,512,56,0
66,2022-07-01,0,8,0,0,0,0,0,1,795,79,0
66,2022-08-01,0,12,2,0,0,0,0,1,616,71,0
66,2022-09-01,0,7,1,0,0,0,0,1,456,69,0
66,2022-10-01,1,12,2,0,0,0,0,1,398,92,1
66,2022-11-01,0,10,0,0,0,0,0,1,468,60,1
66,2022-12-01,1,5,1,0,0,0,0,1,446,59,1
66,2023-01-01,0,7,0,0,0,0,0,1,482,77,1
66,2023-02-01,0,2,1,0,0,0,0,1,468,60,1
66,2023-03-01,1,10,2,0,0,0,0,1,690,73,1
66,2023-04-01,1,7,2,0,0,0,0,1,1230,72,1
66,2023-05-01,0,7,0,0,0,0,0,1,744,56,1
66,2023-06-01,1,7,2,0,0,0,0,1,447,71,1
66,2023-07-01,1,6,1,0,0,0,0,1,321,81,1
66,2023-08-01,0,11,0,0,0,0,0,1,1078,72,1
66,2023-09-01,0,7,1,0,0,0,0,1,423,64,1
66,2023-10-01,1,12,3,0,0,0,0,1,504,67,1
66,2023-11-01,1,9,1,0,0,0,0,1,937,65,1
66,2023-12-01,0,8,0,0,0,0,0,1,394,70,1
66,2024-01-01,0,10,0,0,0,0,0,1,460,92,1
66,2024-02-01,0,7,0,0,0,0,0,1,478,98,1
66,2024-03-01,0,5,0,0,0,0,0,1,602,78,1
66,2024-04-01,0,14,0,0,0,0,0,1,674,75,1
66,2024-05-01,0,10,0,0,0,0,0,1,592,92,1
66,2024-06-01,0,11,0,1,0,0,0,1,465,83,1
66,2024-07-01,0,11,1,0,0,0,0,1,396,86,1
66,2024-08-01,0,10,1,0,0,0,0,1,434,97,1
66,2024-09-01,0,9,2,0,0,0,0,1,385,86,1
66,2024-10-01,0,9,2,0,0,0,0,1,548,101,1
66,2024-11-01,0,8,0,0,0,0,0,1,461,88,1
66,2024-12-01,0,5,0,0,0,0,0,1,437,66,1
66,2025-01-01,0,12,2,0,0,0,0,1,526,99,1
66,2025-02-01,0,8,0,0,0,0,0,1,558,115,1
66,2025-03-01,0,6,1,0,0,0,0,1,548,119,1
66,2025-04-01,0,9,2,0,0,0,0,1,2671,108,1
66,2025-05-01,0,9,0,0,0,0,0,1,496,112,1
66,2025-06-01,0,7,1,0,0,0,0,1,363,90,1
66,2025-07-01,0,12,0,0,0,0,0,1,466,100,1
66,2025-08-01,0,2,0,0,0,0,0,1,489,102,1
66,2025-09-01,0,7,0,0,0,0,0,1,299,90,1
66,2025-10-01,0,10,0,0,0,0,0,1,440,115,1
66,2025-11-01,0,8,0,0,0,0,0,1,439,100,1
66,2025-12-01,0,12,0,0,0,0,0,1,590,95,1
67,2018-01-01,0,26,7,1,1,1,1,1,1443,291,0
67,2018-02-01,5,17,13,0,1,1,1,1,1199,260,0
67,2018-03-01,3,17,6,0,1,1,1,1,1189,270,0
67,2018-04-01,6,15,18,0,1,1,1,1,1096,239,0
67,2018-05-01,3,19,7,0,1,1,1,1,1060,214,0
67,2018-06-01,2,24,8,0,1,1,1,1,831,190,0
67,2018-07-01,6,22,16,0,1,1,1,1,1048,245,0
67,2018-08-01,4,24,13,0,1,1,1,1,1060,199,0
67,2018-09-01,6,21,15,0,1,1,1,1,966,175,0
67,2018-10-01,2,22,12,0,1,1,1,1,911,230,0
67,2018-11-01,0,19,3,0,1,1,1,1,782,176,0
67,2018-12-01,2,19,8,0,1,1,1,1,690,172,0
67,2019-01-01,0,18,5,0,1,1,1,1,1463,222,0
67,2019-02-01,2,17,4,1,1,1,1,1,1315,209,0
67,2019-03-01,0,12,4,1,1,1,1,1,1305,235,0
67,2019-04-01,4,11,9,0,1,1,1,1,1708,172,0
67,2019-05-01,5,23,19,0,1,1,1,1,1395,236,0
67,2019-06-01,0,21,4,0,1,1,1,1,1061,168,0
67,2019-07-01,4,20,14,0,1,1,1,1,1061,208,0
67,2019-08-01,3,28,10,0,1,1,1,1,1101,185,0
67,2019-09-01,4,24,8,0,1,1,1,1,962,187,0
67,2019-10-01,2,16,8,0,1,1,1,1,1186,143,0
67,2019-11-01,0,16,6,0,1,1,1,1,906,143,0
67,2019-12-01,5,33,10,1,1,1,1,1,738,116,0
67,2020-01-01,2,19,6,0,1,1,1,1,1327,130,0
67,2020-02-01,1,21,4,0,1,1,1,1,1216,131,0
67,2020-03-01,2,16,8,0,1,1,1,1,767,86,0
67,2020-04-01,3,16,11,0,1,1,1,1,54,53,0
67,2020-05-01,6,27,19,1,1,1,1,1,244,147,0
67,2020-06-01,8,30,27,0,1,1,1,1,110,42,0
67,2020-07-01,4,20,26,0,1,1,1,1,214,73,0
67,2020-08-01,14,31,50,0,1,1,1,1,585,88,0
67,2020-09-01,3,15,19,0,1,1,1,1,782,96,0
67,2020-10-01,7,30,29,0,1,1,1,1,535,113,0
67,2020-11-01,8,14,22,1,1,1,1,1,501,121,0
67,2020-12-01,2,25,12,0,1,1,1,1,608,99,0
67,2021-01-01,0,16,14,0,1,1,1,1,872,148,0
67,2021-02-01,2,13,9,1,1,1,1,1,668,111,0
67,2021-03-01,4,16,14,0,1,1,1,1,830,128,0
67,2021-04-01,3,17,17,0,1,1,1,1,555,128,0
67,2021-05-01,11,26,26,1,1,1,1,1,527,118,0
67,2021-06-01,6,16,19,0,1,1,1,1,499,130,0
67,2021-07-01,8,26,20,0,1,1,1,1,820,105,0
67,2021-08-01,4,18,18,0,1,1,1,1,667,106,0
67,2021-09-01,4,16,19,0,1,1,1,1,567,71,0
67,2021-10-01,3,33,11,0,1,1,1,1,697,111,0
67,2021-11-01,5,34,21,0,1,1,1,1,598,93,0
67,2021-12-01,5,24,10,0,1,1,1,1,489,97,0
67,2022-01-01,4,30,20,0,1,1,1,1,584,100,0
67,2022-02-01,1,30,5,1,1,1,1,1,698,102,0
67,2022-03-01,5,29,13,0,1,1,1,1,777,141,0
67,2022-04-01,2,24,9,0,1,1,1,1,631,107,0
67,2022-05-01,3,29,11,0,1,1,1,1,740,103,0
67,2022-06-01,1,30,13,0,1,1,1,1,582,140,0
67,2022-07-01,7,31,14,0,1,1,1,1,695,119,0
67,2022-08-01,3,26,12,0,1,1,1,1,724,116,0
67,2022-09-01,7,20,14,0,1,1,1,1,629,70,0
67,2022-10-01,6,22,21,0,1,1,1,1,785,149,1
67,2022-11-01,1,24,6,0,1,1,1,1,884,141,1
67,2022-12-01,1,22,9,0,1,1,1,1,676,120,1
67,2023-01-01,4,17,14,0,1,1,1,1,789,180,1
67,2023-02-01,2,29,7,1,1,1,1,1,729,158,1
67,2023-03-01,3,17,9,0,1,1,1,1,949,187,1
67,2023-04-01,3,25,9,1,1,1,1,1,788,149,1
67,2023-05-01,4,20,12,0,1,1,1,1,739,157,1
67,2023-06-01,3,25,8,1,1,1,1,1,767,150,1
67,2023-07-01,6,14,15,0,1,1,1,1,880,151,1
67,2023-08-01,2,19,12,1,1,1,1,1,878,158,1
67,2023-09-01,2,22,8,1,1,1,1,1,821,129,1
67,2023-10-01,2,25,10,1,1,1,1,1,941,136,1
67,2023-11-01,2,24,7,0,1,1,1,1,955,127,1
67,2023-12-01,2,19,7,0,1,1,1,1,786,134,1
67,2024-01-01,1,38,7,0,1,1,1,1,1098,180,1
67,2024-02-01,0,22,6,0,1,1,1,1,1116,193,1
67,2024-03-01,3,22,6,0,1,1,1,1,1156,162,1
67,2024-04-01,5,19,16,0,1,1,1,1,1071,145,1
67,2024-05-01,2,25,11,1,1,1,1,1,1440,223,1
67,2024-06-01,6,15,12,0,1,1,1,1,1486,240,1
67,2024-07-01,2,20,4,0,1,1,1,1,1605,275,1
67,2024-08-01,2,19,6,0,1,1,1,1,1671,319,1
67,2024-09-01,1,18,4,0,1,1,1,1,1509,234,1
67,2024-10-01,1,20,3,0,1,1,1,1,1454,233,1
67,2024-11-01,2,17,10,0,1,1,1,1,1321,256,1
67,2024-12-01,3,15,13,0,1,1,1,1,1229,265,1
67,2025-01-01,3,26,10,0,1,1,1,1,1570,260,1
67,2025-02-01,2,27,6,0,1,1,1,1,1071,214,1
67,2025-03-01,1,26,9,0,1,1,1,1,1409,266,1
67,2025-04-01,5,19,12,0,1,1,1,1,1337,260,1
67,2025-05-01,3,26,10,0,1,1,1,1,1225,259,1
67,2025-06-01,3,16,11,0,1,1,1,1,1037,242,1
67,2025-07-01,3,24,7,0,1,1,1,1,1138,265,1
67,2025-08-01,4,25,8,0,1,1,1,1,1084,224,1
67,2025-09-01,2,26,11,0,1,1,1,1,1187,216,1
67,2025-10-01,0,26,4,0,1,1,1,1,1161,236,1
67,2025-11-01,3,22,5,0,1,1,1,1,949,250,1
67,2025-12-01,0,19,2,0,1,1,1,1,920,211,1
68,2018-01-01,0,5,0,0,0,0,0,0,810,159,0
68,2018-02-01,0,7,2,0,0,0,0,0,643,182,0
68,2018-03-01,0,3,0,0,0,0,0,0,739,150,0
68,2018-04-01,1,4,1,0,0,0,0,0,731,170,0
68,2018-05-01,0,4,0,0,0,0,0,0,907,122,0
68,2018-06-01,0,0,0,0,0,0,0,0,814,103,0
68,2018-07-01,0,4,0,0,0,0,0,0,615,119,0
68,2018-08-01,0,6,0,0,0,0,0,0,730,114,0
68,2018-09-01,0,5,0,0,0,0,0,0,691,86,0
68,2018-10-01,0,7,0,0,0,0,0,0,750,98,0
68,2018-11-01,0,8,0,0,0,0,0,0,626,115,0
68,2018-12-01,0,5,0,0,0,0,0,0,648,107,0
68,2019-01-01,0,6,1,0,0,0,0,0,826,106,0
68,2019-02-01,0,5,0,0,0,0,0,0,833,116,0
68,2019-03-01,0,9,0,0,0,0,0,0,930,152,0
68,2019-04-01,0,4,0,0,0,0,0,0,796,131,0
68,2019-05-01,0,6,0,0,0,0,0,0,817,110,0
68,2019-06-01,0,7,0,0,0,0,0,0,901,83,0
68,2019-07-01,0,10,0,0,0,0,0,0,775,114,0
68,2019-08-01,0,4,0,0,0,0,0,0,742,75,0
68,2019-09-01,0,11,0,0,0,0,0,0,815,111,0
68,2019-10-01,0,10,0,0,0,0,0,0,837,106,0
68,2019-11-01,0,0,0,0,0,0,0,0,834,98,0
68,2019-12-01,0,2,0,1,0,0,0,0,708,75,0
68,2020-01-01,0,3,0,0,0,0,0,0,834,84,0
68,2020-02-01,0,6,2,0,0,0,0,0,778,95,0
68,2020-03-01,0,8,0,0,0,0,0,0,589,68,0
68,2020-04-01,0,2,1,0,0,0,0,0,97,43,0
68,2020-05-01,0,5,0,0,0,0,0,0,343,72,0
68,2020-06-01,0,4,0,0,0,0,0,0,195,27,0
68,2020-07-01,0,6,0,0,0,0,0,0,288,23,0
68,2020-08-01,0,9,0,0,0,0,0,0,623,61,0
68,2020-09-01,2,9,2,0,0,0,0,0,709,56,0
68,2020-10-01,0,5,1,0,0,0,0,0,667,90,0
68,2020-11-01,0,10,0,0,0,0,0,0,747,82,0
68,2020-12-01,0,7,0,0,0,0,0,0,611,98,0
68,2021-01-01,0,4,0,0,0,0,0,0,939,114,0
68,2021-02-01,0,8,0,0,0,0,0,0,694,108,0
68,2021-03-01,0,2,0,0,0,0,0,0,787,99,0
68,2021-04-01,0,1,0,0,0,0,0,0,445,66,0
68,2021-05-01,0,5,0,0,0,0,0,0,525,54,0
68,2021-06-01,0,5,0,0,0,0,0,0,524,63,0
68,2021-07-01,0,4,1,0,0,0,0,0,625,78,0
68,2021-08-01,0,5,0,0,0,0,0,0,627,76,0
68,2021-09-01,0,4,1,0,0,0,0,0,651,68,0
68,2021-10-01,0,6,1,0,0,0,0,0,778,75,0
68,2021-11-01,0,3,0,0,0,0,0,0,669,77,0
68,2021-12-01,1,5,4,0,0,0,0,0,690,78,0
68,2022-01-01,0,2,0,0,0,0,0,0,655,63,0
68,2022-02-01,0,3,0,0,0,0,0,0,841,86,0
68,2022-03-01,1,7,3,0,0,0,0,0,605,133,0
68,2022-04-01,1,4,2,0,0,0,0,0,563,91,0
68,2022-05-01,0,6,0,0,0,0,0,0,676,100,0
68,2022-06-01,0,3,0,0,0,0,0,0,618,84,0
68,2022-07-01,1,4,2,0,0,0,0,0,777,97,0
68,2022-08-01,1,4,3,0,0,0,0,0,604,69,0
68,2022-09-01,0,5,0,0,0,0,0,0,666,83,0
68,2022-10-01,0,7,0,0,0,0,0,0,921,81,1
68,2022-11-01,0,5,0,0,0,0,0,0,703,78,1
68,2022-12-01,0,7,0,0,0,0,0,0,690,92,1
68,2023-01-01,0,11,1,0,0,0,0,0,602,133,1
68,2023-02-01,0,2,1,0,0,0,0,0,683,119,1
68,2023-03-01,0,10,0,0,0,0,0,0,731,127,1
68,2023-04-01,0,5,1,2,0,0,0,0,744,121,1
68,2023-05-01,0,6,0,0,0,0,0,0,683,91,1
68,2023-06-01,2,6,2,0,0,0,0,0,648,124,1
68,2023-07-01,0,3,0,0,0,0,0,0,669,114,1
68,2023-08-01,1,5,1,1,0,0,0,0,649,104,1
68,2023-09-01,0,3,0,0,0,0,0,0,736,91,1
68,2023-10-01,0,7,1,0,0,0,0,0,496,136,1
68,2023-11-01,0,8,0,0,0,0,0,0,683,128,1
68,2023-12-01,0,7,0,0,0,0,0,0,457,111,1
68,2024-01-01,0,12,1,0,0,0,0,0,670,136,1
68,2024-02-01,0,7,0,0,0,0,0,0,658,88,1
68,2024-03-01,0,5,0,1,0,0,0,0,585,126,1
68,2024-04-01,0,3,0,0,0,0,0,0,570,112,1
68,2024-05-01,0,2,0,0,0,0,0,0,514,130,1
68,2024-06-01,0,10,1,0,0,0,0,0,605,125,1
68,2024-07-01,0,2,0,1,0,0,0,0,420,93,1
68,2024-08-01,0,5,1,2,0,0,0,0,412,123,1
68,2024-09-01,0,6,0,0,0,0,0,0,565,64,1
68,2024-10-01,0,8,0,1,0,0,0,0,675,90,1
68,2024-11-01,0,6,1,0,0,0,0,0,575,124,1
68,2024-12-01,0,1,0,1,0,0,0,0,621,109,1
68,2025-01-01,0,3,1,0,0,0,0,0,704,131,1
68,2025-02-01,0,6,0,0,0,0,0,0,548,170,1
68,2025-03-01,0,1,0,0,0,0,0,0,687,144,1
68,2025-04-01,0,5,0,1,0,0,0,0,564,133,1
68,2025-05-01,0,9,0,1,0,0,0,0,483,127,1
68,2025-06-01,0,8,0,0,0,0,0,0,478,121,1
68,2025-07-01,0,6,0,0,0,0,0,0,477,121,1
68,2025-08-01,0,6,0,0,0,0,0,0,432,119,1
68,2025-09-01,0,4,0,0,0,0,0,0,531,125,1
68,2025-10-01,0,4,0,0,0,0,0,0,673,134,1
68,2025-11-01,0,8,0,0,0,0,0,0,500,124,1
68,2025-12-01,0,6,0,0,0,0,0,0,517,136,1
69,2018-01-01,1,12,1,0,1,0,1,1,632,138,0
69,2018-02-01,1,7,2,0,1,0,1,1,624,161,0
69,2018-03-01,1,5,2,0,1,0,1,1,843,147,0
69,2018-04-01,1,10,3,0,1,0,1,1,836,129,0
69,2018-05-01,2,13,4,1,1,0,1,1,732,124,0
69,2018-06-01,2,9,3,0,1,0,1,1,760,104,0
69,2018-07-01,0,8,2,0,1,0,1,1,581,84,0
69,2018-08-01,0,7,1,0,1,0,1,1,558,98,0
69,2018-09-01,0,8,3,0,1,0,1,1,468,84,0
69,2018-10-01,2,11,4,0,1,0,1,1,546,79,0
69,2018-11-01,2,13,3,0,1,0,1,1,942,97,0
69,2018-12-01,2,13,5,0,1,0,1,1,603,73,0
69,2019-01-01,1,7,6,0,1,0,1,1,822,82,0
69,2019-02-01,0,4,2,0,1,0,1,1,660,72,0
69,2019-03-01,0,6,1,0,1,0,1,1,744,84,0
69,2019-04-01,0,8,2,0,1,0,1,1,793,54,0
69,2019-05-01,1,6,4,0,1,0,1,1,807,90,0
69,2019-06-01,1,9,7,0,1,0,1,1,696,83,0
69,2019-07-01,3,10,10,0,1,0,1,1,774,70,0
69,2019-08-01,0,9,6,0,1,0,1,1,595,78,0
69,2019-09-01,1,16,5,0,1,0,1,1,617,65,0
69,2019-10-01,1,7,3,0,1,0,1,1,627,62,0
69,2019-11-01,2,2,7,0,1,0,1,1,527,60,0
69,2019-12-01,0,7,4,0,1,0,1,1,481,64,0
69,2020-01-01,1,15,3,0,1,0,1,1,866,58,0
69,2020-02-01,0,8,4,0,1,0,1,1,564,58,0
69,2020-03-01,1,10,6,0,1,0,1,1,509,64,0
69,2020-04-01,1,5,4,0,1,0,1,1,14,16,0
69,2020-05-01,2,5,4,0,1,0,1,1,154,36,0
69,2020-06-01,2,5,5,0,1,0,1,1,171,13,0
69,2020-07-01,13,2,31,0,1,0,1,1,287,32,0
69,2020-08-01,9,8,27,0,1,0,1,1,316,47,0
69,2020-09-01,1,5,7,0,1,0,1,1,840,35,0
69,2020-10-01,4,7,14,0,1,0,1,1,572,53,0
69,2020-11-01,4,12,17,0,1,0,1,1,327,39,0
69,2020-12-01,1,2,6,0,1,0,1,1,376,41,0
69,2021-01-01,3,1,10,0,1,0,1,1,1154,37,0
69,2021-02-01,2,7,4,0,1,0,1,1,512,68,0
69,2021-03-01,2,3,8,0,1,0,1,1,638,76,0
69,2021-04-01,2,5,14,0,1,0,1,1,349,51,0
69,2021-05-01,1,4,8,0,1,0,1,1,425,86,0
69,2021-06-01,1,2,11,0,1,0,1,1,633,59,0
69,2021-07-01,3,4,7,1,1,0,1,1,448,57,0
69,2021-08-01,4,4,11,0,1,0,1,1,605,57,0
69,2021-09-01,2,7,12,0,1,0,1,1,547,60,0
69,2021-10-01,2,10,16,0,1,0,1,1,678,65,0
69,2021-11-01,0,8,6,0,1,0,1,1,648,45,0
69,2021-12-01,3,5,6,0,1,0,1,1,450,50,0
69,2022-01-01,3,9,12,1,1,0,1,1,544,58,0
69,2022-02-01,2,11,7,1,1,0,1,1,705,59,0
69,2022-03-01,2,10,6,0,1,0,1,1,805,95,0
69,2022-04-01,3,10,10,0,1,0,1,1,530,95,0
69,2022-05-01,1,9,6,0,1,0,1,1,649,94,0
69,2022-06-01,2,9,7,0,1,0,1,1,534,86,0
69,2022-07-01,2,11,8,0,1,0,1,1,516,72,0
69,2022-08-01,3,10,9,0,1,0,1,1,476,92,0
69,2022-09-01,0,3,2,0,1,0,1,1,453,57,0
69,2022-10-01,1,6,5,0,1,0,1,1,568,53,1
69,2022-11-01,1,11,11,0,1,0,1,1,796,74,1
69,2022-12-01,0,10,4,0,1,0,1,1,633,85,1
69,2023-01-01,2,13,6,0,1,0,1,1,913,99,1
69,2023-02-01,2,7,5,1,1,0,1,1,708,82,1
69,2023-03-01,0,8,4,0,1,0,1,1,715,72,1
69,2023-04-01,3,17,10,0,1,0,1,1,1023,62,1
69,2023-05-01,1,14,4,0,1,0,1,1,913,75,1
69,2023-06-01,0,9,2,2,1,0,1,1,678,90,1
69,2023-07-01,3,10,9,0,1,0,1,1,489,71,1
69,2023-08-01,1,7,4,1,1,0,1,1,701,81,1
69,2023-09-01,1,5,3,0,1,0,1,1,705,55,1
69,2023-10-01,1,3,4,0,1,0,1,1,778,66,1
69,2023-11-01,1,10,4,0,1,0,1,1,567,59,1
69,2023-12-01,3,11,7,1,1,0,1,1,601,67,1
69,2024-01-01,1,7,4,2,1,0,1,1,617,89,1
69,2024-02-01,1,10,4,0,1,0,1,1,570,99,1
69,2024-03-01,2,5,3,0,1,0,1,1,663,80,1
69,2024-04-01,1,4,3,1,1,0,1,1,786,73,1
69,2024-05-01,1,6,3,0,1,0,1,1,681,90,1
69,2024-06-01,2,9,8,0,1,0,1,1,731,87,1
69,2024-07-01,1,6,2,0,1,0,1,1,533,93,1
69,2024-08-01,2,4,4,0,1,0,1,1,428,69,1
69,2024-09-01,2,9,4,0,1,0,1,1,546,64,1
69,2024-10-01,2,9,6,0,1,0,1,1,628,78,1
69,2024-11-01,0,7,5,0,1,0,1,1,425,82,1
69,2024-12-01,2,8,7,0,1,0,1,1,288,57,1
69,2025-01-01,1,9,3,0,1,0,1,1,366,70,1
69,2025-02-01,0,7,2,1,1,0,1,1,456,63,1
69,2025-03-01,2,13,6,0,1,0,1,1,640,78,1
69,2025-04-01,0,8,2,2,1,0,1,1,668,79,1
69,2025-05-01,1,3,5,0,1,0,1,1,557,70,1
69,2025-06-01,2,9,6,0,1,0,1,1,401,81,1
69,2025-07-01,1,6,5,0,1,0,1,1,473,68,1
69,2025-08-01,0,14,1,0,1,0,1,1,693,79,1
69,2025-09-01,2,10,5,0,1,0,1,1,614,109,1
69,2025-10-01,2,8,9,0,1,0,1,1,650,99,1
69,2025-11-01,0,14,6,0,1,0,1,1,533,108,1
69,2025-12-01,0,5,1,0,1,0,1,1,668,98,1
70,2018-01-01,1,16,2,0,1,1,1,0,1764,249,0
70,2018-02-01,2,11,3,0,1,1,1,0,1687,287,0
70,2018-03-01,2,10,2,0,1,1,1,0,1456,251,0
70,2018-04-01,3,19,10,0,1,1,1,0,1584,240,0
70,2018-05-01,0,17,1,0,1,1,1,0,1751,219,0
70,2018-06-01,1,11,4,0,1,1,1,0,1433,200,0
70,2018-07-01,1,18,2,0,1,1,1,0,1505,182,0
70,2018-08-01,0,10,0,1,1,1,1,0,1627,195,0
70,2018-09-01,0,10,1,1,1,1,1,0,1171,123,0
70,2018-10-01,3,9,5,0,1,1,1,0,1537,184,0
70,2018-11-01,3,21,5,0,1,1,1,0,1416,178,0
70,2018-12-01,1,9,2,0,1,1,1,0,1389,192,0
70,2019-01-01,1,12,1,0,1,1,1,0,1644,171,0
70,2019-02-01,1,8,2,0,1,1,1,0,1278,163,0
70,2019-03-01,1,8,2,0,1,1,1,0,1525,179,0
70,2019-04-01,0,10,3,0,1,1,1,0,1671,176,0
70,2019-05-01,1,9,2,0,1,1,1,0,1443,161,0
70,2019-06-01,2,9,6,0,1,1,1,0,2085,132,0
70,2019-07-01,0,12,0,0,1,1,1,0,1494,156,0
70,2019-08-01,0,15,3,0,1,1,1,0,1273,125,0
70,2019-09-01,2,19,4,0,1,1,1,0,1256,133,0
70,2019-10-01,0,19,2,0,1,1,1,0,1293,127,0
70,2019-11-01,0,16,2,0,1,1,1,0,1400,109,0
70,2019-12-01,2,21,6,0,1,1,1,0,2065,113,0
70,2020-01-01,0,15,2,0,1,1,1,0,1732,126,0
70,2020-02-01,0,20,1,0,1,1,1,0,1639,132,0
70,2020-03-01,1,12,3,0,1,1,1,0,1320,102,0
70,2020-04-01,0,8,1,0,1,1,1,0,77,54,0
70,2020-05-01,2,6,4,0,1,1,1,0,474,100,0
70,2020-06-01,3,15,10,0,1,1,1,0,90,46,0
70,2020-07-01,5,16,12,0,1,1,1,0,361,38,0
70,2020-08-01,11,17,25,0,1,1,1,0,823,81,0
70,2020-09-01,2,21,8,0,1,1,1,0,602,51,0
70,2020-10-01,1,15,5,0,1,1,1,0,434,66,0
70,2020-11-01,4,20,12,0,1,1,1,0,581,74,0
70,2020-12-01,4,26,12,0,1,1,1,0,582,73,0
70,2021-01-01,0,14,1,0,1,1,1,0,854,66,0
70,2021-02-01,1,15,2,0,1,1,1,0,654,61,0
70,2021-03-01,4,11,12,0,1,1,1,0,781,81,0
70,2021-04-01,3,9,8,0,1,1,1,0,732,66,0
70,2021-05-01,1,9,3,0,1,1,1,0,722,63,0
70,2021-06-01,0,8,3,0,1,1,1,0,808,51,0
70,2021-07-01,2,21,9,0,1,1,1,0,1067,48,0
70,2021-08-01,1,15,6,0,1,1,1,0,575,95,0
70,2021-09-01,0,18,1,0,1,1,1,0,931,70,0
70,2021-10-01,2,16,7,0,1,1,1,0,1249,101,0
70,2021-11-01,0,26,2,0,1,1,1,0,1098,83,0
70,2021-12-01,2,20,3,0,1,1,1,0,796,110,0
70,2022-01-01,1,27,4,0,1,1,1,0,724,78,0
70,2022-02-01,1,19,3,0,1,1,1,0,889,88,0
70,2022-03-01,1,16,5,0,1,1,1,0,891,92,0
70,2022-04-01,1,20,5,0,1,1,1,0,715,93,0
70,2022-05-01,1,12,2,0,1,1,1,0,829,118,0
70,2022-06-01,1,12,3,0,1,1,1,0,861,111,0
70,2022-07-01,1,14,3,0,1,1,1,0,925,106,0
70,2022-08-01,2,17,7,0,1,1,1,0,689,82,0
70,2022-09-01,1,15,1,0,1,1,1,0,595,97,0
70,2022-10-01,2,14,2,0,1,1,1,0,1189,81,1
70,2022-11-01,1,25,3,0,1,1,1,0,916,127,1
70,2022-12-01,1,7,3,0,1,1,1,0,813,106,1
70,2023-01-01,0,14,3,0,1,1,1,0,843,112,1
70,2023-02-01,1,9,4,0,1,1,1,0,1532,117,1
70,2023-03-01,1,17,1,0,1,1,1,0,1568,150,1
70,2023-04-01,1,11,5,0,1,1,1,0,1136,111,1
70,2023-05-01,1,14,3,0,1,1,1,0,735,131,1
70,2023-06-01,2,10,3,1,1,1,1,0,855,152,1
70,2023-07-01,2,21,3,0,1,1,1,0,801,126,1
70,2023-08-01,0,7,3,0,1,1,1,0,951,136,1
70,2023-09-01,0,14,1,0,1,1,1,0,673,123,1
70,2023-10-01,2,16,4,0,1,1,1,0,1042,129,1
70,2023-11-01,1,18,2,0,1,1,1,0,1293,123,1
70,2023-12-01,3,16,5,0,1,1,1,0,688,149,1
70,2024-01-01,0,17,3,1,1,1,1,0,739,144,1
70,2024-02-01,0,14,1,0,1,1,1,0,1159,167,1
70,2024-03-01,0,11,1,0,1,1,1,0,1275,156,1
70,2024-04-01,1,14,5,0,1,1,1,0,856,130,1
70,2024-05-01,2,19,4,0,1,1,1,0,860,154,1
70,2024-06-01,1,25,3,0,1,1,1,0,834,203,1
70,2024-07-01,3,18,4,0,1,1,1,0,1104,196,1
70,2024-08-01,1,13,4,0,1,1,1,0,880,189,1
70,2024-09-01,0,11,3,0,1,1,1,0,787,154,1
70,2024-10-01,1,13,1,0,1,1,1,0,841,169,1
70,2024-11-01,1,16,2,0,1,1,1,0,908,150,1
70,2024-12-01,0,18,3,0,1,1,1,0,891,158,1
70,2025-01-01,0,18,0,0,1,1,1,0,780,161,1
70,2025-02-01,1,18,1,0,1,1,1,0,825,160,1
70,2025-03-01,1,13,3,0,1,1,1,0,840,217,1
70,2025-04-01,1,15,3,0,1,1,1,0,645,202,1
70,2025-05-01,0,13,1,0,1,1,1,0,585,161,1
70,2025-06-01,0,19,3,0,1,1,1,0,490,161,1
70,2025-07-01,1,17,4,0,1,1,1,0,738,138,1
70,2025-08-01,1,14,2,0,1,1,1,0,604,176,1
70,2025-09-01,2,19,2,0,1,1,1,0,702,174,1
70,2025-10-01,2,19,5,0,1,1,1,0,845,190,1
70,2025-11-01,2,15,2,0,1,1,1,0,751,165,1
70,2025-12-01,1,16,2,0,1,1,1,0,492,159,1
71,2018-01-01,1,15,6,0,1,0,1,1,1092,204,0
71,2018-02-01,1,10,2,0,1,0,1,1,1144,194,0
71,2018-03-01,0,14,0,0,1,0,1,1,1048,198,0
71,2018-04-01,3,14,5,0,1,0,1,1,1213,157,0
71,2018-05-01,2,10,7,0,1,0,1,1,1133,165,0
71,2018-06-01,4,5,9,0,1,0,1,1,943,110,0
71,2018-07-01,3,18,6,0,1,0,1,1,1040,203,0
71,2018-08-01,2,25,4,0,1,0,1,1,961,174,0
71,2018-09-01,3,22,5,0,1,0,1,1,751,114,0
71,2018-10-01,1,10,2,0,1,0,1,1,1084,146,0
71,2018-11-01,2,11,4,0,1,0,1,1,867,133,0
71,2018-12-01,1,12,3,0,1,0,1,1,863,123,0
71,2019-01-01,0,12,1,0,1,0,1,1,1086,141,0
71,2019-02-01,0,12,1,0,1,0,1,1,950,116,0
71,2019-03-01,1,8,4,1,1,0,1,1,1046,130,0
71,2019-04-01,2,14,3,0,1,0,1,1,1110,146,0
71,2019-05-01,1,14,1,0,1,0,1,1,1101,133,0
71,2019-06-01,1,9,8,0,1,0,1,1,971,104,0
71,2019-07-01,3,24,10,0,1,0,1,1,1121,98,0
71,2019-08-01,1,15,5,0,1,0,1,1,841,115,0
71,2019-09-01,1,12,3,1,1,0,1,1,854,85,0
71,2019-10-01,1,16,4,0,1,0,1,1,922,100,0
71,2019-11-01,1,12,6,0,1,0,1,1,813,99,0
71,2019-12-01,1,25,3,1,1,0,1,1,938,105,0
71,2020-01-01,0,11,2,0,1,0,1,1,1083,88,0
71,2020-02-01,1,13,3,0,1,0,1,1,817,85,0
71,2020-03-01,1,11,8,0,1,0,1,1,713,80,0
71,2020-04-01,0,6,0,0,1,0,1,1,99,42,0
71,2020-05-01,2,10,6,0,1,0,1,1,238,71,0
71,2020-06-01,8,10,18,0,1,0,1,1,91,34,0
71,2020-07-01,5,12,12,0,1,0,1,1,137,36,0
71,2020-08-01,3,8,18,0,1,0,1,1,332,36,0
71,2020-09-01,3,13,9,0,1,0,1,1,328,42,0
71,2020-10-01,2,10,6,1,1,0,1,1,361,55,0
71,2020-11-01,2,9,6,0,1,0,1,1,398,47,0
71,2020-12-01,2,16,6,0,1,0,1,1,243,79,0
71,2021-01-01,0,6,1,0,1,0,1,1,679,86,0
71,2021-02-01,1,7,3,0,1,0,1,1,535,99,0
71,2021-03-01,3,15,8,0,1,0,1,1,711,89,0
71,2021-04-01,3,6,6,0,1,0,1,1,273,57,0
71,2021-05-01,5,13,16,0,1,0,1,1,366,89,0
71,2021-06-01,2,8,4,0,1,0,1,1,427,101,0
71,2021-07-01,1,13,2,0,1,0,1,1,417,68,0
71,2021-08-01,1,7,6,0,1,0,1,1,557,86,0
71,2021-09-01,2,8,5,0,1,0,1,1,454,70,0
71,2021-10-01,2,14,6,0,1,0,1,1,837,99,0
71,2021-11-01,4,7,6,0,1,0,1,1,707,78,0
71,2021-12-01,3,17,9,0,1,0,1,1,527,70,0
71,2022-01-01,6,18,15,0,1,0,1,1,580,75,0
71,2022-02-01,0,11,3,0,1,0,1,1,768,98,0
71,2022-03-01,0,19,1,0,1,0,1,1,670,107,0
71,2022-04-01,1,10,5,0,1,0,1,1,537,89,0
71,2022-05-01,0,16,3,0,1,0,1,1,816,75,0
71,2022-06-01,2,12,6,0,1,0,1,1,469,91,0
71,2022-07-01,6,18,15,0,1,0,1,1,548,94,0
71,2022-08-01,0,14,4,0,1,0,1,1,533,106,0
71,2022-09-01,0,9,3,0,1,0,1,1,550,71,0
71,2022-10-01,4,11,6,0,1,0,1,1,870,91,1
71,2022-11-01,1,7,5,0,1,0,1,1,885,102,1
71,2022-12-01,0,13,2,0,1,0,1,1,593,64,1
71,2023-01-01,0,9,2,0,1,0,1,1,651,102,1
71,2023-02-01,1,12,2,0,1,0,1,1,1160,93,1
71,2023-03-01,2,8,4,0,1,0,1,1,1130,106,1
71,2023-04-01,1,9,3,0,1,0,1,1,654,103,1
71,2023-05-01,1,14,4,0,1,0,1,1,613,117,1
71,2023-06-01,0,10,3,0,1,0,1,1,576,124,1
71,2023-07-01,2,12,7,0,1,0,1,1,608,95,1
71,2023-08-01,2,15,6,0,1,0,1,1,491,112,1
71,2023-09-01,2,10,3,0,1,0,1,1,547,106,1
71,2023-10-01,1,8,2,0,1,0,1,1,798,108,1
71,2023-11-01,1,12,3,0,1,0,1,1,653,102,1
71,2023-12-01,1,10,3,2,1,0,1,1,416,91,1
71,2024-01-01,3,8,6,0,1,0,1,1,603,132,1
71,2024-02-01,1,9,1,0,1,0,1,1,571,140,1
71,2024-03-01,0,5,2,0,1,0,1,1,552,105,1
71,2024-04-01,0,5,2,0,1,0,1,1,701,115,1
71,2024-05-01,1,8,4,0,1,0,1,1,455,97,1
71,2024-06-01,0,7,2,0,1,0,1,1,509,97,1
71,2024-07-01,2,6,7,0,1,0,1,1,556,92,1
71,2024-08-01,2,8,5,0,1,0,1,1,609,108,1
71,2024-09-01,0,6,2,0,1,0,1,1,463,97,1
71,2024-10-01,0,7,2,1,1,0,1,1,569,108,1
71,2024-11-01,2,11,5,0,1,0,1,1,772,92,1
71,2024-12-01,1,11,3,0,1,0,1,1,471,86,1
71,2025-01-01,1,10,3,0,1,0,1,1,570,113,1
71,2025-02-01,0,8,2,0,1,0,1,1,550,105,1
71,2025-03-01,0,4,1,0,1,0,1,1,565,113,1
71,2025-04-01,0,17,2,0,1,0,1,1,626,121,1
71,2025-05-01,1,9,2,0,1,0,1,1,450,105,1
71,2025-06-01,1,16,6,0,1,0,1,1,489,111,1
71,2025-07-01,0,11,1,0,1,0,1,1,364,123,1
71,2025-08-01,1,5,3,0,1,0,1,1,495,101,1
71,2025-09-01,4,16,5,0,1,0,1,1,388,126,1
71,2025-10-01,0,17,0,0,1,0,1,1,553,133,1
71,2025-11-01,2,17,2,0,1,0,1,1,448,134,1
71,2025-12-01,1,9,2,0,1,0,1,1,342,115,1
72,2018-01-01,1,10,1,0,0,1,0,0,1110,284,0
72,2018-02-01,0,10,0,0,0,1,0,0,784,221,0
72,2018-03-01,0,10,0,0,0,1,0,0,1118,227,0
72,2018-04-01,0,20,0,0,0,1,0,0,986,196,0
72,2018-05-01,0,23,1,0,0,1,0,0,978,180,0
72,2018-06-01,0,18,0,0,0,1,0,0,856,146,0
72,2018-07-01,0,18,0,0,0,1,0,0,693,164,0
72,2018-08-01,0,16,0,0,0,1,0,0,804,163,0
72,2018-09-01,0,13,0,0,0,1,0,0,801,163,0
72,2018-10-01,0,13,0,0,0,1,0,0,1025,132,0
72,2018-11-01,0,22,0,0,0,1,0,0,1107,124,0
72,2018-12-01,0,12,0,0,0,1,0,0,687,162,0
72,2019-01-01,0,8,1,0,0,1,0,0,900,158,0
72,2019-02-01,0,8,0,0,0,1,0,0,785,170,0
72,2019-03-01,0,14,0,1,0,1,0,0,896,217,0
72,2019-04-01,0,17,0,0,0,1,0,0,981,176,0
72,2019-05-01,0,7,1,0,0,1,0,0,1028,185,0
72,2019-06-01,1,20,1,0,0,1,0,0,829,182,0
72,2019-07-01,0,10,0,0,0,1,0,0,818,168,0
72,2019-08-01,1,18,2,0,0,1,0,0,1711,160,0
72,2019-09-01,0,20,0,0,0,1,0,0,813,136,0
72,2019-10-01,0,15,0,0,0,1,0,0,836,162,0
72,2019-11-01,2,21,3,0,0,1,0,0,752,127,0
72,2019-12-01,0,23,0,0,0,1,0,0,859,111,0
72,2020-01-01,3,15,5,0,0,1,0,0,1562,124,0
72,2020-02-01,0,18,0,0,0,1,0,0,1116,132,0
72,2020-03-01,1,13,1,0,0,1,0,0,1096,118,0
72,2020-04-01,0,5,1,0,0,1,0,0,170,106,0
72,2020-05-01,0,15,0,0,0,1,0,0,335,123,0
72,2020-06-01,2,14,3,0,0,1,0,0,294,69,0
72,2020-07-01,1,15,2,0,0,1,0,0,386,68,0
72,2020-08-01,0,18,1,0,0,1,0,0,379,83,0
72,2020-09-01,2,13,4,0,0,1,0,0,374,85,0
72,2020-10-01,0,17,0,0,0,1,0,0,458,98,0
72,2020-11-01,1,14,3,0,0,1,0,0,736,106,0
72,2020-12-01,0,13,1,0,0,1,0,0,611,101,0
72,2021-01-01,1,13,2,0,0,1,0,0,644,107,0
72,2021-02-01,0,7,0,0,0,1,0,0,374,87,0
72,2021-03-01,0,9,1,0,0,1,0,0,521,108,0
72,2021-04-01,0,17,0,0,0,1,0,0,766,87,0
72,2021-05-01,0,13,0,0,0,1,0,0,395,108,0
72,2021-06-01,3,15,6,0,0,1,0,0,419,108,0
72,2021-07-01,1,22,2,0,0,1,0,0,555,105,0
72,2021-08-01,0,15,0,0,0,1,0,0,519,102,0
72,2021-09-01,0,16,0,1,0,1,0,0,683,104,0
72,2021-10-01,1,16,1,0,0,1,0,0,740,95,0
72,2021-11-01,1,13,4,0,0,1,0,0,684,110,0
72,2021-12-01,0,17,1,0,0,1,0,0,547,97,0
72,2022-01-01,1,14,3,0,0,1,0,0,385,112,0
72,2022-02-01,0,10,1,0,0,1,0,0,911,138,0
72,2022-03-01,0,20,0,0,0,1,0,0,531,141,0
72,2022-04-01,1,11,4,0,0,1,0,0,482,136,0
72,2022-05-01,0,12,1,0,0,1,0,0,536,135,0
72,2022-06-01,0,13,1,0,0,1,0,0,473,117,0
72,2022-07-01,0,23,0,0,0,1,0,0,823,102,0
72,2022-08-01,0,16,0,0,0,1,0,0,528,101,0
72,2022-09-01,1,28,2,0,0,1,0,0,599,103,0
72,2022-10-01,0,23,1,0,0,1,0,0,1363,106,1
72,2022-11-01,0,6,2,0,0,1,0,0,825,88,1
72,2022-12-01,0,15,0,0,0,1,0,0,771,113,1
72,2023-01-01,1,11,1,0,0,1,0,0,844,124,1
72,2023-02-01,1,11,3,0,0,1,0,0,761,165,1
72,2023-03-01,2,15,3,0,0,1,0,0,793,128,1
72,2023-04-01,0,8,1,0,0,1,0,0,747,149,1
72,2023-05-01,0,13,0,0,0,1,0,0,686,176,1
72,2023-06-01,1,12,1,1,0,1,0,0,663,131,1
72,2023-07-01,1,14,3,0,0,1,0,0,637,147,1
72,2023-08-01,0,16,2,1,0,1,0,0,594,157,1
72,2023-09-01,1,17,1,0,0,1,0,0,673,157,1
72,2023-10-01,0,15,1,0,0,1,0,0,588,163,1
72,2023-11-01,0,12,0,1,0,1,0,0,557,137,1
72,2023-12-01,0,19,0,0,0,1,0,0,407,153,1
72,2024-01-01,1,12,1,0,0,1,0,0,685,189,1
72,2024-02-01,1,15,1,1,0,1,0,0,793,145,1
72,2024-03-01,0,9,1,0,0,1,0,0,581,185,1
72,2024-04-01,0,16,2,0,0,1,0,0,860,184,1
72,2024-05-01,0,20,1,0,0,1,0,0,673,178,1
72,2024-06-01,0,26,0,0,0,1,0,0,709,151,1
72,2024-07-01,0,12,1,1,0,1,0,0,692,140,1
72,2024-08-01,0,20,2,0,0,1,0,0,521,159,1
72,2024-09-01,0,12,0,0,0,1,0,0,628,174,1
72,2024-10-01,0,21,0,0,0,1,0,0,708,187,1
72,2024-11-01,0,8,0,0,0,1,0,0,530,176,1
72,2024-12-01,0,4,0,0,0,1,0,0,408,194,1
72,2025-01-01,0,7,0,0,0,1,0,0,606,207,1
72,2025-02-01,0,7,0,0,0,1,0,0,516,236,1
72,2025-03-01,0,9,0,0,0,1,0,0,562,204,1
72,2025-04-01,0,8,0,0,0,1,0,0,594,195,1
72,2025-05-01,0,7,0,0,0,1,0,0,578,179,1
72,2025-06-01,0,9,0,0,0,1,0,0,611,186,1
72,2025-07-01,0,7,0,0,0,1,0,0,843,176,1
72,2025-08-01,3,9,4,0,0,1,0,0,475,188,1
72,2025-09-01,0,17,0,0,0,1,0,0,450,210,1
72,2025-10-01,0,10,0,0,0,1,0,0,594,219,1
72,2025-11-01,1,9,1,0,0,1,0,0,506,221,1
72,2025-12-01,0,13,0,0,0,1,0,0,504,156,1
73,2018-01-01,1,33,6,0,1,1,1,1,1036,363,0
73,2018-02-01,0,26,5,0,1,1,1,1,1116,257,0
73,2018-03-01,6,25,11,0,1,1,1,1,1104,285,0
73,2018-04-01,2,13,12,1,1,1,1,1,1167,274,0
73,2018-05-01,7,38,18,0,1,1,1,1,885,377,0
73,2018-06-01,4,32,14,1,1,1,1,1,957,262,0
73,2018-07-01,5,40,9,0,1,1,1,1,1281,266,0
73,2018-08-01,4,25,13,0,1,1,1,1,1032,228,0
73,2018-09-01,6,40,10,0,1,1,1,1,847,221,0
73,2018-10-01,2,40,11,0,1,1,1,1,912,239,0
73,2018-11-01,6,32,15,0,1,1,1,1,697,194,0
73,2018-12-01,4,29,10,0,1,1,1,1,817,226,0
73,2019-01-01,2,37,6,0,1,1,1,1,1015,246,0
73,2019-02-01,1,16,6,0,1,1,1,1,1050,209,0
73,2019-03-01,2,23,8,0,1,1,1,1,987,207,0
73,2019-04-01,1,19,6,1,1,1,1,1,991,240,0
73,2019-05-01,0,19,3,1,1,1,1,1,1059,224,0
73,2019-06-01,7,28,16,0,1,1,1,1,648,177,0
73,2019-07-01,5,17,14,0,1,1,1,1,699,221,0
73,2019-08-01,7,25,15,0,1,1,1,1,820,222,0
73,2019-09-01,2,21,8,0,1,1,1,1,552,160,0
73,2019-10-01,3,28,10,0,1,1,1,1,429,185,0
73,2019-11-01,0,25,3,0,1,1,1,1,630,201,0
73,2019-12-01,4,34,7,0,1,1,1,1,447,129,0
73,2020-01-01,2,24,7,0,1,1,1,1,675,138,0
73,2020-02-01,1,25,3,0,1,1,1,1,757,142,0
73,2020-03-01,4,16,13,1,1,1,1,1,475,123,0
73,2020-04-01,4,17,8,0,1,1,1,1,32,114,0
73,2020-05-01,5,18,15,0,1,1,1,1,441,121,0
73,2020-06-01,15,20,28,0,1,1,1,1,147,39,0
73,2020-07-01,20,20,53,0,1,1,1,1,283,48,0
73,2020-08-01,17,27,49,0,1,1,1,1,224,69,0
73,2020-09-01,10,17,29,0,1,1,1,1,342,68,0
73,2020-10-01,7,24,21,0,1,1,1,1,372,84,0
73,2020-11-01,5,25,16,0,1,1,1,1,296,82,0
73,2020-12-01,6,17,16,0,1,1,1,1,247,94,0
73,2021-01-01,3,17,8,0,1,1,1,1,269,98,0
73,2021-02-01,5,10,10,0,1,1,1,1,409,85,0
73,2021-03-01,5,15,21,0,1,1,1,1,596,117,0
73,2021-04-01,5,21,22,0,1,1,1,1,273,57,0
73,2021-05-01,8,25,34,0,1,1,1,1,243,82,0
73,2021-06-01,7,18,17,0,1,1,1,1,302,80,0
73,2021-07-01,5,18,10,0,1,1,1,1,291,77,0
73,2021-08-01,9,18,23,0,1,1,1,1,327,91,0
73,2021-09-01,6,18,21,0,1,1,1,1,395,94,0
73,2021-10-01,11,25,27,0,1,1,1,1,414,118,0
73,2021-11-01,7,22,26,0,1,1,1,1,247,84,0
73,2021-12-01,8,26,20,0,1,1,1,1,238,101,0
73,2022-01-01,2,26,8,0,1,1,1,1,325,126,0
73,2022-02-01,6,28,22,0,1,1,1,1,286,98,0
73,2022-03-01,6,15,17,1,1,1,1,1,435,177,0
73,2022-04-01,3,31,14,0,1,1,1,1,457,195,0
73,2022-05-01,6,34,14,0,1,1,1,1,489,179,0
73,2022-06-01,6,29,19,0,1,1,1,1,441,167,0
73,2022-07-01,12,35,34,0,1,1,1,1,478,177,0
73,2022-08-01,5,42,17,0,1,1,1,1,670,140,0
73,2022-09-01,6,24,14,0,1,1,1,1,630,117,0
73,2022-10-01,5,24,17,0,1,1,1,1,452,179,1
73,2022-11-01,1,32,14,0,1,1,1,1,733,206,1
73,2022-12-01,5,29,9,0,1,1,1,1,645,176,1
73,2023-01-01,6,20,12,0,1,1,1,1,697,236,1
73,2023-02-01,0,24,4,0,1,1,1,1,621,228,1
73,2023-03-01,4,20,10,1,1,1,1,1,775,243,1
73,2023-04-01,2,16,11,0,1,1,1,1,724,200,1
73,2023-05-01,4,30,10,0,1,1,1,1,843,225,1
73,2023-06-01,2,26,6,0,1,1,1,1,785,187,1
73,2023-07-01,8,27,18,1,1,1,1,1,775,233,1
73,2023-08-01,4,15,19,1,1,1,1,1,813,275,1
73,2023-09-01,0,23,7,0,1,1,1,1,798,223,1
73,2023-10-01,7,27,19,0,1,1,1,1,511,223,1
73,2023-11-01,3,25,12,0,1,1,1,1,482,205,1
73,2023-12-01,4,26,12,0,1,1,1,1,493,228,1
73,2024-01-01,7,25,18,1,1,1,1,1,664,261,1
73,2024-02-01,2,24,10,0,1,1,1,1,628,226,1
73,2024-03-01,4,19,8,0,1,1,1,1,672,286,1
73,2024-04-01,3,17,16,0,1,1,1,1,441,240,1
73,2024-05-01,8,23,16,0,1,1,1,1,639,298,1
73,2024-06-01,7,18,21,0,1,1,1,1,716,293,1
73,2024-07-01,2,22,11,1,1,1,1,1,811,339,1
73,2024-08-01,3,17,17,0,1,1,1,1,925,304,1
73,2024-09-01,4,22,6,1,1,1,1,1,936,288,1
73,2024-10-01,2,22,3,1,1,1,1,1,999,312,1
73,2024-11-01,2,26,9,1,1,1,1,1,911,259,1
73,2024-12-01,6,23,16,0,1,1,1,1,836,248,1
73,2025-01-01,1,20,5,0,1,1,1,1,1059,281,1
73,2025-02-01,3,14,5,0,1,1,1,1,902,203,1
73,2025-03-01,3,18,8,0,1,1,1,1,1136,241,1
73,2025-04-01,3,25,14,0,1,1,1,1,1005,291,1
73,2025-05-01,2,34,12,0,1,1,1,1,975,298,1
73,2025-06-01,6,37,11,0,1,1,1,1,866,270,1
73,2025-07-01,1,32,8,0,1,1,1,1,832,313,1
73,2025-08-01,3,25,10,0,1,1,1,1,730,289,1
73,2025-09-01,1,29,6,0,1,1,1,1,686,295,1
73,2025-10-01,2,20,7,0,1,1,1,1,866,332,1
73,2025-11-01,4,32,9,0,1,1,1,1,628,282,1
73,2025-12-01,5,19,5,0,1,1,1,1,787,245,1
75,2018-01-01,1,53,5,0,1,1,1,1,1384,302,0
75,2018-02-01,2,33,6,0,1,1,1,1,1555,319,0
75,2018-03-01,1,46,5,0,1,1,1,1,1673,385,0
75,2018-04-01,2,39,7,0,1,1,1,1,2196,334,0
75,2018-05-01,4,54,11,0,1,1,1,1,1423,335,0
75,2018-06-01,5,53,17,0,1,1,1,1,1353,332,0
75,2018-07-01,3,62,10,0,1,1,1,1,1378,290,0
75,2018-08-01,3,50,9,0,1,1,1,1,1245,324,0
75,2018-09-01,5,50,10,1,1,1,1,1,974,284,0
75,2018-10-01,2,73,6,0,1,1,1,1,1470,271,0
75,2018-11-01,3,40,8,0,1,1,1,1,1280,251,0
75,2018-12-01,1,50,5,0,1,1,1,1,918,242,0
75,2019-01-01,3,50,13,1,1,1,1,1,1152,231,0
75,2019-02-01,2,44,7,0,1,1,1,1,970,236,0
75,2019-03-01,7,49,18,0,1,1,1,1,1264,267,0
75,2019-04-01,3,46,13,0,1,1,1,1,1876,216,0
75,2019-05-01,9,50,17,1,1,1,1,1,1441,258,0
75,2019-06-01,6,55,19,1,1,1,1,1,1070,255,0
75,2019-07-01,4,56,9,1,1,1,1,1,1216,271,0
75,2019-08-01,8,60,23,0,1,1,1,1,1561,240,0
75,2019-09-01,3,86,13,0,1,1,1,1,868,213,0
75,2019-10-01,2,72,10,1,1,1,1,1,1072,240,0
75,2019-11-01,2,48,10,2,1,1,1,1,784,212,0
75,2019-12-01,2,68,7,0,1,1,1,1,654,169,0
75,2020-01-01,2,67,9,2,1,1,1,1,2144,215,0
75,2020-02-01,3,57,13,0,1,1,1,1,852,192,0
75,2020-03-01,4,41,10,0,1,1,1,1,2190,169,0
75,2020-04-01,6,28,18,1,1,1,1,1,68,54,0
75,2020-05-01,4,40,16,1,1,1,1,1,363,112,0
75,2020-06-01,12,48,35,1,1,1,1,1,132,66,0
75,2020-07-01,26,62,67,0,1,1,1,1,30,56,0
75,2020-08-01,14,53,52,0,1,1,1,1,544,75,0
75,2020-09-01,12,67,37,0,1,1,1,1,721,104,0
75,2020-10-01,4,48,22,1,1,1,1,1,798,129,0
75,2020-11-01,7,51,26,0,1,1,1,1,780,128,0
75,2020-12-01,8,57,21,0,1,1,1,1,829,126,0
75,2021-01-01,8,32,25,0,1,1,1,1,999,148,0
75,2021-02-01,2,29,10,0,1,1,1,1,731,122,0
75,2021-03-01,6,45,10,1,1,1,1,1,1404,157,0
75,2021-04-01,5,38,21,0,1,1,1,1,414,88,0
75,2021-05-01,7,58,35,2,1,1,1,1,386,119,0
75,2021-06-01,6,53,14,0,1,1,1,1,366,112,0
75,2021-07-01,6,66,24,0,1,1,1,1,514,156,0
75,2021-08-01,8,62,31,0,1,1,1,1,1257,132,0
75,2021-09-01,8,71,25,0,1,1,1,1,684,142,0
75,2021-10-01,3,63,30,0,1,1,1,1,690,126,0
75,2021-11-01,6,56,25,0,1,1,1,1,396,111,0
75,2021-12-01,6,54,25,1,1,1,1,1,234,164,0
75,2022-01-01,5,68,17,0,1,1,1,1,341,143,0
75,2022-02-01,1,65,13,0,1,1,1,1,420,161,0
75,2022-03-01,6,63,25,0,1,1,1,1,1020,198,0
75,2022-04-01,12,58,29,0,1,1,1,1,806,192,0
75,2022-05-01,7,92,32,0,1,1,1,1,1150,240,0
75,2022-06-01,8,58,25,1,1,1,1,1,704,219,0
75,2022-07-01,13,59,32,0,1,1,1,1,840,171,0
75,2022-08-01,6,56,24,1,1,1,1,1,639,241,0
75,2022-09-01,7,61,22,0,1,1,1,1,814,215,0
75,2022-10-01,3,63,14,0,1,1,1,1,673,255,1
75,2022-11-01,8,63,20,0,1,1,1,1,713,267,1
75,2022-12-01,3,41,10,0,1,1,1,1,647,268,1
75,2023-01-01,1,53,14,4,1,1,1,1,662,286,1
75,2023-02-01,6,46,18,0,1,1,1,1,988,297,1
75,2023-03-01,10,52,19,1,1,1,1,1,1589,334,1
75,2023-04-01,6,55,26,0,1,1,1,1,1064,286,1
75,2023-05-01,6,73,15,0,1,1,1,1,948,307,1
75,2023-06-01,4,55,10,2,1,1,1,1,678,304,1
75,2023-07-01,3,62,14,2,1,1,1,1,757,272,1
75,2023-08-01,6,54,12,4,1,1,1,1,913,319,1
75,2023-09-01,0,63,9,0,1,1,1,1,693,277,1
75,2023-10-01,3,64,16,0,1,1,1,1,725,279,1
75,2023-11-01,7,68,17,3,1,1,1,1,528,315,1
75,2023-12-01,3,53,16,2,1,1,1,1,444,254,1
75,2024-01-01,5,50,19,0,1,1,1,1,706,354,1
75,2024-02-01,6,53,11,3,1,1,1,1,901,362,1
75,2024-03-01,4,56,20,1,1,1,1,1,1014,361,1
75,2024-04-01,1,57,9,2,1,1,1,1,891,365,1
75,2024-05-01,6,66,15,0,1,1,1,1,786,378,1
75,2024-06-01,7,46,18,5,1,1,1,1,958,375,1
75,2024-07-01,4,57,15,1,1,1,1,1,649,330,1
75,2024-08-01,1,51,15,2,1,1,1,1,801,404,1
75,2024-09-01,4,50,7,1,1,1,1,1,698,367,1
75,2024-10-01,8,61,21,2,1,1,1,1,884,451,1
75,2024-11-01,4,49,8,1,1,1,1,1,640,390,1
75,2024-12-01,1,41,2,0,1,1,1,1,465,385,1
75,2025-01-01,5,25,12,0,1,1,1,1,703,438,1
75,2025-02-01,3,26,16,1,1,1,1,1,679,382,1
75,2025-03-01,2,47,9,1,1,1,1,1,801,524,1
75,2025-04-01,3,36,12,0,1,1,1,1,539,499,1
75,2025-05-01,3,54,19,1,1,1,1,1,562,485,1
75,2025-06-01,4,46,15,0,1,1,1,1,475,403,1
75,2025-07-01,6,51,16,0,1,1,1,1,466,451,1
75,2025-08-01,2,56,11,0,1,1,1,1,941,412,1
75,2025-09-01,2,35,18,1,1,1,1,1,822,399,1
75,2025-10-01,4,49,8,0,1,1,1,1,1067,394,1
75,2025-11-01,1,57,4,1,1,1,1,1,922,395,1
75,2025-12-01,1,45,2,0,1,1,1,1,620,390,1
76,2018-01-01,0,3,0,0,0,0,0,0,534,153,0
76,2018-02-01,0,7,1,0,0,0,0,0,550,157,0
76,2018-03-01,0,4,0,0,0,0,0,0,521,155,0
76,2018-04-01,0,4,0,0,0,0,0,0,518,126,0
76,2018-05-01,0,4,2,1,0,0,0,0,634,114,0
76,2018-06-01,0,10,0,0,0,0,0,0,587,108,0
76,2018-07-01,0,2,3,0,0,0,0,0,514,113,0
76,2018-08-01,0,8,1,0,0,0,0,0,459,89,0
76,2018-09-01,1,4,1,0,0,0,0,0,497,104,0
76,2018-10-01,1,2,1,0,0,0,0,0,594,115,0
76,2018-11-01,0,1,0,0,0,0,0,0,374,83,0
76,2018-12-01,0,4,0,0,0,0,0,0,312,81,0
76,2019-01-01,0,3,0,0,0,0,0,0,467,97,0
76,2019-02-01,0,3,0,0,0,0,0,0,441,87,0
76,2019-03-01,0,3,2,0,0,0,0,0,452,115,0
76,2019-04-01,0,5,0,0,0,0,0,0,446,96,0
76,2019-05-01,0,5,0,0,0,0,0,0,504,86,0
76,2019-06-01,0,2,0,0,0,0,0,0,444,84,0
76,2019-07-01,0,4,2,0,0,0,0,0,470,101,0
76,2019-08-01,0,4,2,0,0,0,0,0,435,78,0
76,2019-09-01,0,5,0,0,0,0,0,0,546,76,0
76,2019-10-01,0,3,2,0,0,0,0,0,518,79,0
76,2019-11-01,0,1,0,0,0,0,0,0,358,54,0
76,2019-12-01,0,4,0,0,0,0,0,0,269,43,0
76,2020-01-01,0,5,0,0,0,0,0,0,526,69,0
76,2020-02-01,1,3,1,0,0,0,0,0,441,66,0
76,2020-03-01,0,1,2,0,0,0,0,0,340,29,0
76,2020-04-01,1,6,2,0,0,0,0,0,20,24,0
76,2020-05-01,1,2,2,0,0,0,0,0,118,37,0
76,2020-06-01,2,1,4,0,0,0,0,0,32,13,0
76,2020-07-01,1,5,4,0,0,0,0,0,19,9,0
76,2020-08-01,1,3,3,0,0,0,0,0,44,31,0
76,2020-09-01,3,7,5,0,0,0,0,0,130,25,0
76,2020-10-01,1,3,3,0,0,0,0,0,247,26,0
76,2020-11-01,2,5,6,0,0,0,0,0,258,25,0
76,2020-12-01,3,1,4,0,0,0,0,0,251,30,0
76,2021-01-01,0,4,1,0,0,0,0,0,280,22,0
76,2021-02-01,2,4,3,0,0,0,0,0,519,41,0
76,2021-03-01,0,2,2,0,0,0,0,0,797,33,0
76,2021-04-01,4,2,13,0,0,0,0,0,566,27,0
76,2021-05-01,0,3,0,0,0,0,0,0,387,34,0
76,2021-06-01,0,2,3,0,0,0,0,0,369,31,0
76,2021-07-01,0,3,3,0,0,0,0,0,362,25,0
76,2021-08-01,0,4,3,0,0,0,0,0,453,34,0
76,2021-09-01,4,1,10,0,0,0,0,0,487,19,0
76,2021-10-01,0,5,3,0,0,0,0,0,605,53,0
76,2021-11-01,1,3,4,0,0,0,0,0,719,24,0
76,2021-12-01,2,2,5,0,0,0,0,0,380,34,0
76,2022-01-01,0,6,0,0,0,0,0,0,355,33,0
76,2022-02-01,0,5,1,0,0,0,0,0,446,28,0
76,2022-03-01,1,4,1,0,0,0,0,0,444,33,0
76,2022-04-01,0,1,2,0,0,0,0,0,516,34,0
76,2022-05-01,0,4,4,0,0,0,0,0,494,52,0
76,2022-06-01,0,8,1,0,0,0,0,0,520,39,0
76,2022-07-01,1,3,4,0,0,0,0,0,540,40,0
76,2022-08-01,1,11,4,0,0,0,0,0,508,42,0
76,2022-09-01,1,6,1,0,0,0,0,0,494,45,0
76,2022-10-01,0,3,0,0,0,0,0,0,682,32,1
76,2022-11-01,0,9,0,0,0,0,0,0,560,37,1
76,2022-12-01,1,5,2,0,0,0,0,0,374,26,1
76,2023-01-01,0,6,2,0,0,0,0,0,648,72,1
76,2023-02-01,1,5,2,0,0,0,0,0,693,45,1
76,2023-03-01,0,7,0,0,0,0,0,0,674,67,1
76,2023-04-01,2,4,5,0,0,0,0,0,679,92,1
76,2023-05-01,0,4,1,0,0,0,0,0,703,55,1
76,2023-06-01,1,9,2,0,0,0,0,0,469,51,1
76,2023-07-01,0,7,2,0,0,0,0,0,441,55,1
76,2023-08-01,1,4,1,0,0,0,0,0,571,81,1
76,2023-09-01,2,3,4,0,0,0,0,0,452,73,1
76,2023-10-01,0,6,2,0,0,0,0,0,462,66,1
76,2023-11-01,1,5,1,0,0,0,0,0,409,61,1
76,2023-12-01,3,6,4,0,0,0,0,0,361,54,1
76,2024-01-01,0,9,1,0,0,0,0,0,485,79,1
76,2024-02-01,1,7,1,0,0,0,0,0,357,64,1
76,2024-03-01,0,2,0,1,0,0,0,0,470,61,1
76,2024-04-01,1,8,2,0,0,0,0,0,811,72,1
76,2024-05-01,1,7,3,0,0,0,0,0,799,81,1
76,2024-06-01,1,7,4,0,0,0,0,0,614,98,1
76,2024-07-01,0,1,1,0,0,0,0,0,633,63,1
76,2024-08-01,0,6,1,0,0,0,0,0,258,87,1
76,2024-09-01,0,3,0,0,0,0,0,0,422,60,1
76,2024-10-01,0,3,0,1,0,0,0,0,720,110,1
76,2024-11-01,0,4,2,0,0,0,0,0,629,91,1
76,2024-12-01,0,4,0,0,0,0,0,0,278,63,1
76,2025-01-01,0,6,0,0,0,0,0,0,612,109,1
76,2025-02-01,0,3,0,0,0,0,0,0,518,94,1
76,2025-03-01,1,3,5,0,0,0,0,0,430,110,1
76,2025-04-01,0,4,0,0,0,0,0,0,635,81,1
76,2025-05-01,1,8,4,0,0,0,0,0,561,88,1
76,2025-06-01,0,5,1,0,0,0,0,0,252,63,1
76,2025-07-01,0,4,0,0,0,0,0,0,267,66,1
76,2025-08-01,0,3,2,0,0,0,0,0,332,78,1
76,2025-09-01,0,6,1,0,0,0,0,0,434,96,1
76,2025-10-01,1,4,3,0,0,0,0,0,512,141,1
76,2025-11-01,0,3,2,0,0,0,0,0,430,102,1
76,2025-12-01,0,5,0,0,0,0,0,0,472,73,1
77,2018-01-01,1,12,3,0,1,1,1,0,1291,196,0
77,2018-02-01,1,6,1,0,1,1,1,0,1226,196,0
77,2018-03-01,1,10,2,0,1,1,1,0,1209,195,0
77,2018-04-01,2,13,2,0,1,1,1,0,1223,156,0
77,2018-05-01,2,20,5,0,1,1,1,0,1004,152,0
77,2018-06-01,0,17,4,0,1,1,1,0,846,156,0
77,2018-07-01,1,17,1,0,1,1,1,0,719,151,0
77,2018-08-01,2,14,7,0,1,1,1,0,878,148,0
77,2018-09-01,4,15,9,0,1,1,1,0,667,119,0
77,2018-10-01,2,18,7,0,1,1,1,0,1003,137,0
77,2018-11-01,3,26,6,0,1,1,1,0,728,147,0
77,2018-12-01,1,12,2,0,1,1,1,0,711,119,0
77,2019-01-01,1,12,4,0,1,1,1,0,958,133,0
77,2019-02-01,0,19,0,1,1,1,1,0,1011,136,0
77,2019-03-01,4,10,13,0,1,1,1,0,1009,142,0
77,2019-04-01,2,9,8,0,1,1,1,0,1488,113,0
77,2019-05-01,3,21,8,0,1,1,1,0,949,131,0
77,2019-06-01,4,17,10,0,1,1,1,0,621,136,0
77,2019-07-01,1,21,3,0,1,1,1,0,557,131,0
77,2019-08-01,1,16,4,0,1,1,1,0,716,108,0
77,2019-09-01,3,15,10,0,1,1,1,0,537,105,0
77,2019-10-01,2,19,5,0,1,1,1,0,637,135,0
77,2019-11-01,1,9,5,0,1,1,1,0,788,98,0
77,2019-12-01,3,28,9,0,1,1,1,0,579,95,0
77,2020-01-01,2,15,6,0,1,1,1,0,1022,108,0
77,2020-02-01,1,11,2,0,1,1,1,0,899,142,0
77,2020-03-01,1,18,2,1,1,1,1,0,624,81,0
77,2020-04-01,5,14,9,0,1,1,1,0,9,56,0
77,2020-05-01,3,9,7,0,1,1,1,0,396,85,0
77,2020-06-01,6,15,15,0,1,1,1,0,109,30,0
77,2020-07-01,15,9,33,0,1,1,1,0,119,41,0
77,2020-08-01,8,20,21,0,1,1,1,0,289,50,0
77,2020-09-01,2,14,9,0,1,1,1,0,396,61,0
77,2020-10-01,4,22,18,0,1,1,1,0,358,62,0
77,2020-11-01,3,14,11,0,1,1,1,0,247,75,0
77,2020-12-01,4,19,6,0,1,1,1,0,290,63,0
77,2021-01-01,1,4,3,0,1,1,1,0,575,58,0
77,2021-02-01,2,12,9,0,1,1,1,0,492,62,0
77,2021-03-01,4,15,10,0,1,1,1,0,534,66,0
77,2021-04-01,5,11,14,0,1,1,1,0,245,65,0
77,2021-05-01,7,20,24,0,1,1,1,0,205,62,0
77,2021-06-01,3,9,14,0,1,1,1,0,374,78,0
77,2021-07-01,5,11,11,0,1,1,1,0,237,73,0
77,2021-08-01,8,7,15,0,1,1,1,0,293,66,0
77,2021-09-01,3,12,11,0,1,1,1,0,486,72,0
77,2021-10-01,3,18,5,0,1,1,1,0,939,63,0
77,2021-11-01,0,12,3,0,1,1,1,0,485,64,0
77,2021-12-01,1,24,3,0,1,1,1,0,241,51,0
77,2022-01-01,0,14,3,0,1,1,1,0,173,69,0
77,2022-02-01,0,20,1,0,1,1,1,0,280,68,0
77,2022-03-01,2,21,8,0,1,1,1,0,326,87,0
77,2022-04-01,2,14,3,0,1,1,1,0,432,91,0
77,2022-05-01,4,21,13,0,1,1,1,0,687,111,0
77,2022-06-01,3,21,8,0,1,1,1,0,457,79,0
77,2022-07-01,5,17,16,0,1,1,1,0,443,70,0
77,2022-08-01,7,16,18,0,1,1,1,0,490,59,0
77,2022-09-01,1,17,3,0,1,1,1,0,693,80,0
77,2022-10-01,5,19,10,0,1,1,1,0,414,76,1
77,2022-11-01,4,16,5,0,1,1,1,0,738,97,1
77,2022-12-01,3,15,9,0,1,1,1,0,429,79,1
77,2023-01-01,0,16,5,0,1,1,1,0,581,118,1
77,2023-02-01,1,15,3,0,1,1,1,0,834,112,1
77,2023-03-01,2,8,4,0,1,1,1,0,754,91,1
77,2023-04-01,3,22,7,0,1,1,1,0,351,76,1
77,2023-05-01,3,21,6,0,1,1,1,0,411,107,1
77,2023-06-01,1,19,9,0,1,1,1,0,360,111,1
77,2023-07-01,2,15,4,0,1,1,1,0,407,87,1
77,2023-08-01,2,22,8,0,1,1,1,0,437,75,1
77,2023-09-01,3,19,8,0,1,1,1,0,412,129,1
77,2023-10-01,3,25,7,0,1,1,1,0,698,140,1
77,2023-11-01,1,23,5,0,1,1,1,0,717,127,1
77,2023-12-01,3,23,8,0,1,1,1,0,480,85,1
77,2024-01-01,0,17,3,0,1,1,1,0,691,131,1
77,2024-02-01,2,11,3,1,1,1,1,0,826,128,1
77,2024-03-01,1,12,3,1,1,1,1,0,725,106,1
77,2024-04-01,1,11,5,1,1,1,1,0,786,118,1
77,2024-05-01,4,24,5,0,1,1,1,0,689,118,1
77,2024-06-01,3,19,7,1,1,1,1,0,589,123,1
77,2024-07-01,5,17,13,0,1,1,1,0,413,114,1
77,2024-08-01,2,14,10,0,1,1,1,0,490,121,1
77,2024-09-01,4,16,8,0,1,1,1,0,398,124,1
77,2024-10-01,2,21,5,0,1,1,1,0,562,150,1
77,2024-11-01,0,21,4,0,1,1,1,0,488,130,1
77,2024-12-01,0,6,2,1,1,1,1,0,398,94,1
77,2025-01-01,1,10,3,0,1,1,1,0,613,209,1
77,2025-02-01,0,11,10,0,1,1,1,0,537,178,1
77,2025-03-01,1,10,4,0,1,1,1,0,562,179,1
77,2025-04-01,0,10,3,0,1,1,1,0,514,198,1
77,2025-05-01,2,15,7,0,1,1,1,0,643,160,1
77,2025-06-01,2,21,9,0,1,1,1,0,454,175,1
77,2025-07-01,2,23,8,0,1,1,1,0,472,169,1
77,2025-08-01,1,21,7,0,1,1,1,0,600,130,1
77,2025-09-01,3,15,4,0,1,1,1,0,497,165,1
77,2025-10-01,1,21,7,0,1,1,1,0,606,225,1
77,2025-11-01,0,15,6,0,1,1,1,0,630,219,1
77,2025-12-01,1,13,2,0,1,1,1,0,560,173,1
78,2018-01-01,0,15,0,0,0,0,0,0,930,147,0
78,2018-02-01,0,9,1,0,0,0,0,0,660,164,0
78,2018-03-01,0,6,0,0,0,0,0,0,670,148,0
78,2018-04-01,0,9,0,0,0,0,0,0,752,111,0
78,2018-05-01,0,3,0,0,0,0,0,0,860,115,0
78,2018-06-01,0,7,1,0,0,0,0,0,914,108,0
78,2018-07-01,0,6,0,0,0,0,0,0,713,79,0
78,2018-08-01,0,3,0,0,0,0,0,0,817,100,0
78,2018-09-01,1,8,2,0,0,0,0,0,599,90,0
78,2018-10-01,1,9,3,0,0,0,0,0,816,73,0
78,2018-11-01,0,7,0,0,0,0,0,0,717,75,0
78,2018-12-01,0,11,0,0,0,0,0,0,607,79,0
78,2019-01-01,0,8,0,0,0,0,0,0,762,85,0
78,2019-02-01,0,3,0,0,0,0,0,0,894,77,0
78,2019-03-01,0,4,0,0,0,0,0,0,704,94,0
78,2019-04-01,0,6,0,0,0,0,0,0,939,64,0
78,2019-05-01,0,10,0,0,0,0,0,0,1021,73,0
78,2019-06-01,0,7,0,0,0,0,0,0,749,72,0
78,2019-07-01,0,7,1,0,0,0,0,0,845,79,0
78,2019-08-01,0,4,1,0,0,0,0,0,766,81,0
78,2019-09-01,0,10,0,0,0,0,0,0,524,59,0
78,2019-10-01,0,6,0,0,0,0,0,0,819,57,0
78,2019-11-01,0,5,0,0,0,0,0,0,595,51,0
78,2019-12-01,1,10,2,0,0,0,0,0,576,45,0
78,2020-01-01,0,11,0,0,0,0,0,0,850,59,0
78,2020-02-01,0,8,0,0,0,0,0,0,666,85,0
78,2020-03-01,1,14,1,0,0,0,0,0,616,38,0
78,2020-04-01,0,3,1,0,0,0,0,0,152,19,0
78,2020-05-01,0,9,1,0,0,0,0,0,474,83,0
78,2020-06-01,0,9,2,0,0,0,0,0,41,12,0
78,2020-07-01,1,17,2,0,0,0,0,0,135,14,0
78,2020-08-01,3,6,8,0,0,0,0,0,308,25,0
78,2020-09-01,0,8,1,0,0,0,0,0,472,58,0
78,2020-10-01,0,7,0,0,0,0,0,0,377,46,0
78,2020-11-01,1,7,1,0,0,0,0,0,382,43,0
78,2020-12-01,1,9,2,0,0,0,0,0,392,44,0
78,2021-01-01,0,7,0,0,0,0,0,0,441,50,0
78,2021-02-01,0,6,0,0,0,0,0,0,513,39,0
78,2021-03-01,1,4,2,0,0,0,0,0,587,38,0
78,2021-04-01,1,11,1,0,0,0,0,0,491,23,0
78,2021-05-01,0,7,1,0,0,0,0,0,550,37,0
78,2021-06-01,0,13,0,0,0,0,0,0,450,46,0
78,2021-07-01,0,6,2,0,0,0,0,0,491,55,0
78,2021-08-01,0,3,2,0,0,0,0,0,446,47,0
78,2021-09-01,0,6,3,0,0,0,0,0,365,53,0
78,2021-10-01,1,8,1,0,0,0,0,0,398,56,0
78,2021-11-01,0,10,0,0,0,0,0,0,465,58,0
78,2021-12-01,0,10,0,0,0,0,0,0,315,37,0
78,2022-01-01,0,8,0,0,0,0,0,0,396,47,0
78,2022-02-01,0,10,0,0,0,0,0,0,705,44,0
78,2022-03-01,0,3,1,0,0,0,0,0,404,44,0
78,2022-04-01,1,11,3,0,0,0,0,0,454,77,0
78,2022-05-01,1,12,1,0,0,0,0,0,423,73,0
78,2022-06-01,2,10,4,0,0,0,0,0,504,76,0
78,2022-07-01,0,13,0,0,0,0,0,0,541,55,0
78,2022-08-01,0,10,1,0,0,0,0,0,432,67,0
78,2022-09-01,1,11,2,0,0,0,0,0,400,55,0
78,2022-10-01,0,12,0,0,0,0,0,0,672,67,1
78,2022-11-01,0,14,1,0,0,0,0,0,560,67,1
78,2022-12-01,0,13,0,0,0,0,0,0,464,99,1
78,2023-01-01,0,10,1,0,0,0,0,0,591,94,1
78,2023-02-01,0,11,0,0,0,0,0,0,585,77,1
78,2023-03-01,0,11,2,0,0,0,0,0,787,122,1
78,2023-04-01,1,12,2,0,0,0,0,0,555,94,1
78,2023-05-01,0,6,1,0,0,0,0,0,695,103,1
78,2023-06-01,0,9,0,0,0,0,0,0,721,74,1
78,2023-07-01,1,14,1,0,0,0,0,0,611,79,1
78,2023-08-01,0,14,2,0,0,0,0,0,653,62,1
78,2023-09-01,0,8,0,0,0,0,0,0,533,61,1
78,2023-10-01,0,14,0,0,0,0,0,0,856,77,1
78,2023-11-01,1,5,2,0,0,0,0,0,719,84,1
78,2023-12-01,0,10,1,0,0,0,0,0,419,91,1
78,2024-01-01,1,9,2,0,0,0,0,0,467,91,1
78,2024-02-01,0,7,1,0,0,0,0,0,475,56,1
78,2024-03-01,1,10,1,0,0,0,0,0,495,69,1
78,2024-04-01,1,6,1,0,0,0,0,0,760,106,1
78,2024-05-01,0,8,0,0,0,0,0,0,731,111,1
78,2024-06-01,0,5,0,0,0,0,0,0,667,107,1
78,2024-07-01,0,5,0,0,0,0,0,0,674,83,1
78,2024-08-01,1,13,1,0,0,0,0,0,702,66,1
78,2024-09-01,0,7,1,0,0,0,0,0,569,88,1
78,2024-10-01,1,10,2,0,0,0,0,0,740,67,1
78,2024-11-01,0,16,0,0,0,0,0,0,566,91,1
78,2024-12-01,1,9,1,0,0,0,0,0,621,83,1
78,2025-01-01,0,4,1,0,0,0,0,0,598,105,1
78,2025-02-01,0,3,1,0,0,0,0,0,424,160,1
78,2025-03-01,0,10,1,0,0,0,0,0,569,153,1
78,2025-04-01,0,6,4,0,0,0,0,0,582,151,1
78,2025-05-01,1,5,1,0,0,0,0,0,544,142,1
78,2025-06-01,1,6,1,0,0,0,0,0,585,137,1
78,2025-07-01,0,8,0,0,0,0,0,0,719,119,1
78,2025-08-01,0,8,0,0,0,0,0,0,552,109,1
78,2025-09-01,0,4,0,0,0,0,0,0,417,144,1
78,2025-10-01,2,10,2,0,0,0,0,0,534,138,1
78,2025-11-01,1,10,1,0,0,0,0,0,469,128,1
78,2025-12-01,0,4,1,0,0,0,0,0,465,129,1
79,2018-01-01,2,26,4,0,1,1,1,1,824,234,0
79,2018-02-01,0,19,0,0,1,1,1,1,741,185,0
79,2018-03-01,2,23,4,0,1,1,1,1,750,183,0
79,2018-04-01,3,22,5,0,1,1,1,1,862,211,0
79,2018-05-01,1,32,5,0,1,1,1,1,658,217,0
79,2018-06-01,4,29,15,0,1,1,1,1,754,168,0
79,2018-07-01,7,30,14,0,1,1,1,1,527,209,0
79,2018-08-01,6,31,9,0,1,1,1,1,670,195,0
79,2018-09-01,2,28,4,0,1,1,1,1,681,154,0
79,2018-10-01,0,29,4,0,1,1,1,1,860,152,0
79,2018-11-01,2,21,5,0,1,1,1,1,686,130,0
79,2018-12-01,1,18,5,1,1,1,1,1,810,117,0
79,2019-01-01,4,22,9,1,1,1,1,1,898,130,0
79,2019-02-01,1,9,5,0,1,1,1,1,858,121,0
79,2019-03-01,5,15,11,0,1,1,1,1,1003,154,0
79,2019-04-01,1,22,7,0,1,1,1,1,1351,165,0
79,2019-05-01,3,22,12,0,1,1,1,1,949,183,0
79,2019-06-01,4,30,14,0,1,1,1,1,761,167,0
79,2019-07-01,2,24,5,1,1,1,1,1,751,149,0
79,2019-08-01,1,21,8,0,1,1,1,1,630,167,0
79,2019-09-01,2,25,8,0,1,1,1,1,488,120,0
79,2019-10-01,4,34,13,0,1,1,1,1,708,153,0
79,2019-11-01,2,23,4,0,1,1,1,1,692,109,0
79,2019-12-01,1,17,4,0,1,1,1,1,562,81,0
79,2020-01-01,3,22,8,0,1,1,1,1,811,122,0
79,2020-02-01,1,16,2,0,1,1,1,1,663,104,0
79,2020-03-01,3,15,12,0,1,1,1,1,712,119,0
79,2020-04-01,3,5,8,0,1,1,1,1,143,87,0
79,2020-05-01,3,18,12,0,1,1,1,1,538,153,0
79,2020-06-01,7,19,15,0,1,1,1,1,70,37,0
79,2020-07-01,11,15,23,0,1,1,1,1,51,63,0
79,2020-08-01,10,14,23,0,1,1,1,1,94,44,0
79,2020-09-01,5,24,12,0,1,1,1,1,369,119,0
79,2020-10-01,3,20,13,0,1,1,1,1,550,117,0
79,2020-11-01,7,19,22,0,1,1,1,1,730,109,0
79,2020-12-01,5,13,15,0,1,1,1,1,618,93,0
79,2021-01-01,3,16,7,0,1,1,1,1,754,103,0
79,2021-02-01,1,18,3,0,1,1,1,1,627,111,0
79,2021-03-01,2,22,11,0,1,1,1,1,760,101,0
79,2021-04-01,6,21,20,0,1,1,1,1,401,65,0
79,2021-05-01,5,18,12,0,1,1,1,1,456,77,0
79,2021-06-01,5,21,19,0,1,1,1,1,432,95,0
79,2021-07-01,5,14,13,0,1,1,1,1,422,110,0
79,2021-08-01,5,12,15,0,1,1,1,1,439,110,0
79,2021-09-01,7,25,15,0,1,1,1,1,517,113,0
79,2021-10-01,4,12,8,0,1,1,1,1,1560,122,0
79,2021-11-01,3,19,6,0,1,1,1,1,684,84,0
79,2021-12-01,1,19,6,0,1,1,1,1,415,85,0
79,2022-01-01,2,8,3,0,1,1,1,1,515,116,0
79,2022-02-01,0,18,3,0,1,1,1,1,708,126,0
79,2022-03-01,3,16,7,0,1,1,1,1,601,129,0
79,2022-04-01,2,15,6,0,1,1,1,1,613,113,0
79,2022-05-01,5,16,13,0,1,1,1,1,586,176,0
79,2022-06-01,3,15,7,0,1,1,1,1,497,163,0
79,2022-07-01,1,20,5,0,1,1,1,1,509,127,0
79,2022-08-01,4,23,12,0,1,1,1,1,523,103,0
79,2022-09-01,1,16,9,0,1,1,1,1,744,97,0
79,2022-10-01,2,11,9,0,1,1,1,1,1038,114,1
79,2022-11-01,1,19,5,0,1,1,1,1,627,100,1
79,2022-12-01,3,13,8,0,1,1,1,1,587,104,1
79,2023-01-01,0,14,6,0,1,1,1,1,801,179,1
79,2023-02-01,0,17,5,0,1,1,1,1,625,141,1
79,2023-03-01,3,19,7,0,1,1,1,1,746,140,1
79,2023-04-01,0,18,4,0,1,1,1,1,763,145,1
79,2023-05-01,3,16,6,0,1,1,1,1,717,164,1
79,2023-06-01,6,14,9,0,1,1,1,1,455,162,1
79,2023-07-01,0,18,8,0,1,1,1,1,526,155,1
79,2023-08-01,4,26,12,0,1,1,1,1,691,154,1
79,2023-09-01,6,17,12,0,1,1,1,1,639,142,1
79,2023-10-01,1,16,8,0,1,1,1,1,750,180,1
79,2023-11-01,2,17,8,0,1,1,1,1,841,151,1
79,2023-12-01,0,24,3,0,1,1,1,1,666,136,1
79,2024-01-01,1,20,6,0,1,1,1,1,991,215,1
79,2024-02-01,1,15,3,0,1,1,1,1,871,178,1
79,2024-03-01,2,20,10,1,1,1,1,1,903,193,1
79,2024-04-01,3,15,8,1,1,1,1,1,888,194,1
79,2024-05-01,3,10,11,0,1,1,1,1,917,207,1
79,2024-06-01,1,12,7,0,1,1,1,1,817,201,1
79,2024-07-01,2,18,6,1,1,1,1,1,756,206,1
79,2024-08-01,1,18,5,0,1,1,1,1,885,201,1
79,2024-09-01,2,16,8,0,1,1,1,1,804,187,1
79,2024-10-01,4,20,13,0,1,1,1,1,989,226,1
79,2024-11-01,2,14,6,1,1,1,1,1,838,218,1
79,2024-12-01,1,8,5,1,1,1,1,1,843,160,1
79,2025-01-01,1,12,7,1,1,1,1,1,1041,211,1
79,2025-02-01,1,7,5,0,1,1,1,1,809,242,1
79,2025-03-01,1,14,3,0,1,1,1,1,830,246,1
79,2025-04-01,2,22,4,0,1,1,1,1,810,238,1
79,2025-05-01,2,21,6,0,1,1,1,1,817,199,1
79,2025-06-01,1,29,4,0,1,1,1,1,702,202,1
79,2025-07-01,3,13,4,0,1,1,1,1,581,236,1
79,2025-08-01,2,18,9,0,1,1,1,1,623,218,1
79,2025-09-01,2,16,8,0,1,1,1,1,789,244,1
79,2025-10-01,1,14,5,0,1,1,1,1,684,201,1
79,2025-11-01,0,15,4,0,1,1,1,1,703,205,1
79,2025-12-01,0,16,0,0,1,1,1,1,523,193,1
81,2018-01-01,2,26,3,0,1,1,1,1,911,146,0
81,2018-02-01,0,16,2,0,1,1,1,1,856,153,0
81,2018-03-01,1,17,2,0,1,1,1,1,767,128,0
81,2018-04-01,1,14,3,0,1,1,1,1,776,101,0
81,2018-05-01,2,24,4,1,1,1,1,1,630,128,0
81,2018-06-01,2,22,4,0,1,1,1,1,722,102,0
81,2018-07-01,4,11,8,0,1,1,1,1,631,79,0
81,2018-08-01,2,19,7,0,1,1,1,1,682,102,0
81,2018-09-01,1,30,3,0,1,1,1,1,524,73,0
81,2018-10-01,2,22,4,0,1,1,1,1,673,68,0
81,2018-11-01,1,21,3,0,1,1,1,1,645,66,0
81,2018-12-01,5,10,8,0,1,1,1,1,487,51,0
81,2019-01-01,0,22,1,1,1,1,1,1,738,96,0
81,2019-02-01,2,12,4,0,1,1,1,1,696,76,0
81,2019-03-01,3,14,6,0,1,1,1,1,756,99,0
81,2019-04-01,1,13,2,0,1,1,1,1,726,77,0
81,2019-05-01,0,15,0,0,1,1,1,1,659,91,0
81,2019-06-01,3,25,8,0,1,1,1,1,534,62,0
81,2019-07-01,3,22,8,1,1,1,1,1,616,77,0
81,2019-08-01,1,21,6,0,1,1,1,1,577,78,0
81,2019-09-01,1,23,6,0,1,1,1,1,628,80,0
81,2019-10-01,2,21,7,0,1,1,1,1,649,72,0
81,2019-11-01,2,13,5,0,1,1,1,1,592,57,0
81,2019-12-01,3,11,6,0,1,1,1,1,427,57,0
81,2020-01-01,1,23,4,0,1,1,1,1,674,76,0
81,2020-02-01,0,17,1,0,1,1,1,1,863,64,0
81,2020-03-01,4,12,6,0,1,1,1,1,447,52,0
81,2020-04-01,1,8,6,0,1,1,1,1,16,42,0
81,2020-05-01,3,6,6,0,1,1,1,1,386,56,0
81,2020-06-01,7,11,20,0,1,1,1,1,196,30,0
81,2020-07-01,6,21,18,0,1,1,1,1,109,30,0
81,2020-08-01,5,15,19,0,1,1,1,1,253,32,0
81,2020-09-01,7,22,20,0,1,1,1,1,496,33,0
81,2020-10-01,6,19,11,1,1,1,1,1,358,45,0
81,2020-11-01,2,15,9,0,1,1,1,1,339,27,0
81,2020-12-01,0,11,5,0,1,1,1,1,274,34,0
81,2021-01-01,0,8,2,0,1,1,1,1,471,49,0
81,2021-02-01,2,10,4,0,1,1,1,1,511,38,0
81,2021-03-01,0,14,7,0,1,1,1,1,512,60,0
81,2021-04-01,7,18,19,0,1,1,1,1,230,36,0
81,2021-05-01,6,15,12,0,1,1,1,1,282,45,0
81,2021-06-01,1,13,7,0,1,1,1,1,412,59,0
81,2021-07-01,0,14,1,0,1,1,1,1,350,50,0
81,2021-08-01,3,12,8,0,1,1,1,1,433,57,0
81,2021-09-01,5,21,14,0,1,1,1,1,407,55,0
81,2021-10-01,3,20,9,0,1,1,1,1,530,53,0
81,2021-11-01,3,19,8,0,1,1,1,1,498,71,0
81,2021-12-01,2,16,6,0,1,1,1,1,377,49,0
81,2022-01-01,2,10,7,0,1,1,1,1,290,64,0
81,2022-02-01,2,11,5,0,1,1,1,1,388,62,0
81,2022-03-01,2,14,4,0,1,1,1,1,579,75,0
81,2022-04-01,2,11,5,0,1,1,1,1,485,62,0
81,2022-05-01,5,22,10,1,1,1,1,1,543,66,0
81,2022-06-01,4,11,10,0,1,1,1,1,485,77,0
81,2022-07-01,3,14,10,0,1,1,1,1,449,60,0
81,2022-08-01,3,17,9,0,1,1,1,1,560,79,0
81,2022-09-01,3,19,7,0,1,1,1,1,637,68,0
81,2022-10-01,0,7,3,0,1,1,1,1,599,65,1
81,2022-11-01,1,9,2,0,1,1,1,1,507,68,1
81,2022-12-01,3,10,4,0,1,1,1,1,353,52,1
81,2023-01-01,3,18,9,0,1,1,1,1,752,67,1
81,2023-02-01,0,19,1,0,1,1,1,1,499,79,1
81,2023-03-01,2,17,4,0,1,1,1,1,632,79,1
81,2023-04-01,0,15,0,0,1,1,1,1,528,91,1
81,2023-05-01,0,12,4,0,1,1,1,1,780,85,1
81,2023-06-01,1,12,1,0,1,1,1,1,506,99,1
81,2023-07-01,1,13,3,0,1,1,1,1,576,89,1
81,2023-08-01,2,9,3,1,1,1,1,1,638,75,1
81,2023-09-01,1,8,1,0,1,1,1,1,627,66,1
81,2023-10-01,2,6,4,0,1,1,1,1,700,97,1
81,2023-11-01,2,11,4,0,1,1,1,1,597,79,1
81,2023-12-01,2,11,8,0,1,1,1,1,471,79,1
81,2024-01-01,0,13,2,0,1,1,1,1,780,108,1
81,2024-02-01,0,10,1,0,1,1,1,1,652,91,1
81,2024-03-01,2,9,4,0,1,1,1,1,615,113,1
81,2024-04-01,1,8,6,0,1,1,1,1,765,85,1
81,2024-05-01,1,9,5,0,1,1,1,1,738,120,1
81,2024-06-01,7,8,13,0,1,1,1,1,716,121,1
81,2024-07-01,2,14,9,0,1,1,1,1,669,100,1
81,2024-08-01,1,14,4,0,1,1,1,1,843,106,1
81,2024-09-01,0,14,0,0,1,1,1,1,722,102,1
81,2024-10-01,1,9,4,0,1,1,1,1,887,98,1
81,2024-11-01,1,12,4,0,1,1,1,1,891,140,1
81,2024-12-01,0,11,1,1,1,1,1,1,624,160,1
81,2025-01-01,1,11,5,1,1,1,1,1,769,211,1
81,2025-02-01,0,7,0,0,1,1,1,1,739,206,1
81,2025-03-01,2,10,9,0,1,1,1,1,748,171,1
81,2025-04-01,2,9,6,0,1,1,1,1,678,138,1
81,2025-05-01,1,18,4,0,1,1,1,1,617,150,1
81,2025-06-01,1,11,5,0,1,1,1,1,646,136,1
81,2025-07-01,2,11,2,0,1,1,1,1,516,122,1
81,2025-08-01,1,8,7,0,1,1,1,1,504,162,1
81,2025-09-01,1,9,4,0,1,1,1,1,564,179,1
81,2025-10-01,1,8,4,0,1,1,1,1,616,183,1
81,2025-11-01,1,7,4,0,1,1,1,1,600,117,1
81,2025-12-01,0,12,0,0,1,1,1,1,625,141,1
83,2018-01-01,0,26,1,0,1,1,1,1,1653,175,0
83,2018-02-01,1,26,3,0,1,1,1,1,1294,167,0
83,2018-03-01,1,27,2,0,1,1,1,1,1387,170,0
83,2018-04-01,0,15,3,0,1,1,1,1,1272,155,0
83,2018-05-01,2,23,7,0,1,1,1,1,1049,198,0
83,2018-06-01,2,19,2,0,1,1,1,1,1120,125,0
83,2018-07-01,2,23,4,0,1,1,1,1,1262,162,0
83,2018-08-01,1,26,3,0,1,1,1,1,1171,146,0
83,2018-09-01,1,19,2,2,1,1,1,1,1037,121,0
83,2018-10-01,1,19,3,0,1,1,1,1,1219,141,0
83,2018-11-01,2,22,2,0,1,1,1,1,928,141,0
83,2018-12-01,0,21,0,0,1,1,1,1,834,132,0
83,2019-01-01,1,20,4,0,1,1,1,1,1463,172,0
83,2019-02-01,0,9,1,0,1,1,1,1,1253,166,0
83,2019-03-01,0,16,2,0,1,1,1,1,1290,148,0
83,2019-04-01,0,18,1,0,1,1,1,1,957,133,0
83,2019-05-01,0,17,3,0,1,1,1,1,1118,133,0
83,2019-06-01,3,18,7,0,1,1,1,1,771,125,0
83,2019-07-01,1,26,3,0,1,1,1,1,881,114,0
83,2019-08-01,3,19,7,0,1,1,1,1,847,110,0
83,2019-09-01,3,27,4,0,1,1,1,1,655,115,0
83,2019-10-01,1,23,4,0,1,1,1,1,724,129,0
83,2019-11-01,0,26,2,0,1,1,1,1,697,90,0
83,2019-12-01,0,17,0,0,1,1,1,1,810,105,0
83,2020-01-01,1,27,4,0,1,1,1,1,1016,110,0
83,2020-02-01,1,44,3,0,1,1,1,1,665,124,0
83,2020-03-01,1,14,3,0,1,1,1,1,585,90,0
83,2020-04-01,0,11,3,0,1,1,1,1,23,39,0
83,2020-05-01,1,10,3,0,1,1,1,1,246,77,0
83,2020-06-01,3,10,8,0,1,1,1,1,138,42,0
83,2020-07-01,1,28,6,0,1,1,1,1,494,41,0
83,2020-08-01,1,28,8,0,1,1,1,1,301,57,0
83,2020-09-01,1,20,5,0,1,1,1,1,284,77,0
83,2020-10-01,1,25,6,0,1,1,1,1,173,70,0
83,2020-11-01,0,17,5,0,1,1,1,1,153,78,0
83,2020-12-01,1,19,5,0,1,1,1,1,257,87,0
83,2021-01-01,1,28,5,1,1,1,1,1,261,99,0
83,2021-02-01,0,24,2,0,1,1,1,1,309,89,0
83,2021-03-01,3,12,6,0,1,1,1,1,631,81,0
83,2021-04-01,2,11,11,0,1,1,1,1,148,54,0
83,2021-05-01,4,17,11,0,1,1,1,1,146,63,0
83,2021-06-01,2,22,6,0,1,1,1,1,387,88,0
83,2021-07-01,6,18,13,0,1,1,1,1,274,105,0
83,2021-08-01,5,13,10,0,1,1,1,1,309,107,0
83,2021-09-01,0,20,3,1,1,1,1,1,480,77,0
83,2021-10-01,3,36,7,0,1,1,1,1,475,91,0
83,2021-11-01,1,24,2,0,1,1,1,1,365,64,0
83,2021-12-01,1,26,4,0,1,1,1,1,240,67,0
83,2022-01-01,1,18,3,0,1,1,1,1,369,91,0
83,2022-02-01,1,32,4,0,1,1,1,1,422,102,0
83,2022-03-01,2,17,5,0,1,1,1,1,751,108,0
83,2022-04-01,0,19,3,0,1,1,1,1,547,101,0
83,2022-05-01,0,18,0,0,1,1,1,1,648,101,0
83,2022-06-01,2,37,4,0,1,1,1,1,644,93,0
83,2022-07-01,3,38,7,0,1,1,1,1,512,94,0
83,2022-08-01,1,33,5,0,1,1,1,1,585,98,0
83,2022-09-01,1,34,2,0,1,1,1,1,856,92,0
83,2022-10-01,3,21,4,0,1,1,1,1,712,95,1
83,2022-11-01,1,30,4,0,1,1,1,1,718,102,1
83,2022-12-01,1,20,7,0,1,1,1,1,613,88,1
83,2023-01-01,1,18,3,0,1,1,1,1,495,96,1
83,2023-02-01,1,28,4,0,1,1,1,1,625,122,1
83,2023-03-01,0,27,0,0,1,1,1,1,791,132,1
83,2023-04-01,0,29,3,0,1,1,1,1,689,118,1
83,2023-05-01,2,28,7,0,1,1,1,1,749,152,1
83,2023-06-01,1,28,4,0,1,1,1,1,538,85,1
83,2023-07-01,1,36,3,0,1,1,1,1,502,113,1
83,2023-08-01,2,35,9,0,1,1,1,1,592,110,1
83,2023-09-01,3,30,5,0,1,1,1,1,498,93,1
83,2023-10-01,1,56,5,0,1,1,1,1,454,96,1
83,2023-11-01,2,41,3,0,1,1,1,1,743,94,1
83,2023-12-01,0,34,0,0,1,1,1,1,713,111,1
83,2024-01-01,0,34,0,0,1,1,1,1,934,114,1
83,2024-02-01,0,27,0,0,1,1,1,1,830,118,1
83,2024-03-01,0,36,1,0,1,1,1,1,950,137,1
83,2024-04-01,0,22,3,0,1,1,1,1,947,171,1
83,2024-05-01,2,31,4,0,1,1,1,1,917,166,1
83,2024-06-01,0,37,4,0,1,1,1,1,770,140,1
83,2024-07-01,1,23,4,1,1,1,1,1,632,138,1
83,2024-08-01,1,39,3,1,1,1,1,1,577,180,1
83,2024-09-01,1,22,2,0,1,1,1,1,662,172,1
83,2024-10-01,1,20,3,0,1,1,1,1,770,168,1
83,2024-11-01,1,25,2,0,1,1,1,1,774,153,1
83,2024-12-01,1,27,3,0,1,1,1,1,646,166,1
83,2025-01-01,0,13,1,0,1,1,1,1,838,195,1
83,2025-02-01,2,11,3,0,1,1,1,1,778,205,1
83,2025-03-01,3,19,7,0,1,1,1,1,1034,261,1
83,2025-04-01,1,18,4,1,1,1,1,1,747,223,1
83,2025-05-01,0,22,2,0,1,1,1,1,879,231,1
83,2025-06-01,2,29,5,0,1,1,1,1,785,268,1
83,2025-07-01,1,20,4,0,1,1,1,1,550,226,1
83,2025-08-01,2,22,6,0,1,1,1,1,552,248,1
83,2025-09-01,0,13,2,0,1,1,1,1,665,212,1
83,2025-10-01,0,19,5,0,1,1,1,1,689,223,1
83,2025-11-01,1,20,2,0,1,1,1,1,696,191,1
83,2025-12-01,1,11,1,0,1,1,1,1,745,202,1
84,2018-01-01,0,12,0,0,0,0,0,1,880,233,0
84,2018-02-01,0,8,1,0,0,0,0,1,816,166,0
84,2018-03-01,0,9,0,0,0,0,0,1,881,160,0
84,2018-04-01,0,11,0,0,0,0,0,1,945,158,0
84,2018-05-01,2,14,3,0,0,0,0,1,743,153,0
84,2018-06-01,0,15,0,0,0,0,0,1,833,125,0
84,2018-07-01,1,6,2,0,0,0,0,1,977,150,0
84,2018-08-01,2,13,5,0,0,0,0,1,948,180,0
84,2018-09-01,0,12,0,0,0,0,0,1,761,121,0
84,2018-10-01,1,17,2,0,0,0,0,1,966,159,0
84,2018-11-01,0,15,1,0,0,0,0,1,691,125,0
84,2018-12-01,0,16,1,0,0,0,0,1,512,145,0
84,2019-01-01,0,8,0,0,0,0,0,1,814,184,0
84,2019-02-01,0,4,0,0,0,0,0,1,860,143,0
84,2019-03-01,0,6,0,0,0,0,0,1,777,143,0
84,2019-04-01,1,15,2,0,0,0,0,1,762,127,0
84,2019-05-01,0,12,0,0,0,0,0,1,709,135,0
84,2019-06-01,0,15,1,0,0,0,0,1,591,130,0
84,2019-07-01,0,10,2,0,0,0,0,1,622,111,0
84,2019-08-01,0,15,1,0,0,0,0,1,813,101,0
84,2019-09-01,1,17,4,0,0,0,0,1,594,122,0
84,2019-10-01,1,7,3,0,0,0,0,1,750,111,0
84,2019-11-01,2,17,3,1,0,0,0,1,642,113,0
84,2019-12-01,0,15,0,0,0,0,0,1,486,82,0
84,2020-01-01,0,19,1,0,0,0,0,1,726,107,0
84,2020-02-01,2,9,3,0,0,0,0,1,802,86,0
84,2020-03-01,0,6,1,2,0,0,0,1,655,79,0
84,2020-04-01,0,6,0,0,0,0,0,1,18,29,0
84,2020-05-01,0,8,1,0,0,0,0,1,353,48,0
84,2020-06-01,0,6,2,0,0,0,0,1,50,31,0
84,2020-07-01,1,13,3,0,0,0,0,1,236,27,0
84,2020-08-01,3,7,11,0,0,0,0,1,157,29,0
84,2020-09-01,0,6,3,0,0,0,0,1,366,49,0
84,2020-10-01,1,12,1,0,0,0,0,1,559,99,0
84,2020-11-01,0,14,0,0,0,0,0,1,736,54,0
84,2020-12-01,0,3,0,0,0,0,0,1,549,75,0
84,2021-01-01,1,17,2,0,0,0,0,1,545,81,0
84,2021-02-01,1,7,3,0,0,0,0,1,621,66,0
84,2021-03-01,0,8,0,0,0,0,0,1,792,77,0
84,2021-04-01,1,8,8,0,0,0,0,1,475,68,0
84,2021-05-01,0,18,2,0,0,0,0,1,496,77,0
84,2021-06-01,1,7,2,0,0,0,0,1,327,93,0
84,2021-07-01,1,10,3,0,0,0,0,1,351,57,0
84,2021-08-01,1,12,2,0,0,0,0,1,509,77,0
84,2021-09-01,2,11,4,0,0,0,0,1,604,85,0
84,2021-10-01,1,16,3,0,0,0,0,1,701,85,0
84,2021-11-01,0,14,1,0,0,0,0,1,589,82,0
84,2021-12-01,1,14,2,0,0,0,0,1,536,78,0
84,2022-01-01,0,9,0,0,0,0,0,1,540,77,0
84,2022-02-01,0,8,1,0,0,0,0,1,701,88,0
84,2022-03-01,0,17,2,0,0,0,0,1,602,121,0
84,2022-04-01,0,10,2,0,0,0,0,1,589,130,0
84,2022-05-01,1,8,2,0,0,0,0,1,727,139,0
84,2022-06-01,0,22,1,0,0,0,0,1,598,125,0
84,2022-07-01,2,12,3,0,0,0,0,1,513,110,0
84,2022-08-01,1,13,2,0,0,0,0,1,628,123,0
84,2022-09-01,1,14,2,0,0,0,0,1,676,119,0
84,2022-10-01,2,5,3,0,0,0,0,1,655,122,1
84,2022-11-01,1,9,2,0,0,0,0,1,607,143,1
84,2022-12-01,0,9,0,0,0,0,0,1,519,119,1
84,2023-01-01,2,7,3,0,0,0,0,1,583,142,1
84,2023-02-01,1,7,1,0,0,0,0,1,528,133,1
84,2023-03-01,0,11,0,0,0,0,0,1,727,132,1
84,2023-04-01,0,12,0,0,0,0,0,1,592,133,1
84,2023-05-01,1,13,1,0,0,0,0,1,821,188,1
84,2023-06-01,1,19,1,0,0,0,0,1,655,137,1
84,2023-07-01,0,15,0,0,0,0,0,1,549,170,1
84,2023-08-01,0,19,0,0,0,0,0,1,825,162,1
84,2023-09-01,0,18,1,0,0,0,0,1,882,160,1
84,2023-10-01,1,11,1,0,0,0,0,1,599,154,1
84,2023-11-01,0,15,2,0,0,0,0,1,860,142,1
84,2023-12-01,0,11,0,0,0,0,0,1,530,122,1
84,2024-01-01,1,12,1,1,0,0,0,1,719,151,1
84,2024-02-01,0,27,0,0,0,0,0,1,645,186,1
84,2024-03-01,0,17,0,1,0,0,0,1,803,193,1
84,2024-04-01,0,24,1,0,0,0,0,1,704,193,1
84,2024-05-01,1,24,1,0,0,0,0,1,633,188,1
84,2024-06-01,0,19,0,0,0,0,0,1,559,147,1
84,2024-07-01,0,18,3,0,0,0,0,1,419,147,1
84,2024-08-01,0,24,2,0,0,0,0,1,461,177,1
84,2024-09-01,0,21,6,1,0,0,0,1,471,129,1
84,2024-10-01,0,15,1,0,0,0,0,1,608,190,1
84,2024-11-01,0,24,1,1,0,0,0,1,571,164,1
84,2024-12-01,0,14,2,0,0,0,0,1,482,172,1
84,2025-01-01,0,13,1,0,0,0,0,1,682,168,1
84,2025-02-01,0,15,0,0,0,0,0,1,717,160,1
84,2025-03-01,1,13,2,0,0,0,0,1,721,183,1
84,2025-04-01,0,10,0,0,0,0,0,1,567,226,1
84,2025-05-01,0,28,0,0,0,0,0,1,606,183,1
84,2025-06-01,0,33,0,0,0,0,0,1,847,153,1
84,2025-07-01,1,21,1,0,0,0,0,1,846,156,1
84,2025-08-01,1,24,1,0,0,0,0,1,790,174,1
84,2025-09-01,0,19,1,0,0,0,0,1,624,187,1
84,2025-10-01,0,16,0,0,0,0,0,1,952,230,1
84,2025-11-01,1,23,1,0,0,0,0,1,760,172,1
84,2025-12-01,0,27,1,0,0,0,0,1,611,166,1
88,2018-01-01,0,9,1,0,1,0,1,0,961,80,0
88,2018-02-01,0,8,1,0,1,0,1,0,873,75,0
88,2018-03-01,0,5,0,0,1,0,1,0,998,82,0
88,2018-04-01,0,7,1,0,1,0,1,0,966,98,0
88,2018-05-01,0,3,1,0,1,0,1,0,743,67,0
88,2018-06-01,1,8,2,0,1,0,1,0,872,86,0
88,2018-07-01,3,7,7,0,1,0,1,0,805,70,0
88,2018-08-01,0,10,0,0,1,0,1,0,737,87,0
88,2018-09-01,0,11,0,0,1,0,1,0,636,52,0
88,2018-10-01,0,12,0,0,1,0,1,0,806,68,0
88,2018-11-01,2,8,4,0,1,0,1,0,783,54,0
88,2018-12-01,0,13,1,0,1,0,1,0,536,55,0
88,2019-01-01,1,9,4,0,1,0,1,0,859,68,0
88,2019-02-01,0,7,0,0,1,0,1,0,705,45,0
88,2019-03-01,1,5,4,0,1,0,1,0,741,73,0
88,2019-04-01,2,3,5,0,1,0,1,0,792,58,0
88,2019-05-01,0,21,1,0,1,0,1,0,697,64,0
88,2019-06-01,2,12,4,0,1,0,1,0,691,65,0
88,2019-07-01,0,9,2,0,1,0,1,0,566,57,0
88,2019-08-01,0,17,4,0,1,0,1,0,504,66,0
88,2019-09-01,2,16,5,0,1,0,1,0,446,50,0
88,2019-10-01,0,13,3,0,1,0,1,0,527,52,0
88,2019-11-01,1,21,2,0,1,0,1,0,486,54,0
88,2019-12-01,0,14,2,0,1,0,1,0,478,57,0
88,2020-01-01,2,18,9,0,1,0,1,0,460,74,0
88,2020-02-01,0,13,2,0,1,0,1,0,548,63,0
88,2020-03-01,1,6,6,0,1,0,1,0,430,42,0
88,2020-04-01,0,7,0,0,1,0,1,0,6,23,0
88,2020-05-01,1,10,4,0,1,0,1,0,193,40,0
88,2020-06-01,2,10,5,0,1,0,1,0,29,33,0
88,2020-07-01,2,11,9,0,1,0,1,0,17,20,0
88,2020-08-01,3,7,13,0,1,0,1,0,65,27,0
88,2020-09-01,3,12,7,0,1,0,1,0,141,26,0
88,2020-10-01,1,6,3,0,1,0,1,0,102,45,0
88,2020-11-01,0,12,3,0,1,0,1,0,183,32,0
88,2020-12-01,1,7,2,0,1,0,1,0,213,24,0
88,2021-01-01,1,9,5,0,1,0,1,0,494,29,0
88,2021-02-01,0,7,1,0,1,0,1,0,385,33,0
88,2021-03-01,1,6,2,0,1,0,1,0,611,47,0
88,2021-04-01,3,6,6,0,1,0,1,0,433,33,0
88,2021-05-01,0,9,2,0,1,0,1,0,417,31,0
88,2021-06-01,0,4,1,0,1,0,1,0,563,24,0
88,2021-07-01,1,10,3,0,1,0,1,0,299,35,0
88,2021-08-01,2,11,5,0,1,0,1,0,410,34,0
88,2021-09-01,0,10,2,0,1,0,1,0,450,32,0
88,2021-10-01,2,5,4,0,1,0,1,0,717,40,0
88,2021-11-01,0,13,1,0,1,0,1,0,367,38,0
88,2021-12-01,0,9,2,1,1,0,1,0,366,39,0
88,2022-01-01,0,8,3,0,1,0,1,0,283,45,0
88,2022-02-01,0,13,1,0,1,0,1,0,475,40,0
88,2022-03-01,0,6,1,0,1,0,1,0,334,58,0
88,2022-04-01,3,8,7,0,1,0,1,0,291,63,0
88,2022-05-01,0,8,0,0,1,0,1,0,560,65,0
88,2022-06-01,0,5,2,0,1,0,1,0,767,65,0
88,2022-07-01,2,11,6,0,1,0,1,0,604,51,0
88,2022-08-01,1,14,4,0,1,0,1,0,550,41,0
88,2022-09-01,0,8,1,0,1,0,1,0,607,49,0
88,2022-10-01,2,12,3,0,1,0,1,0,567,55,1
88,2022-11-01,0,9,0,1,1,0,1,0,548,47,1
88,2022-12-01,1,5,3,0,1,0,1,0,497,45,1
88,2023-01-01,0,9,3,0,1,0,1,0,570,75,1
88,2023-02-01,1,10,1,0,1,0,1,0,608,84,1
88,2023-03-01,1,5,3,0,1,0,1,0,650,90,1
88,2023-04-01,2,5,6,0,1,0,1,0,459,72,1
88,2023-05-01,1,9,3,0,1,0,1,0,529,83,1
88,2023-06-01,1,8,3,0,1,0,1,0,402,66,1
88,2023-07-01,0,7,0,0,1,0,1,0,203,54,1
88,2023-08-01,0,7,1,0,1,0,1,0,339,62,1
88,2023-09-01,0,7,0,0,1,0,1,0,290,62,1
88,2023-10-01,1,15,3,0,1,0,1,0,228,35,1
88,2023-11-01,3,8,5,0,1,0,1,0,321,79,1
88,2023-12-01,1,13,4,0,1,0,1,0,198,61,1
88,2024-01-01,0,7,1,0,1,0,1,0,399,61,1
88,2024-02-01,0,11,0,0,1,0,1,0,347,77,1
88,2024-03-01,0,5,2,0,1,0,1,0,386,71,1
88,2024-04-01,0,7,0,0,1,0,1,0,420,54,1
88,2024-05-01,1,9,3,0,1,0,1,0,370,90,1
88,2024-06-01,0,6,0,0,1,0,1,0,433,74,1
88,2024-07-01,4,13,4,0,1,0,1,0,402,58,1
88,2024-08-01,1,10,2,0,1,0,1,0,376,71,1
88,2024-09-01,1,7,4,0,1,0,1,0,324,63,1
88,2024-10-01,2,9,5,0,1,0,1,0,311,101,1
88,2024-11-01,0,8,2,0,1,0,1,0,319,86,1
88,2024-12-01,0,7,1,0,1,0,1,0,324,78,1
88,2025-01-01,1,9,2,0,1,0,1,0,375,80,1
88,2025-02-01,1,10,1,0,1,0,1,0,319,76,1
88,2025-03-01,0,7,3,0,1,0,1,0,465,82,1
88,2025-04-01,1,12,3,0,1,0,1,0,401,95,1
88,2025-05-01,2,9,4,0,1,0,1,0,394,85,1
88,2025-06-01,1,6,1,0,1,0,1,0,329,102,1
88,2025-07-01,0,2,3,0,1,0,1,0,324,79,1
88,2025-08-01,2,4,6,0,1,0,1,0,445,67,1
88,2025-09-01,0,7,0,0,1,0,1,0,410,95,1
88,2025-10-01,0,8,3,0,1,0,1,0,449,93,1
88,2025-11-01,0,8,4,0,1,0,1,0,376,69,1
88,2025-12-01,0,9,1,0,1,0,1,0,448,80,1
90,2018-01-01,1,16,2,0,1,1,1,0,1284,153,0
90,2018-02-01,0,15,1,0,1,1,1,0,1148,129,0
90,2018-03-01,0,12,0,0,1,1,1,0,982,123,0
90,2018-04-01,1,15,2,0,1,1,1,0,1216,133,0
90,2018-05-01,4,15,6,0,1,1,1,0,1137,142,0
90,2018-06-01,1,19,3,0,1,1,1,0,1059,99,0
90,2018-07-01,4,14,8,0,1,1,1,0,757,105,0
90,2018-08-01,0,21,0,0,1,1,1,0,823,128,0
90,2018-09-01,2,17,3,0,1,1,1,0,791,85,0
90,2018-10-01,0,15,2,0,1,1,1,0,933,106,0
90,2018-11-01,0,18,3,0,1,1,1,0,819,81,0
90,2018-12-01,2,20,4,0,1,1,1,0,610,101,0
90,2019-01-01,1,15,3,0,1,1,1,0,736,95,0
90,2019-02-01,1,15,3,0,1,1,1,0,816,85,0
90,2019-03-01,0,15,0,0,1,1,1,0,920,105,0
90,2019-04-01,1,13,3,0,1,1,1,0,943,94,0
90,2019-05-01,0,12,4,0,1,1,1,0,970,92,0
90,2019-06-01,1,15,4,0,1,1,1,0,508,89,0
90,2019-07-01,1,17,2,0,1,1,1,0,556,101,0
90,2019-08-01,0,17,1,0,1,1,1,0,536,85,0
90,2019-09-01,0,15,1,0,1,1,1,0,660,86,0
90,2019-10-01,0,25,3,0,1,1,1,0,725,84,0
90,2019-11-01,1,11,1,0,1,1,1,0,664,80,0
90,2019-12-01,1,11,4,0,1,1,1,0,491,64,0
90,2020-01-01,1,12,2,0,1,1,1,0,673,70,0
90,2020-02-01,0,16,1,0,1,1,1,0,539,81,0
90,2020-03-01,1,14,3,0,1,1,1,0,866,40,0
90,2020-04-01,0,5,2,0,1,1,1,0,28,29,0
90,2020-05-01,3,10,5,0,1,1,1,0,498,49,0
90,2020-06-01,4,13,10,0,1,1,1,0,105,46,0
90,2020-07-01,3,18,8,0,1,1,1,0,213,40,0
90,2020-08-01,1,19,5,0,1,1,1,0,544,43,0
90,2020-09-01,2,18,6,0,1,1,1,0,640,39,0
90,2020-10-01,2,18,9,0,1,1,1,0,354,61,0
90,2020-11-01,1,8,3,0,1,1,1,0,310,40,0
90,2020-12-01,4,17,9,0,1,1,1,0,336,42,0
90,2021-01-01,0,5,1,0,1,1,1,0,557,58,0
90,2021-02-01,0,13,2,0,1,1,1,0,616,48,0
90,2021-03-01,2,12,5,0,1,1,1,0,1162,59,0
90,2021-04-01,1,12,2,0,1,1,1,0,345,55,0
90,2021-05-01,1,14,7,0,1,1,1,0,288,83,0
90,2021-06-01,2,5,6,0,1,1,1,0,974,61,0
90,2021-07-01,2,11,5,0,1,1,1,0,415,63,0
90,2021-08-01,1,10,6,0,1,1,1,0,458,63,0
90,2021-09-01,1,11,3,0,1,1,1,0,515,74,0
90,2021-10-01,0,16,3,0,1,1,1,0,751,92,0
90,2021-11-01,0,15,1,0,1,1,1,0,599,73,0
90,2021-12-01,1,19,5,0,1,1,1,0,420,46,0
90,2022-01-01,1,10,3,0,1,1,1,0,451,72,0
90,2022-02-01,1,12,3,0,1,1,1,0,641,72,0
90,2022-03-01,0,10,1,0,1,1,1,0,677,80,0
90,2022-04-01,0,15,2,0,1,1,1,0,662,80,0
90,2022-05-01,2,17,8,0,1,1,1,0,763,114,0
90,2022-06-01,0,21,0,0,1,1,1,0,616,123,0
90,2022-07-01,3,16,6,0,1,1,1,0,548,80,0
90,2022-08-01,0,20,0,0,1,1,1,0,710,96,0
90,2022-09-01,3,13,5,0,1,1,1,0,735,89,0
90,2022-10-01,0,13,1,0,1,1,1,0,710,99,1
90,2022-11-01,0,16,3,2,1,1,1,0,642,100,1
90,2022-12-01,1,14,3,0,1,1,1,0,630,64,1
90,2023-01-01,0,18,0,0,1,1,1,0,724,90,1
90,2023-02-01,2,22,3,0,1,1,1,0,781,77,1
90,2023-03-01,0,12,1,0,1,1,1,0,978,115,1
90,2023-04-01,0,14,0,0,1,1,1,0,750,110,1
90,2023-05-01,0,11,2,0,1,1,1,0,842,107,1
90,2023-06-01,1,12,1,0,1,1,1,0,660,101,1
90,2023-07-01,2,20,3,0,1,1,1,0,611,105,1
90,2023-08-01,2,15,7,0,1,1,1,0,606,97,1
90,2023-09-01,2,16,3,0,1,1,1,0,603,76,1
90,2023-10-01,0,18,3,0,1,1,1,0,546,106,1
90,2023-11-01,0,22,3,0,1,1,1,0,494,100,1
90,2023-12-01,1,16,7,1,1,1,1,0,341,97,1
90,2024-01-01,0,14,3,1,1,1,1,0,613,135,1
90,2024-02-01,0,11,0,0,1,1,1,0,733,95,1
90,2024-03-01,0,10,1,0,1,1,1,0,613,119,1
90,2024-04-01,2,18,3,1,1,1,1,0,531,149,1
90,2024-05-01,3,28,6,1,1,1,1,0,514,160,1
90,2024-06-01,0,18,3,1,1,1,1,0,434,84,1
90,2024-07-01,1,11,2,0,1,1,1,0,311,98,1
90,2024-08-01,1,16,1,1,1,1,1,0,550,104,1
90,2024-09-01,0,16,2,0,1,1,1,0,483,120,1
90,2024-10-01,0,19,1,1,1,1,1,0,353,128,1
90,2024-11-01,1,18,3,0,1,1,1,0,416,119,1
90,2024-12-01,1,11,1,0,1,1,1,0,467,113,1
90,2025-01-01,0,9,2,0,1,1,1,0,717,103,1
90,2025-02-01,1,14,2,0,1,1,1,0,636,104,1
90,2025-03-01,1,21,4,0,1,1,1,0,704,109,1
90,2025-04-01,0,14,3,0,1,1,1,0,650,124,1
90,2025-05-01,0,12,4,0,1,1,1,0,682,96,1
90,2025-06-01,0,25,0,0,1,1,1,0,362,109,1
90,2025-07-01,0,17,1,0,1,1,1,0,354,104,1
90,2025-08-01,2,26,4,0,1,1,1,0,502,102,1
90,2025-09-01,1,20,3,1,1,1,1,0,516,119,1
90,2025-10-01,0,24,0,0,1,1,1,0,629,115,1
90,2025-11-01,0,10,0,0,1,1,1,0,588,141,1
90,2025-12-01,0,10,0,0,1,1,1,0,660,119,1
94,2018-01-01,0,9,0,0,0,0,0,0,812,81,0
94,2018-02-01,0,3,0,0,0,0,0,0,780,57,0
94,2018-03-01,1,5,2,0,0,0,0,0,754,81,0
94,2018-04-01,0,2,0,0,0,0,0,0,678,58,0
94,2018-05-01,0,7,0,0,0,0,0,0,701,84,0
94,2018-06-01,0,6,0,0,0,0,0,0,689,68,0
94,2018-07-01,0,4,0,0,0,0,0,0,549,87,0
94,2018-08-01,1,6,2,0,0,0,0,0,670,93,0
94,2018-09-01,1,6,2,0,0,0,0,0,369,71,0
94,2018-10-01,0,6,0,0,0,0,0,0,534,57,0
94,2018-11-01,0,5,0,0,0,0,0,0,433,55,0
94,2018-12-01,0,6,2,0,0,0,0,0,463,45,0
94,2019-01-01,1,5,1,0,0,0,0,0,650,54,0
94,2019-02-01,0,9,0,0,0,0,0,0,586,46,0
94,2019-03-01,0,2,0,0,0,0,0,0,821,52,0
94,2019-04-01,0,8,0,1,0,0,0,0,637,44,0
94,2019-05-01,0,1,0,0,0,0,0,0,452,68,0
94,2019-06-01,1,3,1,0,0,0,0,0,445,55,0
94,2019-07-01,0,7,0,0,0,0,0,0,445,57,0
94,2019-08-01,0,6,0,0,0,0,0,0,594,49,0
94,2019-09-01,0,7,0,0,0,0,0,0,618,47,0
94,2019-10-01,0,7,0,0,0,0,0,0,614,48,0
94,2019-11-01,0,8,0,0,0,0,0,0,411,45,0
94,2019-12-01,0,4,0,0,0,0,0,0,385,25,0
94,2020-01-01,0,6,0,0,0,0,0,0,502,26,0
94,2020-02-01,0,5,0,0,0,0,0,0,498,34,0
94,2020-03-01,0,4,1,0,0,0,0,0,342,25,0
94,2020-04-01,0,1,0,0,0,0,0,0,13,17,0
94,2020-05-01,0,3,0,0,0,0,0,0,366,35,0
94,2020-06-01,1,13,2,0,0,0,0,0,68,13,0
94,2020-07-01,2,8,3,0,0,0,0,0,67,25,0
94,2020-08-01,1,8,2,0,0,0,0,0,59,27,0
94,2020-09-01,1,5,2,0,0,0,0,0,188,27,0
94,2020-10-01,0,9,0,0,0,0,0,0,159,31,0
94,2020-11-01,0,6,0,0,0,0,0,0,214,27,0
94,2020-12-01,0,3,0,0,0,0,0,0,65,39,0
94,2021-01-01,0,5,0,0,0,0,0,0,163,37,0
94,2021-02-01,0,4,0,0,0,0,0,0,202,41,0
94,2021-03-01,1,6,2,0,0,0,0,0,222,42,0
94,2021-04-01,0,4,0,0,0,0,0,0,63,29,0
94,2021-05-01,0,8,0,0,0,0,0,0,98,40,0
94,2021-06-01,1,13,2,0,0,0,0,0,786,46,0
94,2021-07-01,0,12,0,0,0,0,0,0,164,53,0
94,2021-08-01,1,6,1,0,0,0,0,0,175,41,0
94,2021-09-01,2,6,6,0,0,0,0,0,184,57,0
94,2021-10-01,0,2,0,0,0,0,0,0,185,55,0
94,2021-11-01,0,10,1,0,0,0,0,0,143,53,0
94,2021-12-01,0,7,0,0,0,0,0,0,130,45,0
94,2022-01-01,1,15,1,0,0,0,0,0,163,53,0
94,2022-02-01,1,4,2,0,0,0,0,0,196,55,0
94,2022-03-01,0,11,1,0,0,0,0,0,292,71,0
94,2022-04-01,0,10,1,0,0,0,0,0,339,52,0
94,2022-05-01,0,9,2,0,0,0,0,0,288,49,0
94,2022-06-01,0,14,1,0,0,0,0,0,388,50,0
94,2022-07-01,1,17,1,0,0,0,0,0,612,55,0
94,2022-08-01,3,11,6,0,0,0,0,0,424,64,0
94,2022-09-01,1,18,3,0,0,0,0,0,330,50,0
94,2022-10-01,1,11,1,0,0,0,0,0,431,46,1
94,2022-11-01,0,13,0,0,0,0,0,0,468,72,1
94,2022-12-01,0,10,0,0,0,0,0,0,320,50,1
94,2023-01-01,0,13,0,0,0,0,0,0,445,66,1
94,2023-02-01,0,10,3,0,0,0,0,0,392,49,1
94,2023-03-01,0,6,2,0,0,0,0,0,477,81,1
94,2023-04-01,0,9,0,0,0,0,0,0,562,69,1
94,2023-05-01,0,6,0,0,0,0,0,0,504,51,1
94,2023-06-01,0,8,0,0,0,0,0,0,556,45,1
94,2023-07-01,0,9,2,0,0,0,0,0,599,64,1
94,2023-08-01,0,18,0,0,0,0,0,0,565,43,1
94,2023-09-01,1,10,1,0,0,0,0,0,475,48,1
94,2023-10-01,0,16,0,0,0,0,0,0,534,28,1
94,2023-11-01,0,9,1,0,0,0,0,0,425,49,1
94,2023-12-01,0,6,0,0,0,0,0,0,327,36,1
94,2024-01-01,0,12,0,1,0,0,0,0,395,44,1
94,2024-02-01,0,6,0,1,0,0,0,0,417,61,1
94,2024-03-01,0,7,1,0,0,0,0,0,355,57,1
94,2024-04-01,0,4,0,0,0,0,0,0,352,38,1
94,2024-05-01,0,12,0,0,0,0,0,0,386,50,1
94,2024-06-01,0,7,0,0,0,0,0,0,270,43,1
94,2024-07-01,1,9,3,0,0,0,0,0,355,43,1
94,2024-08-01,0,12,0,1,0,0,0,0,318,56,1
94,2024-09-01,1,8,2,0,0,0,0,0,282,45,1
94,2024-10-01,0,4,0,0,0,0,0,0,470,66,1
94,2024-11-01,0,4,0,0,0,0,0,0,448,45,1
94,2024-12-01,0,5,1,0,0,0,0,0,328,54,1
94,2025-01-01,0,8,0,0,0,0,0,0,533,76,1
94,2025-02-01,0,6,0,1,0,0,0,0,397,59,1
94,2025-03-01,0,8,0,0,0,0,0,0,426,87,1
94,2025-04-01,2,5,2,0,0,0,0,0,349,61,1
94,2025-05-01,0,10,0,0,0,0,0,0,373,67,1
94,2025-06-01,0,11,2,0,0,0,0,0,316,54,1
94,2025-07-01,1,8,2,0,0,0,0,0,370,57,1
94,2025-08-01,0,17,0,0,0,0,0,0,294,55,1
94,2025-09-01,0,9,0,0,0,0,0,0,342,46,1
94,2025-10-01,1,15,2,0,0,0,0,0,337,71,1
94,2025-11-01,0,9,0,0,0,0,0,0,283,47,1
94,2025-12-01,0,6,0,0,0,0,0,0,227,54,1
100,2018-01-01,0,3,0,0,0,0,0,0,521,84,0
100,2018-02-01,0,3,0,0,0,0,0,0,556,87,0
100,2018-03-01,0,3,0,0,0,0,0,0,621,80,0
100,2018-04-01,1,3,1,0,0,0,0,0,517,67,0
100,2018-05-01,1,2,2,0,0,0,0,0,538,98,0
100,2018-06-01,0,1,0,0,0,0,0,0,492,77,0
100,2018-07-01,0,4,1,0,0,0,0,0,541,80,0
100,2018-08-01,0,5,1,0,0,0,0,0,761,79,0
100,2018-09-01,0,6,1,0,0,0,0,0,403,60,0
100,2018-10-01,0,2,0,0,0,0,0,0,676,76,0
100,2018-11-01,0,2,3,0,0,0,0,0,546,65,0
100,2018-12-01,0,4,2,0,0,0,0,0,474,57,0
100,2019-01-01,0,5,0,0,0,0,0,0,549,73,0
100,2019-02-01,0,1,1,0,0,0,0,0,539,59,0
100,2019-03-01,0,1,2,0,0,0,0,0,615,85,0
100,2019-04-01,0,4,0,0,0,0,0,0,497,62,0
100,2019-05-01,1,1,2,0,0,0,0,0,662,72,0
100,2019-06-01,0,4,0,0,0,0,0,0,386,71,0
100,2019-07-01,0,7,2,0,0,0,0,0,519,88,0
100,2019-08-01,0,6,0,0,0,0,0,0,649,73,0
100,2019-09-01,0,5,1,0,0,0,0,0,489,61,0
100,2019-10-01,1,1,2,0,0,0,0,0,639,51,0
100,2019-11-01,0,0,1,0,0,0,0,0,499,44,0
100,2019-12-01,1,5,2,0,0,0,0,0,339,48,0
100,2020-01-01,2,3,5,0,0,0,0,0,497,33,0
100,2020-02-01,0,3,0,0,0,0,0,0,570,45,0
100,2020-03-01,1,5,1,0,0,0,0,0,390,29,0
100,2020-04-01,0,3,0,0,0,0,0,0,13,27,0
100,2020-05-01,1,2,3,0,0,0,0,0,361,43,0
100,2020-06-01,3,7,5,0,0,0,0,0,105,36,0
100,2020-07-01,0,6,1,0,0,0,0,0,192,21,0
100,2020-08-01,1,7,4,0,0,0,0,0,280,34,0
100,2020-09-01,2,5,6,0,0,0,0,0,299,18,0
100,2020-10-01,2,5,5,0,0,0,0,0,236,32,0
100,2020-11-01,1,2,5,0,0,0,0,0,213,39,0
100,2020-12-01,0,5,1,0,0,0,0,0,227,37,0
100,2021-01-01,0,4,2,0,0,0,0,0,381,35,0
100,2021-02-01,1,1,2,0,0,0,0,0,228,37,0
100,2021-03-01,2,0,7,0,0,0,0,0,355,35,0
100,2021-04-01,0,2,4,0,0,0,0,0,119,26,0
100,2021-05-01,2,2,3,0,0,0,0,0,197,33,0
100,2021-06-01,1,1,3,0,0,0,0,0,197,33,0
100,2021-07-01,1,4,3,0,0,0,0,0,253,26,0
100,2021-08-01,1,1,1,0,0,0,0,0,259,28,0
100,2021-09-01,0,1,2,0,0,0,0,0,247,31,0
100,2021-10-01,2,2,5,0,0,0,0,0,314,40,0
100,2021-11-01,0,0,2,1,0,0,0,0,273,25,0
100,2021-12-01,0,2,1,0,0,0,0,0,113,38,0
100,2022-01-01,0,4,0,0,0,0,0,0,172,31,0
100,2022-02-01,1,3,1,0,0,0,0,0,208,40,0
100,2022-03-01,0,1,1,0,0,0,0,0,259,40,0
100,2022-04-01,1,4,6,0,0,0,0,0,231,35,0
100,2022-05-01,0,4,2,0,0,0,0,0,267,61,0
100,2022-06-01,1,7,5,0,0,0,0,0,213,44,0
100,2022-07-01,1,5,1,0,0,0,0,0,215,49,0
100,2022-08-01,1,3,3,1,0,0,0,0,288,39,0
100,2022-09-01,0,10,0,0,0,0,0,0,265,42,0
100,2022-10-01,0,5,0,0,0,0,0,0,266,48,1
100,2022-11-01,2,2,5,0,0,0,0,0,237,45,1
100,2022-12-01,0,2,0,0,0,0,0,0,191,34,1
100,2023-01-01,1,3,2,0,0,0,0,0,231,55,1
100,2023-02-01,1,3,1,0,0,0,0,0,156,56,1
100,2023-03-01,0,6,1,0,0,0,0,0,200,66,1
100,2023-04-01,0,0,1,0,0,0,0,0,120,43,1
100,2023-05-01,0,3,0,0,0,0,0,0,130,42,1
100,2023-06-01,3,3,5,0,0,0,0,0,123,58,1
100,2023-07-01,0,4,2,0,0,0,0,0,131,62,1
100,2023-08-01,0,3,1,0,0,0,0,0,115,59,1
100,2023-09-01,0,4,1,0,0,0,0,0,109,32,1
100,2023-10-01,0,3,0,0,0,0,0,0,102,47,1
100,2023-11-01,0,5,1,0,0,0,0,0,189,34,1
100,2023-12-01,0,4,1,1,0,0,0,0,150,34,1
100,2024-01-01,0,2,1,2,0,0,0,0,164,55,1
100,2024-02-01,1,6,3,0,0,0,0,0,241,42,1
100,2024-03-01,1,2,1,0,0,0,0,0,221,55,1
100,2024-04-01,0,6,2,0,0,0,0,0,164,46,1
100,2024-05-01,1,8,3,0,0,0,0,0,375,63,1
100,2024-06-01,2,7,3,2,0,0,0,0,221,64,1
100,2024-07-01,0,7,1,0,0,0,0,0,285,64,1
100,2024-08-01,0,5,1,1,0,0,0,0,248,63,1
100,2024-09-01,0,5,1,0,0,0,0,0,215,66,1
100,2024-10-01,0,2,1,0,0,0,0,0,195,40,1
100,2024-11-01,0,4,1,0,0,0,0,0,268,49,1
100,2024-12-01,0,6,3,0,0,0,0,0,299,42,1
100,2025-01-01,0,0,3,0,0,0,0,0,259,73,1
100,2025-02-01,0,2,0,0,0,0,0,0,339,45,1
100,2025-03-01,0,4,0,0,0,0,0,0,246,56,1
100,2025-04-01,0,6,1,0,0,0,0,0,179,46,1
100,2025-05-01,0,6,0,0,0,0,0,0,167,61,1
100,2025-06-01,2,6,5,0,0,0,0,0,197,62,1
100,2025-07-01,0,2,0,0,0,0,0,0,119,62,1
100,2025-08-01,3,2,9,0,0,0,0,0,196,70,1
100,2025-09-01,0,3,0,0,0,0,0,0,202,53,1
100,2025-10-01,0,6,1,0,0,0,0,0,308,49,1
100,2025-11-01,0,2,0,0,0,0,0,0,249,30,1
100,2025-12-01,0,5,0,0,0,0,0,0,225,40,1
101,2018-01-01,4,22,6,0,1,0,1,1,639,184,0
101,2018-02-01,1,8,1,0,1,0,1,1,482,151,0
101,2018-03-01,0,9,1,0,1,0,1,1,551,159,0
101,2018-04-01,2,16,7,1,1,0,1,1,516,114,0
101,2018-05-01,0,8,3,0,1,0,1,1,554,127,0
101,2018-06-01,0,17,2,0,1,0,1,1,516,130,0
101,2018-07-01,0,13,2,0,1,0,1,1,432,124,0
101,2018-08-01,4,10,6,0,1,0,1,1,689,97,0
101,2018-09-01,0,16,0,0,1,0,1,1,403,106,0
101,2018-10-01,0,11,2,0,1,0,1,1,606,105,0
101,2018-11-01,0,9,0,0,1,0,1,1,607,111,0
101,2018-12-01,1,13,1,0,1,0,1,1,508,98,0
101,2019-01-01,0,7,1,0,1,0,1,1,593,96,0
101,2019-02-01,2,8,6,0,1,0,1,1,534,87,0
101,2019-03-01,1,10,2,0,1,0,1,1,515,88,0
101,2019-04-01,0,10,0,0,1,0,1,1,473,79,0
101,2019-05-01,0,6,2,0,1,0,1,1,536,110,0
101,2019-06-01,3,11,8,0,1,0,1,1,460,87,0
101,2019-07-01,0,16,0,0,1,0,1,1,544,103,0
101,2019-08-01,0,10,5,0,1,0,1,1,445,91,0
101,2019-09-01,3,15,11,0,1,0,1,1,441,62,0
101,2019-10-01,0,9,3,0,1,0,1,1,399,71,0
101,2019-11-01,1,5,3,0,1,0,1,1,531,55,0
101,2019-12-01,0,12,0,0,1,0,1,1,442,85,0
101,2020-01-01,1,11,4,0,1,0,1,1,605,68,0
101,2020-02-01,6,10,11,0,1,0,1,1,541,73,0
101,2020-03-01,0,11,3,0,1,0,1,1,421,77,0
101,2020-04-01,3,7,7,0,1,0,1,1,54,42,0
101,2020-05-01,2,4,5,0,1,0,1,1,258,86,0
101,2020-06-01,2,5,17,0,1,0,1,1,126,47,0
101,2020-07-01,9,8,16,0,1,0,1,1,92,23,0
101,2020-08-01,5,7,12,1,1,0,1,1,169,43,0
101,2020-09-01,4,10,8,0,1,0,1,1,256,53,0
101,2020-10-01,1,7,11,0,1,0,1,1,408,43,0
101,2020-11-01,3,11,15,0,1,0,1,1,407,55,0
101,2020-12-01,3,8,9,0,1,0,1,1,367,53,0
101,2021-01-01,1,7,6,0,1,0,1,1,524,62,0
101,2021-02-01,2,5,7,0,1,0,1,1,281,58,0
101,2021-03-01,1,6,13,0,1,0,1,1,387,56,0
101,2021-04-01,0,8,4,0,1,0,1,1,193,54,0
101,2021-05-01,4,11,13,0,1,0,1,1,369,45,0
101,2021-06-01,3,10,11,0,1,0,1,1,258,59,0
101,2021-07-01,3,9,15,0,1,0,1,1,271,53,0
101,2021-08-01,5,14,11,0,1,0,1,1,254,39,0
101,2021-09-01,2,8,5,0,1,0,1,1,431,65,0
101,2021-10-01,3,7,6,0,1,0,1,1,421,57,0
101,2021-11-01,1,7,4,0,1,0,1,1,346,43,0
101,2021-12-01,1,13,5,0,1,0,1,1,289,48,0
101,2022-01-01,0,7,5,0,1,0,1,1,327,47,0
101,2022-02-01,4,7,12,0,1,0,1,1,438,49,0
101,2022-03-01,3,3,8,0,1,0,1,1,526,63,0
101,2022-04-01,2,8,10,0,1,0,1,1,325,51,0
101,2022-05-01,0,7,4,0,1,0,1,1,329,57,0
101,2022-06-01,0,9,6,0,1,0,1,1,432,48,0
101,2022-07-01,7,9,17,0,1,0,1,1,397,57,0
101,2022-08-01,2,12,4,1,1,0,1,1,501,69,0
101,2022-09-01,0,10,3,0,1,0,1,1,470,60,0
101,2022-10-01,1,6,5,0,1,0,1,1,391,70,1
101,2022-11-01,0,13,3,0,1,0,1,1,192,60,1
101,2022-12-01,2,4,5,0,1,0,1,1,406,48,1
101,2023-01-01,2,6,6,0,1,0,1,1,362,58,1
101,2023-02-01,1,12,2,0,1,0,1,1,314,48,1
101,2023-03-01,0,13,5,0,1,0,1,1,281,64,1
101,2023-04-01,1,11,3,0,1,0,1,1,234,70,1
101,2023-05-01,1,8,6,0,1,0,1,1,304,73,1
101,2023-06-01,0,5,5,0,1,0,1,1,200,74,1
101,2023-07-01,1,6,6,0,1,0,1,1,207,61,1
101,2023-08-01,0,9,3,0,1,0,1,1,242,68,1
101,2023-09-01,1,8,2,0,1,0,1,1,232,87,1
101,2023-10-01,3,7,7,0,1,0,1,1,159,85,1
101,2023-11-01,2,3,4,0,1,0,1,1,343,63,1
101,2023-12-01,0,5,3,0,1,0,1,1,285,59,1
101,2024-01-01,1,15,4,1,1,0,1,1,264,97,1
101,2024-02-01,0,9,1,0,1,0,1,1,259,75,1
101,2024-03-01,1,11,1,1,1,0,1,1,278,63,1
101,2024-04-01,2,3,4,0,1,0,1,1,436,60,1
101,2024-05-01,1,8,3,0,1,0,1,1,336,72,1
101,2024-06-01,0,9,7,0,1,0,1,1,383,99,1
101,2024-07-01,2,17,10,0,1,0,1,1,431,86,1
101,2024-08-01,2,19,6,0,1,0,1,1,542,100,1
101,2024-09-01,3,12,5,1,1,0,1,1,415,84,1
101,2024-10-01,2,13,6,0,1,0,1,1,384,93,1
101,2024-11-01,2,10,3,0,1,0,1,1,502,94,1
101,2024-12-01,0,9,4,1,1,0,1,1,508,86,1
101,2025-01-01,0,5,2,0,1,0,1,1,707,103,1
101,2025-02-01,0,6,2,0,1,0,1,1,564,108,1
101,2025-03-01,0,6,3,0,1,0,1,1,596,106,1
101,2025-04-01,1,14,4,0,1,0,1,1,377,123,1
101,2025-05-01,3,7,6,0,1,0,1,1,457,119,1
101,2025-06-01,1,4,9,0,1,0,1,1,452,98,1
101,2025-07-01,1,14,5,0,1,0,1,1,392,110,1
101,2025-08-01,4,10,4,0,1,0,1,1,422,126,1
101,2025-09-01,0,8,1,0,1,0,1,1,362,130,1
101,2025-10-01,0,8,5,0,1,0,1,1,428,132,1
101,2025-11-01,1,10,4,0,1,0,1,1,452,115,1
101,2025-12-01,1,9,1,0,1,0,1,1,334,117,1
102,2018-01-01,0,10,0,0,0,0,0,1,754,207,0
102,2018-02-01,0,8,0,0,0,0,0,1,836,185,0
102,2018-03-01,1,6,2,0,0,0,0,1,936,187,0
102,2018-04-01,1,12,3,0,0,0,0,1,780,201,0
102,2018-05-01,0,7,0,0,0,0,0,1,930,185,0
102,2018-06-01,0,11,0,0,0,0,0,1,893,151,0
102,2018-07-01,0,5,0,0,0,0,0,1,725,173,0
102,2018-08-01,1,11,2,0,0,0,0,1,670,172,0
102,2018-09-01,0,10,0,0,0,0,0,1,496,142,0
102,2018-10-01,1,9,2,0,0,0,0,1,1035,145,0
102,2018-11-01,0,4,0,0,0,0,0,1,570,149,0
102,2018-12-01,1,8,2,0,0,0,0,1,491,128,0
102,2019-01-01,0,11,0,0,0,0,0,1,876,148,0
102,2019-02-01,1,11,1,0,0,0,0,1,474,97,0
102,2019-03-01,0,3,0,0,0,0,0,1,921,153,0
102,2019-04-01,0,7,0,0,0,0,0,1,912,161,0
102,2019-05-01,0,6,0,0,0,0,0,1,1039,157,0
102,2019-06-01,0,9,0,0,0,0,0,1,770,139,0
102,2019-07-01,1,8,1,0,0,0,0,1,1060,149,0
102,2019-08-01,0,12,1,0,0,0,0,1,950,147,0
102,2019-09-01,1,8,1,0,0,0,0,1,871,133,0
102,2019-10-01,1,14,1,0,0,0,0,1,968,140,0
102,2019-11-01,0,9,0,0,0,0,0,1,533,129,0
102,2019-12-01,0,16,2,0,0,0,0,1,378,94,0
102,2020-01-01,1,18,1,0,0,0,0,1,924,112,0
102,2020-02-01,0,9,1,0,0,0,0,1,863,106,0
102,2020-03-01,0,9,0,0,0,0,0,1,902,127,0
102,2020-04-01,0,5,2,0,0,0,0,1,291,79,0
102,2020-05-01,0,4,0,0,0,0,0,1,792,79,0
102,2020-06-01,0,14,1,0,0,0,0,1,199,60,0
102,2020-07-01,2,13,3,0,0,0,0,1,320,56,0
102,2020-08-01,2,14,4,0,0,0,0,1,362,55,0
102,2020-09-01,0,14,0,0,0,0,0,1,432,79,0
102,2020-10-01,0,12,3,0,0,0,0,1,693,70,0
102,2020-11-01,0,10,0,0,0,0,0,1,432,76,0
102,2020-12-01,0,7,1,0,0,0,0,1,411,88,0
102,2021-01-01,1,4,1,0,0,0,0,1,693,78,0
102,2021-02-01,1,7,1,0,0,0,0,1,607,74,0
102,2021-03-01,1,10,2,0,0,0,0,1,749,94,0
102,2021-04-01,0,5,1,0,0,0,0,1,653,87,0
102,2021-05-01,1,14,2,0,0,0,0,1,801,113,0
102,2021-06-01,3,15,5,1,0,0,0,1,572,83,0
102,2021-07-01,0,11,0,1,0,0,0,1,518,112,0
102,2021-08-01,4,9,5,1,0,0,0,1,843,127,0
102,2021-09-01,2,13,4,0,0,0,0,1,622,102,0
102,2021-10-01,0,9,1,0,0,0,0,1,936,92,0
102,2021-11-01,0,11,1,0,0,0,0,1,629,91,0
102,2021-12-01,0,18,1,0,0,0,0,1,472,82,0
102,2022-01-01,0,18,2,0,0,0,0,1,498,56,0
102,2022-02-01,1,20,4,0,0,0,0,1,839,83,0
102,2022-03-01,3,13,6,0,0,0,0,1,858,94,0
102,2022-04-01,1,13,3,0,0,0,0,1,830,99,0
102,2022-05-01,1,23,4,0,0,0,0,1,824,121,0
102,2022-06-01,0,14,2,0,0,0,0,1,880,115,0
102,2022-07-01,1,19,3,0,0,0,0,1,957,82,0
102,2022-08-01,0,21,7,0,0,0,0,1,821,91,0
102,2022-09-01,2,19,3,0,0,0,0,1,812,92,0
102,2022-10-01,1,16,1,1,0,0,0,1,724,126,1
102,2022-11-01,0,15,0,0,0,0,0,1,625,118,1
102,2022-12-01,0,12,3,0,0,0,0,1,610,83,1
102,2023-01-01,0,8,1,0,0,0,0,1,907,127,1
102,2023-02-01,0,8,2,0,0,0,0,1,808,108,1
102,2023-03-01,4,16,4,0,0,0,0,1,1621,137,1
102,2023-04-01,0,12,2,0,0,0,0,1,1258,137,1
102,2023-05-01,0,19,1,0,0,0,0,1,907,139,1
102,2023-06-01,0,11,2,0,0,0,0,1,572,138,1
102,2023-07-01,1,24,3,0,0,0,0,1,802,141,1
102,2023-08-01,0,17,2,0,0,0,0,1,937,127,1
102,2023-09-01,3,21,5,0,0,0,0,1,857,111,1
102,2023-10-01,0,11,1,0,0,0,0,1,1764,128,1
102,2023-11-01,0,16,2,0,0,0,0,1,1058,122,1
102,2023-12-01,1,21,1,1,0,0,0,1,625,141,1
102,2024-01-01,0,15,1,1,0,0,0,1,1724,161,1
102,2024-02-01,1,15,2,2,0,0,0,1,1336,155,1
102,2024-03-01,0,15,1,0,0,0,0,1,1002,164,1
102,2024-04-01,0,18,1,0,0,0,0,1,950,151,1
102,2024-05-01,3,13,3,0,0,0,0,1,984,146,1
102,2024-06-01,3,11,4,0,0,0,0,1,626,140,1
102,2024-07-01,0,17,1,2,0,0,0,1,536,161,1
102,2024-08-01,1,11,2,0,0,0,0,1,697,148,1
102,2024-09-01,0,15,0,0,0,0,0,1,894,98,1
102,2024-10-01,1,17,1,0,0,0,0,1,631,151,1
102,2024-11-01,0,14,1,0,0,0,0,1,892,138,1
102,2024-12-01,1,9,3,0,0,0,0,1,718,111,1
102,2025-01-01,0,13,1,0,0,0,0,1,1139,146,1
102,2025-02-01,1,8,2,0,0,0,0,1,830,134,1
102,2025-03-01,0,12,0,0,0,0,0,1,1002,164,1
102,2025-04-01,0,8,1,0,0,0,0,1,978,168,1
102,2025-05-01,0,13,0,0,0,0,0,1,935,157,1
102,2025-06-01,0,12,0,0,0,0,0,1,601,147,1
102,2025-07-01,0,15,1,0,0,0,0,1,538,138,1
102,2025-08-01,1,10,2,0,0,0,0,1,492,126,1
102,2025-09-01,1,16,2,0,0,0,0,1,729,183,1
102,2025-10-01,0,12,0,1,0,0,0,1,769,140,1
102,2025-11-01,0,8,0,0,0,0,0,1,456,140,1
102,2025-12-01,0,12,1,0,0,0,0,1,557,122,1
103,2018-01-01,2,33,4,0,1,1,1,0,968,262,0
103,2018-02-01,0,27,1,0,1,1,1,0,901,224,0
103,2018-03-01,1,30,1,0,1,1,1,0,1142,223,0
103,2018-04-01,0,20,3,0,1,1,1,0,967,237,0
103,2018-05-01,1,30,4,0,1,1,1,0,1212,245,0
103,2018-06-01,4,34,7,0,1,1,1,0,941,206,0
103,2018-07-01,2,32,4,0,1,1,1,0,1189,223,0
103,2018-08-01,3,29,8,0,1,1,1,0,1165,174,0
103,2018-09-01,0,33,1,0,1,1,1,0,824,163,0
103,2018-10-01,2,27,4,0,1,1,1,0,1075,158,0
103,2018-11-01,1,23,1,0,1,1,1,0,953,193,0
103,2018-12-01,1,30,3,0,1,1,1,0,963,195,0
103,2019-01-01,0,15,1,0,1,1,1,0,1231,231,0
103,2019-02-01,1,21,2,0,1,1,1,0,1200,229,0
103,2019-03-01,0,24,1,0,1,1,1,0,1387,235,0
103,2019-04-01,1,24,3,0,1,1,1,0,1089,198,0
103,2019-05-01,1,27,3,0,1,1,1,0,1223,207,0
103,2019-06-01,1,19,2,0,1,1,1,0,1019,226,0
103,2019-07-01,0,28,1,0,1,1,1,0,1515,237,0
103,2019-08-01,5,23,10,0,1,1,1,0,1021,208,0
103,2019-09-01,0,32,1,0,1,1,1,0,918,158,0
103,2019-10-01,3,33,6,0,1,1,1,0,1077,178,0
103,2019-11-01,0,32,1,0,1,1,1,0,1132,161,0
103,2019-12-01,0,36,1,0,1,1,1,0,635,161,0
103,2020-01-01,2,39,6,0,1,1,1,0,1075,189,0
103,2020-02-01,3,31,6,0,1,1,1,0,1059,149,0
103,2020-03-01,1,23,6,0,1,1,1,0,697,142,0
103,2020-04-01,1,20,5,0,1,1,1,0,53,75,0
103,2020-05-01,2,24,5,0,1,1,1,0,420,150,0
103,2020-06-01,4,18,13,0,1,1,1,0,312,64,0
103,2020-07-01,1,33,4,0,1,1,1,0,273,81,0
103,2020-08-01,9,46,18,0,1,1,1,0,397,92,0
103,2020-09-01,5,38,12,0,1,1,1,0,699,146,0
103,2020-10-01,5,30,13,0,1,1,1,0,1126,119,0
103,2020-11-01,2,26,7,0,1,1,1,0,564,148,0
103,2020-12-01,6,25,11,0,1,1,1,0,614,112,0
103,2021-01-01,1,19,5,0,1,1,1,0,680,138,0
103,2021-02-01,0,15,1,0,1,1,1,0,847,132,0
103,2021-03-01,1,19,4,0,1,1,1,0,604,138,0
103,2021-04-01,4,16,12,0,1,1,1,0,637,113,0
103,2021-05-01,3,32,9,0,1,1,1,0,555,104,0
103,2021-06-01,2,34,9,1,1,1,1,0,526,150,0
103,2021-07-01,3,23,7,0,1,1,1,0,460,175,0
103,2021-08-01,7,28,19,0,1,1,1,0,770,145,0
103,2021-09-01,1,30,7,0,1,1,1,0,647,137,0
103,2021-10-01,2,53,8,0,1,1,1,0,1333,115,0
103,2021-11-01,2,38,7,0,1,1,1,0,1620,127,0
103,2021-12-01,4,32,10,0,1,1,1,0,479,98,0
103,2022-01-01,2,37,5,0,1,1,1,0,441,119,0
103,2022-02-01,2,21,4,0,1,1,1,0,757,143,0
103,2022-03-01,5,25,13,0,1,1,1,0,736,168,0
103,2022-04-01,2,37,2,0,1,1,1,0,556,163,0
103,2022-05-01,2,43,6,0,1,1,1,0,648,162,0
103,2022-06-01,0,31,4,0,1,1,1,0,669,165,0
103,2022-07-01,0,40,7,0,1,1,1,0,753,162,0
103,2022-08-01,5,35,13,0,1,1,1,0,802,159,0
103,2022-09-01,1,35,3,0,1,1,1,0,804,172,0
103,2022-10-01,5,33,8,0,1,1,1,0,1198,226,1
103,2022-11-01,1,27,2,0,1,1,1,0,1188,212,1
103,2022-12-01,3,27,6,0,1,1,1,0,678,165,1
103,2023-01-01,1,25,4,0,1,1,1,0,882,226,1
103,2023-02-01,1,28,6,0,1,1,1,0,800,239,1
103,2023-03-01,1,31,3,0,1,1,1,0,1277,328,1
103,2023-04-01,1,31,5,0,1,1,1,0,880,321,1
103,2023-05-01,1,22,2,0,1,1,1,0,1378,325,1
103,2023-06-01,1,31,5,0,1,1,1,0,1124,317,1
103,2023-07-01,0,37,5,1,1,1,1,0,1021,306,1
103,2023-08-01,1,37,2,1,1,1,1,0,1235,313,1
103,2023-09-01,3,36,8,0,1,1,1,0,901,344,1
103,2023-10-01,1,43,2,0,1,1,1,0,1517,341,1
103,2023-11-01,0,26,1,0,1,1,1,0,1532,351,1
103,2023-12-01,1,43,10,0,1,1,1,0,932,268,1
103,2024-01-01,5,22,7,1,1,1,1,0,1916,434,1
103,2024-02-01,0,24,2,1,1,1,1,0,1850,376,1
103,2024-03-01,2,29,5,0,1,1,1,0,1234,397,1
103,2024-04-01,2,36,6,1,1,1,1,0,1042,399,1
103,2024-05-01,1,47,5,0,1,1,1,0,1144,420,1
103,2024-06-01,1,50,3,2,1,1,1,0,1158,486,1
103,2024-07-01,0,35,2,0,1,1,1,0,1209,505,1
103,2024-08-01,2,45,3,0,1,1,1,0,1109,457,1
103,2024-09-01,3,40,5,0,1,1,1,0,866,407,1
103,2024-10-01,1,50,7,1,1,1,1,0,788,410,1
103,2024-11-01,3,28,6,0,1,1,1,0,925,363,1
103,2024-12-01,0,31,0,0,1,1,1,0,972,350,1
103,2025-01-01,1,29,1,1,1,1,1,0,989,436,1
103,2025-02-01,0,21,1,1,1,1,1,0,1035,357,1
103,2025-03-01,1,19,3,0,1,1,1,0,1033,368,1
103,2025-04-01,1,21,2,0,1,1,1,0,818,421,1
103,2025-05-01,0,47,7,0,1,1,1,0,1074,466,1
103,2025-06-01,1,26,2,0,1,1,1,0,1123,426,1
103,2025-07-01,2,39,8,0,1,1,1,0,758,445,1
103,2025-08-01,0,38,4,0,1,1,1,0,645,424,1
103,2025-09-01,0,37,2,0,1,1,1,0,831,353,1
103,2025-10-01,2,46,2,0,1,1,1,0,925,363,1
103,2025-11-01,1,29,3,0,1,1,1,0,986,373,1
103,2025-12-01,0,26,0,0,1,1,1,0,891,355,1
104,2018-01-01,0,9,0,0,0,1,0,1,1251,149,0
104,2018-02-01,0,5,0,0,0,1,0,1,1229,164,0
104,2018-03-01,0,10,1,0,0,1,0,1,1143,177,0
104,2018-04-01,0,13,1,0,0,1,0,1,1197,183,0
104,2018-05-01,0,12,1,0,0,1,0,1,1167,185,0
104,2018-06-01,0,15,0,0,0,1,0,1,1181,131,0
104,2018-07-01,0,8,1,0,0,1,0,1,1202,161,0
104,2018-08-01,0,16,3,0,0,1,0,1,1153,125,0
104,2018-09-01,0,13,0,0,0,1,0,1,852,75,0
104,2018-10-01,0,10,0,0,0,1,0,1,1098,115,0
104,2018-11-01,0,17,0,0,0,1,0,1,1183,114,0
104,2018-12-01,0,12,0,0,0,1,0,1,724,104,0
104,2019-01-01,0,14,0,0,0,1,0,1,1146,135,0
104,2019-02-01,0,8,0,0,0,1,0,1,950,112,0
104,2019-03-01,0,12,0,0,0,1,0,1,1180,97,0
104,2019-04-01,0,8,0,0,0,1,0,1,1215,119,0
104,2019-05-01,0,11,0,0,0,1,0,1,1152,96,0
104,2019-06-01,0,25,0,0,0,1,0,1,1154,127,0
104,2019-07-01,0,21,2,0,0,1,0,1,1145,134,0
104,2019-08-01,1,25,1,0,0,1,0,1,1007,147,0
104,2019-09-01,0,18,0,0,0,1,0,1,1103,114,0
104,2019-10-01,0,12,1,0,0,1,0,1,1075,133,0
104,2019-11-01,0,15,1,1,0,1,0,1,1070,89,0
104,2019-12-01,0,20,1,0,0,1,0,1,884,103,0
104,2020-01-01,0,23,0,0,0,1,0,1,1183,136,0
104,2020-02-01,0,24,0,0,0,1,0,1,1029,115,0
104,2020-03-01,1,10,1,0,0,1,0,1,1169,114,0
104,2020-04-01,0,6,0,0,0,1,0,1,261,51,0
104,2020-05-01,0,8,1,0,0,1,0,1,532,105,0
104,2020-06-01,0,15,1,0,0,1,0,1,267,80,0
104,2020-07-01,0,25,0,0,0,1,0,1,303,73,0
104,2020-08-01,1,13,2,0,0,1,0,1,410,94,0
104,2020-09-01,0,14,1,0,0,1,0,1,520,78,0
104,2020-10-01,2,20,3,0,0,1,0,1,457,114,0
104,2020-11-01,0,10,0,0,0,1,0,1,444,101,0
104,2020-12-01,1,15,2,0,0,1,0,1,444,101,0
104,2021-01-01,0,6,1,0,0,1,0,1,448,107,0
104,2021-02-01,0,10,0,1,0,1,0,1,606,104,0
104,2021-03-01,0,10,0,0,0,1,0,1,718,118,0
104,2021-04-01,0,9,0,0,0,1,0,1,518,82,0
104,2021-05-01,0,14,1,0,0,1,0,1,540,93,0
104,2021-06-01,0,5,0,0,0,1,0,1,467,87,0
104,2021-07-01,0,13,1,0,0,1,0,1,459,103,0
104,2021-08-01,1,10,2,0,0,1,0,1,445,104,0
104,2021-09-01,2,20,3,0,0,1,0,1,455,100,0
104,2021-10-01,0,16,0,0,0,1,0,1,584,87,0
104,2021-11-01,0,15,0,0,0,1,0,1,423,76,0
104,2021-12-01,0,14,0,0,0,1,0,1,460,82,0
104,2022-01-01,0,12,1,0,0,1,0,1,550,95,0
104,2022-02-01,1,16,4,0,0,1,0,1,614,73,0
104,2022-03-01,0,8,1,0,0,1,0,1,1216,104,0
104,2022-04-01,1,14,2,0,0,1,0,1,876,101,0
104,2022-05-01,3,18,4,1,0,1,0,1,648,103,0
104,2022-06-01,2,29,5,0,0,1,0,1,1280,88,0
104,2022-07-01,0,21,0,0,0,1,0,1,725,102,0
104,2022-08-01,0,15,0,0,0,1,0,1,730,67,0
104,2022-09-01,0,16,3,0,0,1,0,1,564,74,0
104,2022-10-01,0,20,0,1,0,1,0,1,680,101,1
104,2022-11-01,2,24,2,0,0,1,0,1,589,89,1
104,2022-12-01,0,31,0,0,0,1,0,1,630,75,1
104,2023-01-01,1,20,1,0,0,1,0,1,799,111,1
104,2023-02-01,0,15,5,0,0,1,0,1,809,87,1
104,2023-03-01,0,15,2,0,0,1,0,1,760,98,1
104,2023-04-01,1,12,1,0,0,1,0,1,810,88,1
104,2023-05-01,0,20,0,0,0,1,0,1,625,85,1
104,2023-06-01,0,27,0,0,0,1,0,1,543,98,1
104,2023-07-01,1,18,1,0,0,1,0,1,573,80,1
104,2023-08-01,0,18,0,0,0,1,0,1,717,93,1
104,2023-09-01,1,21,2,1,0,1,0,1,495,67,1
104,2023-10-01,1,30,1,0,0,1,0,1,409,94,1
104,2023-11-01,0,10,0,0,0,1,0,1,397,86,1
104,2023-12-01,0,19,0,0,0,1,0,1,294,76,1
104,2024-01-01,0,15,0,1,0,1,0,1,640,94,1
104,2024-02-01,1,20,2,0,0,1,0,1,603,118,1
104,2024-03-01,0,13,0,1,0,1,0,1,690,127,1
104,2024-04-01,0,18,1,1,0,1,0,1,790,110,1
104,2024-05-01,0,18,2,0,0,1,0,1,840,129,1
104,2024-06-01,0,25,1,1,0,1,0,1,733,115,1
104,2024-07-01,0,14,0,0,0,1,0,1,694,102,1
104,2024-08-01,1,18,1,0,0,1,0,1,579,122,1
104,2024-09-01,0,20,2,2,0,1,0,1,694,103,1
104,2024-10-01,0,15,1,0,0,1,0,1,830,76,1
104,2024-11-01,1,11,1,0,0,1,0,1,720,94,1
104,2024-12-01,0,11,0,0,0,1,0,1,788,90,1
104,2025-01-01,0,10,0,0,0,1,0,1,1044,109,1
104,2025-02-01,1,5,1,0,0,1,0,1,875,98,1
104,2025-03-01,0,15,0,0,0,1,0,1,1092,103,1
104,2025-04-01,1,10,2,0,0,1,0,1,1293,91,1
104,2025-05-01,0,16,2,0,0,1,0,1,1020,93,1
104,2025-06-01,1,14,1,0,0,1,0,1,1026,127,1
104,2025-07-01,0,10,0,0,0,1,0,1,959,100,1
104,2025-08-01,1,17,2,1,0,1,0,1,734,120,1
104,2025-09-01,0,18,0,0,0,1,0,1,561,114,1
104,2025-10-01,0,14,2,0,0,1,0,1,956,103,1
104,2025-11-01,0,14,0,0,0,1,0,1,927,126,1
104,2025-12-01,0,16,0,0,0,1,0,1,788,89,1
105,2018-01-01,2,23,4,0,1,1,1,1,1028,171,0
105,2018-02-01,1,12,2,0,1,1,1,1,1094,147,0
105,2018-03-01,1,13,3,0,1,1,1,1,1195,149,0
105,2018-04-01,0,13,4,0,1,1,1,1,1097,149,0
105,2018-05-01,1,16,4,1,1,1,1,1,1047,172,0
105,2018-06-01,4,24,10,0,1,1,1,1,1263,130,0
105,2018-07-01,3,17,6,0,1,1,1,1,1042,172,0
105,2018-08-01,0,21,1,0,1,1,1,1,788,130,0
105,2018-09-01,3,18,4,0,1,1,1,1,845,131,0
105,2018-10-01,0,16,1,0,1,1,1,1,895,132,0
105,2018-11-01,0,14,0,1,1,1,1,1,850,149,0
105,2018-12-01,2,10,6,0,1,1,1,1,671,109,0
105,2019-01-01,1,12,2,0,1,1,1,1,906,147,0
105,2019-02-01,0,14,0,0,1,1,1,1,1090,137,0
105,2019-03-01,2,14,3,0,1,1,1,1,1035,144,0
105,2019-04-01,4,8,7,0,1,1,1,1,916,142,0
105,2019-05-01,0,14,2,0,1,1,1,1,894,161,0
105,2019-06-01,1,14,3,0,1,1,1,1,725,127,0
105,2019-07-01,1,15,4,0,1,1,1,1,899,141,0
105,2019-08-01,4,18,9,0,1,1,1,1,829,119,0
105,2019-09-01,1,16,2,1,1,1,1,1,840,81,0
105,2019-10-01,3,19,4,0,1,1,1,1,697,85,0
105,2019-11-01,0,17,1,0,1,1,1,1,674,104,0
105,2019-12-01,1,19,3,0,1,1,1,1,486,72,0
105,2020-01-01,2,16,7,0,1,1,1,1,706,90,0
105,2020-02-01,0,12,6,0,1,1,1,1,947,118,0
105,2020-03-01,0,12,1,0,1,1,1,1,559,83,0
105,2020-04-01,1,15,4,0,1,1,1,1,101,61,0
105,2020-05-01,4,12,11,0,1,1,1,1,285,100,0
105,2020-06-01,3,13,13,1,1,1,1,1,435,67,0
105,2020-07-01,1,16,4,0,1,1,1,1,272,64,0
105,2020-08-01,7,16,13,0,1,1,1,1,359,76,0
105,2020-09-01,2,13,7,0,1,1,1,1,371,72,0
105,2020-10-01,4,20,11,0,1,1,1,1,557,96,0
105,2020-11-01,4,15,7,0,1,1,1,1,240,86,0
105,2020-12-01,1,15,4,1,1,1,1,1,222,91,0
105,2021-01-01,2,10,10,0,1,1,1,1,338,96,0
105,2021-02-01,0,8,3,1,1,1,1,1,506,66,0
105,2021-03-01,1,10,6,0,1,1,1,1,441,107,0
105,2021-04-01,4,14,11,0,1,1,1,1,486,55,0
105,2021-05-01,4,12,15,0,1,1,1,1,446,83,0
105,2021-06-01,5,16,19,0,1,1,1,1,331,72,0
105,2021-07-01,5,8,15,0,1,1,1,1,470,73,0
105,2021-08-01,2,13,7,0,1,1,1,1,588,69,0
105,2021-09-01,1,18,8,0,1,1,1,1,468,79,0
105,2021-10-01,3,8,12,0,1,1,1,1,476,93,0
105,2021-11-01,2,14,12,1,1,1,1,1,467,74,0
105,2021-12-01,3,23,9,0,1,1,1,1,307,79,0
105,2022-01-01,0,16,4,0,1,1,1,1,431,82,0
105,2022-02-01,0,13,3,0,1,1,1,1,448,80,0
105,2022-03-01,1,9,3,2,1,1,1,1,654,107,0
105,2022-04-01,2,14,4,0,1,1,1,1,516,84,0
105,2022-05-01,3,15,11,0,1,1,1,1,450,104,0
105,2022-06-01,1,17,9,0,1,1,1,1,648,92,0
105,2022-07-01,5,26,19,1,1,1,1,1,681,107,0
105,2022-08-01,2,16,5,0,1,1,1,1,607,72,0
105,2022-09-01,2,16,11,0,1,1,1,1,601,95,0
105,2022-10-01,2,13,6,0,1,1,1,1,653,111,1
105,2022-11-01,2,10,3,0,1,1,1,1,584,114,1
105,2022-12-01,1,10,3,0,1,1,1,1,563,121,1
105,2023-01-01,1,12,4,1,1,1,1,1,668,144,1
105,2023-02-01,0,10,2,0,1,1,1,1,576,144,1
105,2023-03-01,1,14,2,0,1,1,1,1,816,212,1
105,2023-04-01,1,14,2,0,1,1,1,1,753,167,1
105,2023-05-01,2,17,7,0,1,1,1,1,628,188,1
105,2023-06-01,1,14,2,0,1,1,1,1,745,168,1
105,2023-07-01,0,14,4,2,1,1,1,1,715,142,1
105,2023-08-01,0,20,1,3,1,1,1,1,732,151,1
105,2023-09-01,0,15,2,1,1,1,1,1,629,153,1
105,2023-10-01,1,13,2,0,1,1,1,1,644,157,1
105,2023-11-01,0,16,1,2,1,1,1,1,778,160,1
105,2023-12-01,0,15,2,4,1,1,1,1,481,163,1
105,2024-01-01,1,15,5,3,1,1,1,1,830,140,1
105,2024-02-01,1,13,2,2,1,1,1,1,755,138,1
105,2024-03-01,1,5,3,0,1,1,1,1,511,138,1
105,2024-04-01,1,7,4,1,1,1,1,1,483,134,1
105,2024-05-01,1,9,4,4,1,1,1,1,593,168,1
105,2024-06-01,1,15,5,4,1,1,1,1,625,197,1
105,2024-07-01,4,11,9,1,1,1,1,1,478,162,1
105,2024-08-01,0,16,5,4,1,1,1,1,404,161,1
105,2024-09-01,3,9,7,1,1,1,1,1,589,110,1
105,2024-10-01,1,10,3,0,1,1,1,1,849,160,1
105,2024-11-01,0,5,2,0,1,1,1,1,730,162,1
105,2024-12-01,2,15,3,0,1,1,1,1,1036,208,1
105,2025-01-01,0,15,4,2,1,1,1,1,1913,367,1
105,2025-02-01,0,10,2,0,1,1,1,1,1801,275,1
105,2025-03-01,0,10,2,0,1,1,1,1,1940,280,1
105,2025-04-01,0,15,3,0,1,1,1,1,1944,299,1
105,2025-05-01,0,12,1,0,1,1,1,1,1609,301,1
105,2025-06-01,1,9,2,0,1,1,1,1,1519,195,1
105,2025-07-01,0,14,4,0,1,1,1,1,1708,231,1
105,2025-08-01,0,14,3,1,1,1,1,1,1307,200,1
105,2025-09-01,2,13,3,1,1,1,1,1,1680,179,1
105,2025-10-01,0,19,1,0,1,1,1,1,2095,211,1
105,2025-11-01,0,16,3,0,1,1,1,1,1808,235,1
105,2025-12-01,0,8,0,0,1,1,1,1,1699,202,1
106,2018-01-01,2,17,2,0,1,1,0,0,1043,159,0
106,2018-02-01,0,12,0,0,1,1,0,0,1238,144,0
106,2018-03-01,2,16,5,0,1,1,0,0,1300,160,0
106,2018-04-01,0,17,0,0,1,1,0,0,893,149,0
106,2018-05-01,1,9,2,0,1,1,0,0,862,144,0
106,2018-06-01,0,12,1,0,1,1,0,0,818,137,0
106,2018-07-01,2,12,4,0,1,1,0,0,787,162,0
106,2018-08-01,0,19,0,0,1,1,0,0,677,145,0
106,2018-09-01,2,12,3,0,1,1,0,0,670,134,0
106,2018-10-01,0,21,1,0,1,1,0,0,1003,130,0
106,2018-11-01,0,23,1,0,1,1,0,0,656,94,0
106,2018-12-01,0,15,0,0,1,1,0,0,681,109,0
106,2019-01-01,1,11,1,0,1,1,0,0,1130,101,0
106,2019-02-01,0,5,0,0,1,1,0,0,965,111,0
106,2019-03-01,1,11,3,0,1,1,0,0,890,121,0
106,2019-04-01,1,6,2,0,1,1,0,0,634,132,0
106,2019-05-01,0,12,0,0,1,1,0,0,1048,144,0
106,2019-06-01,0,7,0,0,1,1,0,0,669,109,0
106,2019-07-01,1,14,2,0,1,1,0,0,589,117,0
106,2019-08-01,1,16,1,0,1,1,0,0,818,93,0
106,2019-09-01,0,12,0,0,1,1,0,0,1050,86,0
106,2019-10-01,0,18,1,0,1,1,0,0,1568,103,0
106,2019-11-01,0,9,0,1,1,1,0,0,656,106,0
106,2019-12-01,0,18,0,0,1,1,0,0,374,95,0
106,2020-01-01,0,18,1,0,1,1,0,0,1030,97,0
106,2020-02-01,0,19,0,0,1,1,0,0,1118,85,0
106,2020-03-01,0,17,0,0,1,1,0,0,988,83,0
106,2020-04-01,0,12,0,0,1,1,0,0,468,53,0
106,2020-05-01,0,9,0,0,1,1,0,0,801,87,0
106,2020-06-01,2,9,5,0,1,1,0,0,572,47,0
106,2020-07-01,0,15,2,0,1,1,0,0,526,48,0
106,2020-08-01,1,11,2,0,1,1,0,0,645,63,0
106,2020-09-01,0,20,2,0,1,1,0,0,981,66,0
106,2020-10-01,2,21,2,0,1,1,0,0,1005,72,0
106,2020-11-01,0,13,1,0,1,1,0,0,290,55,0
106,2020-12-01,1,14,2,0,1,1,0,0,325,63,0
106,2021-01-01,1,10,3,0,1,1,0,0,1070,62,0
106,2021-02-01,0,14,1,0,1,1,0,0,808,61,0
106,2021-03-01,0,8,2,0,1,1,0,0,743,95,0
106,2021-04-01,1,20,3,0,1,1,0,0,555,69,0
106,2021-05-01,1,19,2,0,1,1,0,0,573,79,0
106,2021-06-01,4,11,7,0,1,1,0,0,526,85,0
106,2021-07-01,0,20,0,0,1,1,0,0,487,78,0
106,2021-08-01,3,23,6,0,1,1,0,0,585,87,0
106,2021-09-01,2,16,4,0,1,1,0,0,520,86,0
106,2021-10-01,2,19,4,0,1,1,0,0,732,84,0
106,2021-11-01,1,16,2,0,1,1,0,0,514,105,0
106,2021-12-01,0,27,4,0,1,1,0,0,198,63,0
106,2022-01-01,1,11,2,0,1,1,0,0,422,79,0
106,2022-02-01,1,23,3,0,1,1,0,0,670,80,0
106,2022-03-01,0,19,1,0,1,1,0,0,658,118,0
106,2022-04-01,1,15,3,1,1,1,0,0,601,90,0
106,2022-05-01,3,13,9,0,1,1,0,0,572,105,0
106,2022-06-01,4,17,8,0,1,1,0,0,578,107,0
106,2022-07-01,0,27,1,0,1,1,0,0,574,102,0
106,2022-08-01,1,24,3,0,1,1,0,0,455,127,0
106,2022-09-01,0,20,3,0,1,1,0,0,571,91,0
106,2022-10-01,1,19,5,0,1,1,0,0,496,80,1
106,2022-11-01,0,22,0,0,1,1,0,0,530,86,1
106,2022-12-01,0,13,0,0,1,1,0,0,375,83,1
106,2023-01-01,1,12,2,0,1,1,0,0,636,139,1
106,2023-02-01,1,25,1,0,1,1,0,0,618,116,1
106,2023-03-01,0,17,2,0,1,1,0,0,895,125,1
106,2023-04-01,0,16,1,0,1,1,0,0,552,138,1
106,2023-05-01,0,13,1,0,1,1,0,0,395,139,1
106,2023-06-01,0,15,1,0,1,1,0,0,447,137,1
106,2023-07-01,1,21,3,1,1,1,0,0,385,136,1
106,2023-08-01,0,14,0,0,1,1,0,0,404,94,1
106,2023-09-01,0,29,0,0,1,1,0,0,537,79,1
106,2023-10-01,0,21,0,0,1,1,0,0,1238,135,1
106,2023-11-01,0,13,1,0,1,1,0,0,840,131,1
106,2023-12-01,2,13,3,0,1,1,0,0,585,95,1
106,2024-01-01,0,17,1,1,1,1,0,0,885,117,1
106,2024-02-01,0,16,0,1,1,1,0,0,687,97,1
106,2024-03-01,0,16,0,0,1,1,0,0,709,124,1
106,2024-04-01,1,15,4,3,1,1,0,0,552,119,1
106,2024-05-01,2,19,4,2,1,1,0,0,717,120,1
106,2024-06-01,0,14,0,2,1,1,0,0,493,162,1
106,2024-07-01,0,16,3,0,1,1,0,0,342,129,1
106,2024-08-01,0,21,1,0,1,1,0,0,480,132,1
106,2024-09-01,0,21,1,0,1,1,0,0,518,161,1
106,2024-10-01,0,20,1,1,1,1,0,0,592,138,1
106,2024-11-01,0,11,1,2,1,1,0,0,664,162,1
106,2024-12-01,1,11,4,1,1,1,0,0,606,121,1
106,2025-01-01,0,20,0,1,1,1,0,0,763,148,1
106,2025-02-01,0,10,0,0,1,1,0,0,580,121,1
106,2025-03-01,0,14,1,0,1,1,0,0,854,194,1
106,2025-04-01,0,14,1,0,1,1,0,0,628,139,1
106,2025-05-01,0,13,0,0,1,1,0,0,445,133,1
106,2025-06-01,1,16,2,0,1,1,0,0,339,106,1
106,2025-07-01,1,19,2,0,1,1,0,0,229,135,1
106,2025-08-01,1,17,4,0,1,1,0,0,409,100,1
106,2025-09-01,1,13,4,1,1,1,0,0,631,124,1
106,2025-10-01,0,24,1,0,1,1,0,0,837,117,1
106,2025-11-01,1,21,1,0,1,1,0,0,639,96,1
106,2025-12-01,0,14,0,0,1,1,0,0,666,109,1
107,2018-01-01,0,7,0,0,0,0,0,1,826,174,0
107,2018-02-01,2,14,2,0,0,0,0,1,917,127,0
107,2018-03-01,0,9,0,0,0,0,0,1,841,140,0
107,2018-04-01,0,13,0,0,0,0,0,1,875,137,0
107,2018-05-01,0,16,0,0,0,0,0,1,863,123,0
107,2018-06-01,2,6,4,1,0,0,0,1,788,95,0
107,2018-07-01,0,9,1,1,0,0,0,1,966,96,0
107,2018-08-01,0,15,0,0,0,0,0,1,807,114,0
107,2018-09-01,0,15,2,0,0,0,0,1,620,82,0
107,2018-10-01,0,6,2,0,0,0,0,1,838,101,0
107,2018-11-01,0,12,0,0,0,0,0,1,864,99,0
107,2018-12-01,0,16,0,0,0,0,0,1,547,88,0
107,2019-01-01,1,9,2,0,0,0,0,1,889,75,0
107,2019-02-01,0,8,0,0,0,0,0,1,744,89,0
107,2019-03-01,0,12,1,0,0,0,0,1,860,104,0
107,2019-04-01,0,6,1,0,0,0,0,1,802,101,0
107,2019-05-01,1,17,1,0,0,0,0,1,937,109,0
107,2019-06-01,0,13,0,0,0,0,0,1,868,98,0
107,2019-07-01,0,17,0,0,0,0,0,1,1163,110,0
107,2019-08-01,0,10,1,0,0,0,0,1,880,83,0
107,2019-09-01,0,18,1,0,0,0,0,1,872,88,0
107,2019-10-01,0,19,0,0,0,0,0,1,656,94,0
107,2019-11-01,0,9,0,0,0,0,0,1,669,71,0
107,2019-12-01,0,25,1,0,0,0,0,1,490,75,0
107,2020-01-01,0,17,2,0,0,0,0,1,732,74,0
107,2020-02-01,0,16,0,0,0,0,0,1,661,70,0
107,2020-03-01,0,9,1,0,0,0,0,1,543,71,0
107,2020-04-01,0,5,1,0,0,0,0,1,125,35,0
107,2020-05-01,0,9,0,0,0,0,0,1,334,44,0
107,2020-06-01,0,5,1,0,0,0,0,1,622,42,0
107,2020-07-01,1,14,2,0,0,0,0,1,508,34,0
107,2020-08-01,0,15,0,0,0,0,0,1,486,55,0
107,2020-09-01,0,16,0,0,0,0,0,1,504,50,0
107,2020-10-01,1,22,2,0,0,0,0,1,595,74,0
107,2020-11-01,0,13,1,0,0,0,0,1,470,53,0
107,2020-12-01,2,18,4,0,0,0,0,1,518,79,0
107,2021-01-01,0,9,1,0,0,0,0,1,699,72,0
107,2021-02-01,2,6,3,0,0,0,0,1,523,73,0
107,2021-03-01,1,4,2,0,0,0,0,1,635,70,0
107,2021-04-01,0,7,0,0,0,0,0,1,431,42,0
107,2021-05-01,0,12,2,0,0,0,0,1,495,62,0
107,2021-06-01,1,12,3,0,0,0,0,1,518,57,0
107,2021-07-01,0,11,0,0,0,0,0,1,513,50,0
107,2021-08-01,0,14,0,0,0,0,0,1,391,81,0
107,2021-09-01,0,15,1,0,0,0,0,1,556,66,0
107,2021-10-01,1,20,2,0,0,0,0,1,554,81,0
107,2021-11-01,1,20,1,0,0,0,0,1,493,62,0
107,2021-12-01,0,12,0,0,0,0,0,1,371,72,0
107,2022-01-01,0,23,0,0,0,0,0,1,506,71,0
107,2022-02-01,0,12,0,1,0,0,0,1,607,92,0
107,2022-03-01,0,13,0,0,0,0,0,1,774,88,0
107,2022-04-01,2,11,4,0,0,0,0,1,508,78,0
107,2022-05-01,2,11,3,0,0,0,0,1,627,105,0
107,2022-06-01,0,19,0,0,0,0,0,1,597,103,0
107,2022-07-01,2,18,4,1,0,0,0,1,595,98,0
107,2022-08-01,0,19,0,0,0,0,0,1,570,67,0
107,2022-09-01,1,14,1,0,0,0,0,1,588,83,0
107,2022-10-01,0,13,0,0,0,0,0,1,619,91,1
107,2022-11-01,2,15,3,0,0,0,0,1,571,92,1
107,2022-12-01,0,16,0,0,0,0,0,1,686,83,1
107,2023-01-01,0,9,0,1,0,0,0,1,683,105,1
107,2023-02-01,1,10,1,0,0,0,0,1,683,91,1
107,2023-03-01,0,14,0,0,0,0,0,1,787,103,1
107,2023-04-01,0,12,0,0,0,0,0,1,646,90,1
107,2023-05-01,0,11,0,0,0,0,0,1,692,122,1
107,2023-06-01,0,8,0,1,0,0,0,1,579,91,1
107,2023-07-01,0,14,0,1,0,0,0,1,598,85,1
107,2023-08-01,0,17,0,1,0,0,0,1,614,98,1
107,2023-09-01,1,13,2,0,0,0,0,1,547,91,1
107,2023-10-01,1,17,1,1,0,0,0,1,597,95,1
107,2023-11-01,0,9,1,0,0,0,0,1,757,119,1
107,2023-12-01,0,7,1,0,0,0,0,1,530,97,1
107,2024-01-01,0,8,0,0,0,0,0,1,780,102,1
107,2024-02-01,1,12,2,1,0,0,0,1,693,144,1
107,2024-03-01,0,8,1,1,0,0,0,1,682,127,1
107,2024-04-01,1,15,1,0,0,0,0,1,756,148,1
107,2024-05-01,0,10,0,0,0,0,0,1,664,121,1
107,2024-06-01,1,8,2,0,0,0,0,1,622,97,1
107,2024-07-01,0,10,2,0,0,0,0,1,657,107,1
107,2024-08-01,0,10,1,0,0,0,0,1,634,105,1
107,2024-09-01,0,7,0,0,0,0,0,1,612,116,1
107,2024-10-01,1,13,1,0,0,0,0,1,834,122,1
107,2024-11-01,1,8,2,0,0,0,0,1,659,92,1
107,2024-12-01,0,9,0,0,0,0,0,1,736,118,1
107,2025-01-01,1,9,1,1,0,0,0,1,883,165,1
107,2025-02-01,1,10,2,0,0,0,0,1,844,187,1
107,2025-03-01,0,11,1,0,0,0,0,1,822,180,1
107,2025-04-01,0,6,0,1,0,0,0,1,859,149,1
107,2025-05-01,0,7,0,0,0,0,0,1,894,130,1
107,2025-06-01,0,6,3,0,0,0,0,1,573,122,1
107,2025-07-01,0,14,0,0,0,0,0,1,702,122,1
107,2025-08-01,1,7,1,0,0,0,0,1,449,115,1
107,2025-09-01,1,10,2,0,0,0,0,1,559,114,1
107,2025-10-01,0,16,0,0,0,0,0,1,669,121,1
107,2025-11-01,0,9,0,0,0,0,0,1,580,135,1
107,2025-12-01,0,4,1,0,0,0,0,1,734,101,1
108,2018-01-01,0,6,0,0,0,0,0,1,1111,125,0
108,2018-02-01,0,5,0,1,0,0,0,1,1089,118,0
108,2018-03-01,0,4,0,0,0,0,0,1,1143,160,0
108,2018-04-01,0,6,0,0,0,0,0,1,940,109,0
108,2018-05-01,0,17,0,0,0,0,0,1,1143,128,0
108,2018-06-01,0,12,0,0,0,0,0,1,1136,86,0
108,2018-07-01,1,4,2,0,0,0,0,1,1024,121,0
108,2018-08-01,0,7,0,0,0,0,0,1,918,97,0
108,2018-09-01,0,8,0,0,0,0,0,1,655,104,0
108,2018-10-01,0,5,0,0,0,0,0,1,994,103,0
108,2018-11-01,1,11,1,0,0,0,0,1,953,87,0
108,2018-12-01,0,5,0,0,0,0,0,1,967,116,0
108,2019-01-01,0,4,0,0,0,0,0,1,1127,104,0
108,2019-02-01,0,16,0,0,0,0,0,1,911,107,0
108,2019-03-01,1,5,2,0,0,0,0,1,1006,108,0
108,2019-04-01,1,8,1,0,0,0,0,1,996,116,0
108,2019-05-01,1,6,2,0,0,0,0,1,1145,105,0
108,2019-06-01,1,6,1,0,0,0,0,1,921,103,0
108,2019-07-01,0,8,0,0,0,0,0,1,1110,80,0
108,2019-08-01,0,7,0,0,0,0,0,1,1089,100,0
108,2019-09-01,1,9,2,0,0,0,0,1,1057,75,0
108,2019-10-01,0,12,0,1,0,0,0,1,911,74,0
108,2019-11-01,0,10,0,0,0,0,0,1,1388,82,0
108,2019-12-01,0,10,1,0,0,0,0,1,665,55,0
108,2020-01-01,0,9,0,0,0,0,0,1,1242,68,0
108,2020-02-01,1,13,2,0,0,0,0,1,961,58,0
108,2020-03-01,0,7,0,0,0,0,0,1,633,52,0
108,2020-04-01,0,5,1,0,0,0,0,1,128,34,0
108,2020-05-01,0,6,0,0,0,0,0,1,561,63,0
108,2020-06-01,0,11,0,0,0,0,0,1,101,37,0
108,2020-07-01,3,10,5,0,0,0,0,1,285,29,0
108,2020-08-01,0,20,0,0,0,0,0,1,314,47,0
108,2020-09-01,1,14,1,0,0,0,0,1,391,35,0
108,2020-10-01,0,6,0,0,0,0,0,1,541,40,0
108,2020-11-01,1,9,2,0,0,0,0,1,378,33,0
108,2020-12-01,0,6,1,0,0,0,0,1,652,48,0
108,2021-01-01,3,10,7,0,0,0,0,1,703,69,0
108,2021-02-01,0,4,0,0,0,0,0,1,539,73,0
108,2021-03-01,0,10,0,0,0,0,0,1,709,84,0
108,2021-04-01,0,10,0,0,0,0,0,1,319,73,0
108,2021-05-01,0,18,0,0,0,0,0,1,461,70,0
108,2021-06-01,1,7,1,0,0,0,0,1,671,69,0
108,2021-07-01,1,9,3,0,0,0,0,1,543,75,0
108,2021-08-01,1,10,2,0,0,0,0,1,564,86,0
108,2021-09-01,0,10,0,0,0,0,0,1,586,79,0
108,2021-10-01,0,10,0,0,0,0,0,1,517,78,0
108,2021-11-01,1,17,2,0,0,0,0,1,643,73,0
108,2021-12-01,1,12,1,0,0,0,0,1,384,77,0
108,2022-01-01,0,11,0,0,0,0,0,1,474,68,0
108,2022-02-01,0,19,0,1,0,0,0,1,602,83,0
108,2022-03-01,0,19,1,0,0,0,0,1,668,95,0
108,2022-04-01,1,11,2,0,0,0,0,1,596,91,0
108,2022-05-01,0,20,0,0,0,0,0,1,648,87,0
108,2022-06-01,2,17,3,0,0,0,0,1,774,96,0
108,2022-07-01,0,13,0,0,0,0,0,1,746,87,0
108,2022-08-01,0,23,1,0,0,0,0,1,601,79,0
108,2022-09-01,1,13,1,0,0,0,0,1,749,84,0
108,2022-10-01,0,17,0,0,0,0,0,1,810,124,1
108,2022-11-01,1,15,1,0,0,0,0,1,588,86,1
108,2022-12-01,0,13,0,0,0,0,0,1,733,65,1
108,2023-01-01,0,22,0,1,0,0,0,1,920,105,1
108,2023-02-01,0,21,0,0,0,0,0,1,720,71,1
108,2023-03-01,0,18,2,0,0,0,0,1,855,79,1
108,2023-04-01,1,23,2,0,0,0,0,1,717,81,1
108,2023-05-01,2,26,2,1,0,0,0,1,804,128,1
108,2023-06-01,1,26,1,0,0,0,0,1,613,95,1
108,2023-07-01,0,20,1,1,0,0,0,1,707,101,1
108,2023-08-01,1,23,1,0,0,0,0,1,955,113,1
108,2023-09-01,0,17,2,1,0,0,0,1,607,93,1
108,2023-10-01,1,27,1,0,0,0,0,1,542,86,1
108,2023-11-01,0,18,0,1,0,0,0,1,484,99,1
108,2023-12-01,0,23,0,1,0,0,0,1,442,82,1
108,2024-01-01,0,22,1,2,0,0,0,1,596,97,1
108,2024-02-01,0,14,1,0,0,0,0,1,397,118,1
108,2024-03-01,0,23,2,0,0,0,0,1,876,104,1
108,2024-04-01,1,26,1,1,0,0,0,1,960,116,1
108,2024-05-01,0,23,1,0,0,0,0,1,1037,119,1
108,2024-06-01,1,19,1,0,0,0,0,1,793,129,1
108,2024-07-01,0,20,0,2,0,0,0,1,571,100,1
108,2024-08-01,0,20,0,2,0,0,0,1,573,80,1
108,2024-09-01,1,20,3,0,0,0,0,1,775,107,1
108,2024-10-01,2,17,3,0,0,0,0,1,646,105,1
108,2024-11-01,0,13,1,0,0,0,0,1,818,127,1
108,2024-12-01,0,11,0,0,0,0,0,1,592,99,1
108,2025-01-01,0,11,0,0,0,0,0,1,839,95,1
108,2025-02-01,0,13,0,0,0,0,0,1,695,85,1
108,2025-03-01,0,17,0,0,0,0,0,1,1010,143,1
108,2025-04-01,1,16,1,0,0,0,0,1,692,134,1
108,2025-05-01,0,13,1,0,0,0,0,1,728,107,1
108,2025-06-01,0,20,0,0,0,0,0,1,613,90,1
108,2025-07-01,0,27,1,0,0,0,0,1,1000,118,1
108,2025-08-01,0,17,1,1,0,0,0,1,549,117,1
108,2025-09-01,0,27,0,0,0,0,0,1,652,92,1
108,2025-10-01,0,17,0,0,0,0,0,1,663,90,1
108,2025-11-01,0,19,0,0,0,0,0,1,789,115,1
108,2025-12-01,0,17,0,0,0,0,0,1,525,117,1
109,2018-01-01,0,40,0,0,0,1,0,0,1800,180,0
109,2018-02-01,0,13,0,0,0,1,0,0,1496,202,0
109,2018-03-01,0,11,0,1,0,1,0,0,1710,209,0
109,2018-04-01,0,13,0,0,0,1,0,0,1746,205,0
109,2018-05-01,0,10,0,0,0,1,0,0,1669,228,0
109,2018-06-01,0,19,0,0,0,1,0,0,1642,211,0
109,2018-07-01,0,26,1,0,0,1,0,0,1625,214,0
109,2018-08-01,0,9,0,0,0,1,0,0,1492,199,0
109,2018-09-01,0,15,0,0,0,1,0,0,1545,206,0
109,2018-10-01,1,18,1,0,0,1,0,0,1749,211,0
109,2018-11-01,1,19,1,0,0,1,0,0,1818,175,0
109,2018-12-01,0,12,0,0,0,1,0,0,1325,211,0
109,2019-01-01,2,11,5,0,0,1,0,0,1630,196,0
109,2019-02-01,2,14,3,0,0,1,0,0,1499,204,0
109,2019-03-01,1,12,3,0,0,1,0,0,3308,165,0
109,2019-04-01,0,15,0,0,0,1,0,0,1435,205,0
109,2019-05-01,0,25,1,0,0,1,0,0,1249,207,0
109,2019-06-01,1,14,1,0,0,1,0,0,2762,170,0
109,2019-07-01,2,18,4,0,0,1,0,0,2420,200,0
109,2019-08-01,0,21,0,0,0,1,0,0,1305,185,0
109,2019-09-01,0,17,0,0,0,1,0,0,1513,156,0
109,2019-10-01,0,22,1,0,0,1,0,0,1369,142,0
109,2019-11-01,0,22,0,0,0,1,0,0,2290,153,0
109,2019-12-01,0,19,1,0,0,1,0,0,856,136,0
109,2020-01-01,0,30,2,0,0,1,0,0,1488,140,0
109,2020-02-01,1,16,1,0,0,1,0,0,2091,154,0
109,2020-03-01,0,16,0,0,0,1,0,0,1175,103,0
109,2020-04-01,0,14,0,0,0,1,0,0,187,46,0
109,2020-05-01,1,11,3,0,0,1,0,0,1262,91,0
109,2020-06-01,1,13,2,0,0,1,0,0,212,48,0
109,2020-07-01,0,12,0,0,0,1,0,0,323,68,0
109,2020-08-01,0,18,5,0,0,1,0,0,439,76,0
109,2020-09-01,4,13,6,0,0,1,0,0,629,108,0
109,2020-10-01,0,17,0,0,0,1,0,0,1079,99,0
109,2020-11-01,0,15,1,0,0,1,0,0,482,99,0
109,2020-12-01,0,25,0,0,0,1,0,0,572,93,0
109,2021-01-01,0,18,1,0,0,1,0,0,525,106,0
109,2021-02-01,0,13,0,0,0,1,0,0,665,65,0
109,2021-03-01,0,5,0,0,0,1,0,0,752,105,0
109,2021-04-01,1,19,3,0,0,1,0,0,550,75,0
109,2021-05-01,0,12,0,0,0,1,0,0,687,94,0
109,2021-06-01,0,11,0,0,0,1,0,0,592,135,0
109,2021-07-01,2,11,2,0,0,1,0,0,567,108,0
109,2021-08-01,1,9,2,0,0,1,0,0,755,130,0
109,2021-09-01,1,9,1,0,0,1,0,0,692,154,0
109,2021-10-01,0,16,0,0,0,1,0,0,894,146,0
109,2021-11-01,1,12,3,0,0,1,0,0,712,129,0
109,2021-12-01,0,13,0,0,0,1,0,0,491,153,0
109,2022-01-01,1,16,3,0,0,1,0,0,591,135,0
109,2022-02-01,0,18,1,0,0,1,0,0,642,150,0
109,2022-03-01,1,24,2,0,0,1,0,0,880,162,0
109,2022-04-01,1,24,2,0,0,1,0,0,791,146,0
109,2022-05-01,0,12,0,0,0,1,0,0,866,143,0
109,2022-06-01,1,35,2,0,0,1,0,0,972,156,0
109,2022-07-01,0,26,3,0,0,1,0,0,800,133,0
109,2022-08-01,1,30,2,0,0,1,0,0,634,135,0
109,2022-09-01,0,30,2,0,0,1,0,0,731,129,0
109,2022-10-01,0,41,2,0,0,1,0,0,630,146,1
109,2022-11-01,3,29,4,0,0,1,0,0,638,222,1
109,2022-12-01,0,22,2,0,0,1,0,0,779,139,1
109,2023-01-01,1,26,1,0,0,1,0,0,974,213,1
109,2023-02-01,0,41,0,0,0,1,0,0,851,179,1
109,2023-03-01,2,33,3,1,0,1,0,0,1112,186,1
109,2023-04-01,0,21,2,0,0,1,0,0,816,184,1
109,2023-05-01,0,25,1,0,0,1,0,0,834,188,1
109,2023-06-01,2,22,5,2,0,1,0,0,793,192,1
109,2023-07-01,1,20,1,0,0,1,0,0,970,197,1
109,2023-08-01,0,21,1,1,0,1,0,0,899,183,1
109,2023-09-01,0,31,0,3,0,1,0,0,933,175,1
109,2023-10-01,2,27,3,0,0,1,0,0,428,171,1
109,2023-11-01,0,30,1,0,0,1,0,0,627,153,1
109,2023-12-01,0,29,1,1,0,1,0,0,474,160,1
109,2024-01-01,0,31,1,1,0,1,0,0,801,167,1
109,2024-02-01,0,26,1,0,0,1,0,0,799,192,1
109,2024-03-01,0,31,0,2,0,1,0,0,892,226,1
109,2024-04-01,0,35,1,0,0,1,0,0,867,168,1
109,2024-05-01,0,28,0,0,0,1,0,0,1022,196,1
109,2024-06-01,0,26,1,1,0,1,0,0,633,240,1
109,2024-07-01,0,30,1,0,0,1,0,0,677,215,1
109,2024-08-01,0,18,0,0,0,1,0,0,887,200,1
109,2024-09-01,0,17,0,0,0,1,0,0,819,161,1
109,2024-10-01,1,15,1,1,0,1,0,0,1047,212,1
109,2024-11-01,0,22,0,1,0,1,0,0,700,203,1
109,2024-12-01,3,17,4,0,0,1,0,0,757,212,1
109,2025-01-01,0,14,0,0,0,1,0,0,1061,231,1
109,2025-02-01,1,20,3,0,0,1,0,0,842,200,1
109,2025-03-01,0,19,1,0,0,1,0,0,1028,250,1
109,2025-04-01,1,22,3,0,0,1,0,0,1178,270,1
109,2025-05-01,0,27,0,0,0,1,0,0,1203,221,1
109,2025-06-01,2,19,2,0,0,1,0,0,1013,193,1
109,2025-07-01,1,19,2,0,0,1,0,0,1060,215,1
109,2025-08-01,0,17,1,0,0,1,0,0,1127,196,1
109,2025-09-01,0,25,0,0,0,1,0,0,1058,166,1
109,2025-10-01,1,26,1,0,0,1,0,0,1361,187,1
109,2025-11-01,2,21,2,0,0,1,0,0,1374,178,1
109,2025-12-01,0,23,0,0,0,1,0,0,1007,229,1
110,2018-01-01,0,24,0,0,0,1,0,0,994,239,0
110,2018-02-01,0,21,0,0,0,1,0,0,852,210,0
110,2018-03-01,1,22,1,0,0,1,0,0,816,203,0
110,2018-04-01,0,23,0,0,0,1,0,0,930,216,0
110,2018-05-01,0,29,0,0,0,1,0,0,926,225,0
110,2018-06-01,0,34,0,0,0,1,0,0,804,202,0
110,2018-07-01,0,19,0,0,0,1,0,0,716,260,0
110,2018-08-01,0,26,0,0,0,1,0,0,749,199,0
110,2018-09-01,0,12,0,0,0,1,0,0,827,188,0
110,2018-10-01,0,21,0,0,0,1,0,0,1114,174,0
110,2018-11-01,1,19,2,0,0,1,0,0,879,186,0
110,2018-12-01,0,15,1,0,0,1,0,0,832,165,0
110,2019-01-01,0,11,0,0,0,1,0,0,1050,181,0
110,2019-02-01,0,21,0,0,0,1,0,0,844,178,0
110,2019-03-01,0,14,0,0,0,1,0,0,976,207,0
110,2019-04-01,2,14,3,0,0,1,0,0,754,207,0
110,2019-05-01,0,22,0,0,0,1,0,0,759,194,0
110,2019-06-01,1,22,1,0,0,1,0,0,975,189,0
110,2019-07-01,0,28,0,1,0,1,0,0,933,204,0
110,2019-08-01,2,32,3,0,0,1,0,0,654,166,0
110,2019-09-01,0,30,1,0,0,1,0,0,1073,153,0
110,2019-10-01,0,37,0,0,0,1,0,0,987,174,0
110,2019-11-01,0,18,0,0,0,1,0,0,980,171,0
110,2019-12-01,1,25,1,0,0,1,0,0,687,140,0
110,2020-01-01,0,22,0,0,0,1,0,0,1124,135,0
110,2020-02-01,0,27,0,0,0,1,0,0,907,134,0
110,2020-03-01,0,25,0,0,0,1,0,0,772,121,0
110,2020-04-01,1,22,2,0,0,1,0,0,298,72,0
110,2020-05-01,0,13,1,0,0,1,0,0,1059,99,0
110,2020-06-01,3,23,5,0,0,1,0,0,277,88,0
110,2020-07-01,1,27,2,0,0,1,0,0,421,63,0
110,2020-08-01,2,25,4,0,0,1,0,0,395,91,0
110,2020-09-01,1,28,1,0,0,1,0,0,375,106,0
110,2020-10-01,3,18,6,0,0,1,0,0,466,97,0
110,2020-11-01,1,22,2,0,0,1,0,0,321,94,0
110,2020-12-01,2,19,5,0,0,1,0,0,646,116,0
110,2021-01-01,1,16,3,0,0,1,0,0,469,112,0
110,2021-02-01,0,15,0,0,0,1,0,0,1108,98,0
110,2021-03-01,0,12,0,0,0,1,0,0,557,141,0
110,2021-04-01,1,23,4,0,0,1,0,0,406,97,0
110,2021-05-01,0,16,1,0,0,1,0,0,361,102,0
110,2021-06-01,2,31,5,0,0,1,0,0,483,125,0
110,2021-07-01,2,26,3,0,0,1,0,0,550,108,0
110,2021-08-01,0,20,1,0,0,1,0,0,517,106,0
110,2021-09-01,0,21,1,0,0,1,0,0,346,108,0
110,2021-10-01,0,26,1,0,0,1,0,0,442,113,0
110,2021-11-01,1,23,3,0,0,1,0,0,401,111,0
110,2021-12-01,1,29,3,0,0,1,0,0,310,123,0
110,2022-01-01,0,27,3,0,0,1,0,0,421,124,0
110,2022-02-01,1,20,3,0,0,1,0,0,562,115,0
110,2022-03-01,0,25,2,0,0,1,0,0,577,130,0
110,2022-04-01,0,25,0,0,0,1,0,0,496,141,0
110,2022-05-01,0,43,0,0,0,1,0,0,547,149,0
110,2022-06-01,0,40,0,0,0,1,0,0,489,178,0
110,2022-07-01,1,37,3,0,0,1,0,0,477,178,0
110,2022-08-01,1,41,3,0,0,1,0,0,382,187,0
110,2022-09-01,5,46,7,0,0,1,0,0,540,149,0
110,2022-10-01,0,38,1,0,0,1,0,0,789,137,1
110,2022-11-01,1,36,5,2,0,1,0,0,541,132,1
110,2022-12-01,1,21,1,0,0,1,0,0,595,154,1
110,2023-01-01,1,29,4,0,0,1,0,0,1055,191,1
110,2023-02-01,1,32,6,0,0,1,0,0,678,184,1
110,2023-03-01,0,30,1,1,0,1,0,0,784,220,1
110,2023-04-01,0,32,2,3,0,1,0,0,612,196,1
110,2023-05-01,1,31,3,1,0,1,0,0,622,215,1
110,2023-06-01,0,36,0,1,0,1,0,0,540,234,1
110,2023-07-01,1,50,1,0,0,1,0,0,893,245,1
110,2023-08-01,1,61,4,2,0,1,0,0,1064,247,1
110,2023-09-01,2,46,2,1,0,1,0,0,1088,241,1
110,2023-10-01,1,46,2,0,0,1,0,0,756,230,1
110,2023-11-01,1,29,2,0,0,1,0,0,640,257,1
110,2023-12-01,1,59,1,0,0,1,0,0,515,258,1
110,2024-01-01,0,38,0,0,0,1,0,0,1302,307,1
110,2024-02-01,0,45,0,0,0,1,0,0,1009,339,1
110,2024-03-01,0,45,0,1,0,1,0,0,841,314,1
110,2024-04-01,0,30,0,0,0,1,0,0,646,275,1
110,2024-05-01,0,47,1,0,0,1,0,0,838,286,1
110,2024-06-01,1,41,2,0,0,1,0,0,655,368,1
110,2024-07-01,1,63,1,1,0,1,0,0,907,357,1
110,2024-08-01,0,32,0,0,0,1,0,0,763,332,1
110,2024-09-01,0,56,1,0,0,1,0,0,661,321,1
110,2024-10-01,0,55,2,1,0,1,0,0,890,340,1
110,2024-11-01,0,45,1,2,0,1,0,0,678,322,1
110,2024-12-01,0,42,0,0,0,1,0,0,740,311,1
110,2025-01-01,0,25,0,0,0,1,0,0,1034,319,1
110,2025-02-01,0,20,0,0,0,1,0,0,686,286,1
110,2025-03-01,1,39,1,0,0,1,0,0,812,325,1
110,2025-04-01,0,38,0,0,0,1,0,0,679,308,1
110,2025-05-01,2,36,3,0,0,1,0,0,771,335,1
110,2025-06-01,0,32,0,0,0,1,0,0,720,301,1
110,2025-07-01,0,42,0,1,0,1,0,0,610,283,1
110,2025-08-01,1,36,1,0,0,1,0,0,537,293,1
110,2025-09-01,0,45,1,0,0,1,0,0,607,329,1
110,2025-10-01,1,38,1,0,0,1,0,0,736,273,1
110,2025-11-01,1,42,1,0,0,1,0,0,1043,310,1
110,2025-12-01,2,44,2,0,0,1,0,0,811,276,1
111,2018-01-01,1,3,1,0,0,0,0,0,1211,53,0
111,2018-02-01,0,4,0,0,0,0,0,0,1094,57,0
111,2018-03-01,0,4,0,0,0,0,0,0,913,72,0
111,2018-04-01,0,2,0,0,0,0,0,0,963,59,0
111,2018-05-01,0,2,1,0,0,0,0,0,920,84,0
111,2018-06-01,0,3,0,0,0,0,0,0,899,60,0
111,2018-07-01,0,2,0,0,0,0,0,0,777,66,0
111,2018-08-01,0,4,0,0,0,0,0,0,864,60,0
111,2018-09-01,0,3,0,0,0,0,0,0,725,42,0
111,2018-10-01,0,2,0,0,0,0,0,0,1039,64,0
111,2018-11-01,0,3,1,0,0,0,0,0,973,55,0
111,2018-12-01,0,2,0,0,0,0,0,0,590,46,0
111,2019-01-01,0,3,0,0,0,0,0,0,1014,37,0
111,2019-02-01,0,3,0,0,0,0,0,0,1016,42,0
111,2019-03-01,0,1,0,0,0,0,0,0,990,50,0
111,2019-04-01,0,2,0,0,0,0,0,0,952,74,0
111,2019-05-01,0,2,0,0,0,0,0,0,1082,41,0
111,2019-06-01,0,1,0,0,0,0,0,0,982,70,0
111,2019-07-01,0,1,0,0,0,0,0,0,1061,52,0
111,2019-08-01,0,2,0,0,0,0,0,0,849,47,0
111,2019-09-01,0,0,0,0,0,0,0,0,1028,50,0
111,2019-10-01,0,2,0,0,0,0,0,0,1018,30,0
111,2019-11-01,0,3,0,0,0,0,0,0,893,47,0
111,2019-12-01,0,5,0,0,0,0,0,0,599,40,0
111,2020-01-01,0,2,0,0,0,0,0,0,1115,47,0
111,2020-02-01,1,4,2,0,0,0,0,0,882,42,0
111,2020-03-01,0,3,0,0,0,0,0,0,530,44,0
111,2020-04-01,0,1,0,0,0,0,0,0,118,18,0
111,2020-05-01,0,0,0,0,0,0,0,0,1058,33,0
111,2020-06-01,0,3,0,1,0,0,0,0,236,16,0
111,2020-07-01,0,2,0,0,0,0,0,0,220,26,0
111,2020-08-01,0,3,0,0,0,0,0,0,306,34,0
111,2020-09-01,0,2,0,0,0,0,0,0,457,24,0
111,2020-10-01,0,3,0,0,0,0,0,0,325,32,0
111,2020-11-01,0,1,0,0,0,0,0,0,363,25,0
111,2020-12-01,0,1,0,1,0,0,0,0,296,18,0
111,2021-01-01,0,0,0,0,0,0,0,0,534,36,0
111,2021-02-01,0,3,0,0,0,0,0,0,403,19,0
111,2021-03-01,0,0,0,0,0,0,0,0,626,41,0
111,2021-04-01,0,1,0,0,0,0,0,0,380,27,0
111,2021-05-01,0,5,1,0,0,0,0,0,301,17,0
111,2021-06-01,0,2,0,0,0,0,0,0,511,34,0
111,2021-07-01,0,3,0,0,0,0,0,0,453,45,0
111,2021-08-01,0,1,0,0,0,0,0,0,465,39,0
111,2021-09-01,0,3,0,0,0,0,0,0,387,42,0
111,2021-10-01,0,3,0,0,0,0,0,0,504,38,0
111,2021-11-01,1,5,1,0,0,0,0,0,401,24,0
111,2021-12-01,0,3,0,0,0,0,0,0,335,41,0
111,2022-01-01,0,9,0,0,0,0,0,0,488,46,0
111,2022-02-01,0,9,0,0,0,0,0,0,450,38,0
111,2022-03-01,2,4,4,0,0,0,0,0,474,42,0
111,2022-04-01,0,10,0,0,0,0,0,0,446,35,0
111,2022-05-01,0,3,0,0,0,0,0,0,401,38,0
111,2022-06-01,0,8,0,0,0,0,0,0,528,31,0
111,2022-07-01,0,8,0,0,0,0,0,0,572,33,0
111,2022-08-01,0,9,1,0,0,0,0,0,396,33,0
111,2022-09-01,0,4,0,0,0,0,0,0,477,25,0
111,2022-10-01,1,7,1,0,0,0,0,0,624,49,1
111,2022-11-01,0,7,0,0,0,0,0,0,511,30,1
111,2022-12-01,0,4,0,0,0,0,0,0,414,20,1
111,2023-01-01,0,7,1,0,0,0,0,0,676,50,1
111,2023-02-01,0,6,0,0,0,0,0,0,556,32,1
111,2023-03-01,1,6,1,0,0,0,0,0,619,51,1
111,2023-04-01,0,2,0,0,0,0,0,0,647,28,1
111,2023-05-01,0,4,0,0,0,0,0,0,596,42,1
111,2023-06-01,0,9,0,0,0,0,0,0,598,41,1
111,2023-07-01,0,5,0,0,0,0,0,0,514,33,1
111,2023-08-01,0,7,0,1,0,0,0,0,682,41,1
111,2023-09-01,0,5,1,0,0,0,0,0,460,32,1
111,2023-10-01,0,2,0,2,0,0,0,0,558,41,1
111,2023-11-01,0,2,0,0,0,0,0,0,509,38,1
111,2023-12-01,0,6,0,1,0,0,0,0,234,30,1
111,2024-01-01,0,11,1,0,0,0,0,0,565,35,1
111,2024-02-01,0,3,1,0,0,0,0,0,532,43,1
111,2024-03-01,0,4,1,0,0,0,0,0,591,29,1
111,2024-04-01,0,1,1,2,0,0,0,0,567,40,1
111,2024-05-01,0,5,1,0,0,0,0,0,687,52,1
111,2024-06-01,0,6,0,1,0,0,0,0,582,60,1
111,2024-07-01,1,4,1,0,0,0,0,0,540,43,1
111,2024-08-01,0,6,0,0,0,0,0,0,604,30,1
111,2024-09-01,0,7,1,0,0,0,0,0,691,48,1
111,2024-10-01,0,5,2,0,0,0,0,0,884,52,1
111,2024-11-01,0,4,0,1,0,0,0,0,714,45,1
111,2024-12-01,0,1,0,0,0,0,0,0,489,31,1
111,2025-01-01,0,3,0,0,0,0,0,0,874,24,1
111,2025-02-01,0,0,0,0,0,0,0,0,955,26,1
111,2025-03-01,1,4,2,0,0,0,0,0,1033,53,1
111,2025-04-01,1,1,2,0,0,0,0,0,785,63,1
111,2025-05-01,0,3,0,0,0,0,0,0,831,55,1
111,2025-06-01,0,4,0,0,0,0,0,0,807,45,1
111,2025-07-01,0,2,1,0,0,0,0,0,696,52,1
111,2025-08-01,0,9,1,0,0,0,0,0,512,37,1
111,2025-09-01,0,7,1,0,0,0,0,0,447,43,1
111,2025-10-01,1,4,1,0,0,0,0,0,801,60,1
111,2025-11-01,0,2,0,0,0,0,0,0,788,46,1
111,2025-12-01,0,1,0,0,0,0,0,0,644,45,1
112,2018-01-01,0,3,0,0,0,0,0,0,964,88,0
112,2018-02-01,0,4,0,0,0,0,0,0,1000,79,0
112,2018-03-01,0,3,0,0,0,0,0,0,1009,78,0
112,2018-04-01,0,1,0,0,0,0,0,0,1088,92,0
112,2018-05-01,0,7,0,0,0,0,0,0,1083,71,0
112,2018-06-01,0,2,0,0,0,0,0,0,990,77,0
112,2018-07-01,0,3,0,0,0,0,0,0,802,66,0
112,2018-08-01,0,7,0,0,0,0,0,0,831,108,0
112,2018-09-01,0,3,0,0,0,0,0,0,780,77,0
112,2018-10-01,0,5,0,0,0,0,0,0,988,97,0
112,2018-11-01,0,1,0,0,0,0,0,0,929,110,0
112,2018-12-01,0,2,0,0,0,0,0,0,737,109,0
112,2019-01-01,0,2,0,0,0,0,0,0,1049,113,0
112,2019-02-01,1,5,2,0,0,0,0,0,998,98,0
112,2019-03-01,1,3,1,0,0,0,0,0,1111,121,0
112,2019-04-01,0,3,0,0,0,0,0,0,985,106,0
112,2019-05-01,0,2,0,0,0,0,0,0,1004,100,0
112,2019-06-01,0,7,0,0,0,0,0,0,917,84,0
112,2019-07-01,0,1,0,0,0,0,0,0,900,89,0
112,2019-08-01,0,1,0,0,0,0,0,0,754,66,0
112,2019-09-01,0,1,0,0,0,0,0,0,856,80,0
112,2019-10-01,0,5,0,0,0,0,0,0,828,101,0
112,2019-11-01,0,1,0,1,0,0,0,0,1168,83,0
112,2019-12-01,0,10,0,0,0,0,0,0,833,41,0
112,2020-01-01,0,5,0,1,0,0,0,0,1073,66,0
112,2020-02-01,0,7,0,0,0,0,0,0,1057,71,0
112,2020-03-01,0,7,0,0,0,0,0,0,826,66,0
112,2020-04-01,0,4,0,0,0,0,0,0,198,42,0
112,2020-05-01,0,2,0,0,0,0,0,0,481,60,0
112,2020-06-01,0,4,0,0,0,0,0,0,170,25,0
112,2020-07-01,0,5,0,0,0,0,0,0,192,37,0
112,2020-08-01,0,5,0,0,0,0,0,0,332,56,0
112,2020-09-01,0,8,1,0,0,0,0,0,372,63,0
112,2020-10-01,0,3,0,0,0,0,0,0,366,64,0
112,2020-11-01,0,3,0,0,0,0,0,0,370,67,0
112,2020-12-01,0,3,1,0,0,0,0,0,351,59,0
112,2021-01-01,0,7,0,0,0,0,0,0,456,81,0
112,2021-02-01,0,2,0,0,0,0,0,0,421,81,0
112,2021-03-01,0,1,0,0,0,0,0,0,405,87,0
112,2021-04-01,0,6,0,0,0,0,0,0,315,63,0
112,2021-05-01,0,4,0,0,0,0,0,0,375,67,0
112,2021-06-01,0,1,0,0,0,0,0,0,306,58,0
112,2021-07-01,0,2,2,0,0,0,0,0,325,70,0
112,2021-08-01,0,3,1,0,0,0,0,0,348,77,0
112,2021-09-01,0,3,2,0,0,0,0,0,304,57,0
112,2021-10-01,0,9,0,0,0,0,0,0,394,89,0
112,2021-11-01,0,12,0,0,0,0,0,0,535,61,0
112,2021-12-01,1,10,1,0,0,0,0,0,399,53,0
112,2022-01-01,1,1,1,0,0,0,0,0,454,54,0
112,2022-02-01,0,5,0,0,0,0,0,0,587,62,0
112,2022-03-01,0,9,0,0,0,0,0,0,611,88,0
112,2022-04-01,2,9,3,0,0,0,0,0,482,91,0
112,2022-05-01,0,9,1,0,0,0,0,0,568,56,0
112,2022-06-01,0,3,1,0,0,0,0,0,603,79,0
112,2022-07-01,0,5,0,0,0,0,0,0,527,91,0
112,2022-08-01,0,20,0,0,0,0,0,0,468,87,0
112,2022-09-01,0,6,0,0,0,0,0,0,493,63,0
112,2022-10-01,0,9,0,0,0,0,0,0,428,91,1
112,2022-11-01,0,9,0,0,0,0,0,0,447,72,1
112,2022-12-01,0,4,1,0,0,0,0,0,709,58,1
112,2023-01-01,0,6,0,0,0,0,0,0,748,96,1
112,2023-02-01,0,4,0,0,0,0,0,0,816,63,1
112,2023-03-01,0,11,0,0,0,0,0,0,709,92,1
112,2023-04-01,0,3,0,0,0,0,0,0,582,63,1
112,2023-05-01,0,9,0,1,0,0,0,0,677,69,1
112,2023-06-01,0,1,0,0,0,0,0,0,576,53,1
112,2023-07-01,0,6,0,0,0,0,0,0,668,70,1
112,2023-08-01,0,5,0,1,0,0,0,0,805,84,1
112,2023-09-01,0,10,0,0,0,0,0,0,584,95,1
112,2023-10-01,0,7,1,0,0,0,0,0,526,61,1
112,2023-11-01,0,6,0,0,0,0,0,0,435,91,1
112,2023-12-01,0,4,0,0,0,0,0,0,345,73,1
112,2024-01-01,0,6,0,1,0,0,0,0,731,82,1
112,2024-02-01,0,5,0,0,0,0,0,0,594,88,1
112,2024-03-01,0,8,1,1,0,0,0,0,657,88,1
112,2024-04-01,0,6,0,1,0,0,0,0,476,92,1
112,2024-05-01,0,8,1,0,0,0,0,0,660,88,1
112,2024-06-01,0,8,0,0,0,0,0,0,646,102,1
112,2024-07-01,0,8,0,1,0,0,0,0,668,103,1
112,2024-08-01,0,8,0,0,0,0,0,0,605,92,1
112,2024-09-01,0,11,0,1,0,0,0,0,804,116,1
112,2024-10-01,0,6,0,0,0,0,0,0,869,80,1
112,2024-11-01,0,4,0,0,0,0,0,0,808,120,1
112,2024-12-01,0,11,1,0,0,0,0,0,729,120,1
112,2025-01-01,0,13,0,0,0,0,0,0,1062,181,1
112,2025-02-01,0,3,0,0,0,0,0,0,836,150,1
112,2025-03-01,0,7,0,0,0,0,0,0,1002,146,1
112,2025-04-01,0,5,0,0,0,0,0,0,785,127,1
112,2025-05-01,0,6,0,0,0,0,0,0,752,158,1
112,2025-06-01,0,7,0,0,0,0,0,0,869,97,1
112,2025-07-01,0,6,0,0,0,0,0,0,668,103,1
112,2025-08-01,0,5,0,0,0,0,0,0,580,117,1
112,2025-09-01,1,3,1,0,0,0,0,0,572,99,1
112,2025-10-01,0,7,0,1,0,0,0,0,1192,138,1
112,2025-11-01,0,10,0,0,0,0,0,0,805,146,1
112,2025-12-01,0,3,0,0,0,0,0,0,554,102,1
113,2018-01-01,0,8,2,0,1,1,1,1,1483,317,0
113,2018-02-01,0,10,3,1,1,1,1,1,1267,320,0
113,2018-03-01,1,22,6,1,1,1,1,1,1351,332,0
113,2018-04-01,0,12,2,0,1,1,1,1,1097,362,0
113,2018-05-01,4,12,8,1,1,1,1,1,1186,319,0
113,2018-06-01,0,7,6,1,1,1,1,1,936,360,0
113,2018-07-01,4,11,10,0,1,1,1,1,1244,313,0
113,2018-08-01,1,17,2,0,1,1,1,1,1021,357,0
113,2018-09-01,2,13,5,0,1,1,1,1,871,357,0
113,2018-10-01,1,11,4,0,1,1,1,1,1328,368,0
113,2018-11-01,0,14,0,0,1,1,1,1,1251,327,0
113,2018-12-01,1,23,3,0,1,1,1,1,945,353,0
113,2019-01-01,2,13,4,1,1,1,1,1,1443,372,0
113,2019-02-01,1,14,2,0,1,1,1,1,1280,332,0
113,2019-03-01,3,16,8,0,1,1,1,1,1318,438,0
113,2019-04-01,2,6,8,1,1,1,1,1,1021,401,0
113,2019-05-01,1,9,7,1,1,1,1,1,1111,365,0
113,2019-06-01,0,18,2,0,1,1,1,1,947,296,0
113,2019-07-01,3,11,10,0,1,1,1,1,1112,368,0
113,2019-08-01,4,19,6,1,1,1,1,1,909,308,0
113,2019-09-01,3,16,9,0,1,1,1,1,1329,290,0
113,2019-10-01,4,9,11,0,1,1,1,1,1252,310,0
113,2019-11-01,2,15,6,0,1,1,1,1,1105,346,0
113,2019-12-01,2,14,4,0,1,1,1,1,791,265,0
113,2020-01-01,2,8,10,0,1,1,1,1,1397,288,0
113,2020-02-01,3,12,8,0,1,1,1,1,1307,255,0
113,2020-03-01,2,15,9,0,1,1,1,1,1150,162,0
113,2020-04-01,1,10,11,0,1,1,1,1,257,96,0
113,2020-05-01,4,9,13,0,1,1,1,1,949,185,0
113,2020-06-01,5,20,17,0,1,1,1,1,981,98,0
113,2020-07-01,4,15,16,0,1,1,1,1,257,104,0
113,2020-08-01,5,25,13,0,1,1,1,1,281,105,0
113,2020-09-01,3,17,22,1,1,1,1,1,525,122,0
113,2020-10-01,3,9,14,0,1,1,1,1,803,118,0
113,2020-11-01,2,12,11,0,1,1,1,1,448,133,0
113,2020-12-01,3,15,14,0,1,1,1,1,467,125,0
113,2021-01-01,1,17,8,0,1,1,1,1,830,117,0
113,2021-02-01,5,9,14,0,1,1,1,1,718,106,0
113,2021-03-01,0,8,3,0,1,1,1,1,712,169,0
113,2021-04-01,2,10,12,0,1,1,1,1,442,168,0
113,2021-05-01,3,13,17,0,1,1,1,1,686,131,0
113,2021-06-01,8,7,22,0,1,1,1,1,826,164,0
113,2021-07-01,7,19,24,0,1,1,1,1,555,152,0
113,2021-08-01,7,7,19,0,1,1,1,1,729,159,0
113,2021-09-01,2,19,25,0,1,1,1,1,653,135,0
113,2021-10-01,0,12,8,0,1,1,1,1,880,137,0
113,2021-11-01,3,19,13,0,1,1,1,1,639,175,0
113,2021-12-01,6,20,27,0,1,1,1,1,570,126,0
113,2022-01-01,1,8,13,0,1,1,1,1,621,123,0
113,2022-02-01,2,9,10,0,1,1,1,1,726,119,0
113,2022-03-01,0,5,8,0,1,1,1,1,853,162,0
113,2022-04-01,3,5,11,1,1,1,1,1,615,142,0
113,2022-05-01,2,13,12,0,1,1,1,1,632,148,0
113,2022-06-01,2,18,11,0,1,1,1,1,950,141,0
113,2022-07-01,7,16,26,1,1,1,1,1,601,165,0
113,2022-08-01,3,18,11,0,1,1,1,1,481,171,0
113,2022-09-01,2,8,9,0,1,1,1,1,617,140,0
113,2022-10-01,2,7,6,0,1,1,1,1,556,153,1
113,2022-11-01,1,12,3,0,1,1,1,1,713,203,1
113,2022-12-01,0,13,5,0,1,1,1,1,779,186,1
113,2023-01-01,1,7,7,1,1,1,1,1,687,222,1
113,2023-02-01,2,13,12,0,1,1,1,1,714,215,1
113,2023-03-01,1,13,5,0,1,1,1,1,1177,225,1
113,2023-04-01,1,9,8,0,1,1,1,1,1054,200,1
113,2023-05-01,4,14,6,0,1,1,1,1,893,236,1
113,2023-06-01,0,17,7,0,1,1,1,1,1153,229,1
113,2023-07-01,1,16,9,1,1,1,1,1,1264,239,1
113,2023-08-01,1,9,4,1,1,1,1,1,1521,250,1
113,2023-09-01,0,11,5,0,1,1,1,1,1678,201,1
113,2023-10-01,1,10,5,1,1,1,1,1,1683,225,1
113,2023-11-01,2,14,4,3,1,1,1,1,1670,230,1
113,2023-12-01,4,8,11,2,1,1,1,1,1457,181,1
113,2024-01-01,1,12,6,0,1,1,1,1,1805,280,1
113,2024-02-01,1,6,5,1,1,1,1,1,1641,241,1
113,2024-03-01,3,15,7,0,1,1,1,1,1395,225,1
113,2024-04-01,0,12,4,2,1,1,1,1,1597,245,1
113,2024-05-01,1,16,10,0,1,1,1,1,1734,272,1
113,2024-06-01,2,14,8,0,1,1,1,1,1980,213,1
113,2024-07-01,1,8,8,0,1,1,1,1,1855,249,1
113,2024-08-01,0,10,5,2,1,1,1,1,2223,287,1
113,2024-09-01,4,13,8,1,1,1,1,1,2070,220,1
113,2024-10-01,0,11,4,0,1,1,1,1,2010,214,1
113,2024-11-01,2,12,6,0,1,1,1,1,1742,252,1
113,2024-12-01,0,11,1,2,1,1,1,1,1787,225,1
113,2025-01-01,3,8,9,0,1,1,1,1,2043,253,1
113,2025-02-01,0,9,1,0,1,1,1,1,1646,193,1
113,2025-03-01,1,7,3,0,1,1,1,1,1756,195,1
113,2025-04-01,0,4,0,0,1,1,1,1,1434,142,1
113,2025-05-01,1,8,2,0,1,1,1,1,1299,206,1
113,2025-06-01,2,12,4,0,1,1,1,1,968,187,1
113,2025-07-01,1,11,4,0,1,1,1,1,917,187,1
113,2025-08-01,0,9,0,0,1,1,1,1,1027,248,1
113,2025-09-01,1,16,6,0,1,1,1,1,1470,208,1
113,2025-10-01,1,12,4,0,1,1,1,1,1843,203,1
113,2025-11-01,1,8,2,0,1,1,1,1,1568,205,1
113,2025-12-01,0,4,0,0,1,1,1,1,1402,171,1
114,2018-01-01,1,12,4,0,1,1,1,1,1257,252,0
114,2018-02-01,1,15,4,0,1,1,1,1,1255,225,0
114,2018-03-01,2,14,4,0,1,1,1,1,1413,253,0
114,2018-04-01,0,15,0,0,1,1,1,1,1249,220,0
114,2018-05-01,2,12,6,0,1,1,1,1,1306,240,0
114,2018-06-01,3,17,6,0,1,1,1,1,1452,222,0
114,2018-07-01,5,19,8,0,1,1,1,1,1099,253,0
114,2018-08-01,2,15,4,0,1,1,1,1,1293,238,0
114,2018-09-01,2,17,3,1,1,1,1,1,1187,221,0
114,2018-10-01,0,22,0,0,1,1,1,1,1155,218,0
114,2018-11-01,2,17,3,0,1,1,1,1,1150,187,0
114,2018-12-01,1,19,2,0,1,1,1,1,988,209,0
114,2019-01-01,1,9,5,0,1,1,1,1,1359,224,0
114,2019-02-01,1,15,3,0,1,1,1,1,1108,181,0
114,2019-03-01,0,15,3,0,1,1,1,1,1348,220,0
114,2019-04-01,2,11,6,0,1,1,1,1,1199,207,0
114,2019-05-01,0,12,0,0,1,1,1,1,1212,218,0
114,2019-06-01,1,12,5,0,1,1,1,1,990,195,0
114,2019-07-01,4,14,12,0,1,1,1,1,1066,179,0
114,2019-08-01,2,17,7,0,1,1,1,1,891,179,0
114,2019-09-01,0,24,1,0,1,1,1,1,1082,121,0
114,2019-10-01,0,16,1,0,1,1,1,1,840,192,0
114,2019-11-01,2,19,4,0,1,1,1,1,941,129,0
114,2019-12-01,2,20,4,0,1,1,1,1,730,101,0
114,2020-01-01,1,15,5,0,1,1,1,1,1078,151,0
114,2020-02-01,0,15,1,0,1,1,1,1,1106,129,0
114,2020-03-01,0,7,3,0,1,1,1,1,690,117,0
114,2020-04-01,1,10,5,1,1,1,1,1,188,81,0
114,2020-05-01,3,15,6,0,1,1,1,1,781,132,0
114,2020-06-01,6,15,15,1,1,1,1,1,256,96,0
114,2020-07-01,3,13,10,0,1,1,1,1,205,74,0
114,2020-08-01,4,13,12,0,1,1,1,1,293,123,0
114,2020-09-01,3,19,11,0,1,1,1,1,485,133,0
114,2020-10-01,2,25,5,0,1,1,1,1,1069,146,0
114,2020-11-01,1,22,11,0,1,1,1,1,453,126,0
114,2020-12-01,0,23,1,0,1,1,1,1,691,126,0
114,2021-01-01,1,15,5,0,1,1,1,1,571,152,0
114,2021-02-01,2,7,7,0,1,1,1,1,610,146,0
114,2021-03-01,3,24,5,0,1,1,1,1,621,188,0
114,2021-04-01,2,19,7,0,1,1,1,1,387,170,0
114,2021-05-01,1,18,7,0,1,1,1,1,444,156,0
114,2021-06-01,2,23,7,0,1,1,1,1,841,175,0
114,2021-07-01,2,13,13,0,1,1,1,1,494,176,0
114,2021-08-01,1,16,5,0,1,1,1,1,482,179,0
114,2021-09-01,3,14,5,0,1,1,1,1,569,168,0
114,2021-10-01,4,19,9,0,1,1,1,1,496,178,0
114,2021-11-01,2,19,8,0,1,1,1,1,405,180,0
114,2021-12-01,2,18,3,0,1,1,1,1,273,162,0
114,2022-01-01,1,7,3,0,1,1,1,1,354,158,0
114,2022-02-01,1,23,2,1,1,1,1,1,436,192,0
114,2022-03-01,1,27,2,1,1,1,1,1,379,202,0
114,2022-04-01,0,21,2,0,1,1,1,1,340,213,0
114,2022-05-01,1,15,6,0,1,1,1,1,476,237,0
114,2022-06-01,2,22,6,0,1,1,1,1,626,190,0
114,2022-07-01,5,29,11,0,1,1,1,1,521,233,0
114,2022-08-01,2,15,10,1,1,1,1,1,504,177,0
114,2022-09-01,2,27,11,0,1,1,1,1,679,128,0
114,2022-10-01,1,23,6,0,1,1,1,1,623,145,1
114,2022-11-01,2,41,7,0,1,1,1,1,459,166,1
114,2022-12-01,0,16,1,1,1,1,1,1,588,129,1
114,2023-01-01,1,18,3,1,1,1,1,1,639,155,1
114,2023-02-01,2,20,4,2,1,1,1,1,538,160,1
114,2023-03-01,5,23,10,1,1,1,1,1,717,197,1
114,2023-04-01,2,27,10,0,1,1,1,1,583,136,1
114,2023-05-01,3,22,8,3,1,1,1,1,608,198,1
114,2023-06-01,2,22,6,0,1,1,1,1,507,123,1
114,2023-07-01,1,27,6,0,1,1,1,1,478,120,1
114,2023-08-01,3,18,6,2,1,1,1,1,632,146,1
114,2023-09-01,2,28,6,1,1,1,1,1,502,154,1
114,2023-10-01,1,24,5,1,1,1,1,1,427,167,1
114,2023-11-01,3,23,4,3,1,1,1,1,497,140,1
114,2023-12-01,0,26,4,8,1,1,1,1,381,150,1
114,2024-01-01,1,20,5,0,1,1,1,1,464,173,1
114,2024-02-01,0,33,3,3,1,1,1,1,601,152,1
114,2024-03-01,1,25,2,0,1,1,1,1,923,173,1
114,2024-04-01,0,25,3,0,1,1,1,1,693,149,1
114,2024-05-01,1,30,4,2,1,1,1,1,651,175,1
114,2024-06-01,1,27,7,4,1,1,1,1,760,205,1
114,2024-07-01,0,28,3,3,1,1,1,1,1132,154,1
114,2024-08-01,1,21,3,0,1,1,1,1,1092,243,1
114,2024-09-01,0,24,1,1,1,1,1,1,785,218,1
114,2024-10-01,0,26,5,1,1,1,1,1,946,203,1
114,2024-11-01,1,23,9,2,1,1,1,1,1247,171,1
114,2024-12-01,1,19,3,1,1,1,1,1,887,175,1
114,2025-01-01,3,16,4,1,1,1,1,1,937,234,1
114,2025-02-01,2,10,4,0,1,1,1,1,929,216,1
114,2025-03-01,0,15,4,0,1,1,1,1,897,232,1
114,2025-04-01,2,7,4,0,1,1,1,1,598,210,1
114,2025-05-01,0,20,1,0,1,1,1,1,802,215,1
114,2025-06-01,0,23,4,1,1,1,1,1,735,195,1
114,2025-07-01,1,20,5,0,1,1,1,1,700,185,1
114,2025-08-01,1,16,6,0,1,1,1,1,638,191,1
114,2025-09-01,0,19,1,0,1,1,1,1,699,217,1
114,2025-10-01,0,15,3,0,1,1,1,1,892,210,1
114,2025-11-01,2,21,7,0,1,1,1,1,1014,208,1
114,2025-12-01,1,24,2,0,1,1,1,1,804,194,1
115,2018-01-01,0,22,0,0,0,1,0,1,1090,273,0
115,2018-02-01,1,13,2,0,0,1,0,1,877,253,0
115,2018-03-01,0,17,0,0,0,1,0,1,1028,277,0
115,2018-04-01,0,26,1,0,0,1,0,1,1018,242,0
115,2018-05-01,0,30,0,0,0,1,0,1,1431,264,0
115,2018-06-01,0,13,1,0,0,1,0,1,969,235,0
115,2018-07-01,0,32,0,0,0,1,0,1,881,233,0
115,2018-08-01,0,29,0,0,0,1,0,1,1016,267,0
115,2018-09-01,1,17,1,0,0,1,0,1,901,263,0
115,2018-10-01,0,18,0,0,0,1,0,1,1004,220,0
115,2018-11-01,0,18,0,0,0,1,0,1,953,195,0
115,2018-12-01,0,14,0,0,0,1,0,1,875,184,0
115,2019-01-01,0,15,0,0,0,1,0,1,1001,242,0
115,2019-02-01,1,16,2,0,0,1,0,1,895,253,0
115,2019-03-01,0,17,2,0,0,1,0,1,1368,236,0
115,2019-04-01,2,20,4,0,0,1,0,1,1040,202,0
115,2019-05-01,0,12,0,0,0,1,0,1,1192,253,0
115,2019-06-01,0,25,0,0,0,1,0,1,1032,207,0
115,2019-07-01,2,32,4,1,0,1,0,1,1085,279,0
115,2019-08-01,1,30,3,0,0,1,0,1,981,244,0
115,2019-09-01,0,24,0,0,0,1,0,1,1046,205,0
115,2019-10-01,0,20,0,0,0,1,0,1,818,223,0
115,2019-11-01,0,28,0,0,0,1,0,1,911,207,0
115,2019-12-01,1,8,2,0,0,1,0,1,826,167,0
115,2020-01-01,1,17,1,0,0,1,0,1,1116,201,0
115,2020-02-01,1,14,1,0,0,1,0,1,1156,170,0
115,2020-03-01,1,12,2,0,0,1,0,1,912,139,0
115,2020-04-01,0,12,0,0,0,1,0,1,136,107,0
115,2020-05-01,0,20,0,0,0,1,0,1,556,162,0
115,2020-06-01,0,12,2,0,0,1,0,1,241,98,0
115,2020-07-01,0,23,0,0,0,1,0,1,278,83,0
115,2020-08-01,1,24,2,0,0,1,0,1,238,82,0
115,2020-09-01,2,13,3,0,0,1,0,1,325,77,0
115,2020-10-01,1,23,3,0,0,1,0,1,557,149,0
115,2020-11-01,0,28,0,1,0,1,0,1,327,104,0
115,2020-12-01,0,22,0,0,0,1,0,1,242,117,0
115,2021-01-01,1,23,1,0,0,1,0,1,271,116,0
115,2021-02-01,0,18,1,0,0,1,0,1,480,122,0
115,2021-03-01,0,10,2,0,0,1,0,1,539,129,0
115,2021-04-01,0,19,2,0,0,1,0,1,221,121,0
115,2021-05-01,1,18,2,0,0,1,0,1,275,127,0
115,2021-06-01,0,25,1,0,0,1,0,1,473,140,0
115,2021-07-01,3,25,4,0,0,1,0,1,372,129,0
115,2021-08-01,0,22,3,0,0,1,0,1,385,123,0
115,2021-09-01,0,22,2,0,0,1,0,1,431,89,0
115,2021-10-01,0,17,1,0,0,1,0,1,434,128,0
115,2021-11-01,2,24,6,0,0,1,0,1,404,127,0
115,2021-12-01,2,25,3,0,0,1,0,1,428,96,0
115,2022-01-01,1,25,1,0,0,1,0,1,430,135,0
115,2022-02-01,1,22,1,0,0,1,0,1,458,120,0
115,2022-03-01,3,17,3,0,0,1,0,1,541,123,0
115,2022-04-01,0,13,2,0,0,1,0,1,441,148,0
115,2022-05-01,0,27,0,0,0,1,0,1,533,145,0
115,2022-06-01,0,23,1,0,0,1,0,1,659,134,0
115,2022-07-01,0,29,1,1,0,1,0,1,708,153,0
115,2022-08-01,2,32,4,0,0,1,0,1,485,141,0
115,2022-09-01,0,29,0,0,0,1,0,1,645,118,0
115,2022-10-01,0,37,0,0,0,1,0,1,561,155,1
115,2022-11-01,0,34,2,0,0,1,0,1,491,142,1
115,2022-12-01,2,26,2,0,0,1,0,1,524,123,1
115,2023-01-01,1,25,1,1,0,1,0,1,790,129,1
115,2023-02-01,0,19,0,0,0,1,0,1,694,162,1
115,2023-03-01,0,17,2,0,0,1,0,1,825,176,1
115,2023-04-01,1,23,2,0,0,1,0,1,665,161,1
115,2023-05-01,0,32,0,1,0,1,0,1,990,175,1
115,2023-06-01,0,32,0,0,0,1,0,1,697,149,1
115,2023-07-01,2,35,4,1,0,1,0,1,692,157,1
115,2023-08-01,0,35,1,0,0,1,0,1,870,159,1
115,2023-09-01,0,33,0,0,0,1,0,1,627,160,1
115,2023-10-01,0,48,2,0,0,1,0,1,527,180,1
115,2023-11-01,0,29,1,1,0,1,0,1,607,176,1
115,2023-12-01,1,38,1,0,0,1,0,1,476,171,1
115,2024-01-01,0,32,1,0,0,1,0,1,984,231,1
115,2024-02-01,0,28,0,1,0,1,0,1,1018,218,1
115,2024-03-01,0,31,0,0,0,1,0,1,959,228,1
115,2024-04-01,0,29,1,0,0,1,0,1,990,224,1
115,2024-05-01,0,33,1,0,0,1,0,1,1097,236,1
115,2024-06-01,1,55,2,0,0,1,0,1,1457,267,1
115,2024-07-01,0,46,1,2,0,1,0,1,1153,284,1
115,2024-08-01,1,42,1,0,0,1,0,1,1518,324,1
115,2024-09-01,3,34,3,0,0,1,0,1,904,271,1
115,2024-10-01,0,36,0,0,0,1,0,1,1173,296,1
115,2024-11-01,1,34,2,0,0,1,0,1,1111,253,1
115,2024-12-01,0,36,0,1,0,1,0,1,967,215,1
115,2025-01-01,0,15,1,0,0,1,0,1,1074,282,1
115,2025-02-01,0,21,1,1,0,1,0,1,751,223,1
115,2025-03-01,0,26,0,0,0,1,0,1,857,301,1
115,2025-04-01,0,30,2,0,0,1,0,1,675,257,1
115,2025-05-01,0,28,2,1,0,1,0,1,1359,295,1
115,2025-06-01,0,26,1,0,0,1,0,1,924,224,1
115,2025-07-01,0,31,0,0,0,1,0,1,1009,234,1
115,2025-08-01,0,33,0,1,0,1,0,1,869,271,1
115,2025-09-01,1,31,1,1,0,1,0,1,868,256,1
115,2025-10-01,0,29,1,0,0,1,0,1,1082,236,1
115,2025-11-01,0,10,1,0,0,1,0,1,1295,246,1
115,2025-12-01,0,17,0,0,0,1,0,1,961,148,1
120,2018-01-01,0,15,0,0,1,0,1,1,1160,209,0
120,2018-02-01,1,7,3,0,1,0,1,1,1148,232,0
120,2018-03-01,0,9,2,0,1,0,1,1,1363,219,0
120,2018-04-01,1,9,3,0,1,0,1,1,1168,250,0
120,2018-05-01,1,15,6,0,1,0,1,1,1246,291,0
120,2018-06-01,2,12,6,0,1,0,1,1,1155,213,0
120,2018-07-01,1,15,3,0,1,0,1,1,798,254,0
120,2018-08-01,4,13,10,2,1,0,1,1,975,257,0
120,2018-09-01,0,12,6,0,1,0,1,1,820,227,0
120,2018-10-01,2,16,6,0,1,0,1,1,1261,244,0
120,2018-11-01,0,11,0,0,1,0,1,1,839,192,0
120,2018-12-01,3,14,7,0,1,0,1,1,716,174,0
120,2019-01-01,1,2,3,0,1,0,1,1,1163,211,0
120,2019-02-01,0,6,3,1,1,0,1,1,1100,189,0
120,2019-03-01,0,7,4,0,1,0,1,1,1240,167,0
120,2019-04-01,1,10,3,1,1,0,1,1,1062,162,0
120,2019-05-01,0,10,1,0,1,0,1,1,1142,155,0
120,2019-06-01,2,3,5,0,1,0,1,1,1194,155,0
120,2019-07-01,1,6,3,0,1,0,1,1,1020,194,0
120,2019-08-01,2,5,6,0,1,0,1,1,617,121,0
120,2019-09-01,2,10,3,0,1,0,1,1,518,147,0
120,2019-10-01,0,13,0,0,1,0,1,1,741,140,0
120,2019-11-01,1,12,2,0,1,0,1,1,664,118,0
120,2019-12-01,2,10,3,0,1,0,1,1,466,123,0
120,2020-01-01,0,7,5,1,1,0,1,1,976,146,0
120,2020-02-01,2,12,4,0,1,0,1,1,739,147,0
120,2020-03-01,2,11,4,0,1,0,1,1,453,112,0
120,2020-04-01,1,2,6,0,1,0,1,1,39,60,0
120,2020-05-01,2,9,5,0,1,0,1,1,199,115,0
120,2020-06-01,3,7,8,0,1,0,1,1,8,44,0
120,2020-07-01,7,6,14,0,1,0,1,1,3,47,0
120,2020-08-01,1,9,7,0,1,0,1,1,28,60,0
120,2020-09-01,1,9,11,0,1,0,1,1,175,104,0
120,2020-10-01,0,12,6,0,1,0,1,1,153,92,0
120,2020-11-01,3,7,5,0,1,0,1,1,136,88,0
120,2020-12-01,2,12,11,0,1,0,1,1,126,96,0
120,2021-01-01,1,8,3,0,1,0,1,1,203,104,0
120,2021-02-01,2,9,5,1,1,0,1,1,255,90,0
120,2021-03-01,2,2,6,0,1,0,1,1,389,140,0
120,2021-04-01,5,7,14,0,1,0,1,1,226,86,0
120,2021-05-01,2,6,7,0,1,0,1,1,353,86,0
120,2021-06-01,6,8,12,0,1,0,1,1,402,108,0
120,2021-07-01,1,9,3,0,1,0,1,1,455,133,0
120,2021-08-01,1,7,9,1,1,0,1,1,475,124,0
120,2021-09-01,1,10,5,0,1,0,1,1,609,108,0
120,2021-10-01,2,6,7,0,1,0,1,1,568,138,0
120,2021-11-01,3,9,4,0,1,0,1,1,585,138,0
120,2021-12-01,0,5,3,0,1,0,1,1,309,117,0
120,2022-01-01,2,11,6,0,1,0,1,1,436,128,0
120,2022-02-01,0,5,1,0,1,0,1,1,422,134,0
120,2022-03-01,1,5,8,1,1,0,1,1,483,174,0
120,2022-04-01,1,9,3,1,1,0,1,1,371,199,0
120,2022-05-01,2,7,8,0,1,0,1,1,556,182,0
120,2022-06-01,4,9,7,0,1,0,1,1,489,195,0
120,2022-07-01,4,12,12,1,1,0,1,1,451,175,0
120,2022-08-01,0,16,8,0,1,0,1,1,245,175,0
120,2022-09-01,3,8,11,0,1,0,1,1,455,177,0
120,2022-10-01,0,8,5,0,1,0,1,1,661,169,1
120,2022-11-01,2,15,7,0,1,0,1,1,448,180,1
120,2022-12-01,0,12,4,0,1,0,1,1,531,137,1
120,2023-01-01,0,24,4,0,1,0,1,1,656,165,1
120,2023-02-01,1,14,6,0,1,0,1,1,671,159,1
120,2023-03-01,1,14,4,1,1,0,1,1,713,190,1
120,2023-04-01,2,14,9,0,1,0,1,1,415,175,1
120,2023-05-01,2,6,3,0,1,0,1,1,593,224,1
120,2023-06-01,5,17,6,0,1,0,1,1,638,265,1
120,2023-07-01,4,8,5,1,1,0,1,1,440,202,1
120,2023-08-01,2,11,5,2,1,0,1,1,583,219,1
120,2023-09-01,0,12,2,3,1,0,1,1,579,206,1
120,2023-10-01,2,9,4,0,1,0,1,1,377,273,1
120,2023-11-01,2,23,3,1,1,0,1,1,591,232,1
120,2023-12-01,0,11,8,1,1,0,1,1,449,218,1
120,2024-01-01,2,9,8,2,1,0,1,1,658,262,1
120,2024-02-01,1,9,2,2,1,0,1,1,447,270,1
120,2024-03-01,1,16,5,0,1,0,1,1,548,285,1
120,2024-04-01,1,15,6,0,1,0,1,1,470,246,1
120,2024-05-01,0,12,0,0,1,0,1,1,891,260,1
120,2024-06-01,1,6,2,1,1,0,1,1,654,284,1
120,2024-07-01,0,12,2,1,1,0,1,1,450,267,1
120,2024-08-01,0,12,5,1,1,0,1,1,554,291,1
120,2024-09-01,3,6,9,1,1,0,1,1,484,246,1
120,2024-10-01,1,12,6,1,1,0,1,1,507,307,1
120,2024-11-01,1,14,2,0,1,0,1,1,503,254,1
120,2024-12-01,0,5,5,0,1,0,1,1,578,232,1
120,2025-01-01,0,17,4,1,1,0,1,1,698,341,1
120,2025-02-01,1,13,4,0,1,0,1,1,697,278,1
120,2025-03-01,1,6,4,0,1,0,1,1,727,347,1
120,2025-04-01,0,11,2,0,1,0,1,1,851,363,1
120,2025-05-01,0,10,1,0,1,0,1,1,749,399,1
120,2025-06-01,0,13,1,1,1,0,1,1,467,332,1
120,2025-07-01,2,15,6,0,1,0,1,1,447,365,1
120,2025-08-01,0,15,0,0,1,0,1,1,491,363,1
120,2025-09-01,2,12,5,0,1,0,1,1,360,274,1
120,2025-10-01,2,16,4,0,1,0,1,1,580,325,1
120,2025-11-01,1,12,6,0,1,0,1,1,797,281,1
120,2025-12-01,0,4,1,0,1,0,1,1,680,257,1
121,2018-01-01,0,8,0,0,0,0,0,0,1375,200,0
121,2018-02-01,0,10,0,0,0,0,0,0,1497,131,0
121,2018-03-01,0,6,0,0,0,0,0,0,1413,147,0
121,2018-04-01,0,6,1,0,0,0,0,0,1231,145,0
121,2018-05-01,1,15,1,0,0,0,0,0,1839,159,0
121,2018-06-01,0,8,3,0,0,0,0,0,1381,122,0
121,2018-07-01,0,16,0,0,0,0,0,0,1229,167,0
121,2018-08-01,0,8,1,0,0,0,0,0,1190,154,0
121,2018-09-01,1,14,2,0,0,0,0,0,1069,101,0
121,2018-10-01,0,12,2,0,0,0,0,0,1145,166,0
121,2018-11-01,0,15,0,0,0,0,0,0,1003,117,0
121,2018-12-01,0,8,0,0,0,0,0,0,945,143,0
121,2019-01-01,1,5,1,0,0,0,0,0,1085,157,0
121,2019-02-01,0,6,0,0,0,0,0,0,1170,151,0
121,2019-03-01,0,6,0,0,0,0,0,0,1433,143,0
121,2019-04-01,1,6,2,0,0,0,0,0,1134,126,0
121,2019-05-01,1,4,4,0,0,0,0,0,1508,139,0
121,2019-06-01,1,12,3,0,0,0,0,0,1611,113,0
121,2019-07-01,0,13,0,0,0,0,0,0,1351,159,0
121,2019-08-01,1,2,4,0,0,0,0,0,1191,151,0
121,2019-09-01,0,3,3,0,0,0,0,0,1368,144,0
121,2019-10-01,1,11,2,0,0,0,0,0,1116,107,0
121,2019-11-01,0,8,1,0,0,0,0,0,975,132,0
121,2019-12-01,1,5,4,0,0,0,0,0,992,109,0
121,2020-01-01,1,6,4,0,0,0,0,0,1131,125,0
121,2020-02-01,0,8,0,0,0,0,0,0,949,141,0
121,2020-03-01,1,2,3,0,0,0,0,0,728,106,0
121,2020-04-01,1,2,2,0,0,0,0,0,85,42,0
121,2020-05-01,1,5,2,0,0,0,0,0,493,93,0
121,2020-06-01,0,13,4,0,0,0,0,0,144,38,0
121,2020-07-01,3,9,8,0,0,0,0,0,58,41,0
121,2020-08-01,1,8,5,0,0,0,0,0,100,58,0
121,2020-09-01,3,4,5,0,0,0,0,0,295,85,0
121,2020-10-01,0,3,0,0,0,0,0,0,219,96,0
121,2020-11-01,2,15,7,0,0,0,0,0,324,83,0
121,2020-12-01,0,4,0,0,0,0,0,0,361,112,0
121,2021-01-01,0,0,1,0,0,0,0,0,445,141,0
121,2021-02-01,0,7,0,0,0,0,0,0,317,116,0
121,2021-03-01,0,8,1,0,0,0,0,0,485,112,0
121,2021-04-01,1,4,4,0,0,0,0,0,404,83,0
121,2021-05-01,1,4,3,0,0,0,0,0,400,88,0
121,2021-06-01,0,6,0,0,0,0,0,0,519,128,0
121,2021-07-01,1,1,3,0,0,0,0,0,429,118,0
121,2021-08-01,0,11,0,0,0,0,0,0,653,110,0
121,2021-09-01,1,4,2,0,0,0,0,0,658,124,0
121,2021-10-01,1,10,5,0,0,0,0,0,635,118,0
121,2021-11-01,0,5,2,0,0,0,0,0,595,109,0
121,2021-12-01,0,6,0,0,0,0,0,0,648,101,0
121,2022-01-01,1,5,1,0,0,0,0,0,763,109,0
121,2022-02-01,0,10,3,0,0,0,0,0,641,131,0
121,2022-03-01,2,6,6,0,0,0,0,0,635,140,0
121,2022-04-01,0,3,2,0,0,0,0,0,868,155,0
121,2022-05-01,1,4,6,0,0,0,0,0,751,130,0
121,2022-06-01,1,2,1,0,0,0,0,0,688,122,0
121,2022-07-01,0,9,3,0,0,0,0,0,707,119,0
121,2022-08-01,1,3,4,0,0,0,0,0,625,109,0
121,2022-09-01,0,14,2,0,0,0,0,0,731,108,0
121,2022-10-01,0,12,3,0,0,0,0,0,820,128,1
121,2022-11-01,0,7,3,1,0,0,0,0,696,102,1
121,2022-12-01,0,13,1,0,0,0,0,0,631,128,1
121,2023-01-01,0,6,0,0,0,0,0,0,659,135,1
121,2023-02-01,1,5,3,0,0,0,0,0,696,115,1
121,2023-03-01,1,6,3,1,0,0,0,0,885,95,1
121,2023-04-01,0,7,3,0,0,0,0,0,572,131,1
121,2023-05-01,0,5,1,0,0,0,0,0,612,137,1
121,2023-06-01,0,7,2,0,0,0,0,0,727,117,1
121,2023-07-01,0,8,2,0,0,0,0,0,620,143,1
121,2023-08-01,0,12,1,0,0,0,0,0,669,137,1
121,2023-09-01,0,10,1,2,0,0,0,0,562,128,1
121,2023-10-01,0,4,0,1,0,0,0,0,562,145,1
121,2023-11-01,0,4,0,0,0,0,0,0,646,164,1
121,2023-12-01,0,7,3,0,0,0,0,0,525,123,1
121,2024-01-01,0,6,0,1,0,0,0,0,835,182,1
121,2024-02-01,0,6,0,2,0,0,0,0,493,143,1
121,2024-03-01,1,6,1,0,0,0,0,0,637,164,1
121,2024-04-01,0,10,2,0,0,0,0,0,622,135,1
121,2024-05-01,0,8,1,0,0,0,0,0,694,149,1
121,2024-06-01,0,7,0,0,0,0,0,0,618,123,1
121,2024-07-01,2,11,4,0,0,0,0,0,382,141,1
121,2024-08-01,0,5,1,0,0,0,0,0,465,148,1
121,2024-09-01,0,14,1,2,0,0,0,0,512,114,1
121,2024-10-01,0,9,0,0,0,0,0,0,640,141,1
121,2024-11-01,0,5,1,0,0,0,0,0,537,157,1
121,2024-12-01,0,2,0,1,0,0,0,0,552,171,1
121,2025-01-01,0,4,1,0,0,0,0,0,844,171,1
121,2025-02-01,0,6,2,0,0,0,0,0,734,147,1
121,2025-03-01,1,2,1,4,0,0,0,0,1106,161,1
121,2025-04-01,0,6,2,0,0,0,0,0,501,147,1
121,2025-05-01,0,14,4,1,0,0,0,0,480,167,1
121,2025-06-01,0,8,2,0,0,0,0,0,275,133,1
121,2025-07-01,0,6,2,0,0,0,0,0,455,133,1
121,2025-08-01,0,5,2,0,0,0,0,0,383,128,1
121,2025-09-01,0,7,2,0,0,0,0,0,443,125,1
121,2025-10-01,0,6,0,1,0,0,0,0,637,151,1
121,2025-11-01,0,12,1,0,0,0,0,0,660,108,1
121,2025-12-01,0,8,2,0,0,0,0,0,637,138,1
122,2018-01-01,0,5,0,0,0,0,0,1,1236,102,0
122,2018-02-01,0,5,0,0,0,0,0,1,1269,140,0
122,2018-03-01,0,4,0,0,0,0,0,1,1392,119,0
122,2018-04-01,0,3,0,0,0,0,0,1,1437,147,0
122,2018-05-01,0,4,0,0,0,0,0,1,1707,101,0
122,2018-06-01,0,6,0,0,0,0,0,1,1668,121,0
122,2018-07-01,0,2,1,0,0,0,0,1,1654,136,0
122,2018-08-01,0,2,0,0,0,0,0,1,1759,98,0
122,2018-09-01,0,4,0,0,0,0,0,1,1140,102,0
122,2018-10-01,0,3,0,0,0,0,0,1,1202,111,0
122,2018-11-01,0,0,1,0,0,0,0,1,1270,101,0
122,2018-12-01,0,3,1,0,0,0,0,1,1046,92,0
122,2019-01-01,0,1,0,1,0,0,0,1,1369,113,0
122,2019-02-01,0,2,0,0,0,0,0,1,1264,107,0
122,2019-03-01,1,3,2,0,0,0,0,1,1249,135,0
122,2019-04-01,0,3,2,0,0,0,0,1,1270,112,0
122,2019-05-01,0,3,0,0,0,0,0,1,1426,125,0
122,2019-06-01,0,3,0,0,0,0,0,1,1587,115,0
122,2019-07-01,0,8,0,0,0,0,0,1,1397,125,0
122,2019-08-01,0,8,1,0,0,0,0,1,1184,98,0
122,2019-09-01,1,4,1,0,0,0,0,1,1109,101,0
122,2019-10-01,0,1,1,0,0,0,0,1,1147,83,0
122,2019-11-01,1,3,1,0,0,0,0,1,964,73,0
122,2019-12-01,1,1,2,0,0,0,0,1,579,55,0
122,2020-01-01,0,7,0,0,0,0,0,1,1132,67,0
122,2020-02-01,0,10,0,0,0,0,0,1,1025,76,0
122,2020-03-01,0,7,0,0,0,0,0,1,799,87,0
122,2020-04-01,0,2,1,0,0,0,0,1,72,53,0
122,2020-05-01,0,1,0,0,0,0,0,1,344,67,0
122,2020-06-01,1,2,2,0,0,0,0,1,54,36,0
122,2020-07-01,0,3,2,0,0,0,0,1,12,30,0
122,2020-08-01,0,4,3,1,0,0,0,1,25,44,0
122,2020-09-01,1,4,2,0,0,0,0,1,124,45,0
122,2020-10-01,1,4,1,0,0,0,0,1,218,52,0
122,2020-11-01,1,4,2,0,0,0,0,1,261,59,0
122,2020-12-01,0,2,1,1,0,0,0,1,286,62,0
122,2021-01-01,0,2,0,0,0,0,0,1,466,67,0
122,2021-02-01,0,3,0,0,0,0,0,1,321,50,0
122,2021-03-01,0,3,0,0,0,0,0,1,410,95,0
122,2021-04-01,0,2,0,0,0,0,0,1,327,57,0
122,2021-05-01,0,6,0,0,0,0,0,1,577,62,0
122,2021-06-01,0,4,0,0,0,0,0,1,582,65,0
122,2021-07-01,0,5,0,0,0,0,0,1,595,65,0
122,2021-08-01,0,3,1,0,0,0,0,1,638,72,0
122,2021-09-01,1,3,2,0,0,0,0,1,723,66,0
122,2021-10-01,1,3,2,0,0,0,0,1,771,81,0
122,2021-11-01,1,5,2,0,0,0,0,1,688,60,0
122,2021-12-01,0,5,1,0,0,0,0,1,518,55,0
122,2022-01-01,0,3,0,0,0,0,0,1,517,58,0
122,2022-02-01,0,5,0,0,0,0,0,1,429,75,0
122,2022-03-01,0,7,1,0,0,0,0,1,593,60,0
122,2022-04-01,0,5,1,0,0,0,0,1,538,68,0
122,2022-05-01,0,3,0,0,0,0,0,1,786,72,0
122,2022-06-01,0,7,1,0,0,0,0,1,556,72,0
122,2022-07-01,0,5,0,0,0,0,0,1,721,80,0
122,2022-08-01,0,3,0,0,0,0,0,1,702,70,0
122,2022-09-01,0,7,3,0,0,0,0,1,690,74,0
122,2022-10-01,0,6,0,0,0,0,0,1,808,75,1
122,2022-11-01,0,6,0,0,0,0,0,1,592,60,1
122,2022-12-01,0,5,0,0,0,0,0,1,667,61,1
122,2023-01-01,0,6,1,0,0,0,0,1,910,111,1
122,2023-02-01,0,6,0,0,0,0,0,1,783,64,1
122,2023-03-01,0,2,0,0,0,0,0,1,931,85,1
122,2023-04-01,0,9,0,0,0,0,0,1,548,78,1
122,2023-05-01,1,2,1,0,0,0,0,1,682,82,1
122,2023-06-01,0,2,0,0,0,0,0,1,626,77,1
122,2023-07-01,0,5,1,0,0,0,0,1,581,75,1
122,2023-08-01,1,5,1,2,0,0,0,1,591,84,1
122,2023-09-01,0,4,0,0,0,0,0,1,500,57,1
122,2023-10-01,0,2,0,0,0,0,0,1,376,77,1
122,2023-11-01,0,4,0,0,0,0,0,1,515,74,1
122,2023-12-01,0,3,0,3,0,0,0,1,357,72,1
122,2024-01-01,0,5,0,0,0,0,0,1,535,81,1
122,2024-02-01,0,7,0,0,0,0,0,1,568,89,1
122,2024-03-01,0,7,0,0,0,0,0,1,728,76,1
122,2024-04-01,0,2,0,0,0,0,0,1,1623,87,1
122,2024-05-01,0,5,2,0,0,0,0,1,718,118,1
122,2024-06-01,1,4,2,0,0,0,0,1,596,74,1
122,2024-07-01,0,4,0,0,0,0,0,1,626,90,1
122,2024-08-01,0,2,0,0,0,0,0,1,734,72,1
122,2024-09-01,0,8,0,0,0,0,0,1,535,84,1
122,2024-10-01,0,6,1,1,0,0,0,1,694,68,1
122,2024-11-01,0,1,0,0,0,0,0,1,613,68,1
122,2024-12-01,0,3,2,0,0,0,0,1,846,60,1
122,2025-01-01,0,5,0,0,0,0,0,1,1228,100,1
122,2025-02-01,0,1,1,1,0,0,0,1,1267,70,1
122,2025-03-01,0,6,0,0,0,0,0,1,1366,86,1
122,2025-04-01,0,4,0,0,0,0,0,1,843,92,1
122,2025-05-01,0,5,0,0,0,0,0,1,727,96,1
122,2025-06-01,1,4,1,0,0,0,0,1,514,103,1
122,2025-07-01,0,4,1,0,0,0,0,1,771,69,1
122,2025-08-01,0,5,1,0,0,0,0,1,857,70,1
122,2025-09-01,0,4,1,0,0,0,0,1,408,85,1
122,2025-10-01,0,3,0,0,0,0,0,1,743,76,1
122,2025-11-01,0,6,0,0,0,0,0,1,810,72,1
122,2025-12-01,0,1,0,0,0,0,0,1,552,77,1
123,2018-01-01,1,0,2,0,0,0,0,0,1155,90,0
123,2018-02-01,0,0,0,0,0,0,0,0,1148,81,0
123,2018-03-01,1,0,2,0,0,0,0,0,1052,82,0
123,2018-04-01,0,3,0,0,0,0,0,0,1135,107,0
123,2018-05-01,0,1,0,0,0,0,0,0,1085,82,0
123,2018-06-01,0,1,0,0,0,0,0,0,967,66,0
123,2018-07-01,0,1,0,0,0,0,0,0,869,52,0
123,2018-08-01,0,0,0,0,0,0,0,0,1006,71,0
123,2018-09-01,0,4,0,0,0,0,0,0,888,74,0
123,2018-10-01,1,1,1,0,0,0,0,0,969,68,0
123,2018-11-01,0,0,0,0,0,0,0,0,731,68,0
123,2018-12-01,0,0,0,0,0,0,0,0,731,88,0
123,2019-01-01,0,3,0,0,0,0,0,0,849,66,0
123,2019-02-01,0,0,0,0,0,0,0,0,865,55,0
123,2019-03-01,0,0,0,0,0,0,0,0,1043,78,0
123,2019-04-01,0,0,0,0,0,0,0,0,931,53,0
123,2019-05-01,0,2,0,0,0,0,0,0,915,53,0
123,2019-06-01,0,2,0,0,0,0,0,0,1134,89,0
123,2019-07-01,0,0,0,0,0,0,0,0,873,53,0
123,2019-08-01,0,1,0,0,0,0,0,0,878,44,0
123,2019-09-01,0,1,0,0,0,0,0,0,915,64,0
123,2019-10-01,0,1,0,0,0,0,0,0,858,48,0
123,2019-11-01,0,1,0,0,0,0,0,0,731,39,0
123,2019-12-01,1,1,3,0,0,0,0,0,748,42,0
123,2020-01-01,0,2,0,0,0,0,0,0,763,64,0
123,2020-02-01,0,1,0,0,0,0,0,0,801,34,0
123,2020-03-01,0,0,0,0,0,0,0,0,597,46,0
123,2020-04-01,0,1,0,0,0,0,0,0,188,36,0
123,2020-05-01,0,0,0,1,0,0,0,0,330,46,0
123,2020-06-01,0,0,0,0,0,0,0,0,133,28,0
123,2020-07-01,0,0,0,0,0,0,0,0,15,26,0
123,2020-08-01,0,1,0,0,0,0,0,0,29,55,0
123,2020-09-01,0,3,0,0,0,0,0,0,115,28,0
123,2020-10-01,0,3,0,0,0,0,0,0,159,48,0
123,2020-11-01,0,0,0,0,0,0,0,0,190,30,0
123,2020-12-01,0,3,0,0,0,0,0,0,179,45,0
123,2021-01-01,0,0,0,0,0,0,0,0,416,56,0
123,2021-02-01,0,0,0,0,0,0,0,0,432,55,0
123,2021-03-01,0,0,1,0,0,0,0,0,350,57,0
123,2021-04-01,0,1,1,0,0,0,0,0,386,33,0
123,2021-05-01,0,2,0,0,0,0,0,0,382,56,0
123,2021-06-01,0,1,0,0,0,0,0,0,499,62,0
123,2021-07-01,0,1,0,0,0,0,0,0,377,49,0
123,2021-08-01,0,0,0,0,0,0,0,0,543,34,0
123,2021-09-01,0,2,0,0,0,0,0,0,618,52,0
123,2021-10-01,0,0,0,0,0,0,0,0,513,39,0
123,2021-11-01,1,3,1,0,0,0,0,0,440,54,0
123,2021-12-01,1,1,1,0,0,0,0,0,395,49,0
123,2022-01-01,0,0,1,0,0,0,0,0,539,39,0
123,2022-02-01,0,0,0,0,0,0,0,0,493,47,0
123,2022-03-01,0,2,0,0,0,0,0,0,505,69,0
123,2022-04-01,0,2,0,0,0,0,0,0,485,71,0
123,2022-05-01,0,0,0,0,0,0,0,0,415,53,0
123,2022-06-01,0,3,0,0,0,0,0,0,490,53,0
123,2022-07-01,1,2,1,0,0,0,0,0,387,39,0
123,2022-08-01,0,4,0,0,0,0,0,0,513,43,0
123,2022-09-01,0,3,0,0,0,0,0,0,500,50,0
123,2022-10-01,2,1,2,0,0,0,0,0,464,70,1
123,2022-11-01,0,1,0,0,0,0,0,0,454,71,1
123,2022-12-01,0,4,1,0,0,0,0,0,418,66,1
123,2023-01-01,0,1,0,0,0,0,0,0,503,65,1
123,2023-02-01,0,2,0,0,0,0,0,0,512,76,1
123,2023-03-01,0,0,0,0,0,0,0,0,417,76,1
123,2023-04-01,0,1,0,1,0,0,0,0,459,67,1
123,2023-05-01,0,1,0,0,0,0,0,0,342,56,1
123,2023-06-01,0,5,0,0,0,0,0,0,296,53,1
123,2023-07-01,1,4,1,1,0,0,0,0,410,54,1
123,2023-08-01,0,0,1,0,0,0,0,0,531,49,1
123,2023-09-01,0,1,0,0,0,0,0,0,401,35,1
123,2023-10-01,1,2,1,0,0,0,0,0,368,62,1
123,2023-11-01,0,2,0,0,0,0,0,0,378,50,1
123,2023-12-01,0,1,0,1,0,0,0,0,307,60,1
123,2024-01-01,0,1,1,0,0,0,0,0,536,59,1
123,2024-02-01,0,2,1,0,0,0,0,0,458,76,1
123,2024-03-01,0,2,0,0,0,0,0,0,408,76,1
123,2024-04-01,0,2,0,1,0,0,0,0,481,76,1
123,2024-05-01,0,2,0,0,0,0,0,0,397,60,1
123,2024-06-01,0,4,1,0,0,0,0,0,294,52,1
123,2024-07-01,0,4,0,0,0,0,0,0,206,43,1
123,2024-08-01,0,0,0,0,0,0,0,0,232,54,1
123,2024-09-01,0,1,0,0,0,0,0,0,314,37,1
123,2024-10-01,0,2,0,0,0,0,0,0,587,54,1
123,2024-11-01,0,5,0,0,0,0,0,0,329,74,1
123,2024-12-01,0,0,0,0,0,0,0,0,526,53,1
123,2025-01-01,0,1,0,0,0,0,0,0,673,47,1
123,2025-02-01,0,3,0,0,0,0,0,0,589,62,1
123,2025-03-01,0,0,1,0,0,0,0,0,528,70,1
123,2025-04-01,0,1,0,0,0,0,0,0,358,61,1
123,2025-05-01,0,5,0,0,0,0,0,0,365,58,1
123,2025-06-01,0,4,0,0,0,0,0,0,209,55,1
123,2025-07-01,0,3,0,0,0,0,0,0,313,51,1
123,2025-08-01,0,2,1,0,0,0,0,0,195,52,1
123,2025-09-01,0,0,0,0,0,0,0,0,238,62,1
123,2025-10-01,0,2,0,0,0,0,0,0,380,58,1
123,2025-11-01,0,3,0,0,0,0,0,0,293,40,1
123,2025-12-01,0,2,0,0,0,0,0,0,381,36,1
