pct,month_date,pursuit_events
1,2018-01-01,0
1,2018-02-01,1
1,2018-03-01,0
1,2018-04-01,0
1,2018-05-01,0
1,2018-06-01,0
1,2018-07-01,0
1,2018-08-01,0
1,2018-09-01,0
1,2018-10-01,0
1,2018-11-01,0
1,2018-12-01,0
1,2019-01-01,0
1,2019-02-01,0
1,2019-03-01,0
1,2019-04-01,0
1,2019-05-01,0
1,2019-06-01,0
1,2019-07-01,0
1,2019-08-01,0
1,2019-09-01,0
1,2019-10-01,0
1,2019-11-01,0
1,2019-12-01,0
1,2020-01-01,0
1,2020-02-01,0
1,2020-03-01,0
1,2020-04-01,0
1,2020-05-01,0
1,2020-06-01,0
1,2020-07-01,0
1,2020-08-01,0
1,2020-09-01,0
1,2020-10-01,0
1,2020-11-01,0
1,2020-12-01,1
1,2021-01-01,0
1,2021-02-01,0
1,2021-03-01,0
1,2021-04-01,0
1,2021-05-01,1
1,2021-06-01,0
1,2021-07-01,0
1,2021-08-01,0
1,2021-09-01,0
1,2021-10-01,0
1,2021-11-01,0
1,2021-12-01,0
1,2022-01-01,0
1,2022-02-01,0
1,2022-03-01,1
1,2022-04-01,0
1,2022-05-01,0
1,2022-06-01,0
1,2022-07-01,0
1,2022-08-01,0
1,2022-09-01,0
1,2022-10-01,1
1,2022-11-01,0
1,2022-12-01,0
1,2023-01-01,2
1,2023-02-01,0
1,2023-03-01,0
1,2023-04-01,0
1,2023-05-01,0
1,2023-06-01,0
1,2023-07-01,0
1,2023-08-01,0
1,2023-09-01,0
1,2023-10-01,0
1,2023-11-01,0
1,2023-12-01,0
1,2024-01-01,2
1,2024-02-01,0
1,2024-03-01,0
1,2024-04-01,0
1,2024-05-01,1
1,2024-06-01,2
1,2024-07-01,0
1,2024-08-01,0
1,2024-09-01,0
1,2024-10-01,1
1,2024-11-01,1
1,2024-12-01,0
1,2025-01-01,0
1,2025-02-01,0
1,2025-03-01,0
1,2025-04-01,1
1,2025-05-01,0
1,2025-06-01,0
1,2025-07-01,1
1,2025-08-01,0
1,2025-09-01,0
1,2025-10-01,1
1,2025-11-01,0
1,2025-12-01,0
2,2018-01-01,0
2,2018-02-01,0
2,2018-03-01,0
2,2018-04-01,0
2,2018-05-01,0
2,2018-06-01,0
2,2018-07-01,0
2,2018-08-01,0
2,2018-09-01,0
2,2018-10-01,0
2,2018-11-01,0
2,2018-12-01,0
2,2019-01-01,0
2,2019-02-01,0
2,2019-03-01,0
2,2019-04-01,0
2,2019-05-01,0
2,2019-06-01,0
2,2019-07-01,0
2,2019-08-01,0
2,2019-09-01,0
2,2019-10-01,0
2,2019-11-01,0
2,2019-12-01,0
2,2020-01-01,0
2,2020-02-01,0
2,2020-03-01,0
2,2020-04-01,0
2,2020-05-01,0
2,2020-06-01,0
2,2020-07-01,0
2,2020-08-01,0
2,2020-09-01,0
2,2020-10-01,0
2,2020-11-01,0
2,2020-12-01,0
2,2021-01-01,0
2,2021-02-01,0
2,2021-03-01,0
2,2021-04-01,0
2,2021-05-01,0
2,2021-06-01,0
2,2021-07-01,0
2,2021-08-01,0
2,2021-09-01,0
2,2021-10-01,0
2,2021-11-01,0
2,2021-12-01,0
2,2022-01-01,0
2,2022-02-01,0
2,2022-03-01,0
2,2022-04-01,0
2,2022-05-01,0
2,2022-06-01,0
2,2022-07-01,0
2,2022-08-01,0
2,2022-09-01,0
2,2022-10-01,0
2,2022-11-01,0
2,2022-12-01,0
2,2023-01-01,0
2,2023-02-01,0
2,2023-03-01,0
2,2023-04-01,0
2,2023-05-01,0
2,2023-06-01,0
2,2023-07-01,0
2,2023-08-01,0
2,2023-09-01,0
2,2023-10-01,0
2,2023-11-01,0
2,2023-12-01,0
2,2024-01-01,0
2,2024-02-01,0
2,2024-03-01,0
2,2024-04-01,0
2,2024-05-01,0
2,2024-06-01,0
2,2024-07-01,0
2,2024-08-01,0
2,2024-09-01,0
2,2024-10-01,0
2,2024-11-01,0
2,2024-12-01,0
2,2025-01-01,0
2,2025-02-01,0
2,2025-03-01,0
2,2025-04-01,0
2,2025-05-01,0
2,2025-06-01,0
2,2025-07-01,0
2,2025-08-01,0
2,2025-09-01,0
2,2025-10-01,0
2,2025-11-01,0
2,2025-12-01,0
3,2018-01-01,0
3,2018-02-01,0
3,2018-03-01,0
3,2018-04-01,0
3,2018-05-01,0
3,2018-06-01,0
3,2018-07-01,0
3,2018-08-01,0
3,2018-09-01,0
3,2018-10-01,0
3,2018-11-01,0
3,2018-12-01,0
3,2019-01-01,0
3,2019-02-01,0
3,2019-03-01,0
3,2019-04-01,0
3,2019-05-01,0
3,2019-06-01,0
3,2019-07-01,0
3,2019-08-01,0
3,2019-09-01,0
3,2019-10-01,0
3,2019-11-01,0
3,2019-12-01,0
3,2020-01-01,0
3,2020-02-01,0
3,2020-03-01,0
3,2020-04-01,0
3,2020-05-01,0
3,2020-06-01,0
3,2020-07-01,0
3,2020-08-01,0
3,2020-09-01,0
3,2020-10-01,0
3,2020-11-01,0
3,2020-12-01,0
3,2021-01-01,0
3,2021-02-01,0
3,2021-03-01,0
3,2021-04-01,0
3,2021-05-01,0
3,2021-06-01,0
3,2021-07-01,0
3,2021-08-01,0
3,2021-09-01,0
3,2021-10-01,0
3,2021-11-01,0
3,2021-12-01,0
3,2022-01-01,0
3,2022-02-01,0
3,2022-03-01,0
3,2022-04-01,0
3,2022-05-01,0
3,2022-06-01,0
3,2022-07-01,0
3,2022-08-01,0
3,2022-09-01,0
3,2022-10-01,0
3,2022-11-01,0
3,2022-12-01,0
3,2023-01-01,0
3,2023-02-01,0
3,2023-03-01,0
3,2023-04-01,0
3,2023-05-01,0
3,2023-06-01,0
3,2023-07-01,0
3,2023-08-01,0
3,2023-09-01,0
3,2023-10-01,0
3,2023-11-01,0
3,2023-12-01,0
3,2024-01-01,0
3,2024-02-01,0
3,2024-03-01,0
3,2024-04-01,0
3,2024-05-01,0
3,2024-06-01,0
3,2024-07-01,0
3,2024-08-01,0
3,2024-09-01,0
3,2024-10-01,0
3,2024-11-01,0
3,2024-12-01,0
3,2025-01-01,0
3,2025-02-01,0
3,2025-03-01,0
3,2025-04-01,0
3,2025-05-01,0
3,2025-06-01,0
3,2025-07-01,0
3,2025-08-01,0
3,2025-09-01,0
3,2025-10-01,0
3,2025-11-01,0
3,2025-12-01,0
4,2018-01-01,0
4,2018-02-01,0
4,2018-03-01,0
4,2018-04-01,0
4,2018-05-01,0
4,2018-06-01,0
4,2018-07-01,0
4,2018-08-01,0
4,2018-09-01,0
4,2018-10-01,0
4,2018-11-01,0
4,2018-12-01,0
4,2019-01-01,0
4,2019-02-01,0
4,2019-03-01,0
4,2019-04-01,0
4,2019-05-01,0
4,2019-06-01,0
4,2019-07-01,0
4,2019-08-01,0
4,2019-09-01,0
4,2019-10-01,0
4,2019-11-01,0
4,2019-12-01,0
4,2020-01-01,0
4,2020-02-01,0
4,2020-03-01,0
4,2020-04-01,0
4,2020-05-01,0
4,2020-06-01,0
4,2020-07-01,0
4,2020-08-01,0
4,2020-09-01,0
4,2020-10-01,0
4,2020-11-01,0
4,2020-12-01,0
4,2021-01-01,0
4,2021-02-01,0
4,2021-03-01,0
4,2021-04-01,0
4,2021-05-01,0
4,2021-06-01,0
4,2021-07-01,0
4,2021-08-01,0
4,2021-09-01,0
4,2021-10-01,0
4,2021-11-01,0
4,2021-12-01,0
4,2022-01-01,0
4,2022-02-01,0
4,2022-03-01,0
4,2022-04-01,0
4,2022-05-01,0
4,2022-06-01,0
4,2022-07-01,0
4,2022-08-01,0
4,2022-09-01,0
4,2022-10-01,0
4,2022-11-01,0
4,2022-12-01,0
4,2023-01-01,0
4,2023-02-01,0
4,2023-03-01,0
4,2023-04-01,0
4,2023-05-01,0
4,2023-06-01,0
4,2023-07-01,0
4,2023-08-01,0
4,2023-09-01,0
4,2023-10-01,0
4,2023-11-01,0
4,2023-12-01,0
4,2024-01-01,0
4,2024-02-01,0
4,2024-03-01,0
4,2024-04-01,0
4,2024-05-01,0
4,2024-06-01,0
4,2024-07-01,0
4,2024-08-01,0
4,2024-09-01,0
4,2024-10-01,0
4,2024-11-01,0
4,2024-12-01,0
4,2025-01-01,0
4,2025-02-01,0
4,2025-03-01,0
4,2025-04-01,0
4,2025-05-01,0
4,2025-06-01,0
4,2025-07-01,0
4,2025-08-01,0
4,2025-09-01,0
4,2025-10-01,0
4,2025-11-01,0
4,2025-12-01,0
5,2018-01-01,0
5,2018-02-01,0
5,2018-03-01,0
5,2018-04-01,0
5,2018-05-01,0
5,2018-06-01,0
5,2018-07-01,0
5,2018-08-01,0
5,2018-09-01,0
5,2018-10-01,0
5,2018-11-01,0
5,2018-12-01,0
5,2019-01-01,0
5,2019-02-01,0
5,2019-03-01,0
5,2019-04-01,0
5,2019-05-01,0
5,2019-06-01,0
5,2019-07-01,0
5,2019-08-01,0
5,2019-09-01,0
5,2019-10-01,0
5,2019-11-01,0
5,2019-12-01,0
5,2020-01-01,0
5,2020-02-01,0
5,2020-03-01,0
5,2020-04-01,0
5,2020-05-01,0
5,2020-06-01,0
5,2020-07-01,0
5,2020-08-01,0
5,2020-09-01,0
5,2020-10-01,0
5,2020-11-01,0
5,2020-12-01,0
5,2021-01-01,0
5,2021-02-01,0
5,2021-03-01,0
5,2021-04-01,0
5,2021-05-01,0
5,2021-06-01,0
5,2021-07-01,0
5,2021-08-01,0
5,2021-09-01,0
5,2021-10-01,0
5,2021-11-01,0
5,2021-12-01,0
5,2022-01-01,0
5,2022-02-01,1
5,2022-03-01,0
5,2022-04-01,0
5,2022-05-01,0
5,2022-06-01,0
5,2022-07-01,0
5,2022-08-01,0
5,2022-09-01,0
5,2022-10-01,0
5,2022-11-01,0
5,2022-12-01,0
5,2023-01-01,0
5,2023-02-01,0
5,2023-03-01,0
5,2023-04-01,0
5,2023-05-01,0
5,2023-06-01,0
5,2023-07-01,1
5,2023-08-01,0
5,2023-09-01,0
5,2023-10-01,0
5,2023-11-01,1
5,2023-12-01,0
5,2024-01-01,1
5,2024-02-01,1
5,2024-03-01,0
5,2024-04-01,0
5,2024-05-01,1
5,2024-06-01,1
5,2024-07-01,0
5,2024-08-01,0
5,2024-09-01,1
5,2024-10-01,0
5,2024-11-01,0
5,2024-12-01,2
5,2025-01-01,1
5,2025-02-01,0
5,2025-03-01,0
5,2025-04-01,0
5,2025-05-01,0
5,2025-06-01,0
5,2025-07-01,0
5,2025-08-01,0
5,2025-09-01,0
5,2025-10-01,1
5,2025-11-01,0
5,2025-12-01,0
6,2018-01-01,0
6,2018-02-01,0
6,2018-03-01,0
6,2018-04-01,0
6,2018-05-01,0
6,2018-06-01,0
6,2018-07-01,0
6,2018-08-01,0
6,2018-09-01,0
6,2018-10-01,0
6,2018-11-01,0
6,2018-12-01,0
6,2019-01-01,0
6,2019-02-01,0
6,2019-03-01,0
6,2019-04-01,0
6,2019-05-01,0
6,2019-06-01,0
6,2019-07-01,0
6,2019-08-01,0
6,2019-09-01,0
6,2019-10-01,0
6,2019-11-01,0
6,2019-12-01,0
6,2020-01-01,0
6,2020-02-01,0
6,2020-03-01,0
6,2020-04-01,0
6,2020-05-01,0
6,2020-06-01,0
6,2020-07-01,0
6,2020-08-01,0
6,2020-09-01,0
6,2020-10-01,0
6,2020-11-01,0
6,2020-12-01,0
6,2021-01-01,0
6,2021-02-01,0
6,2021-03-01,0
6,2021-04-01,0
6,2021-05-01,0
6,2021-06-01,0
6,2021-07-01,0
6,2021-08-01,0
6,2021-09-01,0
6,2021-10-01,0
6,2021-11-01,0
6,2021-12-01,0
6,2022-01-01,0
6,2022-02-01,0
6,2022-03-01,0
6,2022-04-01,0
6,2022-05-01,0
6,2022-06-01,0
6,2022-07-01,0
6,2022-08-01,0
6,2022-09-01,0
6,2022-10-01,0
6,2022-11-01,0
6,2022-12-01,0
6,2023-01-01,0
6,2023-02-01,0
6,2023-03-01,0
6,2023-04-01,0
6,2023-05-01,0
6,2023-06-01,1
6,2023-07-01,0
6,2023-08-01,0
6,2023-09-01,0
6,2023-10-01,0
6,2023-11-01,0
6,2023-12-01,0
6,2024-01-01,0
6,2024-02-01,1
6,2024-03-01,0
6,2024-04-01,0
6,2024-05-01,0
6,2024-06-01,0
6,2024-07-01,0
6,2024-08-01,0
6,2024-09-01,0
6,2024-10-01,0
6,2024-11-01,0
6,2024-12-01,0
6,2025-01-01,0
6,2025-02-01,0
6,2025-03-01,0
6,2025-04-01,0
6,2025-05-01,0
6,2025-06-01,0
6,2025-07-01,0
6,2025-08-01,0
6,2025-09-01,0
6,2025-10-01,0
6,2025-11-01,0
6,2025-12-01,0
7,2018-01-01,0
7,2018-02-01,0
7,2018-03-01,0
7,2018-04-01,0
7,2018-05-01,0
7,2018-06-01,0
7,2018-07-01,0
7,2018-08-01,0
7,2018-09-01,0
7,2018-10-01,0
7,2018-11-01,0
7,2018-12-01,0
7,2019-01-01,0
7,2019-02-01,0
7,2019-03-01,0
7,2019-04-01,0
7,2019-05-01,0
7,2019-06-01,0
7,2019-07-01,0
7,2019-08-01,0
7,2019-09-01,0
7,2019-10-01,0
7,2019-11-01,0
7,2019-12-01,0
7,2020-01-01,0
7,2020-02-01,0
7,2020-03-01,0
7,2020-04-01,0
7,2020-05-01,0
7,2020-06-01,0
7,2020-07-01,0
7,2020-08-01,0
7,2020-09-01,0
7,2020-10-01,0
7,2020-11-01,0
7,2020-12-01,1
7,2021-01-01,0
7,2021-02-01,0
7,2021-03-01,0
7,2021-04-01,0
7,2021-05-01,0
7,2021-06-01,0
7,2021-07-01,0
7,2021-08-01,0
7,2021-09-01,0
7,2021-10-01,0
7,2021-11-01,0
7,2021-12-01,0
7,2022-01-01,0
7,2022-02-01,0
7,2022-03-01,0
7,2022-04-01,0
7,2022-05-01,0
7,2022-06-01,0
7,2022-07-01,0
7,2022-08-01,0
7,2022-09-01,0
7,2022-10-01,0
7,2022-11-01,0
7,2022-12-01,1
7,2023-01-01,0
7,2023-02-01,0
7,2023-03-01,1
7,2023-04-01,1
7,2023-05-01,0
7,2023-06-01,1
7,2023-07-01,1
7,2023-08-01,1
7,2023-09-01,2
7,2023-10-01,1
7,2023-11-01,4
7,2023-12-01,1
7,2024-01-01,1
7,2024-02-01,1
7,2024-03-01,1
7,2024-04-01,2
7,2024-05-01,0
7,2024-06-01,1
7,2024-07-01,0
7,2024-08-01,0
7,2024-09-01,0
7,2024-10-01,3
7,2024-11-01,0
7,2024-12-01,0
7,2025-01-01,2
7,2025-02-01,0
7,2025-03-01,0
7,2025-04-01,1
7,2025-05-01,1
7,2025-06-01,0
7,2025-07-01,1
7,2025-08-01,0
7,2025-09-01,0
7,2025-10-01,0
7,2025-11-01,1
7,2025-12-01,0
8,2018-01-01,0
8,2018-02-01,0
8,2018-03-01,0
8,2018-04-01,0
8,2018-05-01,0
8,2018-06-01,0
8,2018-07-01,0
8,2018-08-01,0
8,2018-09-01,0
8,2018-10-01,0
8,2018-11-01,0
8,2018-12-01,0
8,2019-01-01,0
8,2019-02-01,0
8,2019-03-01,0
8,2019-04-01,0
8,2019-05-01,0
8,2019-06-01,0
8,2019-07-01,0
8,2019-08-01,0
8,2019-09-01,0
8,2019-10-01,0
8,2019-11-01,0
8,2019-12-01,0
8,2020-01-01,0
8,2020-02-01,0
8,2020-03-01,0
8,2020-04-01,0
8,2020-05-01,0
8,2020-06-01,0
8,2020-07-01,0
8,2020-08-01,0
8,2020-09-01,0
8,2020-10-01,0
8,2020-11-01,0
8,2020-12-01,0
8,2021-01-01,0
8,2021-02-01,0
8,2021-03-01,0
8,2021-04-01,0
8,2021-05-01,0
8,2021-06-01,0
8,2021-07-01,0
8,2021-08-01,0
8,2021-09-01,0
8,2021-10-01,0
8,2021-11-01,0
8,2021-12-01,0
8,2022-01-01,0
8,2022-02-01,0
8,2022-03-01,0
8,2022-04-01,0
8,2022-05-01,0
8,2022-06-01,0
8,2022-07-01,0
8,2022-08-01,0
8,2022-09-01,0
8,2022-10-01,0
8,2022-11-01,0
8,2022-12-01,0
8,2023-01-01,0
8,2023-02-01,0
8,2023-03-01,0
8,2023-04-01,0
8,2023-05-01,0
8,2023-06-01,0
8,2023-07-01,0
8,2023-08-01,0
8,2023-09-01,0
8,2023-10-01,0
8,2023-11-01,0
8,2023-12-01,0
8,2024-01-01,0
8,2024-02-01,0
8,2024-03-01,0
8,2024-04-01,0
8,2024-05-01,0
8,2024-06-01,0
8,2024-07-01,0
8,2024-08-01,0
8,2024-09-01,0
8,2024-10-01,0
8,2024-11-01,0
8,2024-12-01,0
8,2025-01-01,0
8,2025-02-01,0
8,2025-03-01,0
8,2025-04-01,0
8,2025-05-01,0
8,2025-06-01,0
8,2025-07-01,0
8,2025-08-01,0
8,2025-09-01,0
8,2025-10-01,0
8,2025-11-01,0
8,2025-12-01,0
9,2018-01-01,0
9,2018-02-01,0
9,2018-03-01,1
9,2018-04-01,0
9,2018-05-01,0
9,2018-06-01,0
9,2018-07-01,0
9,2018-08-01,0
9,2018-09-01,0
9,2018-10-01,0
9,2018-11-01,0
9,2018-12-01,0
9,2019-01-01,0
9,2019-02-01,0
9,2019-03-01,1
9,2019-04-01,0
9,2019-05-01,0
9,2019-06-01,0
9,2019-07-01,0
9,2019-08-01,0
9,2019-09-01,0
9,2019-10-01,0
9,2019-11-01,0
9,2019-12-01,0
9,2020-01-01,0
9,2020-02-01,0
9,2020-03-01,0
9,2020-04-01,0
9,2020-05-01,0
9,2020-06-01,0
9,2020-07-01,0
9,2020-08-01,0
9,2020-09-01,0
9,2020-10-01,0
9,2020-11-01,0
9,2020-12-01,0
9,2021-01-01,0
9,2021-02-01,0
9,2021-03-01,0
9,2021-04-01,0
9,2021-05-01,0
9,2021-06-01,0
9,2021-07-01,0
9,2021-08-01,0
9,2021-09-01,0
9,2021-10-01,0
9,2021-11-01,0
9,2021-12-01,0
9,2022-01-01,0
9,2022-02-01,0
9,2022-03-01,0
9,2022-04-01,0
9,2022-05-01,0
9,2022-06-01,0
9,2022-07-01,1
9,2022-08-01,0
9,2022-09-01,0
9,2022-10-01,0
9,2022-11-01,0
9,2022-12-01,0
9,2023-01-01,0
9,2023-02-01,0
9,2023-03-01,0
9,2023-04-01,0
9,2023-05-01,0
9,2023-06-01,0
9,2023-07-01,0
9,2023-08-01,2
9,2023-09-01,0
9,2023-10-01,0
9,2023-11-01,1
9,2023-12-01,1
9,2024-01-01,0
9,2024-02-01,0
9,2024-03-01,0
9,2024-04-01,0
9,2024-05-01,0
9,2024-06-01,0
9,2024-07-01,0
9,2024-08-01,1
9,2024-09-01,0
9,2024-10-01,0
9,2024-11-01,0
9,2024-12-01,1
9,2025-01-01,0
9,2025-02-01,0
9,2025-03-01,0
9,2025-04-01,0
9,2025-05-01,0
9,2025-06-01,1
9,2025-07-01,0
9,2025-08-01,0
9,2025-09-01,0
9,2025-10-01,0
9,2025-11-01,0
9,2025-12-01,0
10,2018-01-01,0
10,2018-02-01,0
10,2018-03-01,0
10,2018-04-01,0
10,2018-05-01,0
10,2018-06-01,0
10,2018-07-01,0
10,2018-08-01,0
10,2018-09-01,0
10,2018-10-01,0
10,2018-11-01,0
10,2018-12-01,0
10,2019-01-01,0
10,2019-02-01,0
10,2019-03-01,0
10,2019-04-01,0
10,2019-05-01,0
10,2019-06-01,0
10,2019-07-01,0
10,2019-08-01,0
10,2019-09-01,0
10,2019-10-01,0
10,2019-11-01,0
10,2019-12-01,0
10,2020-01-01,0
10,2020-02-01,0
10,2020-03-01,0
10,2020-04-01,0
10,2020-05-01,0
10,2020-06-01,0
10,2020-07-01,0
10,2020-08-01,0
10,2020-09-01,0
10,2020-10-01,0
10,2020-11-01,0
10,2020-12-01,0
10,2021-01-01,0
10,2021-02-01,0
10,2021-03-01,0
10,2021-04-01,0
10,2021-05-01,0
10,2021-06-01,0
10,2021-07-01,0
10,2021-08-01,0
10,2021-09-01,0
10,2021-10-01,0
10,2021-11-01,0
10,2021-12-01,0
10,2022-01-01,0
10,2022-02-01,0
10,2022-03-01,0
10,2022-04-01,0
10,2022-05-01,0
10,2022-06-01,0
10,2022-07-01,0
10,2022-08-01,0
10,2022-09-01,0
10,2022-10-01,0
10,2022-11-01,0
10,2022-12-01,0
10,2023-01-01,2
10,2023-02-01,0
10,2023-03-01,1
10,2023-04-01,0
10,2023-05-01,0
10,2023-06-01,1
10,2023-07-01,0
10,2023-08-01,0
10,2023-09-01,0
10,2023-10-01,0
10,2023-11-01,1
10,2023-12-01,0
10,2024-01-01,0
10,2024-02-01,0
10,2024-03-01,0
10,2024-04-01,0
10,2024-05-01,0
10,2024-06-01,0
10,2024-07-01,0
10,2024-08-01,0
10,2024-09-01,0
10,2024-10-01,0
10,2024-11-01,0
10,2024-12-01,0
10,2025-01-01,0
10,2025-02-01,0
10,2025-03-01,0
10,2025-04-01,0
10,2025-05-01,0
10,2025-06-01,0
10,2025-07-01,0
10,2025-08-01,0
10,2025-09-01,0
10,2025-10-01,0
10,2025-11-01,0
10,2025-12-01,0
11,2018-01-01,0
11,2018-02-01,0
11,2018-03-01,0
11,2018-04-01,0
11,2018-05-01,0
11,2018-06-01,0
11,2018-07-01,0
11,2018-08-01,0
11,2018-09-01,0
11,2018-10-01,0
11,2018-11-01,0
11,2018-12-01,0
11,2019-01-01,0
11,2019-02-01,0
11,2019-03-01,0
11,2019-04-01,0
11,2019-05-01,0
11,2019-06-01,0
11,2019-07-01,0
11,2019-08-01,0
11,2019-09-01,0
11,2019-10-01,0
11,2019-11-01,0
11,2019-12-01,0
11,2020-01-01,0
11,2020-02-01,0
11,2020-03-01,0
11,2020-04-01,0
11,2020-05-01,0
11,2020-06-01,0
11,2020-07-01,0
11,2020-08-01,0
11,2020-09-01,0
11,2020-10-01,0
11,2020-11-01,0
11,2020-12-01,0
11,2021-01-01,0
11,2021-02-01,0
11,2021-03-01,0
11,2021-04-01,0
11,2021-05-01,0
11,2021-06-01,0
11,2021-07-01,0
11,2021-08-01,0
11,2021-09-01,0
11,2021-10-01,0
11,2021-11-01,0
11,2021-12-01,0
11,2022-01-01,0
11,2022-02-01,0
11,2022-03-01,0
11,2022-04-01,0
11,2022-05-01,0
11,2022-06-01,0
11,2022-07-01,0
11,2022-08-01,0
11,2022-09-01,0
11,2022-10-01,0
11,2022-11-01,0
11,2022-12-01,0
11,2023-01-01,0
11,2023-02-01,0
11,2023-03-01,0
11,2023-04-01,0
11,2023-05-01,0
11,2023-06-01,0
11,2023-07-01,0
11,2023-08-01,0
11,2023-09-01,0
11,2023-10-01,0
11,2023-11-01,0
11,2023-12-01,0
11,2024-01-01,0
11,2024-02-01,0
11,2024-03-01,0
11,2024-04-01,0
11,2024-05-01,0
11,2024-06-01,0
11,2024-07-01,0
11,2024-08-01,0
11,2024-09-01,0
11,2024-10-01,0
11,2024-11-01,0
11,2024-12-01,0
11,2025-01-01,0
11,2025-02-01,0
11,2025-03-01,0
11,2025-04-01,0
11,2025-05-01,0
11,2025-06-01,0
11,2025-07-01,0
11,2025-08-01,0
11,2025-09-01,0
11,2025-10-01,0
11,2025-11-01,0
11,2025-12-01,0
12,2018-01-01,0
12,2018-02-01,0
12,2018-03-01,0
12,2018-04-01,0
12,2018-05-01,0
12,2018-06-01,0
12,2018-07-01,0
12,2018-08-01,0
12,2018-09-01,0
12,2018-10-01,0
12,2018-11-01,0
12,2018-12-01,0
12,2019-01-01,0
12,2019-02-01,0
12,2019-03-01,0
12,2019-04-01,0
12,2019-05-01,0
12,2019-06-01,0
12,2019-07-01,0
12,2019-08-01,0
12,2019-09-01,0
12,2019-10-01,0
12,2019-11-01,0
12,2019-12-01,0
12,2020-01-01,0
12,2020-02-01,0
12,2020-03-01,0
12,2020-04-01,0
12,2020-05-01,0
12,2020-06-01,0
12,2020-07-01,0
12,2020-08-01,0
12,2020-09-01,0
12,2020-10-01,0
12,2020-11-01,0
12,2020-12-01,0
12,2021-01-01,0
12,2021-02-01,0
12,2021-03-01,0
12,2021-04-01,0
12,2021-05-01,0
12,2021-06-01,0
12,2021-07-01,0
12,2021-08-01,0
12,2021-09-01,0
12,2021-10-01,0
12,2021-11-01,0
12,2021-12-01,0
12,2022-01-01,0
12,2022-02-01,0
12,2022-03-01,0
12,2022-04-01,0
12,2022-05-01,0
12,2022-06-01,0
12,2022-07-01,0
12,2022-08-01,0
12,2022-09-01,0
12,2022-10-01,0
12,2022-11-01,0
12,2022-12-01,0
12,2023-01-01,0
12,2023-02-01,0
12,2023-03-01,0
12,2023-04-01,0
12,2023-05-01,0
12,2023-06-01,0
12,2023-07-01,0
12,2023-08-01,0
12,2023-09-01,0
12,2023-10-01,0
12,2023-11-01,0
12,2023-12-01,0
12,2024-01-01,0
12,2024-02-01,0
12,2024-03-01,0
12,2024-04-01,0
12,2024-05-01,0
12,2024-06-01,0
12,2024-07-01,0
12,2024-08-01,0
12,2024-09-01,0
12,2024-10-01,0
12,2024-11-01,0
12,2024-12-01,0
12,2025-01-01,0
12,2025-02-01,0
12,2025-03-01,0
12,2025-04-01,0
12,2025-05-01,0
12,2025-06-01,0
12,2025-07-01,0
12,2025-08-01,0
12,2025-09-01,0
12,2025-10-01,0
12,2025-11-01,0
12,2025-12-01,0
13,2018-01-01,0
13,2018-02-01,0
13,2018-03-01,0
13,2018-04-01,0
13,2018-05-01,0
13,2018-06-01,0
13,2018-07-01,0
13,2018-08-01,0
13,2018-09-01,0
13,2018-10-01,0
13,2018-11-01,0
13,2018-12-01,0
13,2019-01-01,0
13,2019-02-01,0
13,2019-03-01,0
13,2019-04-01,0
13,2019-05-01,0
13,2019-06-01,0
13,2019-07-01,0
13,2019-08-01,0
13,2019-09-01,0
13,2019-10-01,0
13,2019-11-01,0
13,2019-12-01,0
13,2020-01-01,0
13,2020-02-01,0
13,2020-03-01,0
13,2020-04-01,0
13,2020-05-01,0
13,2020-06-01,0
13,2020-07-01,0
13,2020-08-01,0
13,2020-09-01,0
13,2020-10-01,0
13,2020-11-01,0
13,2020-12-01,0
13,2021-01-01,0
13,2021-02-01,0
13,2021-03-01,0
13,2021-04-01,0
13,2021-05-01,0
13,2021-06-01,0
13,2021-07-01,0
13,2021-08-01,0
13,2021-09-01,0
13,2021-10-01,0
13,2021-11-01,0
13,2021-12-01,0
13,2022-01-01,0
13,2022-02-01,0
13,2022-03-01,0
13,2022-04-01,0
13,2022-05-01,0
13,2022-06-01,0
13,2022-07-01,0
13,2022-08-01,0
13,2022-09-01,0
13,2022-10-01,0
13,2022-11-01,1
13,2022-12-01,0
13,2023-01-01,0
13,2023-02-01,3
13,2023-03-01,0
13,2023-04-01,0
13,2023-05-01,0
13,2023-06-01,0
13,2023-07-01,0
13,2023-08-01,0
13,2023-09-01,1
13,2023-10-01,0
13,2023-11-01,0
13,2023-12-01,0
13,2024-01-01,2
13,2024-02-01,1
13,2024-03-01,0
13,2024-04-01,0
13,2024-05-01,0
13,2024-06-01,0
13,2024-07-01,0
13,2024-08-01,0
13,2024-09-01,0
13,2024-10-01,0
13,2024-11-01,0
13,2024-12-01,0
13,2025-01-01,0
13,2025-02-01,0
13,2025-03-01,0
13,2025-04-01,0
13,2025-05-01,0
13,2025-06-01,0
13,2025-07-01,1
13,2025-08-01,1
13,2025-09-01,0
13,2025-10-01,0
13,2025-11-01,0
13,2025-12-01,0
14,2018-01-01,0
14,2018-02-01,0
14,2018-03-01,0
14,2018-04-01,0
14,2018-05-01,0
14,2018-06-01,0
14,2018-07-01,0
14,2018-08-01,0
14,2018-09-01,0
14,2018-10-01,0
14,2018-11-01,0
14,2018-12-01,0
14,2019-01-01,0
14,2019-02-01,0
14,2019-03-01,0
14,2019-04-01,0
14,2019-05-01,0
14,2019-06-01,0
14,2019-07-01,1
14,2019-08-01,1
14,2019-09-01,0
14,2019-10-01,0
14,2019-11-01,0
14,2019-12-01,0
14,2020-01-01,0
14,2020-02-01,0
14,2020-03-01,0
14,2020-04-01,0
14,2020-05-01,0
14,2020-06-01,0
14,2020-07-01,0
14,2020-08-01,0
14,2020-09-01,0
14,2020-10-01,0
14,2020-11-01,0
14,2020-12-01,0
14,2021-01-01,0
14,2021-02-01,0
14,2021-03-01,0
14,2021-04-01,0
14,2021-05-01,1
14,2021-06-01,0
14,2021-07-01,1
14,2021-08-01,0
14,2021-09-01,0
14,2021-10-01,0
14,2021-11-01,0
14,2021-12-01,0
14,2022-01-01,0
14,2022-02-01,0
14,2022-03-01,0
14,2022-04-01,0
14,2022-05-01,0
14,2022-06-01,0
14,2022-07-01,0
14,2022-08-01,0
14,2022-09-01,0
14,2022-10-01,0
14,2022-11-01,0
14,2022-12-01,0
14,2023-01-01,0
14,2023-02-01,0
14,2023-03-01,1
14,2023-04-01,0
14,2023-05-01,0
14,2023-06-01,0
14,2023-07-01,0
14,2023-08-01,0
14,2023-09-01,0
14,2023-10-01,0
14,2023-11-01,1
14,2023-12-01,1
14,2024-01-01,2
14,2024-02-01,1
14,2024-03-01,0
14,2024-04-01,0
14,2024-05-01,1
14,2024-06-01,0
14,2024-07-01,0
14,2024-08-01,0
14,2024-09-01,2
14,2024-10-01,0
14,2024-11-01,0
14,2024-12-01,1
14,2025-01-01,0
14,2025-02-01,0
14,2025-03-01,0
14,2025-04-01,0
14,2025-05-01,0
14,2025-06-01,1
14,2025-07-01,0
14,2025-08-01,1
14,2025-09-01,0
14,2025-10-01,1
14,2025-11-01,0
14,2025-12-01,0
15,2018-01-01,0
15,2018-02-01,0
15,2018-03-01,0
15,2018-04-01,0
15,2018-05-01,0
15,2018-06-01,0
15,2018-07-01,0
15,2018-08-01,0
15,2018-09-01,0
15,2018-10-01,0
15,2018-11-01,0
15,2018-12-01,0
15,2019-01-01,0
15,2019-02-01,0
15,2019-03-01,0
15,2019-04-01,0
15,2019-05-01,0
15,2019-06-01,0
15,2019-07-01,0
15,2019-08-01,0
15,2019-09-01,0
15,2019-10-01,0
15,2019-11-01,0
15,2019-12-01,0
15,2020-01-01,0
15,2020-02-01,0
15,2020-03-01,0
15,2020-04-01,0
15,2020-05-01,0
15,2020-06-01,0
15,2020-07-01,0
15,2020-08-01,0
15,2020-09-01,0
15,2020-10-01,0
15,2020-11-01,0
15,2020-12-01,0
15,2021-01-01,0
15,2021-02-01,0
15,2021-03-01,0
15,2021-04-01,0
15,2021-05-01,0
15,2021-06-01,0
15,2021-07-01,0
15,2021-08-01,0
15,2021-09-01,0
15,2021-10-01,0
15,2021-11-01,0
15,2021-12-01,0
15,2022-01-01,0
15,2022-02-01,0
15,2022-03-01,0
15,2022-04-01,0
15,2022-05-01,0
15,2022-06-01,0
15,2022-07-01,0
15,2022-08-01,0
15,2022-09-01,0
15,2022-10-01,0
15,2022-11-01,0
15,2022-12-01,0
15,2023-01-01,0
15,2023-02-01,0
15,2023-03-01,0
15,2023-04-01,0
15,2023-05-01,0
15,2023-06-01,0
15,2023-07-01,0
15,2023-08-01,0
15,2023-09-01,0
15,2023-10-01,0
15,2023-11-01,0
15,2023-12-01,0
15,2024-01-01,0
15,2024-02-01,0
15,2024-03-01,0
15,2024-04-01,0
15,2024-05-01,0
15,2024-06-01,0
15,2024-07-01,0
15,2024-08-01,0
15,2024-09-01,0
15,2024-10-01,0
15,2024-11-01,0
15,2024-12-01,0
15,2025-01-01,0
15,2025-02-01,0
15,2025-03-01,0
15,2025-04-01,0
15,2025-05-01,0
15,2025-06-01,0
15,2025-07-01,0
15,2025-08-01,0
15,2025-09-01,0
15,2025-10-01,0
15,2025-11-01,0
15,2025-12-01,0
16,2018-01-01,0
16,2018-02-01,0
16,2018-03-01,0
16,2018-04-01,0
16,2018-05-01,0
16,2018-06-01,0
16,2018-07-01,0
16,2018-08-01,0
16,2018-09-01,0
16,2018-10-01,0
16,2018-11-01,0
16,2018-12-01,0
16,2019-01-01,0
16,2019-02-01,0
16,2019-03-01,0
16,2019-04-01,0
16,2019-05-01,0
16,2019-06-01,0
16,2019-07-01,0
16,2019-08-01,0
16,2019-09-01,0
16,2019-10-01,0
16,2019-11-01,0
16,2019-12-01,0
16,2020-01-01,0
16,2020-02-01,0
16,2020-03-01,0
16,2020-04-01,0
16,2020-05-01,0
16,2020-06-01,0
16,2020-07-01,0
16,2020-08-01,0
16,2020-09-01,0
16,2020-10-01,0
16,2020-11-01,0
16,2020-12-01,0
16,2021-01-01,0
16,2021-02-01,0
16,2021-03-01,0
16,2021-04-01,0
16,2021-05-01,0
16,2021-06-01,0
16,2021-07-01,0
16,2021-08-01,0
16,2021-09-01,0
16,2021-10-01,0
16,2021-11-01,0
16,2021-12-01,0
16,2022-01-01,0
16,2022-02-01,0
16,2022-03-01,0
16,2022-04-01,0
16,2022-05-01,0
16,2022-06-01,0
16,2022-07-01,0
16,2022-08-01,0
16,2022-09-01,0
16,2022-10-01,0
16,2022-11-01,0
16,2022-12-01,0
16,2023-01-01,0
16,2023-02-01,0
16,2023-03-01,0
16,2023-04-01,0
16,2023-05-01,0
16,2023-06-01,0
16,2023-07-01,0
16,2023-08-01,0
16,2023-09-01,0
16,2023-10-01,0
16,2023-11-01,0
16,2023-12-01,0
16,2024-01-01,0
16,2024-02-01,0
16,2024-03-01,0
16,2024-04-01,0
16,2024-05-01,0
16,2024-06-01,0
16,2024-07-01,0
16,2024-08-01,0
16,2024-09-01,0
16,2024-10-01,0
16,2024-11-01,0
16,2024-12-01,0
16,2025-01-01,0
16,2025-02-01,0
16,2025-03-01,0
16,2025-04-01,0
16,2025-05-01,0
16,2025-06-01,0
16,2025-07-01,0
16,2025-08-01,0
16,2025-09-01,0
16,2025-10-01,0
16,2025-11-01,0
16,2025-12-01,0
17,2018-01-01,0
17,2018-02-01,0
17,2018-03-01,0
17,2018-04-01,0
17,2018-05-01,0
17,2018-06-01,0
17,2018-07-01,0
17,2018-08-01,0
17,2018-09-01,0
17,2018-10-01,0
17,2018-11-01,0
17,2018-12-01,0
17,2019-01-01,0
17,2019-02-01,0
17,2019-03-01,0
17,2019-04-01,0
17,2019-05-01,0
17,2019-06-01,0
17,2019-07-01,0
17,2019-08-01,0
17,2019-09-01,0
17,2019-10-01,0
17,2019-11-01,0
17,2019-12-01,0
17,2020-01-01,0
17,2020-02-01,0
17,2020-03-01,0
17,2020-04-01,0
17,2020-05-01,0
17,2020-06-01,0
17,2020-07-01,0
17,2020-08-01,0
17,2020-09-01,0
17,2020-10-01,1
17,2020-11-01,0
17,2020-12-01,0
17,2021-01-01,0
17,2021-02-01,0
17,2021-03-01,0
17,2021-04-01,0
17,2021-05-01,0
17,2021-06-01,0
17,2021-07-01,0
17,2021-08-01,0
17,2021-09-01,0
17,2021-10-01,0
17,2021-11-01,0
17,2021-12-01,0
17,2022-01-01,0
17,2022-02-01,0
17,2022-03-01,0
17,2022-04-01,0
17,2022-05-01,0
17,2022-06-01,0
17,2022-07-01,0
17,2022-08-01,0
17,2022-09-01,0
17,2022-10-01,0
17,2022-11-01,0
17,2022-12-01,0
17,2023-01-01,0
17,2023-02-01,1
17,2023-03-01,0
17,2023-04-01,0
17,2023-05-01,0
17,2023-06-01,0
17,2023-07-01,0
17,2023-08-01,0
17,2023-09-01,0
17,2023-10-01,0
17,2023-11-01,0
17,2023-12-01,0
17,2024-01-01,0
17,2024-02-01,0
17,2024-03-01,2
17,2024-04-01,1
17,2024-05-01,2
17,2024-06-01,1
17,2024-07-01,0
17,2024-08-01,1
17,2024-09-01,1
17,2024-10-01,0
17,2024-11-01,0
17,2024-12-01,0
17,2025-01-01,1
17,2025-02-01,0
17,2025-03-01,0
17,2025-04-01,0
17,2025-05-01,0
17,2025-06-01,0
17,2025-07-01,0
17,2025-08-01,0
17,2025-09-01,0
17,2025-10-01,0
17,2025-11-01,1
17,2025-12-01,2
18,2018-01-01,0
18,2018-02-01,0
18,2018-03-01,0
18,2018-04-01,0
18,2018-05-01,1
18,2018-06-01,0
18,2018-07-01,0
18,2018-08-01,0
18,2018-09-01,0
18,2018-10-01,0
18,2018-11-01,0
18,2018-12-01,0
18,2019-01-01,0
18,2019-02-01,0
18,2019-03-01,0
18,2019-04-01,0
18,2019-05-01,0
18,2019-06-01,0
18,2019-07-01,0
18,2019-08-01,0
18,2019-09-01,0
18,2019-10-01,0
18,2019-11-01,0
18,2019-12-01,0
18,2020-01-01,0
18,2020-02-01,0
18,2020-03-01,0
18,2020-04-01,0
18,2020-05-01,0
18,2020-06-01,0
18,2020-07-01,0
18,2020-08-01,0
18,2020-09-01,0
18,2020-10-01,0
18,2020-11-01,0
18,2020-12-01,0
18,2021-01-01,0
18,2021-02-01,0
18,2021-03-01,0
18,2021-04-01,0
18,2021-05-01,0
18,2021-06-01,0
18,2021-07-01,0
18,2021-08-01,0
18,2021-09-01,0
18,2021-10-01,0
18,2021-11-01,0
18,2021-12-01,0
18,2022-01-01,0
18,2022-02-01,0
18,2022-03-01,0
18,2022-04-01,0
18,2022-05-01,0
18,2022-06-01,0
18,2022-07-01,0
18,2022-08-01,0
18,2022-09-01,0
18,2022-10-01,0
18,2022-11-01,0
18,2022-12-01,0
18,2023-01-01,0
18,2023-02-01,0
18,2023-03-01,2
18,2023-04-01,0
18,2023-05-01,0
18,2023-06-01,0
18,2023-07-01,0
18,2023-08-01,0
18,2023-09-01,0
18,2023-10-01,1
18,2023-11-01,0
18,2023-12-01,2
18,2024-01-01,0
18,2024-02-01,1
18,2024-03-01,0
18,2024-04-01,1
18,2024-05-01,0
18,2024-06-01,0
18,2024-07-01,0
18,2024-08-01,0
18,2024-09-01,0
18,2024-10-01,0
18,2024-11-01,1
18,2024-12-01,0
18,2025-01-01,0
18,2025-02-01,1
18,2025-03-01,0
18,2025-04-01,0
18,2025-05-01,0
18,2025-06-01,1
18,2025-07-01,2
18,2025-08-01,0
18,2025-09-01,1
18,2025-10-01,0
18,2025-11-01,0
18,2025-12-01,0
19,2018-01-01,0
19,2018-02-01,0
19,2018-03-01,0
19,2018-04-01,0
19,2018-05-01,0
19,2018-06-01,0
19,2018-07-01,0
19,2018-08-01,0
19,2018-09-01,0
19,2018-10-01,0
19,2018-11-01,0
19,2018-12-01,0
19,2019-01-01,0
19,2019-02-01,0
19,2019-03-01,0
19,2019-04-01,0
19,2019-05-01,0
19,2019-06-01,0
19,2019-07-01,0
19,2019-08-01,0
19,2019-09-01,0
19,2019-10-01,0
19,2019-11-01,0
19,2019-12-01,0
19,2020-01-01,0
19,2020-02-01,0
19,2020-03-01,0
19,2020-04-01,1
19,2020-05-01,0
19,2020-06-01,0
19,2020-07-01,0
19,2020-08-01,0
19,2020-09-01,0
19,2020-10-01,0
19,2020-11-01,0
19,2020-12-01,0
19,2021-01-01,0
19,2021-02-01,0
19,2021-03-01,0
19,2021-04-01,0
19,2021-05-01,0
19,2021-06-01,0
19,2021-07-01,0
19,2021-08-01,0
19,2021-09-01,1
19,2021-10-01,0
19,2021-11-01,0
19,2021-12-01,0
19,2022-01-01,0
19,2022-02-01,0
19,2022-03-01,0
19,2022-04-01,1
19,2022-05-01,0
19,2022-06-01,0
19,2022-07-01,0
19,2022-08-01,0
19,2022-09-01,0
19,2022-10-01,1
19,2022-11-01,0
19,2022-12-01,0
19,2023-01-01,1
19,2023-02-01,1
19,2023-03-01,1
19,2023-04-01,0
19,2023-05-01,2
19,2023-06-01,0
19,2023-07-01,3
19,2023-08-01,1
19,2023-09-01,1
19,2023-10-01,0
19,2023-11-01,0
19,2023-12-01,1
19,2024-01-01,5
19,2024-02-01,4
19,2024-03-01,2
19,2024-04-01,2
19,2024-05-01,1
19,2024-06-01,1
19,2024-07-01,2
19,2024-08-01,0
19,2024-09-01,1
19,2024-10-01,0
19,2024-11-01,0
19,2024-12-01,1
19,2025-01-01,1
19,2025-02-01,0
19,2025-03-01,0
19,2025-04-01,0
19,2025-05-01,1
19,2025-06-01,0
19,2025-07-01,0
19,2025-08-01,0
19,2025-09-01,1
19,2025-10-01,0
19,2025-11-01,0
19,2025-12-01,0
20,2018-01-01,0
20,2018-02-01,0
20,2018-03-01,0
20,2018-04-01,0
20,2018-05-01,0
20,2018-06-01,0
20,2018-07-01,0
20,2018-08-01,0
20,2018-09-01,0
20,2018-10-01,0
20,2018-11-01,0
20,2018-12-01,0
20,2019-01-01,0
20,2019-02-01,0
20,2019-03-01,0
20,2019-04-01,0
20,2019-05-01,0
20,2019-06-01,0
20,2019-07-01,0
20,2019-08-01,0
20,2019-09-01,0
20,2019-10-01,0
20,2019-11-01,0
20,2019-12-01,0
20,2020-01-01,0
20,2020-02-01,0
20,2020-03-01,0
20,2020-04-01,0
20,2020-05-01,0
20,2020-06-01,0
20,2020-07-01,0
20,2020-08-01,0
20,2020-09-01,0
20,2020-10-01,0
20,2020-11-01,0
20,2020-12-01,0
20,2021-01-01,0
20,2021-02-01,0
20,2021-03-01,0
20,2021-04-01,0
20,2021-05-01,0
20,2021-06-01,0
20,2021-07-01,0
20,2021-08-01,0
20,2021-09-01,0
20,2021-10-01,0
20,2021-11-01,0
20,2021-12-01,0
20,2022-01-01,0
20,2022-02-01,0
20,2022-03-01,0
20,2022-04-01,0
20,2022-05-01,0
20,2022-06-01,0
20,2022-07-01,0
20,2022-08-01,0
20,2022-09-01,0
20,2022-10-01,0
20,2022-11-01,0
20,2022-12-01,0
20,2023-01-01,1
20,2023-02-01,1
20,2023-03-01,0
20,2023-04-01,0
20,2023-05-01,0
20,2023-06-01,0
20,2023-07-01,0
20,2023-08-01,0
20,2023-09-01,0
20,2023-10-01,0
20,2023-11-01,1
20,2023-12-01,1
20,2024-01-01,0
20,2024-02-01,1
20,2024-03-01,0
20,2024-04-01,0
20,2024-05-01,0
20,2024-06-01,1
20,2024-07-01,0
20,2024-08-01,0
20,2024-09-01,0
20,2024-10-01,0
20,2024-11-01,0
20,2024-12-01,0
20,2025-01-01,0
20,2025-02-01,0
20,2025-03-01,0
20,2025-04-01,0
20,2025-05-01,0
20,2025-06-01,0
20,2025-07-01,0
20,2025-08-01,0
20,2025-09-01,0
20,2025-10-01,1
20,2025-11-01,0
20,2025-12-01,0
21,2018-01-01,0
21,2018-02-01,0
21,2018-03-01,0
21,2018-04-01,0
21,2018-05-01,0
21,2018-06-01,0
21,2018-07-01,0
21,2018-08-01,0
21,2018-09-01,0
21,2018-10-01,0
21,2018-11-01,0
21,2018-12-01,0
21,2019-01-01,0
21,2019-02-01,0
21,2019-03-01,0
21,2019-04-01,0
21,2019-05-01,0
21,2019-06-01,0
21,2019-07-01,0
21,2019-08-01,0
21,2019-09-01,0
21,2019-10-01,0
21,2019-11-01,0
21,2019-12-01,0
21,2020-01-01,0
21,2020-02-01,0
21,2020-03-01,0
21,2020-04-01,0
21,2020-05-01,0
21,2020-06-01,0
21,2020-07-01,0
21,2020-08-01,0
21,2020-09-01,0
21,2020-10-01,0
21,2020-11-01,0
21,2020-12-01,0
21,2021-01-01,0
21,2021-02-01,0
21,2021-03-01,0
21,2021-04-01,0
21,2021-05-01,0
21,2021-06-01,0
21,2021-07-01,0
21,2021-08-01,0
21,2021-09-01,0
21,2021-10-01,0
21,2021-11-01,0
21,2021-12-01,0
21,2022-01-01,0
21,2022-02-01,0
21,2022-03-01,0
21,2022-04-01,0
21,2022-05-01,0
21,2022-06-01,0
21,2022-07-01,0
21,2022-08-01,0
21,2022-09-01,0
21,2022-10-01,0
21,2022-11-01,0
21,2022-12-01,0
21,2023-01-01,0
21,2023-02-01,0
21,2023-03-01,0
21,2023-04-01,0
21,2023-05-01,0
21,2023-06-01,0
21,2023-07-01,0
21,2023-08-01,0
21,2023-09-01,0
21,2023-10-01,0
21,2023-11-01,0
21,2023-12-01,0
21,2024-01-01,0
21,2024-02-01,0
21,2024-03-01,0
21,2024-04-01,0
21,2024-05-01,0
21,2024-06-01,0
21,2024-07-01,0
21,2024-08-01,0
21,2024-09-01,0
21,2024-10-01,0
21,2024-11-01,0
21,2024-12-01,0
21,2025-01-01,0
21,2025-02-01,0
21,2025-03-01,0
21,2025-04-01,0
21,2025-05-01,0
21,2025-06-01,0
21,2025-07-01,0
21,2025-08-01,0
21,2025-09-01,0
21,2025-10-01,0
21,2025-11-01,0
21,2025-12-01,0
22,2018-01-01,0
22,2018-02-01,0
22,2018-03-01,0
22,2018-04-01,0
22,2018-05-01,0
22,2018-06-01,0
22,2018-07-01,0
22,2018-08-01,0
22,2018-09-01,0
22,2018-10-01,0
22,2018-11-01,0
22,2018-12-01,0
22,2019-01-01,0
22,2019-02-01,0
22,2019-03-01,0
22,2019-04-01,0
22,2019-05-01,0
22,2019-06-01,0
22,2019-07-01,0
22,2019-08-01,0
22,2019-09-01,0
22,2019-10-01,0
22,2019-11-01,0
22,2019-12-01,0
22,2020-01-01,0
22,2020-02-01,0
22,2020-03-01,0
22,2020-04-01,0
22,2020-05-01,0
22,2020-06-01,0
22,2020-07-01,0
22,2020-08-01,0
22,2020-09-01,0
22,2020-10-01,0
22,2020-11-01,0
22,2020-12-01,0
22,2021-01-01,0
22,2021-02-01,0
22,2021-03-01,0
22,2021-04-01,0
22,2021-05-01,0
22,2021-06-01,0
22,2021-07-01,0
22,2021-08-01,0
22,2021-09-01,0
22,2021-10-01,0
22,2021-11-01,0
22,2021-12-01,0
22,2022-01-01,0
22,2022-02-01,0
22,2022-03-01,0
22,2022-04-01,0
22,2022-05-01,0
22,2022-06-01,0
22,2022-07-01,0
22,2022-08-01,0
22,2022-09-01,0
22,2022-10-01,0
22,2022-11-01,0
22,2022-12-01,0
22,2023-01-01,0
22,2023-02-01,0
22,2023-03-01,0
22,2023-04-01,0
22,2023-05-01,0
22,2023-06-01,0
22,2023-07-01,0
22,2023-08-01,0
22,2023-09-01,0
22,2023-10-01,0
22,2023-11-01,0
22,2023-12-01,0
22,2024-01-01,0
22,2024-02-01,0
22,2024-03-01,0
22,2024-04-01,0
22,2024-05-01,0
22,2024-06-01,0
22,2024-07-01,0
22,2024-08-01,0
22,2024-09-01,0
22,2024-10-01,0
22,2024-11-01,0
22,2024-12-01,0
22,2025-01-01,0
22,2025-02-01,0
22,2025-03-01,0
22,2025-04-01,0
22,2025-05-01,0
22,2025-06-01,0
22,2025-07-01,0
22,2025-08-01,0
22,2025-09-01,0
22,2025-10-01,0
22,2025-11-01,0
22,2025-12-01,0
23,2018-01-01,0
23,2018-02-01,0
23,2018-03-01,0
23,2018-04-01,0
23,2018-05-01,0
23,2018-06-01,0
23,2018-07-01,1
23,2018-08-01,0
23,2018-09-01,0
23,2018-10-01,0
23,2018-11-01,0
23,2018-12-01,0
23,2019-01-01,0
23,2019-02-01,0
23,2019-03-01,0
23,2019-04-01,0
23,2019-05-01,0
23,2019-06-01,0
23,2019-07-01,0
23,2019-08-01,0
23,2019-09-01,1
23,2019-10-01,0
23,2019-11-01,1
23,2019-12-01,0
23,2020-01-01,0
23,2020-02-01,0
23,2020-03-01,0
23,2020-04-01,0
23,2020-05-01,0
23,2020-06-01,0
23,2020-07-01,0
23,2020-08-01,0
23,2020-09-01,0
23,2020-10-01,1
23,2020-11-01,0
23,2020-12-01,0
23,2021-01-01,0
23,2021-02-01,0
23,2021-03-01,0
23,2021-04-01,0
23,2021-05-01,0
23,2021-06-01,0
23,2021-07-01,0
23,2021-08-01,0
23,2021-09-01,0
23,2021-10-01,0
23,2021-11-01,0
23,2021-12-01,0
23,2022-01-01,0
23,2022-02-01,0
23,2022-03-01,0
23,2022-04-01,0
23,2022-05-01,0
23,2022-06-01,0
23,2022-07-01,0
23,2022-08-01,0
23,2022-09-01,0
23,2022-10-01,0
23,2022-11-01,0
23,2022-12-01,0
23,2023-01-01,0
23,2023-02-01,0
23,2023-03-01,0
23,2023-04-01,0
23,2023-05-01,1
23,2023-06-01,0
23,2023-07-01,0
23,2023-08-01,0
23,2023-09-01,0
23,2023-10-01,0
23,2023-11-01,0
23,2023-12-01,0
23,2024-01-01,1
23,2024-02-01,1
23,2024-03-01,0
23,2024-04-01,1
23,2024-05-01,0
23,2024-06-01,0
23,2024-07-01,0
23,2024-08-01,0
23,2024-09-01,0
23,2024-10-01,1
23,2024-11-01,0
23,2024-12-01,0
23,2025-01-01,0
23,2025-02-01,0
23,2025-03-01,0
23,2025-04-01,0
23,2025-05-01,0
23,2025-06-01,0
23,2025-07-01,0
23,2025-08-01,0
23,2025-09-01,0
23,2025-10-01,1
23,2025-11-01,0
23,2025-12-01,0
24,2018-01-01,0
24,2018-02-01,0
24,2018-03-01,0
24,2018-04-01,0
24,2018-05-01,0
24,2018-06-01,0
24,2018-07-01,0
24,2018-08-01,0
24,2018-09-01,0
24,2018-10-01,0
24,2018-11-01,0
24,2018-12-01,0
24,2019-01-01,0
24,2019-02-01,0
24,2019-03-01,0
24,2019-04-01,0
24,2019-05-01,0
24,2019-06-01,0
24,2019-07-01,0
24,2019-08-01,0
24,2019-09-01,0
24,2019-10-01,0
24,2019-11-01,0
24,2019-12-01,0
24,2020-01-01,0
24,2020-02-01,0
24,2020-03-01,0
24,2020-04-01,0
24,2020-05-01,0
24,2020-06-01,0
24,2020-07-01,0
24,2020-08-01,0
24,2020-09-01,0
24,2020-10-01,0
24,2020-11-01,0
24,2020-12-01,0
24,2021-01-01,0
24,2021-02-01,0
24,2021-03-01,0
24,2021-04-01,0
24,2021-05-01,0
24,2021-06-01,0
24,2021-07-01,0
24,2021-08-01,0
24,2021-09-01,0
24,2021-10-01,0
24,2021-11-01,0
24,2021-12-01,0
24,2022-01-01,0
24,2022-02-01,0
24,2022-03-01,0
24,2022-04-01,0
24,2022-05-01,0
24,2022-06-01,0
24,2022-07-01,0
24,2022-08-01,0
24,2022-09-01,0
24,2022-10-01,0
24,2022-11-01,0
24,2022-12-01,1
24,2023-01-01,0
24,2023-02-01,0
24,2023-03-01,0
24,2023-04-01,0
24,2023-05-01,1
24,2023-06-01,1
24,2023-07-01,1
24,2023-08-01,0
24,2023-09-01,0
24,2023-10-01,0
24,2023-11-01,0
24,2023-12-01,0
24,2024-01-01,0
24,2024-02-01,0
24,2024-03-01,1
24,2024-04-01,0
24,2024-05-01,3
24,2024-06-01,1
24,2024-07-01,0
24,2024-08-01,1
24,2024-09-01,0
24,2024-10-01,0
24,2024-11-01,0
24,2024-12-01,0
24,2025-01-01,0
24,2025-02-01,0
24,2025-03-01,0
24,2025-04-01,0
24,2025-05-01,0
24,2025-06-01,0
24,2025-07-01,0
24,2025-08-01,0
24,2025-09-01,0
24,2025-10-01,0
24,2025-11-01,0
24,2025-12-01,0
25,2018-01-01,0
25,2018-02-01,0
25,2018-03-01,0
25,2018-04-01,0
25,2018-05-01,0
25,2018-06-01,0
25,2018-07-01,0
25,2018-08-01,0
25,2018-09-01,0
25,2018-10-01,0
25,2018-11-01,0
25,2018-12-01,0
25,2019-01-01,0
25,2019-02-01,0
25,2019-03-01,0
25,2019-04-01,0
25,2019-05-01,0
25,2019-06-01,0
25,2019-07-01,0
25,2019-08-01,0
25,2019-09-01,0
25,2019-10-01,0
25,2019-11-01,0
25,2019-12-01,0
25,2020-01-01,0
25,2020-02-01,0
25,2020-03-01,0
25,2020-04-01,0
25,2020-05-01,0
25,2020-06-01,0
25,2020-07-01,0
25,2020-08-01,0
25,2020-09-01,0
25,2020-10-01,0
25,2020-11-01,0
25,2020-12-01,1
25,2021-01-01,0
25,2021-02-01,0
25,2021-03-01,0
25,2021-04-01,1
25,2021-05-01,1
25,2021-06-01,0
25,2021-07-01,0
25,2021-08-01,0
25,2021-09-01,1
25,2021-10-01,0
25,2021-11-01,1
25,2021-12-01,0
25,2022-01-01,0
25,2022-02-01,0
25,2022-03-01,0
25,2022-04-01,0
25,2022-05-01,0
25,2022-06-01,0
25,2022-07-01,0
25,2022-08-01,0
25,2022-09-01,0
25,2022-10-01,1
25,2022-11-01,0
25,2022-12-01,1
25,2023-01-01,1
25,2023-02-01,0
25,2023-03-01,1
25,2023-04-01,1
25,2023-05-01,2
25,2023-06-01,1
25,2023-07-01,1
25,2023-08-01,2
25,2023-09-01,1
25,2023-10-01,4
25,2023-11-01,4
25,2023-12-01,3
25,2024-01-01,1
25,2024-02-01,0
25,2024-03-01,2
25,2024-04-01,1
25,2024-05-01,2
25,2024-06-01,0
25,2024-07-01,1
25,2024-08-01,0
25,2024-09-01,1
25,2024-10-01,1
25,2024-11-01,4
25,2024-12-01,2
25,2025-01-01,1
25,2025-02-01,0
25,2025-03-01,0
25,2025-04-01,0
25,2025-05-01,0
25,2025-06-01,0
25,2025-07-01,0
25,2025-08-01,0
25,2025-09-01,1
25,2025-10-01,1
25,2025-11-01,0
25,2025-12-01,0
26,2018-01-01,0
26,2018-02-01,0
26,2018-03-01,0
26,2018-04-01,0
26,2018-05-01,0
26,2018-06-01,0
26,2018-07-01,0
26,2018-08-01,1
26,2018-09-01,0
26,2018-10-01,0
26,2018-11-01,0
26,2018-12-01,0
26,2019-01-01,0
26,2019-02-01,0
26,2019-03-01,0
26,2019-04-01,0
26,2019-05-01,0
26,2019-06-01,0
26,2019-07-01,0
26,2019-08-01,0
26,2019-09-01,0
26,2019-10-01,0
26,2019-11-01,0
26,2019-12-01,0
26,2020-01-01,0
26,2020-02-01,0
26,2020-03-01,0
26,2020-04-01,0
26,2020-05-01,0
26,2020-06-01,0
26,2020-07-01,0
26,2020-08-01,0
26,2020-09-01,0
26,2020-10-01,0
26,2020-11-01,0
26,2020-12-01,0
26,2021-01-01,0
26,2021-02-01,0
26,2021-03-01,0
26,2021-04-01,0
26,2021-05-01,0
26,2021-06-01,0
26,2021-07-01,0
26,2021-08-01,0
26,2021-09-01,0
26,2021-10-01,0
26,2021-11-01,0
26,2021-12-01,0
26,2022-01-01,0
26,2022-02-01,1
26,2022-03-01,0
26,2022-04-01,0
26,2022-05-01,0
26,2022-06-01,0
26,2022-07-01,0
26,2022-08-01,0
26,2022-09-01,0
26,2022-10-01,0
26,2022-11-01,0
26,2022-12-01,1
26,2023-01-01,0
26,2023-02-01,1
26,2023-03-01,0
26,2023-04-01,0
26,2023-05-01,0
26,2023-06-01,1
26,2023-07-01,1
26,2023-08-01,1
26,2023-09-01,0
26,2023-10-01,1
26,2023-11-01,0
26,2023-12-01,0
26,2024-01-01,4
26,2024-02-01,0
26,2024-03-01,3
26,2024-04-01,1
26,2024-05-01,1
26,2024-06-01,0
26,2024-07-01,0
26,2024-08-01,2
26,2024-09-01,0
26,2024-10-01,0
26,2024-11-01,2
26,2024-12-01,0
26,2025-01-01,0
26,2025-02-01,0
26,2025-03-01,0
26,2025-04-01,0
26,2025-05-01,0
26,2025-06-01,1
26,2025-07-01,1
26,2025-08-01,0
26,2025-09-01,0
26,2025-10-01,0
26,2025-11-01,0
26,2025-12-01,0
27,2018-01-01,0
27,2018-02-01,0
27,2018-03-01,0
27,2018-04-01,0
27,2018-05-01,0
27,2018-06-01,0
27,2018-07-01,0
27,2018-08-01,0
27,2018-09-01,0
27,2018-10-01,0
27,2018-11-01,0
27,2018-12-01,0
27,2019-01-01,0
27,2019-02-01,0
27,2019-03-01,0
27,2019-04-01,0
27,2019-05-01,0
27,2019-06-01,0
27,2019-07-01,0
27,2019-08-01,0
27,2019-09-01,0
27,2019-10-01,0
27,2019-11-01,0
27,2019-12-01,0
27,2020-01-01,0
27,2020-02-01,0
27,2020-03-01,0
27,2020-04-01,0
27,2020-05-01,0
27,2020-06-01,0
27,2020-07-01,0
27,2020-08-01,0
27,2020-09-01,0
27,2020-10-01,0
27,2020-11-01,0
27,2020-12-01,0
27,2021-01-01,0
27,2021-02-01,0
27,2021-03-01,0
27,2021-04-01,0
27,2021-05-01,0
27,2021-06-01,0
27,2021-07-01,0
27,2021-08-01,0
27,2021-09-01,0
27,2021-10-01,0
27,2021-11-01,0
27,2021-12-01,0
27,2022-01-01,0
27,2022-02-01,0
27,2022-03-01,0
27,2022-04-01,0
27,2022-05-01,0
27,2022-06-01,0
27,2022-07-01,0
27,2022-08-01,0
27,2022-09-01,0
27,2022-10-01,0
27,2022-11-01,0
27,2022-12-01,0
27,2023-01-01,0
27,2023-02-01,0
27,2023-03-01,0
27,2023-04-01,0
27,2023-05-01,0
27,2023-06-01,0
27,2023-07-01,0
27,2023-08-01,0
27,2023-09-01,0
27,2023-10-01,0
27,2023-11-01,0
27,2023-12-01,0
27,2024-01-01,0
27,2024-02-01,0
27,2024-03-01,0
27,2024-04-01,0
27,2024-05-01,0
27,2024-06-01,0
27,2024-07-01,0
27,2024-08-01,0
27,2024-09-01,0
27,2024-10-01,0
27,2024-11-01,0
27,2024-12-01,0
27,2025-01-01,0
27,2025-02-01,0
27,2025-03-01,0
27,2025-04-01,0
27,2025-05-01,0
27,2025-06-01,0
27,2025-07-01,0
27,2025-08-01,0
27,2025-09-01,0
27,2025-10-01,0
27,2025-11-01,0
27,2025-12-01,0
28,2018-01-01,0
28,2018-02-01,0
28,2018-03-01,0
28,2018-04-01,0
28,2018-05-01,1
28,2018-06-01,0
28,2018-07-01,0
28,2018-08-01,0
28,2018-09-01,0
28,2018-10-01,0
28,2018-11-01,0
28,2018-12-01,0
28,2019-01-01,0
28,2019-02-01,0
28,2019-03-01,0
28,2019-04-01,0
28,2019-05-01,0
28,2019-06-01,0
28,2019-07-01,0
28,2019-08-01,0
28,2019-09-01,0
28,2019-10-01,0
28,2019-11-01,0
28,2019-12-01,0
28,2020-01-01,0
28,2020-02-01,0
28,2020-03-01,0
28,2020-04-01,0
28,2020-05-01,0
28,2020-06-01,0
28,2020-07-01,0
28,2020-08-01,0
28,2020-09-01,0
28,2020-10-01,0
28,2020-11-01,0
28,2020-12-01,0
28,2021-01-01,0
28,2021-02-01,0
28,2021-03-01,0
28,2021-04-01,0
28,2021-05-01,0
28,2021-06-01,0
28,2021-07-01,0
28,2021-08-01,0
28,2021-09-01,0
28,2021-10-01,0
28,2021-11-01,0
28,2021-12-01,0
28,2022-01-01,0
28,2022-02-01,0
28,2022-03-01,0
28,2022-04-01,0
28,2022-05-01,0
28,2022-06-01,0
28,2022-07-01,0
28,2022-08-01,0
28,2022-09-01,1
28,2022-10-01,0
28,2022-11-01,0
28,2022-12-01,0
28,2023-01-01,0
28,2023-02-01,0
28,2023-03-01,0
28,2023-04-01,0
28,2023-05-01,0
28,2023-06-01,0
28,2023-07-01,1
28,2023-08-01,0
28,2023-09-01,0
28,2023-10-01,0
28,2023-11-01,0
28,2023-12-01,0
28,2024-01-01,2
28,2024-02-01,0
28,2024-03-01,0
28,2024-04-01,1
28,2024-05-01,0
28,2024-06-01,0
28,2024-07-01,0
28,2024-08-01,0
28,2024-09-01,0
28,2024-10-01,0
28,2024-11-01,0
28,2024-12-01,0
28,2025-01-01,0
28,2025-02-01,0
28,2025-03-01,0
28,2025-04-01,0
28,2025-05-01,0
28,2025-06-01,0
28,2025-07-01,0
28,2025-08-01,0
28,2025-09-01,0
28,2025-10-01,0
28,2025-11-01,1
28,2025-12-01,0
29,2018-01-01,0
29,2018-02-01,0
29,2018-03-01,0
29,2018-04-01,0
29,2018-05-01,0
29,2018-06-01,0
29,2018-07-01,0
29,2018-08-01,0
29,2018-09-01,0
29,2018-10-01,0
29,2018-11-01,0
29,2018-12-01,0
29,2019-01-01,0
29,2019-02-01,0
29,2019-03-01,0
29,2019-04-01,0
29,2019-05-01,0
29,2019-06-01,0
29,2019-07-01,0
29,2019-08-01,0
29,2019-09-01,0
29,2019-10-01,0
29,2019-11-01,0
29,2019-12-01,0
29,2020-01-01,0
29,2020-02-01,0
29,2020-03-01,0
29,2020-04-01,0
29,2020-05-01,0
29,2020-06-01,0
29,2020-07-01,0
29,2020-08-01,0
29,2020-09-01,0
29,2020-10-01,0
29,2020-11-01,0
29,2020-12-01,0
29,2021-01-01,0
29,2021-02-01,0
29,2021-03-01,0
29,2021-04-01,0
29,2021-05-01,0
29,2021-06-01,0
29,2021-07-01,0
29,2021-08-01,0
29,2021-09-01,0
29,2021-10-01,0
29,2021-11-01,0
29,2021-12-01,0
29,2022-01-01,0
29,2022-02-01,0
29,2022-03-01,0
29,2022-04-01,0
29,2022-05-01,0
29,2022-06-01,0
29,2022-07-01,0
29,2022-08-01,0
29,2022-09-01,0
29,2022-10-01,0
29,2022-11-01,0
29,2022-12-01,0
29,2023-01-01,0
29,2023-02-01,0
29,2023-03-01,0
29,2023-04-01,0
29,2023-05-01,0
29,2023-06-01,0
29,2023-07-01,0
29,2023-08-01,0
29,2023-09-01,0
29,2023-10-01,0
29,2023-11-01,0
29,2023-12-01,0
29,2024-01-01,0
29,2024-02-01,0
29,2024-03-01,0
29,2024-04-01,0
29,2024-05-01,0
29,2024-06-01,0
29,2024-07-01,0
29,2024-08-01,0
29,2024-09-01,0
29,2024-10-01,0
29,2024-11-01,0
29,2024-12-01,0
29,2025-01-01,0
29,2025-02-01,0
29,2025-03-01,0
29,2025-04-01,0
29,2025-05-01,0
29,2025-06-01,0
29,2025-07-01,0
29,2025-08-01,0
29,2025-09-01,0
29,2025-10-01,0
29,2025-11-01,0
29,2025-12-01,0
30,2018-01-01,0
30,2018-02-01,0
30,2018-03-01,0
30,2018-04-01,0
30,2018-05-01,0
30,2018-06-01,0
30,2018-07-01,0
30,2018-08-01,0
30,2018-09-01,0
30,2018-10-01,0
30,2018-11-01,0
30,2018-12-01,0
30,2019-01-01,0
30,2019-02-01,0
30,2019-03-01,0
30,2019-04-01,0
30,2019-05-01,0
30,2019-06-01,0
30,2019-07-01,0
30,2019-08-01,0
30,2019-09-01,0
30,2019-10-01,0
30,2019-11-01,0
30,2019-12-01,0
30,2020-01-01,0
30,2020-02-01,0
30,2020-03-01,0
30,2020-04-01,0
30,2020-05-01,0
30,2020-06-01,1
30,2020-07-01,0
30,2020-08-01,0
30,2020-09-01,0
30,2020-10-01,0
30,2020-11-01,0
30,2020-12-01,0
30,2021-01-01,0
30,2021-02-01,0
30,2021-03-01,0
30,2021-04-01,0
30,2021-05-01,0
30,2021-06-01,0
30,2021-07-01,0
30,2021-08-01,0
30,2021-09-01,1
30,2021-10-01,0
30,2021-11-01,0
30,2021-12-01,0
30,2022-01-01,0
30,2022-02-01,0
30,2022-03-01,0
30,2022-04-01,0
30,2022-05-01,0
30,2022-06-01,0
30,2022-07-01,1
30,2022-08-01,0
30,2022-09-01,0
30,2022-10-01,0
30,2022-11-01,0
30,2022-12-01,0
30,2023-01-01,0
30,2023-02-01,2
30,2023-03-01,1
30,2023-04-01,0
30,2023-05-01,0
30,2023-06-01,0
30,2023-07-01,1
30,2023-08-01,0
30,2023-09-01,0
30,2023-10-01,1
30,2023-11-01,0
30,2023-12-01,1
30,2024-01-01,0
30,2024-02-01,0
30,2024-03-01,2
30,2024-04-01,0
30,2024-05-01,0
30,2024-06-01,2
30,2024-07-01,0
30,2024-08-01,1
30,2024-09-01,2
30,2024-10-01,1
30,2024-11-01,2
30,2024-12-01,0
30,2025-01-01,0
30,2025-02-01,0
30,2025-03-01,0
30,2025-04-01,0
30,2025-05-01,1
30,2025-06-01,0
30,2025-07-01,0
30,2025-08-01,0
30,2025-09-01,0
30,2025-10-01,0
30,2025-11-01,0
30,2025-12-01,0
31,2018-01-01,0
31,2018-02-01,0
31,2018-03-01,0
31,2018-04-01,0
31,2018-05-01,0
31,2018-06-01,0
31,2018-07-01,0
31,2018-08-01,0
31,2018-09-01,0
31,2018-10-01,0
31,2018-11-01,0
31,2018-12-01,0
31,2019-01-01,0
31,2019-02-01,0
31,2019-03-01,0
31,2019-04-01,0
31,2019-05-01,0
31,2019-06-01,0
31,2019-07-01,0
31,2019-08-01,0
31,2019-09-01,0
31,2019-10-01,0
31,2019-11-01,0
31,2019-12-01,0
31,2020-01-01,0
31,2020-02-01,0
31,2020-03-01,0
31,2020-04-01,0
31,2020-05-01,0
31,2020-06-01,0
31,2020-07-01,0
31,2020-08-01,0
31,2020-09-01,0
31,2020-10-01,0
31,2020-11-01,0
31,2020-12-01,0
31,2021-01-01,0
31,2021-02-01,0
31,2021-03-01,0
31,2021-04-01,0
31,2021-05-01,0
31,2021-06-01,0
31,2021-07-01,0
31,2021-08-01,0
31,2021-09-01,0
31,2021-10-01,0
31,2021-11-01,0
31,2021-12-01,0
31,2022-01-01,0
31,2022-02-01,0
31,2022-03-01,0
31,2022-04-01,0
31,2022-05-01,0
31,2022-06-01,0
31,2022-07-01,0
31,2022-08-01,0
31,2022-09-01,0
31,2022-10-01,0
31,2022-11-01,0
31,2022-12-01,0
31,2023-01-01,0
31,2023-02-01,0
31,2023-03-01,0
31,2023-04-01,0
31,2023-05-01,0
31,2023-06-01,0
31,2023-07-01,0
31,2023-08-01,0
31,2023-09-01,0
31,2023-10-01,0
31,2023-11-01,0
31,2023-12-01,0
31,2024-01-01,0
31,2024-02-01,0
31,2024-03-01,0
31,2024-04-01,0
31,2024-05-01,0
31,2024-06-01,0
31,2024-07-01,0
31,2024-08-01,0
31,2024-09-01,0
31,2024-10-01,0
31,2024-11-01,0
31,2024-12-01,0
31,2025-01-01,0
31,2025-02-01,0
31,2025-03-01,0
31,2025-04-01,0
31,2025-05-01,0
31,2025-06-01,0
31,2025-07-01,0
31,2025-08-01,0
31,2025-09-01,0
31,2025-10-01,0
31,2025-11-01,0
31,2025-12-01,0
32,2018-01-01,0
32,2018-02-01,0
32,2018-03-01,0
32,2018-04-01,0
32,2018-05-01,0
32,2018-06-01,0
32,2018-07-01,0
32,2018-08-01,0
32,2018-09-01,0
32,2018-10-01,0
32,2018-11-01,0
32,2018-12-01,0
32,2019-01-01,0
32,2019-02-01,0
32,2019-03-01,0
32,2019-04-01,0
32,2019-05-01,0
32,2019-06-01,0
32,2019-07-01,0
32,2019-08-01,0
32,2019-09-01,0
32,2019-10-01,0
32,2019-11-01,0
32,2019-12-01,0
32,2020-01-01,0
32,2020-02-01,0
32,2020-03-01,0
32,2020-04-01,0
32,2020-05-01,0
32,2020-06-01,0
32,2020-07-01,0
32,2020-08-01,0
32,2020-09-01,0
32,2020-10-01,0
32,2020-11-01,0
32,2020-12-01,0
32,2021-01-01,0
32,2021-02-01,0
32,2021-03-01,0
32,2021-04-01,0
32,2021-05-01,0
32,2021-06-01,0
32,2021-07-01,0
32,2021-08-01,0
32,2021-09-01,0
32,2021-10-01,0
32,2021-11-01,0
32,2021-12-01,0
32,2022-01-01,0
32,2022-02-01,0
32,2022-03-01,0
32,2022-04-01,0
32,2022-05-01,0
32,2022-06-01,0
32,2022-07-01,0
32,2022-08-01,0
32,2022-09-01,0
32,2022-10-01,0
32,2022-11-01,0
32,2022-12-01,2
32,2023-01-01,2
32,2023-02-01,3
32,2023-03-01,0
32,2023-04-01,1
32,2023-05-01,1
32,2023-06-01,0
32,2023-07-01,0
32,2023-08-01,0
32,2023-09-01,2
32,2023-10-01,1
32,2023-11-01,0
32,2023-12-01,1
32,2024-01-01,1
32,2024-02-01,0
32,2024-03-01,1
32,2024-04-01,2
32,2024-05-01,1
32,2024-06-01,0
32,2024-07-01,2
32,2024-08-01,1
32,2024-09-01,0
32,2024-10-01,0
32,2024-11-01,1
32,2024-12-01,0
32,2025-01-01,0
32,2025-02-01,0
32,2025-03-01,0
32,2025-04-01,0
32,2025-05-01,0
32,2025-06-01,0
32,2025-07-01,0
32,2025-08-01,0
32,2025-09-01,1
32,2025-10-01,1
32,2025-11-01,0
32,2025-12-01,1
33,2018-01-01,0
33,2018-02-01,0
33,2018-03-01,0
33,2018-04-01,0
33,2018-05-01,0
33,2018-06-01,0
33,2018-07-01,0
33,2018-08-01,0
33,2018-09-01,0
33,2018-10-01,0
33,2018-11-01,0
33,2018-12-01,0
33,2019-01-01,0
33,2019-02-01,0
33,2019-03-01,0
33,2019-04-01,0
33,2019-05-01,1
33,2019-06-01,0
33,2019-07-01,0
33,2019-08-01,0
33,2019-09-01,0
33,2019-10-01,0
33,2019-11-01,0
33,2019-12-01,0
33,2020-01-01,0
33,2020-02-01,0
33,2020-03-01,0
33,2020-04-01,0
33,2020-05-01,0
33,2020-06-01,0
33,2020-07-01,0
33,2020-08-01,0
33,2020-09-01,0
33,2020-10-01,0
33,2020-11-01,0
33,2020-12-01,0
33,2021-01-01,0
33,2021-02-01,0
33,2021-03-01,0
33,2021-04-01,0
33,2021-05-01,1
33,2021-06-01,0
33,2021-07-01,0
33,2021-08-01,0
33,2021-09-01,0
33,2021-10-01,0
33,2021-11-01,0
33,2021-12-01,0
33,2022-01-01,0
33,2022-02-01,0
33,2022-03-01,0
33,2022-04-01,0
33,2022-05-01,0
33,2022-06-01,0
33,2022-07-01,0
33,2022-08-01,0
33,2022-09-01,0
33,2022-10-01,1
33,2022-11-01,1
33,2022-12-01,1
33,2023-01-01,7
33,2023-02-01,2
33,2023-03-01,0
33,2023-04-01,2
33,2023-05-01,1
33,2023-06-01,1
33,2023-07-01,2
33,2023-08-01,1
33,2023-09-01,1
33,2023-10-01,1
33,2023-11-01,1
33,2023-12-01,2
33,2024-01-01,1
33,2024-02-01,2
33,2024-03-01,2
33,2024-04-01,1
33,2024-05-01,2
33,2024-06-01,3
33,2024-07-01,1
33,2024-08-01,1
33,2024-09-01,1
33,2024-10-01,0
33,2024-11-01,4
33,2024-12-01,2
33,2025-01-01,1
33,2025-02-01,2
33,2025-03-01,0
33,2025-04-01,0
33,2025-05-01,0
33,2025-06-01,1
33,2025-07-01,3
33,2025-08-01,0
33,2025-09-01,0
33,2025-10-01,0
33,2025-11-01,1
33,2025-12-01,0
34,2018-01-01,0
34,2018-02-01,0
34,2018-03-01,1
34,2018-04-01,0
34,2018-05-01,0
34,2018-06-01,0
34,2018-07-01,0
34,2018-08-01,0
34,2018-09-01,0
34,2018-10-01,0
34,2018-11-01,0
34,2018-12-01,0
34,2019-01-01,0
34,2019-02-01,0
34,2019-03-01,0
34,2019-04-01,0
34,2019-05-01,0
34,2019-06-01,0
34,2019-07-01,0
34,2019-08-01,0
34,2019-09-01,0
34,2019-10-01,0
34,2019-11-01,0
34,2019-12-01,0
34,2020-01-01,0
34,2020-02-01,0
34,2020-03-01,1
34,2020-04-01,0
34,2020-05-01,0
34,2020-06-01,0
34,2020-07-01,0
34,2020-08-01,1
34,2020-09-01,1
34,2020-10-01,0
34,2020-11-01,0
34,2020-12-01,0
34,2021-01-01,0
34,2021-02-01,0
34,2021-03-01,0
34,2021-04-01,0
34,2021-05-01,0
34,2021-06-01,0
34,2021-07-01,0
34,2021-08-01,0
34,2021-09-01,0
34,2021-10-01,0
34,2021-11-01,0
34,2021-12-01,0
34,2022-01-01,1
34,2022-02-01,0
34,2022-03-01,0
34,2022-04-01,0
34,2022-05-01,0
34,2022-06-01,0
34,2022-07-01,0
34,2022-08-01,0
34,2022-09-01,0
34,2022-10-01,0
34,2022-11-01,0
34,2022-12-01,3
34,2023-01-01,14
34,2023-02-01,7
34,2023-03-01,4
34,2023-04-01,1
34,2023-05-01,1
34,2023-06-01,4
34,2023-07-01,5
34,2023-08-01,3
34,2023-09-01,0
34,2023-10-01,2
34,2023-11-01,0
34,2023-12-01,3
34,2024-01-01,1
34,2024-02-01,1
34,2024-03-01,2
34,2024-04-01,0
34,2024-05-01,1
34,2024-06-01,1
34,2024-07-01,0
34,2024-08-01,4
34,2024-09-01,1
34,2024-10-01,1
34,2024-11-01,5
34,2024-12-01,1
34,2025-01-01,3
34,2025-02-01,0
34,2025-03-01,0
34,2025-04-01,3
34,2025-05-01,2
34,2025-06-01,0
34,2025-07-01,2
34,2025-08-01,1
34,2025-09-01,2
34,2025-10-01,1
34,2025-11-01,3
34,2025-12-01,0
35,2018-01-01,0
35,2018-02-01,0
35,2018-03-01,0
35,2018-04-01,0
35,2018-05-01,0
35,2018-06-01,0
35,2018-07-01,0
35,2018-08-01,0
35,2018-09-01,0
35,2018-10-01,0
35,2018-11-01,0
35,2018-12-01,0
35,2019-01-01,0
35,2019-02-01,0
35,2019-03-01,0
35,2019-04-01,0
35,2019-05-01,0
35,2019-06-01,0
35,2019-07-01,0
35,2019-08-01,0
35,2019-09-01,0
35,2019-10-01,0
35,2019-11-01,0
35,2019-12-01,0
35,2020-01-01,0
35,2020-02-01,0
35,2020-03-01,0
35,2020-04-01,0
35,2020-05-01,0
35,2020-06-01,0
35,2020-07-01,0
35,2020-08-01,0
35,2020-09-01,0
35,2020-10-01,0
35,2020-11-01,0
35,2020-12-01,0
35,2021-01-01,0
35,2021-02-01,0
35,2021-03-01,0
35,2021-04-01,0
35,2021-05-01,0
35,2021-06-01,0
35,2021-07-01,0
35,2021-08-01,0
35,2021-09-01,0
35,2021-10-01,0
35,2021-11-01,0
35,2021-12-01,0
35,2022-01-01,0
35,2022-02-01,0
35,2022-03-01,0
35,2022-04-01,0
35,2022-05-01,0
35,2022-06-01,0
35,2022-07-01,0
35,2022-08-01,0
35,2022-09-01,0
35,2022-10-01,0
35,2022-11-01,0
35,2022-12-01,0
35,2023-01-01,0
35,2023-02-01,0
35,2023-03-01,0
35,2023-04-01,0
35,2023-05-01,0
35,2023-06-01,0
35,2023-07-01,0
35,2023-08-01,0
35,2023-09-01,0
35,2023-10-01,0
35,2023-11-01,0
35,2023-12-01,0
35,2024-01-01,0
35,2024-02-01,0
35,2024-03-01,0
35,2024-04-01,0
35,2024-05-01,0
35,2024-06-01,0
35,2024-07-01,0
35,2024-08-01,0
35,2024-09-01,0
35,2024-10-01,0
35,2024-11-01,0
35,2024-12-01,0
35,2025-01-01,0
35,2025-02-01,0
35,2025-03-01,0
35,2025-04-01,0
35,2025-05-01,0
35,2025-06-01,0
35,2025-07-01,0
35,2025-08-01,0
35,2025-09-01,0
35,2025-10-01,0
35,2025-11-01,0
35,2025-12-01,0
36,2018-01-01,0
36,2018-02-01,0
36,2018-03-01,0
36,2018-04-01,0
36,2018-05-01,0
36,2018-06-01,0
36,2018-07-01,0
36,2018-08-01,0
36,2018-09-01,0
36,2018-10-01,0
36,2018-11-01,0
36,2018-12-01,0
36,2019-01-01,0
36,2019-02-01,0
36,2019-03-01,0
36,2019-04-01,0
36,2019-05-01,0
36,2019-06-01,0
36,2019-07-01,0
36,2019-08-01,0
36,2019-09-01,0
36,2019-10-01,0
36,2019-11-01,0
36,2019-12-01,0
36,2020-01-01,0
36,2020-02-01,0
36,2020-03-01,0
36,2020-04-01,0
36,2020-05-01,0
36,2020-06-01,0
36,2020-07-01,0
36,2020-08-01,0
36,2020-09-01,0
36,2020-10-01,0
36,2020-11-01,0
36,2020-12-01,0
36,2021-01-01,0
36,2021-02-01,0
36,2021-03-01,0
36,2021-04-01,0
36,2021-05-01,0
36,2021-06-01,0
36,2021-07-01,0
36,2021-08-01,0
36,2021-09-01,0
36,2021-10-01,0
36,2021-11-01,0
36,2021-12-01,0
36,2022-01-01,0
36,2022-02-01,0
36,2022-03-01,0
36,2022-04-01,0
36,2022-05-01,0
36,2022-06-01,0
36,2022-07-01,0
36,2022-08-01,0
36,2022-09-01,0
36,2022-10-01,0
36,2022-11-01,0
36,2022-12-01,0
36,2023-01-01,0
36,2023-02-01,0
36,2023-03-01,0
36,2023-04-01,0
36,2023-05-01,0
36,2023-06-01,0
36,2023-07-01,0
36,2023-08-01,0
36,2023-09-01,0
36,2023-10-01,0
36,2023-11-01,0
36,2023-12-01,0
36,2024-01-01,0
36,2024-02-01,0
36,2024-03-01,0
36,2024-04-01,0
36,2024-05-01,0
36,2024-06-01,0
36,2024-07-01,0
36,2024-08-01,0
36,2024-09-01,0
36,2024-10-01,0
36,2024-11-01,0
36,2024-12-01,0
36,2025-01-01,0
36,2025-02-01,0
36,2025-03-01,0
36,2025-04-01,0
36,2025-05-01,0
36,2025-06-01,0
36,2025-07-01,0
36,2025-08-01,0
36,2025-09-01,0
36,2025-10-01,0
36,2025-11-01,0
36,2025-12-01,0
37,2018-01-01,0
37,2018-02-01,0
37,2018-03-01,0
37,2018-04-01,0
37,2018-05-01,0
37,2018-06-01,0
37,2018-07-01,0
37,2018-08-01,0
37,2018-09-01,0
37,2018-10-01,0
37,2018-11-01,0
37,2018-12-01,0
37,2019-01-01,0
37,2019-02-01,0
37,2019-03-01,0
37,2019-04-01,0
37,2019-05-01,0
37,2019-06-01,0
37,2019-07-01,0
37,2019-08-01,0
37,2019-09-01,0
37,2019-10-01,0
37,2019-11-01,0
37,2019-12-01,0
37,2020-01-01,0
37,2020-02-01,0
37,2020-03-01,0
37,2020-04-01,0
37,2020-05-01,0
37,2020-06-01,0
37,2020-07-01,0
37,2020-08-01,0
37,2020-09-01,0
37,2020-10-01,0
37,2020-11-01,0
37,2020-12-01,0
37,2021-01-01,0
37,2021-02-01,0
37,2021-03-01,0
37,2021-04-01,0
37,2021-05-01,0
37,2021-06-01,0
37,2021-07-01,0
37,2021-08-01,0
37,2021-09-01,0
37,2021-10-01,0
37,2021-11-01,0
37,2021-12-01,0
37,2022-01-01,0
37,2022-02-01,0
37,2022-03-01,0
37,2022-04-01,0
37,2022-05-01,0
37,2022-06-01,0
37,2022-07-01,0
37,2022-08-01,0
37,2022-09-01,0
37,2022-10-01,0
37,2022-11-01,0
37,2022-12-01,0
37,2023-01-01,0
37,2023-02-01,0
37,2023-03-01,0
37,2023-04-01,0
37,2023-05-01,0
37,2023-06-01,0
37,2023-07-01,0
37,2023-08-01,0
37,2023-09-01,0
37,2023-10-01,0
37,2023-11-01,0
37,2023-12-01,0
37,2024-01-01,0
37,2024-02-01,0
37,2024-03-01,0
37,2024-04-01,0
37,2024-05-01,0
37,2024-06-01,0
37,2024-07-01,0
37,2024-08-01,0
37,2024-09-01,0
37,2024-10-01,0
37,2024-11-01,0
37,2024-12-01,0
37,2025-01-01,0
37,2025-02-01,0
37,2025-03-01,0
37,2025-04-01,0
37,2025-05-01,0
37,2025-06-01,0
37,2025-07-01,0
37,2025-08-01,0
37,2025-09-01,0
37,2025-10-01,0
37,2025-11-01,0
37,2025-12-01,0
38,2018-01-01,0
38,2018-02-01,0
38,2018-03-01,0
38,2018-04-01,0
38,2018-05-01,0
38,2018-06-01,0
38,2018-07-01,0
38,2018-08-01,0
38,2018-09-01,0
38,2018-10-01,0
38,2018-11-01,0
38,2018-12-01,0
38,2019-01-01,0
38,2019-02-01,0
38,2019-03-01,0
38,2019-04-01,0
38,2019-05-01,0
38,2019-06-01,0
38,2019-07-01,0
38,2019-08-01,0
38,2019-09-01,0
38,2019-10-01,0
38,2019-11-01,0
38,2019-12-01,0
38,2020-01-01,0
38,2020-02-01,0
38,2020-03-01,0
38,2020-04-01,0
38,2020-05-01,0
38,2020-06-01,0
38,2020-07-01,0
38,2020-08-01,0
38,2020-09-01,0
38,2020-10-01,0
38,2020-11-01,0
38,2020-12-01,0
38,2021-01-01,0
38,2021-02-01,0
38,2021-03-01,0
38,2021-04-01,0
38,2021-05-01,0
38,2021-06-01,0
38,2021-07-01,0
38,2021-08-01,0
38,2021-09-01,0
38,2021-10-01,0
38,2021-11-01,0
38,2021-12-01,0
38,2022-01-01,0
38,2022-02-01,0
38,2022-03-01,0
38,2022-04-01,0
38,2022-05-01,0
38,2022-06-01,0
38,2022-07-01,0
38,2022-08-01,0
38,2022-09-01,0
38,2022-10-01,0
38,2022-11-01,0
38,2022-12-01,0
38,2023-01-01,0
38,2023-02-01,0
38,2023-03-01,0
38,2023-04-01,0
38,2023-05-01,0
38,2023-06-01,0
38,2023-07-01,0
38,2023-08-01,0
38,2023-09-01,0
38,2023-10-01,0
38,2023-11-01,0
38,2023-12-01,0
38,2024-01-01,0
38,2024-02-01,0
38,2024-03-01,0
38,2024-04-01,0
38,2024-05-01,0
38,2024-06-01,0
38,2024-07-01,0
38,2024-08-01,0
38,2024-09-01,0
38,2024-10-01,0
38,2024-11-01,0
38,2024-12-01,0
38,2025-01-01,0
38,2025-02-01,0
38,2025-03-01,0
38,2025-04-01,0
38,2025-05-01,0
38,2025-06-01,0
38,2025-07-01,0
38,2025-08-01,0
38,2025-09-01,0
38,2025-10-01,0
38,2025-11-01,0
38,2025-12-01,0
39,2018-01-01,0
39,2018-02-01,0
39,2018-03-01,0
39,2018-04-01,0
39,2018-05-01,0
39,2018-06-01,0
39,2018-07-01,0
39,2018-08-01,0
39,2018-09-01,0
39,2018-10-01,0
39,2018-11-01,0
39,2018-12-01,0
39,2019-01-01,0
39,2019-02-01,0
39,2019-03-01,0
39,2019-04-01,0
39,2019-05-01,0
39,2019-06-01,0
39,2019-07-01,0
39,2019-08-01,0
39,2019-09-01,0
39,2019-10-01,0
39,2019-11-01,0
39,2019-12-01,0
39,2020-01-01,0
39,2020-02-01,0
39,2020-03-01,0
39,2020-04-01,0
39,2020-05-01,0
39,2020-06-01,0
39,2020-07-01,0
39,2020-08-01,0
39,2020-09-01,0
39,2020-10-01,0
39,2020-11-01,0
39,2020-12-01,0
39,2021-01-01,0
39,2021-02-01,0
39,2021-03-01,0
39,2021-04-01,0
39,2021-05-01,0
39,2021-06-01,0
39,2021-07-01,0
39,2021-08-01,0
39,2021-09-01,0
39,2021-10-01,0
39,2021-11-01,0
39,2021-12-01,0
39,2022-01-01,0
39,2022-02-01,0
39,2022-03-01,0
39,2022-04-01,0
39,2022-05-01,0
39,2022-06-01,0
39,2022-07-01,0
39,2022-08-01,0
39,2022-09-01,0
39,2022-10-01,0
39,2022-11-01,0
39,2022-12-01,0
39,2023-01-01,0
39,2023-02-01,0
39,2023-03-01,0
39,2023-04-01,0
39,2023-05-01,0
39,2023-06-01,0
39,2023-07-01,0
39,2023-08-01,0
39,2023-09-01,0
39,2023-10-01,0
39,2023-11-01,0
39,2023-12-01,0
39,2024-01-01,0
39,2024-02-01,0
39,2024-03-01,0
39,2024-04-01,0
39,2024-05-01,0
39,2024-06-01,0
39,2024-07-01,0
39,2024-08-01,0
39,2024-09-01,0
39,2024-10-01,0
39,2024-11-01,0
39,2024-12-01,0
39,2025-01-01,0
39,2025-02-01,0
39,2025-03-01,0
39,2025-04-01,0
39,2025-05-01,0
39,2025-06-01,0
39,2025-07-01,0
39,2025-08-01,0
39,2025-09-01,0
39,2025-10-01,0
39,2025-11-01,0
39,2025-12-01,0
40,2018-01-01,0
40,2018-02-01,0
40,2018-03-01,0
40,2018-04-01,0
40,2018-05-01,0
40,2018-06-01,0
40,2018-07-01,0
40,2018-08-01,0
40,2018-09-01,0
40,2018-10-01,0
40,2018-11-01,0
40,2018-12-01,0
40,2019-01-01,0
40,2019-02-01,0
40,2019-03-01,1
40,2019-04-01,0
40,2019-05-01,0
40,2019-06-01,0
40,2019-07-01,1
40,2019-08-01,0
40,2019-09-01,0
40,2019-10-01,0
40,2019-11-01,0
40,2019-12-01,0
40,2020-01-01,0
40,2020-02-01,0
40,2020-03-01,0
40,2020-04-01,0
40,2020-05-01,0
40,2020-06-01,0
40,2020-07-01,0
40,2020-08-01,0
40,2020-09-01,0
40,2020-10-01,1
40,2020-11-01,1
40,2020-12-01,0
40,2021-01-01,0
40,2021-02-01,0
40,2021-03-01,0
40,2021-04-01,1
40,2021-05-01,0
40,2021-06-01,0
40,2021-07-01,0
40,2021-08-01,0
40,2021-09-01,0
40,2021-10-01,0
40,2021-11-01,0
40,2021-12-01,0
40,2022-01-01,0
40,2022-02-01,0
40,2022-03-01,0
40,2022-04-01,0
40,2022-05-01,0
40,2022-06-01,0
40,2022-07-01,1
40,2022-08-01,0
40,2022-09-01,0
40,2022-10-01,1
40,2022-11-01,0
40,2022-12-01,2
40,2023-01-01,2
40,2023-02-01,0
40,2023-03-01,0
40,2023-04-01,3
40,2023-05-01,4
40,2023-06-01,1
40,2023-07-01,6
40,2023-08-01,5
40,2023-09-01,2
40,2023-10-01,5
40,2023-11-01,3
40,2023-12-01,4
40,2024-01-01,4
40,2024-02-01,4
40,2024-03-01,1
40,2024-04-01,3
40,2024-05-01,8
40,2024-06-01,6
40,2024-07-01,7
40,2024-08-01,1
40,2024-09-01,1
40,2024-10-01,2
40,2024-11-01,4
40,2024-12-01,2
40,2025-01-01,5
40,2025-02-01,1
40,2025-03-01,3
40,2025-04-01,0
40,2025-05-01,1
40,2025-06-01,1
40,2025-07-01,3
40,2025-08-01,1
40,2025-09-01,0
40,2025-10-01,0
40,2025-11-01,0
40,2025-12-01,0
41,2018-01-01,0
41,2018-02-01,0
41,2018-03-01,0
41,2018-04-01,0
41,2018-05-01,0
41,2018-06-01,0
41,2018-07-01,0
41,2018-08-01,0
41,2018-09-01,0
41,2018-10-01,0
41,2018-11-01,0
41,2018-12-01,0
41,2019-01-01,0
41,2019-02-01,0
41,2019-03-01,0
41,2019-04-01,0
41,2019-05-01,0
41,2019-06-01,0
41,2019-07-01,1
41,2019-08-01,0
41,2019-09-01,0
41,2019-10-01,0
41,2019-11-01,0
41,2019-12-01,0
41,2020-01-01,0
41,2020-02-01,0
41,2020-03-01,0
41,2020-04-01,0
41,2020-05-01,0
41,2020-06-01,0
41,2020-07-01,0
41,2020-08-01,1
41,2020-09-01,0
41,2020-10-01,0
41,2020-11-01,0
41,2020-12-01,0
41,2021-01-01,0
41,2021-02-01,0
41,2021-03-01,0
41,2021-04-01,0
41,2021-05-01,0
41,2021-06-01,0
41,2021-07-01,0
41,2021-08-01,0
41,2021-09-01,0
41,2021-10-01,0
41,2021-11-01,0
41,2021-12-01,0
41,2022-01-01,0
41,2022-02-01,0
41,2022-03-01,0
41,2022-04-01,0
41,2022-05-01,0
41,2022-06-01,0
41,2022-07-01,0
41,2022-08-01,0
41,2022-09-01,0
41,2022-10-01,0
41,2022-11-01,0
41,2022-12-01,0
41,2023-01-01,0
41,2023-02-01,0
41,2023-03-01,1
41,2023-04-01,0
41,2023-05-01,1
41,2023-06-01,0
41,2023-07-01,4
41,2023-08-01,1
41,2023-09-01,1
41,2023-10-01,7
41,2023-11-01,4
41,2023-12-01,2
41,2024-01-01,1
41,2024-02-01,2
41,2024-03-01,3
41,2024-04-01,3
41,2024-05-01,1
41,2024-06-01,0
41,2024-07-01,0
41,2024-08-01,1
41,2024-09-01,2
41,2024-10-01,3
41,2024-11-01,3
41,2024-12-01,1
41,2025-01-01,1
41,2025-02-01,1
41,2025-03-01,0
41,2025-04-01,0
41,2025-05-01,0
41,2025-06-01,0
41,2025-07-01,1
41,2025-08-01,0
41,2025-09-01,0
41,2025-10-01,0
41,2025-11-01,0
41,2025-12-01,0
42,2018-01-01,0
42,2018-02-01,0
42,2018-03-01,0
42,2018-04-01,0
42,2018-05-01,0
42,2018-06-01,0
42,2018-07-01,0
42,2018-08-01,0
42,2018-09-01,0
42,2018-10-01,0
42,2018-11-01,0
42,2018-12-01,0
42,2019-01-01,0
42,2019-02-01,0
42,2019-03-01,0
42,2019-04-01,0
42,2019-05-01,0
42,2019-06-01,0
42,2019-07-01,0
42,2019-08-01,0
42,2019-09-01,0
42,2019-10-01,1
42,2019-11-01,1
42,2019-12-01,0
42,2020-01-01,0
42,2020-02-01,0
42,2020-03-01,0
42,2020-04-01,0
42,2020-05-01,0
42,2020-06-01,0
42,2020-07-01,0
42,2020-08-01,0
42,2020-09-01,0
42,2020-10-01,0
42,2020-11-01,0
42,2020-12-01,0
42,2021-01-01,0
42,2021-02-01,0
42,2021-03-01,1
42,2021-04-01,0
42,2021-05-01,1
42,2021-06-01,0
42,2021-07-01,0
42,2021-08-01,0
42,2021-09-01,0
42,2021-10-01,0
42,2021-11-01,1
42,2021-12-01,0
42,2022-01-01,0
42,2022-02-01,1
42,2022-03-01,0
42,2022-04-01,0
42,2022-05-01,0
42,2022-06-01,0
42,2022-07-01,0
42,2022-08-01,0
42,2022-09-01,0
42,2022-10-01,0
42,2022-11-01,1
42,2022-12-01,0
42,2023-01-01,4
42,2023-02-01,2
42,2023-03-01,1
42,2023-04-01,2
42,2023-05-01,0
42,2023-06-01,1
42,2023-07-01,4
42,2023-08-01,1
42,2023-09-01,0
42,2023-10-01,2
42,2023-11-01,1
42,2023-12-01,0
42,2024-01-01,3
42,2024-02-01,3
42,2024-03-01,0
42,2024-04-01,2
42,2024-05-01,1
42,2024-06-01,0
42,2024-07-01,0
42,2024-08-01,3
42,2024-09-01,3
42,2024-10-01,2
42,2024-11-01,3
42,2024-12-01,1
42,2025-01-01,0
42,2025-02-01,0
42,2025-03-01,0
42,2025-04-01,1
42,2025-05-01,2
42,2025-06-01,0
42,2025-07-01,1
42,2025-08-01,1
42,2025-09-01,1
42,2025-10-01,2
42,2025-11-01,0
42,2025-12-01,0
43,2018-01-01,0
43,2018-02-01,0
43,2018-03-01,0
43,2018-04-01,0
43,2018-05-01,0
43,2018-06-01,0
43,2018-07-01,0
43,2018-08-01,0
43,2018-09-01,0
43,2018-10-01,0
43,2018-11-01,0
43,2018-12-01,1
43,2019-01-01,0
43,2019-02-01,0
43,2019-03-01,0
43,2019-04-01,0
43,2019-05-01,0
43,2019-06-01,0
43,2019-07-01,0
43,2019-08-01,0
43,2019-09-01,0
43,2019-10-01,0
43,2019-11-01,0
43,2019-12-01,0
43,2020-01-01,0
43,2020-02-01,0
43,2020-03-01,1
43,2020-04-01,0
43,2020-05-01,0
43,2020-06-01,0
43,2020-07-01,0
43,2020-08-01,1
43,2020-09-01,0
43,2020-10-01,0
43,2020-11-01,0
43,2020-12-01,0
43,2021-01-01,0
43,2021-02-01,0
43,2021-03-01,1
43,2021-04-01,1
43,2021-05-01,0
43,2021-06-01,0
43,2021-07-01,0
43,2021-08-01,0
43,2021-09-01,1
43,2021-10-01,0
43,2021-11-01,0
43,2021-12-01,0
43,2022-01-01,0
43,2022-02-01,0
43,2022-03-01,0
43,2022-04-01,1
43,2022-05-01,1
43,2022-06-01,0
43,2022-07-01,0
43,2022-08-01,1
43,2022-09-01,0
43,2022-10-01,0
43,2022-11-01,1
43,2022-12-01,0
43,2023-01-01,4
43,2023-02-01,3
43,2023-03-01,8
43,2023-04-01,3
43,2023-05-01,1
43,2023-06-01,3
43,2023-07-01,4
43,2023-08-01,1
43,2023-09-01,5
43,2023-10-01,10
43,2023-11-01,4
43,2023-12-01,4
43,2024-01-01,4
43,2024-02-01,6
43,2024-03-01,3
43,2024-04-01,5
43,2024-05-01,5
43,2024-06-01,2
43,2024-07-01,3
43,2024-08-01,0
43,2024-09-01,4
43,2024-10-01,6
43,2024-11-01,2
43,2024-12-01,3
43,2025-01-01,1
43,2025-02-01,1
43,2025-03-01,0
43,2025-04-01,2
43,2025-05-01,1
43,2025-06-01,1
43,2025-07-01,5
43,2025-08-01,4
43,2025-09-01,0
43,2025-10-01,0
43,2025-11-01,0
43,2025-12-01,1
44,2018-01-01,0
44,2018-02-01,0
44,2018-03-01,0
44,2018-04-01,0
44,2018-05-01,0
44,2018-06-01,0
44,2018-07-01,0
44,2018-08-01,0
44,2018-09-01,0
44,2018-10-01,0
44,2018-11-01,0
44,2018-12-01,0
44,2019-01-01,0
44,2019-02-01,1
44,2019-03-01,0
44,2019-04-01,0
44,2019-05-01,0
44,2019-06-01,0
44,2019-07-01,0
44,2019-08-01,0
44,2019-09-01,0
44,2019-10-01,0
44,2019-11-01,0
44,2019-12-01,1
44,2020-01-01,1
44,2020-02-01,0
44,2020-03-01,0
44,2020-04-01,0
44,2020-05-01,0
44,2020-06-01,0
44,2020-07-01,0
44,2020-08-01,0
44,2020-09-01,0
44,2020-10-01,0
44,2020-11-01,0
44,2020-12-01,0
44,2021-01-01,0
44,2021-02-01,0
44,2021-03-01,0
44,2021-04-01,0
44,2021-05-01,0
44,2021-06-01,0
44,2021-07-01,0
44,2021-08-01,0
44,2021-09-01,0
44,2021-10-01,0
44,2021-11-01,0
44,2021-12-01,0
44,2022-01-01,0
44,2022-02-01,0
44,2022-03-01,1
44,2022-04-01,1
44,2022-05-01,1
44,2022-06-01,0
44,2022-07-01,0
44,2022-08-01,0
44,2022-09-01,0
44,2022-10-01,0
44,2022-11-01,2
44,2022-12-01,3
44,2023-01-01,4
44,2023-02-01,2
44,2023-03-01,3
44,2023-04-01,6
44,2023-05-01,7
44,2023-06-01,0
44,2023-07-01,5
44,2023-08-01,4
44,2023-09-01,4
44,2023-10-01,9
44,2023-11-01,7
44,2023-12-01,5
44,2024-01-01,7
44,2024-02-01,7
44,2024-03-01,4
44,2024-04-01,1
44,2024-05-01,3
44,2024-06-01,2
44,2024-07-01,1
44,2024-08-01,5
44,2024-09-01,3
44,2024-10-01,1
44,2024-11-01,1
44,2024-12-01,4
44,2025-01-01,5
44,2025-02-01,0
44,2025-03-01,1
44,2025-04-01,0
44,2025-05-01,0
44,2025-06-01,1
44,2025-07-01,2
44,2025-08-01,0
44,2025-09-01,0
44,2025-10-01,1
44,2025-11-01,1
44,2025-12-01,1
45,2018-01-01,0
45,2018-02-01,1
45,2018-03-01,0
45,2018-04-01,0
45,2018-05-01,0
45,2018-06-01,0
45,2018-07-01,0
45,2018-08-01,0
45,2018-09-01,0
45,2018-10-01,0
45,2018-11-01,0
45,2018-12-01,1
45,2019-01-01,0
45,2019-02-01,0
45,2019-03-01,0
45,2019-04-01,0
45,2019-05-01,0
45,2019-06-01,0
45,2019-07-01,0
45,2019-08-01,0
45,2019-09-01,1
45,2019-10-01,0
45,2019-11-01,0
45,2019-12-01,0
45,2020-01-01,0
45,2020-02-01,0
45,2020-03-01,0
45,2020-04-01,0
45,2020-05-01,0
45,2020-06-01,0
45,2020-07-01,1
45,2020-08-01,0
45,2020-09-01,0
45,2020-10-01,0
45,2020-11-01,0
45,2020-12-01,0
45,2021-01-01,0
45,2021-02-01,0
45,2021-03-01,0
45,2021-04-01,0
45,2021-05-01,0
45,2021-06-01,0
45,2021-07-01,0
45,2021-08-01,0
45,2021-09-01,0
45,2021-10-01,0
45,2021-11-01,0
45,2021-12-01,0
45,2022-01-01,0
45,2022-02-01,1
45,2022-03-01,1
45,2022-04-01,1
45,2022-05-01,1
45,2022-06-01,0
45,2022-07-01,0
45,2022-08-01,0
45,2022-09-01,0
45,2022-10-01,0
45,2022-11-01,0
45,2022-12-01,1
45,2023-01-01,5
45,2023-02-01,2
45,2023-03-01,3
45,2023-04-01,3
45,2023-05-01,5
45,2023-06-01,3
45,2023-07-01,1
45,2023-08-01,3
45,2023-09-01,3
45,2023-10-01,3
45,2023-11-01,6
45,2023-12-01,5
45,2024-01-01,11
45,2024-02-01,9
45,2024-03-01,4
45,2024-04-01,4
45,2024-05-01,7
45,2024-06-01,6
45,2024-07-01,5
45,2024-08-01,1
45,2024-09-01,4
45,2024-10-01,3
45,2024-11-01,4
45,2024-12-01,3
45,2025-01-01,4
45,2025-02-01,2
45,2025-03-01,2
45,2025-04-01,0
45,2025-05-01,1
45,2025-06-01,0
45,2025-07-01,1
45,2025-08-01,0
45,2025-09-01,2
45,2025-10-01,0
45,2025-11-01,1
45,2025-12-01,0
46,2018-01-01,0
46,2018-02-01,0
46,2018-03-01,0
46,2018-04-01,0
46,2018-05-01,1
46,2018-06-01,0
46,2018-07-01,0
46,2018-08-01,1
46,2018-09-01,0
46,2018-10-01,0
46,2018-11-01,0
46,2018-12-01,0
46,2019-01-01,0
46,2019-02-01,0
46,2019-03-01,0
46,2019-04-01,0
46,2019-05-01,0
46,2019-06-01,0
46,2019-07-01,0
46,2019-08-01,0
46,2019-09-01,1
46,2019-10-01,0
46,2019-11-01,0
46,2019-12-01,0
46,2020-01-01,0
46,2020-02-01,0
46,2020-03-01,0
46,2020-04-01,0
46,2020-05-01,0
46,2020-06-01,0
46,2020-07-01,0
46,2020-08-01,0
46,2020-09-01,0
46,2020-10-01,0
46,2020-11-01,0
46,2020-12-01,0
46,2021-01-01,0
46,2021-02-01,0
46,2021-03-01,0
46,2021-04-01,0
46,2021-05-01,0
46,2021-06-01,0
46,2021-07-01,0
46,2021-08-01,0
46,2021-09-01,0
46,2021-10-01,0
46,2021-11-01,0
46,2021-12-01,1
46,2022-01-01,0
46,2022-02-01,1
46,2022-03-01,0
46,2022-04-01,0
46,2022-05-01,1
46,2022-06-01,0
46,2022-07-01,0
46,2022-08-01,0
46,2022-09-01,0
46,2022-10-01,0
46,2022-11-01,0
46,2022-12-01,2
46,2023-01-01,3
46,2023-02-01,7
46,2023-03-01,5
46,2023-04-01,1
46,2023-05-01,2
46,2023-06-01,4
46,2023-07-01,1
46,2023-08-01,2
46,2023-09-01,0
46,2023-10-01,3
46,2023-11-01,6
46,2023-12-01,0
46,2024-01-01,5
46,2024-02-01,7
46,2024-03-01,2
46,2024-04-01,1
46,2024-05-01,4
46,2024-06-01,3
46,2024-07-01,6
46,2024-08-01,2
46,2024-09-01,2
46,2024-10-01,5
46,2024-11-01,1
46,2024-12-01,3
46,2025-01-01,5
46,2025-02-01,1
46,2025-03-01,3
46,2025-04-01,1
46,2025-05-01,0
46,2025-06-01,3
46,2025-07-01,1
46,2025-08-01,1
46,2025-09-01,2
46,2025-10-01,0
46,2025-11-01,0
46,2025-12-01,0
47,2018-01-01,0
47,2018-02-01,0
47,2018-03-01,0
47,2018-04-01,0
47,2018-05-01,0
47,2018-06-01,0
47,2018-07-01,0
47,2018-08-01,0
47,2018-09-01,0
47,2018-10-01,0
47,2018-11-01,1
47,2018-12-01,0
47,2019-01-01,0
47,2019-02-01,0
47,2019-03-01,0
47,2019-04-01,1
47,2019-05-01,0
47,2019-06-01,0
47,2019-07-01,0
47,2019-08-01,0
47,2019-09-01,0
47,2019-10-01,0
47,2019-11-01,0
47,2019-12-01,0
47,2020-01-01,0
47,2020-02-01,0
47,2020-03-01,1
47,2020-04-01,0
47,2020-05-01,0
47,2020-06-01,1
47,2020-07-01,0
47,2020-08-01,0
47,2020-09-01,0
47,2020-10-01,0
47,2020-11-01,0
47,2020-12-01,0
47,2021-01-01,0
47,2021-02-01,0
47,2021-03-01,0
47,2021-04-01,1
47,2021-05-01,0
47,2021-06-01,0
47,2021-07-01,0
47,2021-08-01,0
47,2021-09-01,0
47,2021-10-01,0
47,2021-11-01,1
47,2021-12-01,0
47,2022-01-01,2
47,2022-02-01,0
47,2022-03-01,0
47,2022-04-01,0
47,2022-05-01,0
47,2022-06-01,0
47,2022-07-01,1
47,2022-08-01,0
47,2022-09-01,0
47,2022-10-01,0
47,2022-11-01,3
47,2022-12-01,4
47,2023-01-01,6
47,2023-02-01,7
47,2023-03-01,2
47,2023-04-01,4
47,2023-05-01,7
47,2023-06-01,4
47,2023-07-01,1
47,2023-08-01,1
47,2023-09-01,6
47,2023-10-01,6
47,2023-11-01,6
47,2023-12-01,10
47,2024-01-01,4
47,2024-02-01,11
47,2024-03-01,7
47,2024-04-01,7
47,2024-05-01,5
47,2024-06-01,8
47,2024-07-01,5
47,2024-08-01,3
47,2024-09-01,7
47,2024-10-01,5
47,2024-11-01,1
47,2024-12-01,5
47,2025-01-01,3
47,2025-02-01,1
47,2025-03-01,4
47,2025-04-01,4
47,2025-05-01,3
47,2025-06-01,0
47,2025-07-01,0
47,2025-08-01,0
47,2025-09-01,1
47,2025-10-01,1
47,2025-11-01,2
47,2025-12-01,0
48,2018-01-01,0
48,2018-02-01,0
48,2018-03-01,0
48,2018-04-01,0
48,2018-05-01,0
48,2018-06-01,0
48,2018-07-01,0
48,2018-08-01,1
48,2018-09-01,0
48,2018-10-01,0
48,2018-11-01,0
48,2018-12-01,0
48,2019-01-01,0
48,2019-02-01,0
48,2019-03-01,2
48,2019-04-01,0
48,2019-05-01,0
48,2019-06-01,1
48,2019-07-01,0
48,2019-08-01,0
48,2019-09-01,0
48,2019-10-01,0
48,2019-11-01,0
48,2019-12-01,0
48,2020-01-01,1
48,2020-02-01,1
48,2020-03-01,0
48,2020-04-01,0
48,2020-05-01,0
48,2020-06-01,0
48,2020-07-01,0
48,2020-08-01,0
48,2020-09-01,0
48,2020-10-01,0
48,2020-11-01,0
48,2020-12-01,0
48,2021-01-01,0
48,2021-02-01,0
48,2021-03-01,0
48,2021-04-01,0
48,2021-05-01,0
48,2021-06-01,0
48,2021-07-01,0
48,2021-08-01,0
48,2021-09-01,0
48,2021-10-01,0
48,2021-11-01,0
48,2021-12-01,1
48,2022-01-01,0
48,2022-02-01,0
48,2022-03-01,0
48,2022-04-01,0
48,2022-05-01,0
48,2022-06-01,0
48,2022-07-01,0
48,2022-08-01,0
48,2022-09-01,0
48,2022-10-01,1
48,2022-11-01,0
48,2022-12-01,0
48,2023-01-01,0
48,2023-02-01,1
48,2023-03-01,0
48,2023-04-01,0
48,2023-05-01,1
48,2023-06-01,0
48,2023-07-01,1
48,2023-08-01,0
48,2023-09-01,2
48,2023-10-01,4
48,2023-11-01,1
48,2023-12-01,1
48,2024-01-01,3
48,2024-02-01,3
48,2024-03-01,6
48,2024-04-01,2
48,2024-05-01,1
48,2024-06-01,2
48,2024-07-01,1
48,2024-08-01,1
48,2024-09-01,1
48,2024-10-01,3
48,2024-11-01,3
48,2024-12-01,0
48,2025-01-01,1
48,2025-02-01,0
48,2025-03-01,1
48,2025-04-01,0
48,2025-05-01,1
48,2025-06-01,0
48,2025-07-01,2
48,2025-08-01,0
48,2025-09-01,1
48,2025-10-01,0
48,2025-11-01,0
48,2025-12-01,0
49,2018-01-01,0
49,2018-02-01,0
49,2018-03-01,0
49,2018-04-01,0
49,2018-05-01,0
49,2018-06-01,0
49,2018-07-01,0
49,2018-08-01,0
49,2018-09-01,0
49,2018-10-01,0
49,2018-11-01,0
49,2018-12-01,0
49,2019-01-01,0
49,2019-02-01,0
49,2019-03-01,0
49,2019-04-01,0
49,2019-05-01,0
49,2019-06-01,0
49,2019-07-01,0
49,2019-08-01,0
49,2019-09-01,0
49,2019-10-01,0
49,2019-11-01,0
49,2019-12-01,0
49,2020-01-01,0
49,2020-02-01,0
49,2020-03-01,0
49,2020-04-01,0
49,2020-05-01,0
49,2020-06-01,0
49,2020-07-01,0
49,2020-08-01,0
49,2020-09-01,0
49,2020-10-01,0
49,2020-11-01,1
49,2020-12-01,0
49,2021-01-01,0
49,2021-02-01,0
49,2021-03-01,0
49,2021-04-01,0
49,2021-05-01,0
49,2021-06-01,0
49,2021-07-01,0
49,2021-08-01,0
49,2021-09-01,0
49,2021-10-01,0
49,2021-11-01,0
49,2021-12-01,0
49,2022-01-01,0
49,2022-02-01,0
49,2022-03-01,0
49,2022-04-01,0
49,2022-05-01,0
49,2022-06-01,1
49,2022-07-01,0
49,2022-08-01,0
49,2022-09-01,0
49,2022-10-01,0
49,2022-11-01,0
49,2022-12-01,0
49,2023-01-01,4
49,2023-02-01,0
49,2023-03-01,2
49,2023-04-01,2
49,2023-05-01,0
49,2023-06-01,4
49,2023-07-01,1
49,2023-08-01,1
49,2023-09-01,2
49,2023-10-01,2
49,2023-11-01,3
49,2023-12-01,0
49,2024-01-01,3
49,2024-02-01,3
49,2024-03-01,6
49,2024-04-01,4
49,2024-05-01,4
49,2024-06-01,0
49,2024-07-01,0
49,2024-08-01,1
49,2024-09-01,3
49,2024-10-01,3
49,2024-11-01,7
49,2024-12-01,2
49,2025-01-01,2
49,2025-02-01,0
49,2025-03-01,1
49,2025-04-01,1
49,2025-05-01,0
49,2025-06-01,1
49,2025-07-01,1
49,2025-08-01,0
49,2025-09-01,0
49,2025-10-01,0
49,2025-11-01,0
49,2025-12-01,0
50,2018-01-01,0
50,2018-02-01,0
50,2018-03-01,0
50,2018-04-01,0
50,2018-05-01,0
50,2018-06-01,0
50,2018-07-01,0
50,2018-08-01,0
50,2018-09-01,0
50,2018-10-01,1
50,2018-11-01,0
50,2018-12-01,0
50,2019-01-01,0
50,2019-02-01,0
50,2019-03-01,0
50,2019-04-01,0
50,2019-05-01,0
50,2019-06-01,0
50,2019-07-01,1
50,2019-08-01,0
50,2019-09-01,0
50,2019-10-01,0
50,2019-11-01,0
50,2019-12-01,0
50,2020-01-01,0
50,2020-02-01,0
50,2020-03-01,0
50,2020-04-01,0
50,2020-05-01,0
50,2020-06-01,0
50,2020-07-01,0
50,2020-08-01,0
50,2020-09-01,1
50,2020-10-01,0
50,2020-11-01,0
50,2020-12-01,1
50,2021-01-01,0
50,2021-02-01,0
50,2021-03-01,0
50,2021-04-01,0
50,2021-05-01,0
50,2021-06-01,0
50,2021-07-01,0
50,2021-08-01,0
50,2021-09-01,0
50,2021-10-01,2
50,2021-11-01,0
50,2021-12-01,0
50,2022-01-01,1
50,2022-02-01,2
50,2022-03-01,0
50,2022-04-01,0
50,2022-05-01,1
50,2022-06-01,0
50,2022-07-01,0
50,2022-08-01,0
50,2022-09-01,1
50,2022-10-01,0
50,2022-11-01,0
50,2022-12-01,5
50,2023-01-01,11
50,2023-02-01,4
50,2023-03-01,2
50,2023-04-01,5
50,2023-05-01,4
50,2023-06-01,5
50,2023-07-01,3
50,2023-08-01,2
50,2023-09-01,1
50,2023-10-01,5
50,2023-11-01,7
50,2023-12-01,5
50,2024-01-01,4
50,2024-02-01,4
50,2024-03-01,7
50,2024-04-01,4
50,2024-05-01,4
50,2024-06-01,3
50,2024-07-01,0
50,2024-08-01,4
50,2024-09-01,4
50,2024-10-01,5
50,2024-11-01,3
50,2024-12-01,5
50,2025-01-01,4
50,2025-02-01,1
50,2025-03-01,3
50,2025-04-01,1
50,2025-05-01,1
50,2025-06-01,2
50,2025-07-01,2
50,2025-08-01,2
50,2025-09-01,0
50,2025-10-01,2
50,2025-11-01,0
50,2025-12-01,1
51,2018-01-01,0
51,2018-02-01,0
51,2018-03-01,0
51,2018-04-01,0
51,2018-05-01,0
51,2018-06-01,0
51,2018-07-01,0
51,2018-08-01,0
51,2018-09-01,0
51,2018-10-01,0
51,2018-11-01,0
51,2018-12-01,0
51,2019-01-01,0
51,2019-02-01,0
51,2019-03-01,0
51,2019-04-01,0
51,2019-05-01,0
51,2019-06-01,0
51,2019-07-01,0
51,2019-08-01,0
51,2019-09-01,0
51,2019-10-01,0
51,2019-11-01,0
51,2019-12-01,0
51,2020-01-01,0
51,2020-02-01,0
51,2020-03-01,0
51,2020-04-01,0
51,2020-05-01,0
51,2020-06-01,0
51,2020-07-01,0
51,2020-08-01,0
51,2020-09-01,0
51,2020-10-01,0
51,2020-11-01,0
51,2020-12-01,0
51,2021-01-01,0
51,2021-02-01,0
51,2021-03-01,0
51,2021-04-01,0
51,2021-05-01,0
51,2021-06-01,0
51,2021-07-01,0
51,2021-08-01,0
51,2021-09-01,0
51,2021-10-01,0
51,2021-11-01,0
51,2021-12-01,0
51,2022-01-01,0
51,2022-02-01,0
51,2022-03-01,0
51,2022-04-01,0
51,2022-05-01,0
51,2022-06-01,0
51,2022-07-01,0
51,2022-08-01,0
51,2022-09-01,0
51,2022-10-01,0
51,2022-11-01,0
51,2022-12-01,0
51,2023-01-01,0
51,2023-02-01,0
51,2023-03-01,0
51,2023-04-01,0
51,2023-05-01,0
51,2023-06-01,0
51,2023-07-01,0
51,2023-08-01,0
51,2023-09-01,0
51,2023-10-01,0
51,2023-11-01,0
51,2023-12-01,0
51,2024-01-01,0
51,2024-02-01,0
51,2024-03-01,0
51,2024-04-01,0
51,2024-05-01,0
51,2024-06-01,0
51,2024-07-01,0
51,2024-08-01,0
51,2024-09-01,0
51,2024-10-01,0
51,2024-11-01,0
51,2024-12-01,0
51,2025-01-01,0
51,2025-02-01,0
51,2025-03-01,0
51,2025-04-01,0
51,2025-05-01,0
51,2025-06-01,0
51,2025-07-01,0
51,2025-08-01,0
51,2025-09-01,0
51,2025-10-01,0
51,2025-11-01,0
51,2025-12-01,0
52,2018-01-01,0
52,2018-02-01,1
52,2018-03-01,0
52,2018-04-01,0
52,2018-05-01,0
52,2018-06-01,0
52,2018-07-01,0
52,2018-08-01,0
52,2018-09-01,1
52,2018-10-01,0
52,2018-11-01,0
52,2018-12-01,0
52,2019-01-01,1
52,2019-02-01,0
52,2019-03-01,0
52,2019-04-01,0
52,2019-05-01,0
52,2019-06-01,0
52,2019-07-01,0
52,2019-08-01,0
52,2019-09-01,0
52,2019-10-01,0
52,2019-11-01,1
52,2019-12-01,0
52,2020-01-01,0
52,2020-02-01,0
52,2020-03-01,0
52,2020-04-01,0
52,2020-05-01,0
52,2020-06-01,0
52,2020-07-01,0
52,2020-08-01,0
52,2020-09-01,0
52,2020-10-01,1
52,2020-11-01,1
52,2020-12-01,0
52,2021-01-01,0
52,2021-02-01,0
52,2021-03-01,0
52,2021-04-01,0
52,2021-05-01,0
52,2021-06-01,0
52,2021-07-01,0
52,2021-08-01,0
52,2021-09-01,0
52,2021-10-01,1
52,2021-11-01,0
52,2021-12-01,1
52,2022-01-01,0
52,2022-02-01,1
52,2022-03-01,0
52,2022-04-01,0
52,2022-05-01,1
52,2022-06-01,0
52,2022-07-01,0
52,2022-08-01,0
52,2022-09-01,1
52,2022-10-01,1
52,2022-11-01,0
52,2022-12-01,4
52,2023-01-01,4
52,2023-02-01,7
52,2023-03-01,3
52,2023-04-01,1
52,2023-05-01,2
52,2023-06-01,3
52,2023-07-01,2
52,2023-08-01,2
52,2023-09-01,3
52,2023-10-01,6
52,2023-11-01,6
52,2023-12-01,2
52,2024-01-01,6
52,2024-02-01,7
52,2024-03-01,1
52,2024-04-01,5
52,2024-05-01,3
52,2024-06-01,2
52,2024-07-01,2
52,2024-08-01,3
52,2024-09-01,1
52,2024-10-01,3
52,2024-11-01,5
52,2024-12-01,6
52,2025-01-01,1
52,2025-02-01,2
52,2025-03-01,2
52,2025-04-01,0
52,2025-05-01,2
52,2025-06-01,1
52,2025-07-01,4
52,2025-08-01,0
52,2025-09-01,1
52,2025-10-01,3
52,2025-11-01,0
52,2025-12-01,1
53,2018-01-01,0
53,2018-02-01,0
53,2018-03-01,0
53,2018-04-01,0
53,2018-05-01,0
53,2018-06-01,0
53,2018-07-01,0
53,2018-08-01,0
53,2018-09-01,0
53,2018-10-01,0
53,2018-11-01,0
53,2018-12-01,0
53,2019-01-01,0
53,2019-02-01,0
53,2019-03-01,0
53,2019-04-01,0
53,2019-05-01,0
53,2019-06-01,0
53,2019-07-01,0
53,2019-08-01,0
53,2019-09-01,0
53,2019-10-01,0
53,2019-11-01,0
53,2019-12-01,0
53,2020-01-01,0
53,2020-02-01,0
53,2020-03-01,0
53,2020-04-01,0
53,2020-05-01,0
53,2020-06-01,0
53,2020-07-01,0
53,2020-08-01,0
53,2020-09-01,0
53,2020-10-01,0
53,2020-11-01,0
53,2020-12-01,0
53,2021-01-01,0
53,2021-02-01,0
53,2021-03-01,0
53,2021-04-01,0
53,2021-05-01,0
53,2021-06-01,0
53,2021-07-01,0
53,2021-08-01,0
53,2021-09-01,0
53,2021-10-01,0
53,2021-11-01,0
53,2021-12-01,0
53,2022-01-01,0
53,2022-02-01,0
53,2022-03-01,0
53,2022-04-01,0
53,2022-05-01,0
53,2022-06-01,0
53,2022-07-01,0
53,2022-08-01,0
53,2022-09-01,0
53,2022-10-01,0
53,2022-11-01,0
53,2022-12-01,0
53,2023-01-01,0
53,2023-02-01,0
53,2023-03-01,0
53,2023-04-01,0
53,2023-05-01,0
53,2023-06-01,0
53,2023-07-01,0
53,2023-08-01,0
53,2023-09-01,0
53,2023-10-01,0
53,2023-11-01,0
53,2023-12-01,0
53,2024-01-01,0
53,2024-02-01,0
53,2024-03-01,0
53,2024-04-01,0
53,2024-05-01,0
53,2024-06-01,0
53,2024-07-01,0
53,2024-08-01,0
53,2024-09-01,0
53,2024-10-01,0
53,2024-11-01,0
53,2024-12-01,0
53,2025-01-01,0
53,2025-02-01,0
53,2025-03-01,0
53,2025-04-01,0
53,2025-05-01,0
53,2025-06-01,0
53,2025-07-01,0
53,2025-08-01,0
53,2025-09-01,0
53,2025-10-01,0
53,2025-11-01,0
53,2025-12-01,0
54,2018-01-01,0
54,2018-02-01,0
54,2018-03-01,0
54,2018-04-01,0
54,2018-05-01,0
54,2018-06-01,0
54,2018-07-01,0
54,2018-08-01,0
54,2018-09-01,0
54,2018-10-01,0
54,2018-11-01,0
54,2018-12-01,0
54,2019-01-01,0
54,2019-02-01,0
54,2019-03-01,0
54,2019-04-01,0
54,2019-05-01,0
54,2019-06-01,0
54,2019-07-01,0
54,2019-08-01,0
54,2019-09-01,0
54,2019-10-01,0
54,2019-11-01,0
54,2019-12-01,0
54,2020-01-01,0
54,2020-02-01,0
54,2020-03-01,0
54,2020-04-01,0
54,2020-05-01,0
54,2020-06-01,0
54,2020-07-01,0
54,2020-08-01,0
54,2020-09-01,0
54,2020-10-01,0
54,2020-11-01,0
54,2020-12-01,0
54,2021-01-01,0
54,2021-02-01,0
54,2021-03-01,0
54,2021-04-01,0
54,2021-05-01,0
54,2021-06-01,0
54,2021-07-01,0
54,2021-08-01,0
54,2021-09-01,0
54,2021-10-01,0
54,2021-11-01,0
54,2021-12-01,0
54,2022-01-01,0
54,2022-02-01,0
54,2022-03-01,0
54,2022-04-01,0
54,2022-05-01,0
54,2022-06-01,0
54,2022-07-01,0
54,2022-08-01,0
54,2022-09-01,0
54,2022-10-01,0
54,2022-11-01,0
54,2022-12-01,0
54,2023-01-01,0
54,2023-02-01,0
54,2023-03-01,0
54,2023-04-01,0
54,2023-05-01,0
54,2023-06-01,0
54,2023-07-01,0
54,2023-08-01,0
54,2023-09-01,0
54,2023-10-01,0
54,2023-11-01,0
54,2023-12-01,0
54,2024-01-01,0
54,2024-02-01,0
54,2024-03-01,0
54,2024-04-01,0
54,2024-05-01,0
54,2024-06-01,0
54,2024-07-01,0
54,2024-08-01,0
54,2024-09-01,0
54,2024-10-01,0
54,2024-11-01,0
54,2024-12-01,0
54,2025-01-01,0
54,2025-02-01,0
54,2025-03-01,0
54,2025-04-01,0
54,2025-05-01,0
54,2025-06-01,0
54,2025-07-01,0
54,2025-08-01,0
54,2025-09-01,0
54,2025-10-01,0
54,2025-11-01,0
54,2025-12-01,0
55,2018-01-01,0
55,2018-02-01,0
55,2018-03-01,0
55,2018-04-01,0
55,2018-05-01,0
55,2018-06-01,0
55,2018-07-01,0
55,2018-08-01,0
55,2018-09-01,0
55,2018-10-01,0
55,2018-11-01,0
55,2018-12-01,0
55,2019-01-01,0
55,2019-02-01,0
55,2019-03-01,0
55,2019-04-01,0
55,2019-05-01,0
55,2019-06-01,0
55,2019-07-01,0
55,2019-08-01,0
55,2019-09-01,0
55,2019-10-01,0
55,2019-11-01,0
55,2019-12-01,0
55,2020-01-01,0
55,2020-02-01,0
55,2020-03-01,0
55,2020-04-01,0
55,2020-05-01,0
55,2020-06-01,0
55,2020-07-01,0
55,2020-08-01,0
55,2020-09-01,0
55,2020-10-01,0
55,2020-11-01,0
55,2020-12-01,0
55,2021-01-01,0
55,2021-02-01,0
55,2021-03-01,0
55,2021-04-01,0
55,2021-05-01,0
55,2021-06-01,0
55,2021-07-01,0
55,2021-08-01,0
55,2021-09-01,0
55,2021-10-01,0
55,2021-11-01,0
55,2021-12-01,0
55,2022-01-01,0
55,2022-02-01,0
55,2022-03-01,0
55,2022-04-01,0
55,2022-05-01,0
55,2022-06-01,0
55,2022-07-01,0
55,2022-08-01,0
55,2022-09-01,0
55,2022-10-01,0
55,2022-11-01,0
55,2022-12-01,0
55,2023-01-01,0
55,2023-02-01,0
55,2023-03-01,0
55,2023-04-01,0
55,2023-05-01,0
55,2023-06-01,0
55,2023-07-01,0
55,2023-08-01,0
55,2023-09-01,0
55,2023-10-01,0
55,2023-11-01,0
55,2023-12-01,0
55,2024-01-01,0
55,2024-02-01,0
55,2024-03-01,0
55,2024-04-01,0
55,2024-05-01,0
55,2024-06-01,0
55,2024-07-01,0
55,2024-08-01,0
55,2024-09-01,0
55,2024-10-01,0
55,2024-11-01,0
55,2024-12-01,0
55,2025-01-01,0
55,2025-02-01,0
55,2025-03-01,0
55,2025-04-01,0
55,2025-05-01,0
55,2025-06-01,0
55,2025-07-01,0
55,2025-08-01,0
55,2025-09-01,0
55,2025-10-01,0
55,2025-11-01,0
55,2025-12-01,0
56,2018-01-01,0
56,2018-02-01,0
56,2018-03-01,0
56,2018-04-01,0
56,2018-05-01,0
56,2018-06-01,0
56,2018-07-01,0
56,2018-08-01,0
56,2018-09-01,0
56,2018-10-01,0
56,2018-11-01,0
56,2018-12-01,0
56,2019-01-01,0
56,2019-02-01,0
56,2019-03-01,0
56,2019-04-01,0
56,2019-05-01,0
56,2019-06-01,0
56,2019-07-01,0
56,2019-08-01,0
56,2019-09-01,0
56,2019-10-01,0
56,2019-11-01,0
56,2019-12-01,0
56,2020-01-01,0
56,2020-02-01,0
56,2020-03-01,0
56,2020-04-01,0
56,2020-05-01,0
56,2020-06-01,0
56,2020-07-01,0
56,2020-08-01,0
56,2020-09-01,0
56,2020-10-01,0
56,2020-11-01,0
56,2020-12-01,0
56,2021-01-01,0
56,2021-02-01,0
56,2021-03-01,0
56,2021-04-01,0
56,2021-05-01,0
56,2021-06-01,0
56,2021-07-01,0
56,2021-08-01,0
56,2021-09-01,0
56,2021-10-01,0
56,2021-11-01,0
56,2021-12-01,0
56,2022-01-01,0
56,2022-02-01,0
56,2022-03-01,0
56,2022-04-01,0
56,2022-05-01,0
56,2022-06-01,0
56,2022-07-01,0
56,2022-08-01,0
56,2022-09-01,0
56,2022-10-01,0
56,2022-11-01,0
56,2022-12-01,0
56,2023-01-01,0
56,2023-02-01,0
56,2023-03-01,0
56,2023-04-01,0
56,2023-05-01,0
56,2023-06-01,0
56,2023-07-01,0
56,2023-08-01,0
56,2023-09-01,0
56,2023-10-01,0
56,2023-11-01,0
56,2023-12-01,0
56,2024-01-01,0
56,2024-02-01,0
56,2024-03-01,0
56,2024-04-01,0
56,2024-05-01,0
56,2024-06-01,0
56,2024-07-01,0
56,2024-08-01,0
56,2024-09-01,0
56,2024-10-01,0
56,2024-11-01,0
56,2024-12-01,0
56,2025-01-01,0
56,2025-02-01,0
56,2025-03-01,0
56,2025-04-01,0
56,2025-05-01,0
56,2025-06-01,0
56,2025-07-01,0
56,2025-08-01,0
56,2025-09-01,0
56,2025-10-01,0
56,2025-11-01,0
56,2025-12-01,0
57,2018-01-01,0
57,2018-02-01,0
57,2018-03-01,0
57,2018-04-01,0
57,2018-05-01,0
57,2018-06-01,0
57,2018-07-01,0
57,2018-08-01,0
57,2018-09-01,0
57,2018-10-01,0
57,2018-11-01,0
57,2018-12-01,0
57,2019-01-01,0
57,2019-02-01,0
57,2019-03-01,0
57,2019-04-01,0
57,2019-05-01,0
57,2019-06-01,0
57,2019-07-01,0
57,2019-08-01,0
57,2019-09-01,0
57,2019-10-01,0
57,2019-11-01,0
57,2019-12-01,0
57,2020-01-01,0
57,2020-02-01,0
57,2020-03-01,0
57,2020-04-01,0
57,2020-05-01,0
57,2020-06-01,0
57,2020-07-01,0
57,2020-08-01,0
57,2020-09-01,0
57,2020-10-01,0
57,2020-11-01,0
57,2020-12-01,0
57,2021-01-01,0
57,2021-02-01,0
57,2021-03-01,0
57,2021-04-01,0
57,2021-05-01,0
57,2021-06-01,0
57,2021-07-01,0
57,2021-08-01,0
57,2021-09-01,0
57,2021-10-01,0
57,2021-11-01,0
57,2021-12-01,0
57,2022-01-01,0
57,2022-02-01,0
57,2022-03-01,0
57,2022-04-01,0
57,2022-05-01,0
57,2022-06-01,0
57,2022-07-01,0
57,2022-08-01,0
57,2022-09-01,0
57,2022-10-01,0
57,2022-11-01,0
57,2022-12-01,0
57,2023-01-01,0
57,2023-02-01,0
57,2023-03-01,0
57,2023-04-01,0
57,2023-05-01,0
57,2023-06-01,0
57,2023-07-01,0
57,2023-08-01,0
57,2023-09-01,0
57,2023-10-01,0
57,2023-11-01,0
57,2023-12-01,0
57,2024-01-01,0
57,2024-02-01,0
57,2024-03-01,0
57,2024-04-01,0
57,2024-05-01,0
57,2024-06-01,0
57,2024-07-01,0
57,2024-08-01,0
57,2024-09-01,0
57,2024-10-01,0
57,2024-11-01,0
57,2024-12-01,0
57,2025-01-01,0
57,2025-02-01,0
57,2025-03-01,0
57,2025-04-01,0
57,2025-05-01,0
57,2025-06-01,0
57,2025-07-01,0
57,2025-08-01,0
57,2025-09-01,0
57,2025-10-01,0
57,2025-11-01,0
57,2025-12-01,0
58,2018-01-01,0
58,2018-02-01,0
58,2018-03-01,0
58,2018-04-01,0
58,2018-05-01,0
58,2018-06-01,0
58,2018-07-01,0
58,2018-08-01,0
58,2018-09-01,0
58,2018-10-01,0
58,2018-11-01,0
58,2018-12-01,0
58,2019-01-01,0
58,2019-02-01,0
58,2019-03-01,0
58,2019-04-01,0
58,2019-05-01,0
58,2019-06-01,0
58,2019-07-01,0
58,2019-08-01,0
58,2019-09-01,0
58,2019-10-01,0
58,2019-11-01,0
58,2019-12-01,0
58,2020-01-01,0
58,2020-02-01,0
58,2020-03-01,0
58,2020-04-01,0
58,2020-05-01,0
58,2020-06-01,0
58,2020-07-01,0
58,2020-08-01,0
58,2020-09-01,0
58,2020-10-01,0
58,2020-11-01,0
58,2020-12-01,0
58,2021-01-01,0
58,2021-02-01,0
58,2021-03-01,0
58,2021-04-01,0
58,2021-05-01,0
58,2021-06-01,0
58,2021-07-01,0
58,2021-08-01,0
58,2021-09-01,0
58,2021-10-01,0
58,2021-11-01,0
58,2021-12-01,0
58,2022-01-01,0
58,2022-02-01,0
58,2022-03-01,0
58,2022-04-01,0
58,2022-05-01,0
58,2022-06-01,0
58,2022-07-01,0
58,2022-08-01,0
58,2022-09-01,0
58,2022-10-01,0
58,2022-11-01,0
58,2022-12-01,0
58,2023-01-01,0
58,2023-02-01,0
58,2023-03-01,0
58,2023-04-01,0
58,2023-05-01,0
58,2023-06-01,0
58,2023-07-01,0
58,2023-08-01,0
58,2023-09-01,0
58,2023-10-01,0
58,2023-11-01,0
58,2023-12-01,0
58,2024-01-01,0
58,2024-02-01,0
58,2024-03-01,0
58,2024-04-01,0
58,2024-05-01,0
58,2024-06-01,0
58,2024-07-01,0
58,2024-08-01,0
58,2024-09-01,0
58,2024-10-01,0
58,2024-11-01,0
58,2024-12-01,0
58,2025-01-01,0
58,2025-02-01,0
58,2025-03-01,0
58,2025-04-01,0
58,2025-05-01,0
58,2025-06-01,0
58,2025-07-01,0
58,2025-08-01,0
58,2025-09-01,0
58,2025-10-01,0
58,2025-11-01,0
58,2025-12-01,0
59,2018-01-01,0
59,2018-02-01,0
59,2018-03-01,0
59,2018-04-01,0
59,2018-05-01,0
59,2018-06-01,0
59,2018-07-01,0
59,2018-08-01,0
59,2018-09-01,0
59,2018-10-01,0
59,2018-11-01,0
59,2018-12-01,0
59,2019-01-01,0
59,2019-02-01,0
59,2019-03-01,0
59,2019-04-01,0
59,2019-05-01,0
59,2019-06-01,0
59,2019-07-01,0
59,2019-08-01,0
59,2019-09-01,0
59,2019-10-01,0
59,2019-11-01,0
59,2019-12-01,0
59,2020-01-01,0
59,2020-02-01,0
59,2020-03-01,0
59,2020-04-01,0
59,2020-05-01,0
59,2020-06-01,0
59,2020-07-01,0
59,2020-08-01,0
59,2020-09-01,0
59,2020-10-01,0
59,2020-11-01,0
59,2020-12-01,0
59,2021-01-01,0
59,2021-02-01,0
59,2021-03-01,0
59,2021-04-01,0
59,2021-05-01,0
59,2021-06-01,0
59,2021-07-01,0
59,2021-08-01,0
59,2021-09-01,0
59,2021-10-01,0
59,2021-11-01,0
59,2021-12-01,0
59,2022-01-01,0
59,2022-02-01,0
59,2022-03-01,0
59,2022-04-01,0
59,2022-05-01,0
59,2022-06-01,0
59,2022-07-01,0
59,2022-08-01,0
59,2022-09-01,0
59,2022-10-01,0
59,2022-11-01,0
59,2022-12-01,0
59,2023-01-01,0
59,2023-02-01,0
59,2023-03-01,0
59,2023-04-01,0
59,2023-05-01,0
59,2023-06-01,0
59,2023-07-01,0
59,2023-08-01,0
59,2023-09-01,0
59,2023-10-01,0
59,2023-11-01,0
59,2023-12-01,0
59,2024-01-01,0
59,2024-02-01,0
59,2024-03-01,0
59,2024-04-01,0
59,2024-05-01,0
59,2024-06-01,0
59,2024-07-01,0
59,2024-08-01,0
59,2024-09-01,0
59,2024-10-01,0
59,2024-11-01,0
59,2024-12-01,0
59,2025-01-01,0
59,2025-02-01,0
59,2025-03-01,0
59,2025-04-01,0
59,2025-05-01,0
59,2025-06-01,0
59,2025-07-01,0
59,2025-08-01,0
59,2025-09-01,0
59,2025-10-01,0
59,2025-11-01,0
59,2025-12-01,0
60,2018-01-01,0
60,2018-02-01,0
60,2018-03-01,0
60,2018-04-01,0
60,2018-05-01,0
60,2018-06-01,0
60,2018-07-01,0
60,2018-08-01,0
60,2018-09-01,0
60,2018-10-01,0
60,2018-11-01,0
60,2018-12-01,0
60,2019-01-01,0
60,2019-02-01,0
60,2019-03-01,0
60,2019-04-01,0
60,2019-05-01,0
60,2019-06-01,0
60,2019-07-01,1
60,2019-08-01,0
60,2019-09-01,0
60,2019-10-01,0
60,2019-11-01,0
60,2019-12-01,0
60,2020-01-01,0
60,2020-02-01,0
60,2020-03-01,0
60,2020-04-01,0
60,2020-05-01,0
60,2020-06-01,0
60,2020-07-01,0
60,2020-08-01,0
60,2020-09-01,0
60,2020-10-01,1
60,2020-11-01,0
60,2020-12-01,0
60,2021-01-01,0
60,2021-02-01,0
60,2021-03-01,0
60,2021-04-01,0
60,2021-05-01,0
60,2021-06-01,0
60,2021-07-01,0
60,2021-08-01,0
60,2021-09-01,0
60,2021-10-01,0
60,2021-11-01,0
60,2021-12-01,0
60,2022-01-01,0
60,2022-02-01,0
60,2022-03-01,1
60,2022-04-01,1
60,2022-05-01,0
60,2022-06-01,1
60,2022-07-01,0
60,2022-08-01,0
60,2022-09-01,0
60,2022-10-01,1
60,2022-11-01,0
60,2022-12-01,1
60,2023-01-01,0
60,2023-02-01,0
60,2023-03-01,0
60,2023-04-01,0
60,2023-05-01,2
60,2023-06-01,1
60,2023-07-01,0
60,2023-08-01,1
60,2023-09-01,1
60,2023-10-01,1
60,2023-11-01,3
60,2023-12-01,1
60,2024-01-01,5
60,2024-02-01,2
60,2024-03-01,0
60,2024-04-01,1
60,2024-05-01,1
60,2024-06-01,0
60,2024-07-01,6
60,2024-08-01,2
60,2024-09-01,1
60,2024-10-01,2
60,2024-11-01,0
60,2024-12-01,2
60,2025-01-01,1
60,2025-02-01,1
60,2025-03-01,1
60,2025-04-01,0
60,2025-05-01,1
60,2025-06-01,1
60,2025-07-01,0
60,2025-08-01,2
60,2025-09-01,0
60,2025-10-01,0
60,2025-11-01,0
60,2025-12-01,1
61,2018-01-01,0
61,2018-02-01,0
61,2018-03-01,0
61,2018-04-01,1
61,2018-05-01,0
61,2018-06-01,0
61,2018-07-01,0
61,2018-08-01,0
61,2018-09-01,0
61,2018-10-01,0
61,2018-11-01,0
61,2018-12-01,0
61,2019-01-01,0
61,2019-02-01,1
61,2019-03-01,0
61,2019-04-01,0
61,2019-05-01,0
61,2019-06-01,0
61,2019-07-01,0
61,2019-08-01,0
61,2019-09-01,0
61,2019-10-01,0
61,2019-11-01,0
61,2019-12-01,0
61,2020-01-01,0
61,2020-02-01,0
61,2020-03-01,0
61,2020-04-01,0
61,2020-05-01,0
61,2020-06-01,0
61,2020-07-01,0
61,2020-08-01,0
61,2020-09-01,1
61,2020-10-01,0
61,2020-11-01,0
61,2020-12-01,0
61,2021-01-01,0
61,2021-02-01,0
61,2021-03-01,0
61,2021-04-01,0
61,2021-05-01,0
61,2021-06-01,0
61,2021-07-01,0
61,2021-08-01,0
61,2021-09-01,0
61,2021-10-01,0
61,2021-11-01,0
61,2021-12-01,0
61,2022-01-01,0
61,2022-02-01,0
61,2022-03-01,0
61,2022-04-01,1
61,2022-05-01,0
61,2022-06-01,0
61,2022-07-01,0
61,2022-08-01,0
61,2022-09-01,0
61,2022-10-01,0
61,2022-11-01,0
61,2022-12-01,0
61,2023-01-01,0
61,2023-02-01,0
61,2023-03-01,0
61,2023-04-01,0
61,2023-05-01,0
61,2023-06-01,4
61,2023-07-01,0
61,2023-08-01,1
61,2023-09-01,2
61,2023-10-01,1
61,2023-11-01,3
61,2023-12-01,2
61,2024-01-01,1
61,2024-02-01,2
61,2024-03-01,0
61,2024-04-01,1
61,2024-05-01,0
61,2024-06-01,4
61,2024-07-01,2
61,2024-08-01,0
61,2024-09-01,1
61,2024-10-01,3
61,2024-11-01,2
61,2024-12-01,1
61,2025-01-01,2
61,2025-02-01,0
61,2025-03-01,0
61,2025-04-01,1
61,2025-05-01,0
61,2025-06-01,0
61,2025-07-01,0
61,2025-08-01,2
61,2025-09-01,1
61,2025-10-01,0
61,2025-11-01,0
61,2025-12-01,0
62,2018-01-01,0
62,2018-02-01,0
62,2018-03-01,0
62,2018-04-01,0
62,2018-05-01,0
62,2018-06-01,0
62,2018-07-01,0
62,2018-08-01,0
62,2018-09-01,0
62,2018-10-01,0
62,2018-11-01,0
62,2018-12-01,0
62,2019-01-01,0
62,2019-02-01,0
62,2019-03-01,1
62,2019-04-01,0
62,2019-05-01,0
62,2019-06-01,0
62,2019-07-01,0
62,2019-08-01,0
62,2019-09-01,0
62,2019-10-01,0
62,2019-11-01,0
62,2019-12-01,0
62,2020-01-01,0
62,2020-02-01,0
62,2020-03-01,0
62,2020-04-01,0
62,2020-05-01,0
62,2020-06-01,0
62,2020-07-01,0
62,2020-08-01,0
62,2020-09-01,0
62,2020-10-01,0
62,2020-11-01,0
62,2020-12-01,0
62,2021-01-01,0
62,2021-02-01,0
62,2021-03-01,0
62,2021-04-01,0
62,2021-05-01,0
62,2021-06-01,0
62,2021-07-01,0
62,2021-08-01,0
62,2021-09-01,0
62,2021-10-01,0
62,2021-11-01,0
62,2021-12-01,1
62,2022-01-01,0
62,2022-02-01,1
62,2022-03-01,0
62,2022-04-01,0
62,2022-05-01,0
62,2022-06-01,0
62,2022-07-01,0
62,2022-08-01,0
62,2022-09-01,1
62,2022-10-01,0
62,2022-11-01,0
62,2022-12-01,0
62,2023-01-01,1
62,2023-02-01,0
62,2023-03-01,0
62,2023-04-01,0
62,2023-05-01,0
62,2023-06-01,2
62,2023-07-01,0
62,2023-08-01,2
62,2023-09-01,1
62,2023-10-01,0
62,2023-11-01,2
62,2023-12-01,3
62,2024-01-01,1
62,2024-02-01,2
62,2024-03-01,2
62,2024-04-01,0
62,2024-05-01,0
62,2024-06-01,1
62,2024-07-01,0
62,2024-08-01,0
62,2024-09-01,1
62,2024-10-01,1
62,2024-11-01,3
62,2024-12-01,1
62,2025-01-01,2
62,2025-02-01,0
62,2025-03-01,0
62,2025-04-01,0
62,2025-05-01,0
62,2025-06-01,1
62,2025-07-01,0
62,2025-08-01,0
62,2025-09-01,0
62,2025-10-01,0
62,2025-11-01,0
62,2025-12-01,0
63,2018-01-01,1
63,2018-02-01,1
63,2018-03-01,0
63,2018-04-01,0
63,2018-05-01,0
63,2018-06-01,0
63,2018-07-01,0
63,2018-08-01,0
63,2018-09-01,0
63,2018-10-01,0
63,2018-11-01,0
63,2018-12-01,0
63,2019-01-01,0
63,2019-02-01,0
63,2019-03-01,1
63,2019-04-01,0
63,2019-05-01,0
63,2019-06-01,0
63,2019-07-01,0
63,2019-08-01,0
63,2019-09-01,0
63,2019-10-01,0
63,2019-11-01,0
63,2019-12-01,0
63,2020-01-01,0
63,2020-02-01,0
63,2020-03-01,1
63,2020-04-01,0
63,2020-05-01,0
63,2020-06-01,1
63,2020-07-01,0
63,2020-08-01,0
63,2020-09-01,2
63,2020-10-01,1
63,2020-11-01,1
63,2020-12-01,0
63,2021-01-01,1
63,2021-02-01,0
63,2021-03-01,1
63,2021-04-01,0
63,2021-05-01,1
63,2021-06-01,0
63,2021-07-01,0
63,2021-08-01,0
63,2021-09-01,1
63,2021-10-01,1
63,2021-11-01,0
63,2021-12-01,0
63,2022-01-01,2
63,2022-02-01,1
63,2022-03-01,0
63,2022-04-01,2
63,2022-05-01,0
63,2022-06-01,0
63,2022-07-01,0
63,2022-08-01,0
63,2022-09-01,2
63,2022-10-01,0
63,2022-11-01,0
63,2022-12-01,0
63,2023-01-01,1
63,2023-02-01,0
63,2023-03-01,0
63,2023-04-01,3
63,2023-05-01,0
63,2023-06-01,1
63,2023-07-01,2
63,2023-08-01,3
63,2023-09-01,2
63,2023-10-01,11
63,2023-11-01,5
63,2023-12-01,7
63,2024-01-01,6
63,2024-02-01,2
63,2024-03-01,3
63,2024-04-01,2
63,2024-05-01,3
63,2024-06-01,4
63,2024-07-01,1
63,2024-08-01,4
63,2024-09-01,2
63,2024-10-01,4
63,2024-11-01,4
63,2024-12-01,5
63,2025-01-01,2
63,2025-02-01,1
63,2025-03-01,0
63,2025-04-01,0
63,2025-05-01,1
63,2025-06-01,0
63,2025-07-01,0
63,2025-08-01,1
63,2025-09-01,0
63,2025-10-01,0
63,2025-11-01,1
63,2025-12-01,0
64,2018-01-01,0
64,2018-02-01,0
64,2018-03-01,0
64,2018-04-01,0
64,2018-05-01,0
64,2018-06-01,0
64,2018-07-01,0
64,2018-08-01,0
64,2018-09-01,0
64,2018-10-01,0
64,2018-11-01,0
64,2018-12-01,0
64,2019-01-01,0
64,2019-02-01,0
64,2019-03-01,0
64,2019-04-01,0
64,2019-05-01,0
64,2019-06-01,0
64,2019-07-01,0
64,2019-08-01,0
64,2019-09-01,0
64,2019-10-01,0
64,2019-11-01,0
64,2019-12-01,0
64,2020-01-01,0
64,2020-02-01,0
64,2020-03-01,0
64,2020-04-01,0
64,2020-05-01,0
64,2020-06-01,0
64,2020-07-01,0
64,2020-08-01,0
64,2020-09-01,0
64,2020-10-01,0
64,2020-11-01,0
64,2020-12-01,0
64,2021-01-01,0
64,2021-02-01,0
64,2021-03-01,0
64,2021-04-01,0
64,2021-05-01,0
64,2021-06-01,0
64,2021-07-01,0
64,2021-08-01,0
64,2021-09-01,0
64,2021-10-01,0
64,2021-11-01,0
64,2021-12-01,0
64,2022-01-01,0
64,2022-02-01,0
64,2022-03-01,0
64,2022-04-01,0
64,2022-05-01,0
64,2022-06-01,0
64,2022-07-01,0
64,2022-08-01,0
64,2022-09-01,0
64,2022-10-01,0
64,2022-11-01,0
64,2022-12-01,0
64,2023-01-01,0
64,2023-02-01,0
64,2023-03-01,0
64,2023-04-01,0
64,2023-05-01,0
64,2023-06-01,0
64,2023-07-01,0
64,2023-08-01,0
64,2023-09-01,0
64,2023-10-01,0
64,2023-11-01,0
64,2023-12-01,0
64,2024-01-01,0
64,2024-02-01,0
64,2024-03-01,0
64,2024-04-01,0
64,2024-05-01,0
64,2024-06-01,0
64,2024-07-01,0
64,2024-08-01,0
64,2024-09-01,0
64,2024-10-01,0
64,2024-11-01,0
64,2024-12-01,0
64,2025-01-01,0
64,2025-02-01,0
64,2025-03-01,0
64,2025-04-01,0
64,2025-05-01,0
64,2025-06-01,0
64,2025-07-01,0
64,2025-08-01,0
64,2025-09-01,0
64,2025-10-01,0
64,2025-11-01,0
64,2025-12-01,0
65,2018-01-01,0
65,2018-02-01,0
65,2018-03-01,0
65,2018-04-01,0
65,2018-05-01,0
65,2018-06-01,0
65,2018-07-01,0
65,2018-08-01,0
65,2018-09-01,0
65,2018-10-01,0
65,2018-11-01,0
65,2018-12-01,0
65,2019-01-01,0
65,2019-02-01,0
65,2019-03-01,0
65,2019-04-01,0
65,2019-05-01,0
65,2019-06-01,0
65,2019-07-01,0
65,2019-08-01,0
65,2019-09-01,0
65,2019-10-01,0
65,2019-11-01,0
65,2019-12-01,0
65,2020-01-01,0
65,2020-02-01,0
65,2020-03-01,0
65,2020-04-01,0
65,2020-05-01,0
65,2020-06-01,0
65,2020-07-01,0
65,2020-08-01,0
65,2020-09-01,0
65,2020-10-01,0
65,2020-11-01,0
65,2020-12-01,0
65,2021-01-01,0
65,2021-02-01,0
65,2021-03-01,0
65,2021-04-01,0
65,2021-05-01,0
65,2021-06-01,0
65,2021-07-01,0
65,2021-08-01,0
65,2021-09-01,0
65,2021-10-01,0
65,2021-11-01,0
65,2021-12-01,0
65,2022-01-01,0
65,2022-02-01,0
65,2022-03-01,0
65,2022-04-01,0
65,2022-05-01,0
65,2022-06-01,0
65,2022-07-01,0
65,2022-08-01,0
65,2022-09-01,0
65,2022-10-01,0
65,2022-11-01,0
65,2022-12-01,0
65,2023-01-01,0
65,2023-02-01,0
65,2023-03-01,0
65,2023-04-01,0
65,2023-05-01,0
65,2023-06-01,0
65,2023-07-01,0
65,2023-08-01,0
65,2023-09-01,0
65,2023-10-01,0
65,2023-11-01,0
65,2023-12-01,0
65,2024-01-01,0
65,2024-02-01,0
65,2024-03-01,0
65,2024-04-01,0
65,2024-05-01,0
65,2024-06-01,0
65,2024-07-01,0
65,2024-08-01,0
65,2024-09-01,0
65,2024-10-01,0
65,2024-11-01,0
65,2024-12-01,0
65,2025-01-01,0
65,2025-02-01,0
65,2025-03-01,0
65,2025-04-01,0
65,2025-05-01,0
65,2025-06-01,0
65,2025-07-01,0
65,2025-08-01,0
65,2025-09-01,0
65,2025-10-01,0
65,2025-11-01,0
65,2025-12-01,0
66,2018-01-01,0
66,2018-02-01,0
66,2018-03-01,0
66,2018-04-01,0
66,2018-05-01,0
66,2018-06-01,0
66,2018-07-01,0
66,2018-08-01,0
66,2018-09-01,0
66,2018-10-01,0
66,2018-11-01,0
66,2018-12-01,0
66,2019-01-01,0
66,2019-02-01,1
66,2019-03-01,0
66,2019-04-01,0
66,2019-05-01,0
66,2019-06-01,0
66,2019-07-01,0
66,2019-08-01,0
66,2019-09-01,0
66,2019-10-01,0
66,2019-11-01,0
66,2019-12-01,0
66,2020-01-01,0
66,2020-02-01,0
66,2020-03-01,0
66,2020-04-01,0
66,2020-05-01,0
66,2020-06-01,0
66,2020-07-01,0
66,2020-08-01,0
66,2020-09-01,0
66,2020-10-01,0
66,2020-11-01,0
66,2020-12-01,0
66,2021-01-01,0
66,2021-02-01,0
66,2021-03-01,0
66,2021-04-01,0
66,2021-05-01,0
66,2021-06-01,0
66,2021-07-01,0
66,2021-08-01,0
66,2021-09-01,0
66,2021-10-01,0
66,2021-11-01,0
66,2021-12-01,0
66,2022-01-01,0
66,2022-02-01,0
66,2022-03-01,0
66,2022-04-01,0
66,2022-05-01,0
66,2022-06-01,0
66,2022-07-01,0
66,2022-08-01,0
66,2022-09-01,0
66,2022-10-01,0
66,2022-11-01,0
66,2022-12-01,0
66,2023-01-01,0
66,2023-02-01,0
66,2023-03-01,0
66,2023-04-01,0
66,2023-05-01,0
66,2023-06-01,0
66,2023-07-01,1
66,2023-08-01,0
66,2023-09-01,0
66,2023-10-01,0
66,2023-11-01,0
66,2023-12-01,1
66,2024-01-01,0
66,2024-02-01,0
66,2024-03-01,1
66,2024-04-01,2
66,2024-05-01,0
66,2024-06-01,1
66,2024-07-01,0
66,2024-08-01,1
66,2024-09-01,0
66,2024-10-01,1
66,2024-11-01,0
66,2024-12-01,0
66,2025-01-01,1
66,2025-02-01,0
66,2025-03-01,0
66,2025-04-01,0
66,2025-05-01,0
66,2025-06-01,0
66,2025-07-01,0
66,2025-08-01,0
66,2025-09-01,0
66,2025-10-01,0
66,2025-11-01,0
66,2025-12-01,0
67,2018-01-01,1
67,2018-02-01,0
67,2018-03-01,0
67,2018-04-01,0
67,2018-05-01,0
67,2018-06-01,0
67,2018-07-01,0
67,2018-08-01,0
67,2018-09-01,0
67,2018-10-01,0
67,2018-11-01,0
67,2018-12-01,0
67,2019-01-01,0
67,2019-02-01,0
67,2019-03-01,0
67,2019-04-01,1
67,2019-05-01,0
67,2019-06-01,1
67,2019-07-01,0
67,2019-08-01,0
67,2019-09-01,0
67,2019-10-01,0
67,2019-11-01,0
67,2019-12-01,0
67,2020-01-01,0
67,2020-02-01,0
67,2020-03-01,0
67,2020-04-01,0
67,2020-05-01,0
67,2020-06-01,0
67,2020-07-01,1
67,2020-08-01,0
67,2020-09-01,0
67,2020-10-01,0
67,2020-11-01,1
67,2020-12-01,0
67,2021-01-01,0
67,2021-02-01,0
67,2021-03-01,1
67,2021-04-01,0
67,2021-05-01,0
67,2021-06-01,0
67,2021-07-01,1
67,2021-08-01,0
67,2021-09-01,0
67,2021-10-01,0
67,2021-11-01,0
67,2021-12-01,0
67,2022-01-01,0
67,2022-02-01,0
67,2022-03-01,0
67,2022-04-01,0
67,2022-05-01,2
67,2022-06-01,0
67,2022-07-01,0
67,2022-08-01,0
67,2022-09-01,0
67,2022-10-01,0
67,2022-11-01,0
67,2022-12-01,0
67,2023-01-01,1
67,2023-02-01,2
67,2023-03-01,0
67,2023-04-01,1
67,2023-05-01,4
67,2023-06-01,1
67,2023-07-01,1
67,2023-08-01,2
67,2023-09-01,2
67,2023-10-01,1
67,2023-11-01,0
67,2023-12-01,3
67,2024-01-01,2
67,2024-02-01,2
67,2024-03-01,1
67,2024-04-01,0
67,2024-05-01,2
67,2024-06-01,0
67,2024-07-01,1
67,2024-08-01,1
67,2024-09-01,0
67,2024-10-01,0
67,2024-11-01,3
67,2024-12-01,2
67,2025-01-01,0
67,2025-02-01,0
67,2025-03-01,0
67,2025-04-01,0
67,2025-05-01,1
67,2025-06-01,1
67,2025-07-01,0
67,2025-08-01,0
67,2025-09-01,1
67,2025-10-01,0
67,2025-11-01,1
67,2025-12-01,0
68,2018-01-01,0
68,2018-02-01,0
68,2018-03-01,0
68,2018-04-01,0
68,2018-05-01,1
68,2018-06-01,0
68,2018-07-01,0
68,2018-08-01,0
68,2018-09-01,0
68,2018-10-01,0
68,2018-11-01,1
68,2018-12-01,0
68,2019-01-01,0
68,2019-02-01,0
68,2019-03-01,0
68,2019-04-01,0
68,2019-05-01,0
68,2019-06-01,0
68,2019-07-01,0
68,2019-08-01,0
68,2019-09-01,0
68,2019-10-01,0
68,2019-11-01,0
68,2019-12-01,0
68,2020-01-01,0
68,2020-02-01,0
68,2020-03-01,0
68,2020-04-01,0
68,2020-05-01,0
68,2020-06-01,0
68,2020-07-01,0
68,2020-08-01,0
68,2020-09-01,0
68,2020-10-01,0
68,2020-11-01,0
68,2020-12-01,0
68,2021-01-01,0
68,2021-02-01,0
68,2021-03-01,2
68,2021-04-01,0
68,2021-05-01,0
68,2021-06-01,0
68,2021-07-01,1
68,2021-08-01,1
68,2021-09-01,0
68,2021-10-01,0
68,2021-11-01,0
68,2021-12-01,0
68,2022-01-01,0
68,2022-02-01,0
68,2022-03-01,0
68,2022-04-01,0
68,2022-05-01,0
68,2022-06-01,0
68,2022-07-01,0
68,2022-08-01,0
68,2022-09-01,0
68,2022-10-01,0
68,2022-11-01,1
68,2022-12-01,0
68,2023-01-01,0
68,2023-02-01,0
68,2023-03-01,0
68,2023-04-01,2
68,2023-05-01,3
68,2023-06-01,1
68,2023-07-01,0
68,2023-08-01,1
68,2023-09-01,2
68,2023-10-01,2
68,2023-11-01,1
68,2023-12-01,0
68,2024-01-01,0
68,2024-02-01,0
68,2024-03-01,1
68,2024-04-01,1
68,2024-05-01,2
68,2024-06-01,4
68,2024-07-01,7
68,2024-08-01,5
68,2024-09-01,2
68,2024-10-01,3
68,2024-11-01,3
68,2024-12-01,2
68,2025-01-01,1
68,2025-02-01,1
68,2025-03-01,0
68,2025-04-01,0
68,2025-05-01,0
68,2025-06-01,1
68,2025-07-01,0
68,2025-08-01,1
68,2025-09-01,0
68,2025-10-01,0
68,2025-11-01,1
68,2025-12-01,0
69,2018-01-01,0
69,2018-02-01,0
69,2018-03-01,1
69,2018-04-01,0
69,2018-05-01,0
69,2018-06-01,0
69,2018-07-01,0
69,2018-08-01,3
69,2018-09-01,0
69,2018-10-01,1
69,2018-11-01,0
69,2018-12-01,0
69,2019-01-01,0
69,2019-02-01,0
69,2019-03-01,0
69,2019-04-01,0
69,2019-05-01,0
69,2019-06-01,0
69,2019-07-01,0
69,2019-08-01,0
69,2019-09-01,0
69,2019-10-01,0
69,2019-11-01,0
69,2019-12-01,0
69,2020-01-01,0
69,2020-02-01,0
69,2020-03-01,0
69,2020-04-01,1
69,2020-05-01,0
69,2020-06-01,0
69,2020-07-01,0
69,2020-08-01,0
69,2020-09-01,0
69,2020-10-01,0
69,2020-11-01,0
69,2020-12-01,0
69,2021-01-01,0
69,2021-02-01,0
69,2021-03-01,0
69,2021-04-01,0
69,2021-05-01,0
69,2021-06-01,1
69,2021-07-01,0
69,2021-08-01,0
69,2021-09-01,1
69,2021-10-01,1
69,2021-11-01,0
69,2021-12-01,1
69,2022-01-01,0
69,2022-02-01,0
69,2022-03-01,1
69,2022-04-01,0
69,2022-05-01,0
69,2022-06-01,0
69,2022-07-01,0
69,2022-08-01,0
69,2022-09-01,0
69,2022-10-01,0
69,2022-11-01,0
69,2022-12-01,1
69,2023-01-01,1
69,2023-02-01,1
69,2023-03-01,1
69,2023-04-01,4
69,2023-05-01,3
69,2023-06-01,0
69,2023-07-01,7
69,2023-08-01,3
69,2023-09-01,1
69,2023-10-01,2
69,2023-11-01,4
69,2023-12-01,3
69,2024-01-01,10
69,2024-02-01,5
69,2024-03-01,3
69,2024-04-01,4
69,2024-05-01,8
69,2024-06-01,6
69,2024-07-01,5
69,2024-08-01,5
69,2024-09-01,2
69,2024-10-01,6
69,2024-11-01,0
69,2024-12-01,5
69,2025-01-01,0
69,2025-02-01,1
69,2025-03-01,0
69,2025-04-01,0
69,2025-05-01,0
69,2025-06-01,1
69,2025-07-01,0
69,2025-08-01,2
69,2025-09-01,3
69,2025-10-01,2
69,2025-11-01,0
69,2025-12-01,0
70,2018-01-01,0
70,2018-02-01,0
70,2018-03-01,0
70,2018-04-01,0
70,2018-05-01,0
70,2018-06-01,0
70,2018-07-01,0
70,2018-08-01,0
70,2018-09-01,0
70,2018-10-01,0
70,2018-11-01,0
70,2018-12-01,0
70,2019-01-01,0
70,2019-02-01,0
70,2019-03-01,0
70,2019-04-01,0
70,2019-05-01,0
70,2019-06-01,0
70,2019-07-01,0
70,2019-08-01,1
70,2019-09-01,0
70,2019-10-01,0
70,2019-11-01,0
70,2019-12-01,0
70,2020-01-01,0
70,2020-02-01,0
70,2020-03-01,0
70,2020-04-01,0
70,2020-05-01,0
70,2020-06-01,0
70,2020-07-01,0
70,2020-08-01,0
70,2020-09-01,0
70,2020-10-01,0
70,2020-11-01,0
70,2020-12-01,0
70,2021-01-01,0
70,2021-02-01,0
70,2021-03-01,0
70,2021-04-01,0
70,2021-05-01,0
70,2021-06-01,0
70,2021-07-01,0
70,2021-08-01,1
70,2021-09-01,1
70,2021-10-01,0
70,2021-11-01,0
70,2021-12-01,0
70,2022-01-01,0
70,2022-02-01,0
70,2022-03-01,0
70,2022-04-01,0
70,2022-05-01,0
70,2022-06-01,0
70,2022-07-01,0
70,2022-08-01,0
70,2022-09-01,0
70,2022-10-01,0
70,2022-11-01,0
70,2022-12-01,0
70,2023-01-01,0
70,2023-02-01,2
70,2023-03-01,0
70,2023-04-01,0
70,2023-05-01,0
70,2023-06-01,0
70,2023-07-01,0
70,2023-08-01,0
70,2023-09-01,0
70,2023-10-01,0
70,2023-11-01,0
70,2023-12-01,0
70,2024-01-01,1
70,2024-02-01,1
70,2024-03-01,1
70,2024-04-01,0
70,2024-05-01,0
70,2024-06-01,0
70,2024-07-01,0
70,2024-08-01,3
70,2024-09-01,1
70,2024-10-01,0
70,2024-11-01,0
70,2024-12-01,0
70,2025-01-01,1
70,2025-02-01,0
70,2025-03-01,0
70,2025-04-01,0
70,2025-05-01,0
70,2025-06-01,0
70,2025-07-01,0
70,2025-08-01,0
70,2025-09-01,0
70,2025-10-01,0
70,2025-11-01,0
70,2025-12-01,0
71,2018-01-01,0
71,2018-02-01,0
71,2018-03-01,0
71,2018-04-01,0
71,2018-05-01,0
71,2018-06-01,0
71,2018-07-01,0
71,2018-08-01,0
71,2018-09-01,0
71,2018-10-01,0
71,2018-11-01,0
71,2018-12-01,0
71,2019-01-01,0
71,2019-02-01,0
71,2019-03-01,0
71,2019-04-01,0
71,2019-05-01,0
71,2019-06-01,0
71,2019-07-01,0
71,2019-08-01,0
71,2019-09-01,0
71,2019-10-01,0
71,2019-11-01,0
71,2019-12-01,0
71,2020-01-01,0
71,2020-02-01,0
71,2020-03-01,0
71,2020-04-01,0
71,2020-05-01,0
71,2020-06-01,0
71,2020-07-01,0
71,2020-08-01,0
71,2020-09-01,0
71,2020-10-01,0
71,2020-11-01,1
71,2020-12-01,1
71,2021-01-01,0
71,2021-02-01,0
71,2021-03-01,0
71,2021-04-01,0
71,2021-05-01,0
71,2021-06-01,0
71,2021-07-01,0
71,2021-08-01,0
71,2021-09-01,0
71,2021-10-01,0
71,2021-11-01,0
71,2021-12-01,0
71,2022-01-01,0
71,2022-02-01,0
71,2022-03-01,0
71,2022-04-01,0
71,2022-05-01,0
71,2022-06-01,0
71,2022-07-01,0
71,2022-08-01,0
71,2022-09-01,0
71,2022-10-01,0
71,2022-11-01,0
71,2022-12-01,0
71,2023-01-01,0
71,2023-02-01,0
71,2023-03-01,0
71,2023-04-01,0
71,2023-05-01,0
71,2023-06-01,1
71,2023-07-01,1
71,2023-08-01,0
71,2023-09-01,1
71,2023-10-01,0
71,2023-11-01,2
71,2023-12-01,1
71,2024-01-01,0
71,2024-02-01,4
71,2024-03-01,1
71,2024-04-01,0
71,2024-05-01,0
71,2024-06-01,0
71,2024-07-01,0
71,2024-08-01,0
71,2024-09-01,3
71,2024-10-01,0
71,2024-11-01,0
71,2024-12-01,0
71,2025-01-01,1
71,2025-02-01,0
71,2025-03-01,0
71,2025-04-01,0
71,2025-05-01,0
71,2025-06-01,0
71,2025-07-01,0
71,2025-08-01,0
71,2025-09-01,0
71,2025-10-01,0
71,2025-11-01,0
71,2025-12-01,0
72,2018-01-01,0
72,2018-02-01,0
72,2018-03-01,0
72,2018-04-01,0
72,2018-05-01,0
72,2018-06-01,0
72,2018-07-01,0
72,2018-08-01,0
72,2018-09-01,0
72,2018-10-01,0
72,2018-11-01,0
72,2018-12-01,1
72,2019-01-01,0
72,2019-02-01,1
72,2019-03-01,0
72,2019-04-01,0
72,2019-05-01,0
72,2019-06-01,0
72,2019-07-01,0
72,2019-08-01,0
72,2019-09-01,0
72,2019-10-01,0
72,2019-11-01,0
72,2019-12-01,0
72,2020-01-01,0
72,2020-02-01,0
72,2020-03-01,0
72,2020-04-01,0
72,2020-05-01,0
72,2020-06-01,0
72,2020-07-01,0
72,2020-08-01,0
72,2020-09-01,0
72,2020-10-01,0
72,2020-11-01,0
72,2020-12-01,0
72,2021-01-01,1
72,2021-02-01,0
72,2021-03-01,0
72,2021-04-01,0
72,2021-05-01,0
72,2021-06-01,0
72,2021-07-01,0
72,2021-08-01,0
72,2021-09-01,0
72,2021-10-01,0
72,2021-11-01,0
72,2021-12-01,0
72,2022-01-01,0
72,2022-02-01,0
72,2022-03-01,0
72,2022-04-01,0
72,2022-05-01,0
72,2022-06-01,0
72,2022-07-01,0
72,2022-08-01,0
72,2022-09-01,0
72,2022-10-01,0
72,2022-11-01,0
72,2022-12-01,0
72,2023-01-01,1
72,2023-02-01,1
72,2023-03-01,0
72,2023-04-01,0
72,2023-05-01,1
72,2023-06-01,2
72,2023-07-01,0
72,2023-08-01,0
72,2023-09-01,0
72,2023-10-01,0
72,2023-11-01,1
72,2023-12-01,0
72,2024-01-01,0
72,2024-02-01,2
72,2024-03-01,1
72,2024-04-01,0
72,2024-05-01,3
72,2024-06-01,2
72,2024-07-01,2
72,2024-08-01,0
72,2024-09-01,1
72,2024-10-01,1
72,2024-11-01,0
72,2024-12-01,0
72,2025-01-01,2
72,2025-02-01,0
72,2025-03-01,1
72,2025-04-01,0
72,2025-05-01,0
72,2025-06-01,1
72,2025-07-01,0
72,2025-08-01,1
72,2025-09-01,1
72,2025-10-01,0
72,2025-11-01,1
72,2025-12-01,0
73,2018-01-01,0
73,2018-02-01,0
73,2018-03-01,0
73,2018-04-01,0
73,2018-05-01,0
73,2018-06-01,0
73,2018-07-01,0
73,2018-08-01,0
73,2018-09-01,0
73,2018-10-01,0
73,2018-11-01,1
73,2018-12-01,0
73,2019-01-01,0
73,2019-02-01,0
73,2019-03-01,0
73,2019-04-01,0
73,2019-05-01,0
73,2019-06-01,0
73,2019-07-01,0
73,2019-08-01,1
73,2019-09-01,0
73,2019-10-01,0
73,2019-11-01,0
73,2019-12-01,0
73,2020-01-01,0
73,2020-02-01,0
73,2020-03-01,0
73,2020-04-01,2
73,2020-05-01,1
73,2020-06-01,0
73,2020-07-01,0
73,2020-08-01,1
73,2020-09-01,0
73,2020-10-01,0
73,2020-11-01,2
73,2020-12-01,0
73,2021-01-01,0
73,2021-02-01,0
73,2021-03-01,0
73,2021-04-01,0
73,2021-05-01,0
73,2021-06-01,0
73,2021-07-01,1
73,2021-08-01,0
73,2021-09-01,0
73,2021-10-01,1
73,2021-11-01,0
73,2021-12-01,0
73,2022-01-01,1
73,2022-02-01,0
73,2022-03-01,0
73,2022-04-01,0
73,2022-05-01,0
73,2022-06-01,0
73,2022-07-01,0
73,2022-08-01,0
73,2022-09-01,1
73,2022-10-01,0
73,2022-11-01,2
73,2022-12-01,1
73,2023-01-01,1
73,2023-02-01,2
73,2023-03-01,5
73,2023-04-01,0
73,2023-05-01,3
73,2023-06-01,2
73,2023-07-01,4
73,2023-08-01,7
73,2023-09-01,5
73,2023-10-01,5
73,2023-11-01,6
73,2023-12-01,7
73,2024-01-01,5
73,2024-02-01,3
73,2024-03-01,7
73,2024-04-01,6
73,2024-05-01,3
73,2024-06-01,3
73,2024-07-01,1
73,2024-08-01,0
73,2024-09-01,1
73,2024-10-01,4
73,2024-11-01,1
73,2024-12-01,0
73,2025-01-01,2
73,2025-02-01,0
73,2025-03-01,1
73,2025-04-01,0
73,2025-05-01,1
73,2025-06-01,0
73,2025-07-01,0
73,2025-08-01,0
73,2025-09-01,1
73,2025-10-01,0
73,2025-11-01,0
73,2025-12-01,0
74,2018-01-01,0
74,2018-02-01,0
74,2018-03-01,0
74,2018-04-01,0
74,2018-05-01,0
74,2018-06-01,0
74,2018-07-01,0
74,2018-08-01,0
74,2018-09-01,0
74,2018-10-01,0
74,2018-11-01,0
74,2018-12-01,0
74,2019-01-01,0
74,2019-02-01,0
74,2019-03-01,0
74,2019-04-01,0
74,2019-05-01,0
74,2019-06-01,0
74,2019-07-01,0
74,2019-08-01,0
74,2019-09-01,0
74,2019-10-01,0
74,2019-11-01,0
74,2019-12-01,0
74,2020-01-01,0
74,2020-02-01,0
74,2020-03-01,0
74,2020-04-01,0
74,2020-05-01,0
74,2020-06-01,0
74,2020-07-01,0
74,2020-08-01,0
74,2020-09-01,0
74,2020-10-01,0
74,2020-11-01,0
74,2020-12-01,0
74,2021-01-01,0
74,2021-02-01,0
74,2021-03-01,0
74,2021-04-01,0
74,2021-05-01,0
74,2021-06-01,0
74,2021-07-01,0
74,2021-08-01,0
74,2021-09-01,0
74,2021-10-01,0
74,2021-11-01,0
74,2021-12-01,0
74,2022-01-01,0
74,2022-02-01,0
74,2022-03-01,0
74,2022-04-01,0
74,2022-05-01,0
74,2022-06-01,0
74,2022-07-01,0
74,2022-08-01,0
74,2022-09-01,0
74,2022-10-01,0
74,2022-11-01,0
74,2022-12-01,0
74,2023-01-01,0
74,2023-02-01,0
74,2023-03-01,0
74,2023-04-01,0
74,2023-05-01,0
74,2023-06-01,0
74,2023-07-01,0
74,2023-08-01,0
74,2023-09-01,0
74,2023-10-01,0
74,2023-11-01,0
74,2023-12-01,0
74,2024-01-01,0
74,2024-02-01,0
74,2024-03-01,0
74,2024-04-01,0
74,2024-05-01,0
74,2024-06-01,0
74,2024-07-01,0
74,2024-08-01,0
74,2024-09-01,0
74,2024-10-01,0
74,2024-11-01,0
74,2024-12-01,0
74,2025-01-01,0
74,2025-02-01,0
74,2025-03-01,0
74,2025-04-01,0
74,2025-05-01,0
74,2025-06-01,0
74,2025-07-01,0
74,2025-08-01,0
74,2025-09-01,0
74,2025-10-01,0
74,2025-11-01,0
74,2025-12-01,0
75,2018-01-01,1
75,2018-02-01,0
75,2018-03-01,0
75,2018-04-01,0
75,2018-05-01,1
75,2018-06-01,0
75,2018-07-01,0
75,2018-08-01,0
75,2018-09-01,0
75,2018-10-01,2
75,2018-11-01,0
75,2018-12-01,0
75,2019-01-01,1
75,2019-02-01,0
75,2019-03-01,0
75,2019-04-01,0
75,2019-05-01,0
75,2019-06-01,1
75,2019-07-01,1
75,2019-08-01,2
75,2019-09-01,0
75,2019-10-01,0
75,2019-11-01,1
75,2019-12-01,1
75,2020-01-01,0
75,2020-02-01,0
75,2020-03-01,1
75,2020-04-01,0
75,2020-05-01,0
75,2020-06-01,0
75,2020-07-01,1
75,2020-08-01,0
75,2020-09-01,1
75,2020-10-01,3
75,2020-11-01,9
75,2020-12-01,0
75,2021-01-01,2
75,2021-02-01,1
75,2021-03-01,1
75,2021-04-01,0
75,2021-05-01,1
75,2021-06-01,3
75,2021-07-01,3
75,2021-08-01,2
75,2021-09-01,3
75,2021-10-01,3
75,2021-11-01,1
75,2021-12-01,0
75,2022-01-01,1
75,2022-02-01,3
75,2022-03-01,2
75,2022-04-01,0
75,2022-05-01,2
75,2022-06-01,1
75,2022-07-01,1
75,2022-08-01,1
75,2022-09-01,1
75,2022-10-01,5
75,2022-11-01,7
75,2022-12-01,1
75,2023-01-01,10
75,2023-02-01,5
75,2023-03-01,8
75,2023-04-01,11
75,2023-05-01,16
75,2023-06-01,15
75,2023-07-01,18
75,2023-08-01,18
75,2023-09-01,8
75,2023-10-01,17
75,2023-11-01,8
75,2023-12-01,13
75,2024-01-01,20
75,2024-02-01,15
75,2024-03-01,9
75,2024-04-01,19
75,2024-05-01,9
75,2024-06-01,14
75,2024-07-01,11
75,2024-08-01,7
75,2024-09-01,8
75,2024-10-01,5
75,2024-11-01,5
75,2024-12-01,4
75,2025-01-01,3
75,2025-02-01,0
75,2025-03-01,4
75,2025-04-01,1
75,2025-05-01,1
75,2025-06-01,0
75,2025-07-01,1
75,2025-08-01,1
75,2025-09-01,4
75,2025-10-01,0
75,2025-11-01,1
75,2025-12-01,3
76,2018-01-01,0
76,2018-02-01,0
76,2018-03-01,0
76,2018-04-01,0
76,2018-05-01,0
76,2018-06-01,0
76,2018-07-01,0
76,2018-08-01,0
76,2018-09-01,0
76,2018-10-01,0
76,2018-11-01,0
76,2018-12-01,0
76,2019-01-01,0
76,2019-02-01,0
76,2019-03-01,0
76,2019-04-01,0
76,2019-05-01,0
76,2019-06-01,0
76,2019-07-01,0
76,2019-08-01,0
76,2019-09-01,0
76,2019-10-01,0
76,2019-11-01,0
76,2019-12-01,0
76,2020-01-01,0
76,2020-02-01,0
76,2020-03-01,0
76,2020-04-01,0
76,2020-05-01,0
76,2020-06-01,0
76,2020-07-01,0
76,2020-08-01,0
76,2020-09-01,0
76,2020-10-01,0
76,2020-11-01,0
76,2020-12-01,0
76,2021-01-01,0
76,2021-02-01,0
76,2021-03-01,0
76,2021-04-01,0
76,2021-05-01,0
76,2021-06-01,0
76,2021-07-01,0
76,2021-08-01,0
76,2021-09-01,0
76,2021-10-01,0
76,2021-11-01,0
76,2021-12-01,0
76,2022-01-01,0
76,2022-02-01,0
76,2022-03-01,0
76,2022-04-01,0
76,2022-05-01,0
76,2022-06-01,0
76,2022-07-01,0
76,2022-08-01,1
76,2022-09-01,0
76,2022-10-01,0
76,2022-11-01,0
76,2022-12-01,0
76,2023-01-01,1
76,2023-02-01,1
76,2023-03-01,0
76,2023-04-01,0
76,2023-05-01,0
76,2023-06-01,0
76,2023-07-01,0
76,2023-08-01,2
76,2023-09-01,0
76,2023-10-01,1
76,2023-11-01,0
76,2023-12-01,1
76,2024-01-01,1
76,2024-02-01,1
76,2024-03-01,0
76,2024-04-01,0
76,2024-05-01,0
76,2024-06-01,0
76,2024-07-01,0
76,2024-08-01,2
76,2024-09-01,0
76,2024-10-01,0
76,2024-11-01,1
76,2024-12-01,0
76,2025-01-01,0
76,2025-02-01,0
76,2025-03-01,0
76,2025-04-01,0
76,2025-05-01,0
76,2025-06-01,0
76,2025-07-01,1
76,2025-08-01,0
76,2025-09-01,0
76,2025-10-01,0
76,2025-11-01,0
76,2025-12-01,0
77,2018-01-01,0
77,2018-02-01,0
77,2018-03-01,0
77,2018-04-01,0
77,2018-05-01,0
77,2018-06-01,0
77,2018-07-01,0
77,2018-08-01,0
77,2018-09-01,0
77,2018-10-01,0
77,2018-11-01,0
77,2018-12-01,0
77,2019-01-01,0
77,2019-02-01,0
77,2019-03-01,0
77,2019-04-01,0
77,2019-05-01,0
77,2019-06-01,0
77,2019-07-01,0
77,2019-08-01,0
77,2019-09-01,0
77,2019-10-01,0
77,2019-11-01,0
77,2019-12-01,0
77,2020-01-01,0
77,2020-02-01,0
77,2020-03-01,0
77,2020-04-01,0
77,2020-05-01,0
77,2020-06-01,0
77,2020-07-01,0
77,2020-08-01,0
77,2020-09-01,0
77,2020-10-01,0
77,2020-11-01,0
77,2020-12-01,0
77,2021-01-01,0
77,2021-02-01,0
77,2021-03-01,0
77,2021-04-01,0
77,2021-05-01,0
77,2021-06-01,0
77,2021-07-01,0
77,2021-08-01,0
77,2021-09-01,0
77,2021-10-01,0
77,2021-11-01,0
77,2021-12-01,0
77,2022-01-01,0
77,2022-02-01,0
77,2022-03-01,0
77,2022-04-01,0
77,2022-05-01,0
77,2022-06-01,0
77,2022-07-01,0
77,2022-08-01,0
77,2022-09-01,0
77,2022-10-01,1
77,2022-11-01,1
77,2022-12-01,0
77,2023-01-01,0
77,2023-02-01,0
77,2023-03-01,0
77,2023-04-01,0
77,2023-05-01,0
77,2023-06-01,0
77,2023-07-01,0
77,2023-08-01,0
77,2023-09-01,0
77,2023-10-01,0
77,2023-11-01,0
77,2023-12-01,1
77,2024-01-01,1
77,2024-02-01,0
77,2024-03-01,0
77,2024-04-01,2
77,2024-05-01,0
77,2024-06-01,0
77,2024-07-01,0
77,2024-08-01,2
77,2024-09-01,0
77,2024-10-01,0
77,2024-11-01,0
77,2024-12-01,0
77,2025-01-01,0
77,2025-02-01,0
77,2025-03-01,0
77,2025-04-01,0
77,2025-05-01,0
77,2025-06-01,0
77,2025-07-01,1
77,2025-08-01,0
77,2025-09-01,0
77,2025-10-01,0
77,2025-11-01,0
77,2025-12-01,0
78,2018-01-01,0
78,2018-02-01,0
78,2018-03-01,0
78,2018-04-01,0
78,2018-05-01,0
78,2018-06-01,0
78,2018-07-01,0
78,2018-08-01,0
78,2018-09-01,0
78,2018-10-01,0
78,2018-11-01,0
78,2018-12-01,0
78,2019-01-01,0
78,2019-02-01,0
78,2019-03-01,0
78,2019-04-01,0
78,2019-05-01,0
78,2019-06-01,0
78,2019-07-01,0
78,2019-08-01,0
78,2019-09-01,0
78,2019-10-01,0
78,2019-11-01,0
78,2019-12-01,0
78,2020-01-01,0
78,2020-02-01,0
78,2020-03-01,0
78,2020-04-01,0
78,2020-05-01,0
78,2020-06-01,0
78,2020-07-01,0
78,2020-08-01,0
78,2020-09-01,0
78,2020-10-01,0
78,2020-11-01,0
78,2020-12-01,0
78,2021-01-01,0
78,2021-02-01,0
78,2021-03-01,0
78,2021-04-01,0
78,2021-05-01,0
78,2021-06-01,0
78,2021-07-01,1
78,2021-08-01,0
78,2021-09-01,0
78,2021-10-01,0
78,2021-11-01,0
78,2021-12-01,0
78,2022-01-01,0
78,2022-02-01,0
78,2022-03-01,0
78,2022-04-01,0
78,2022-05-01,0
78,2022-06-01,0
78,2022-07-01,0
78,2022-08-01,0
78,2022-09-01,0
78,2022-10-01,0
78,2022-11-01,0
78,2022-12-01,0
78,2023-01-01,0
78,2023-02-01,0
78,2023-03-01,0
78,2023-04-01,0
78,2023-05-01,0
78,2023-06-01,1
78,2023-07-01,0
78,2023-08-01,0
78,2023-09-01,1
78,2023-10-01,0
78,2023-11-01,0
78,2023-12-01,0
78,2024-01-01,3
78,2024-02-01,0
78,2024-03-01,0
78,2024-04-01,0
78,2024-05-01,0
78,2024-06-01,0
78,2024-07-01,0
78,2024-08-01,0
78,2024-09-01,0
78,2024-10-01,0
78,2024-11-01,0
78,2024-12-01,2
78,2025-01-01,0
78,2025-02-01,1
78,2025-03-01,0
78,2025-04-01,0
78,2025-05-01,0
78,2025-06-01,0
78,2025-07-01,0
78,2025-08-01,0
78,2025-09-01,0
78,2025-10-01,0
78,2025-11-01,0
78,2025-12-01,0
79,2018-01-01,0
79,2018-02-01,0
79,2018-03-01,0
79,2018-04-01,0
79,2018-05-01,0
79,2018-06-01,0
79,2018-07-01,0
79,2018-08-01,0
79,2018-09-01,0
79,2018-10-01,0
79,2018-11-01,0
79,2018-12-01,0
79,2019-01-01,0
79,2019-02-01,0
79,2019-03-01,0
79,2019-04-01,0
79,2019-05-01,0
79,2019-06-01,0
79,2019-07-01,0
79,2019-08-01,0
79,2019-09-01,0
79,2019-10-01,0
79,2019-11-01,0
79,2019-12-01,0
79,2020-01-01,0
79,2020-02-01,0
79,2020-03-01,0
79,2020-04-01,0
79,2020-05-01,0
79,2020-06-01,0
79,2020-07-01,0
79,2020-08-01,0
79,2020-09-01,0
79,2020-10-01,0
79,2020-11-01,0
79,2020-12-01,0
79,2021-01-01,0
79,2021-02-01,0
79,2021-03-01,0
79,2021-04-01,0
79,2021-05-01,0
79,2021-06-01,0
79,2021-07-01,0
79,2021-08-01,0
79,2021-09-01,0
79,2021-10-01,0
79,2021-11-01,0
79,2021-12-01,0
79,2022-01-01,0
79,2022-02-01,0
79,2022-03-01,0
79,2022-04-01,0
79,2022-05-01,0
79,2022-06-01,0
79,2022-07-01,0
79,2022-08-01,0
79,2022-09-01,0
79,2022-10-01,0
79,2022-11-01,0
79,2022-12-01,0
79,2023-01-01,1
79,2023-02-01,0
79,2023-03-01,0
79,2023-04-01,1
79,2023-05-01,0
79,2023-06-01,1
79,2023-07-01,0
79,2023-08-01,1
79,2023-09-01,1
79,2023-10-01,1
79,2023-11-01,0
79,2023-12-01,1
79,2024-01-01,2
79,2024-02-01,2
79,2024-03-01,1
79,2024-04-01,1
79,2024-05-01,1
79,2024-06-01,0
79,2024-07-01,1
79,2024-08-01,0
79,2024-09-01,2
79,2024-10-01,1
79,2024-11-01,2
79,2024-12-01,1
79,2025-01-01,0
79,2025-02-01,0
79,2025-03-01,0
79,2025-04-01,0
79,2025-05-01,0
79,2025-06-01,0
79,2025-07-01,0
79,2025-08-01,1
79,2025-09-01,0
79,2025-10-01,0
79,2025-11-01,0
79,2025-12-01,0
80,2018-01-01,0
80,2018-02-01,0
80,2018-03-01,0
80,2018-04-01,0
80,2018-05-01,0
80,2018-06-01,0
80,2018-07-01,0
80,2018-08-01,0
80,2018-09-01,0
80,2018-10-01,0
80,2018-11-01,0
80,2018-12-01,0
80,2019-01-01,0
80,2019-02-01,0
80,2019-03-01,0
80,2019-04-01,0
80,2019-05-01,0
80,2019-06-01,0
80,2019-07-01,0
80,2019-08-01,0
80,2019-09-01,0
80,2019-10-01,0
80,2019-11-01,0
80,2019-12-01,0
80,2020-01-01,0
80,2020-02-01,0
80,2020-03-01,0
80,2020-04-01,0
80,2020-05-01,0
80,2020-06-01,0
80,2020-07-01,0
80,2020-08-01,0
80,2020-09-01,0
80,2020-10-01,0
80,2020-11-01,0
80,2020-12-01,0
80,2021-01-01,0
80,2021-02-01,0
80,2021-03-01,0
80,2021-04-01,0
80,2021-05-01,0
80,2021-06-01,0
80,2021-07-01,0
80,2021-08-01,0
80,2021-09-01,0
80,2021-10-01,0
80,2021-11-01,0
80,2021-12-01,0
80,2022-01-01,0
80,2022-02-01,0
80,2022-03-01,0
80,2022-04-01,0
80,2022-05-01,0
80,2022-06-01,0
80,2022-07-01,0
80,2022-08-01,0
80,2022-09-01,0
80,2022-10-01,0
80,2022-11-01,0
80,2022-12-01,0
80,2023-01-01,0
80,2023-02-01,0
80,2023-03-01,0
80,2023-04-01,0
80,2023-05-01,0
80,2023-06-01,0
80,2023-07-01,0
80,2023-08-01,0
80,2023-09-01,0
80,2023-10-01,0
80,2023-11-01,0
80,2023-12-01,0
80,2024-01-01,0
80,2024-02-01,0
80,2024-03-01,0
80,2024-04-01,0
80,2024-05-01,0
80,2024-06-01,0
80,2024-07-01,0
80,2024-08-01,0
80,2024-09-01,0
80,2024-10-01,0
80,2024-11-01,0
80,2024-12-01,0
80,2025-01-01,0
80,2025-02-01,0
80,2025-03-01,0
80,2025-04-01,0
80,2025-05-01,0
80,2025-06-01,0
80,2025-07-01,0
80,2025-08-01,0
80,2025-09-01,0
80,2025-10-01,0
80,2025-11-01,0
80,2025-12-01,0
81,2018-01-01,0
81,2018-02-01,0
81,2018-03-01,0
81,2018-04-01,0
81,2018-05-01,0
81,2018-06-01,0
81,2018-07-01,0
81,2018-08-01,0
81,2018-09-01,0
81,2018-10-01,0
81,2018-11-01,0
81,2018-12-01,0
81,2019-01-01,0
81,2019-02-01,0
81,2019-03-01,0
81,2019-04-01,0
81,2019-05-01,0
81,2019-06-01,0
81,2019-07-01,0
81,2019-08-01,1
81,2019-09-01,0
81,2019-10-01,0
81,2019-11-01,0
81,2019-12-01,0
81,2020-01-01,0
81,2020-02-01,0
81,2020-03-01,0
81,2020-04-01,0
81,2020-05-01,0
81,2020-06-01,0
81,2020-07-01,0
81,2020-08-01,0
81,2020-09-01,0
81,2020-10-01,0
81,2020-11-01,1
81,2020-12-01,0
81,2021-01-01,1
81,2021-02-01,0
81,2021-03-01,0
81,2021-04-01,0
81,2021-05-01,0
81,2021-06-01,0
81,2021-07-01,0
81,2021-08-01,0
81,2021-09-01,0
81,2021-10-01,0
81,2021-11-01,0
81,2021-12-01,0
81,2022-01-01,1
81,2022-02-01,0
81,2022-03-01,0
81,2022-04-01,0
81,2022-05-01,0
81,2022-06-01,0
81,2022-07-01,0
81,2022-08-01,0
81,2022-09-01,0
81,2022-10-01,0
81,2022-11-01,0
81,2022-12-01,1
81,2023-01-01,3
81,2023-02-01,2
81,2023-03-01,0
81,2023-04-01,0
81,2023-05-01,0
81,2023-06-01,1
81,2023-07-01,2
81,2023-08-01,0
81,2023-09-01,3
81,2023-10-01,0
81,2023-11-01,1
81,2023-12-01,2
81,2024-01-01,2
81,2024-02-01,1
81,2024-03-01,3
81,2024-04-01,2
81,2024-05-01,2
81,2024-06-01,3
81,2024-07-01,0
81,2024-08-01,2
81,2024-09-01,0
81,2024-10-01,1
81,2024-11-01,0
81,2024-12-01,1
81,2025-01-01,1
81,2025-02-01,0
81,2025-03-01,0
81,2025-04-01,0
81,2025-05-01,0
81,2025-06-01,0
81,2025-07-01,0
81,2025-08-01,1
81,2025-09-01,0
81,2025-10-01,0
81,2025-11-01,0
81,2025-12-01,0
82,2018-01-01,0
82,2018-02-01,0
82,2018-03-01,0
82,2018-04-01,0
82,2018-05-01,0
82,2018-06-01,0
82,2018-07-01,0
82,2018-08-01,0
82,2018-09-01,0
82,2018-10-01,0
82,2018-11-01,0
82,2018-12-01,0
82,2019-01-01,0
82,2019-02-01,0
82,2019-03-01,0
82,2019-04-01,0
82,2019-05-01,0
82,2019-06-01,0
82,2019-07-01,0
82,2019-08-01,0
82,2019-09-01,0
82,2019-10-01,0
82,2019-11-01,0
82,2019-12-01,0
82,2020-01-01,0
82,2020-02-01,0
82,2020-03-01,0
82,2020-04-01,0
82,2020-05-01,0
82,2020-06-01,0
82,2020-07-01,0
82,2020-08-01,0
82,2020-09-01,0
82,2020-10-01,0
82,2020-11-01,0
82,2020-12-01,0
82,2021-01-01,0
82,2021-02-01,0
82,2021-03-01,0
82,2021-04-01,0
82,2021-05-01,0
82,2021-06-01,0
82,2021-07-01,0
82,2021-08-01,0
82,2021-09-01,0
82,2021-10-01,0
82,2021-11-01,0
82,2021-12-01,0
82,2022-01-01,0
82,2022-02-01,0
82,2022-03-01,0
82,2022-04-01,0
82,2022-05-01,0
82,2022-06-01,0
82,2022-07-01,0
82,2022-08-01,0
82,2022-09-01,0
82,2022-10-01,0
82,2022-11-01,0
82,2022-12-01,0
82,2023-01-01,0
82,2023-02-01,0
82,2023-03-01,0
82,2023-04-01,0
82,2023-05-01,0
82,2023-06-01,0
82,2023-07-01,0
82,2023-08-01,0
82,2023-09-01,0
82,2023-10-01,0
82,2023-11-01,0
82,2023-12-01,0
82,2024-01-01,0
82,2024-02-01,0
82,2024-03-01,0
82,2024-04-01,0
82,2024-05-01,0
82,2024-06-01,0
82,2024-07-01,0
82,2024-08-01,0
82,2024-09-01,0
82,2024-10-01,0
82,2024-11-01,0
82,2024-12-01,0
82,2025-01-01,0
82,2025-02-01,0
82,2025-03-01,0
82,2025-04-01,0
82,2025-05-01,0
82,2025-06-01,0
82,2025-07-01,0
82,2025-08-01,0
82,2025-09-01,0
82,2025-10-01,0
82,2025-11-01,0
82,2025-12-01,0
83,2018-01-01,0
83,2018-02-01,0
83,2018-03-01,0
83,2018-04-01,0
83,2018-05-01,0
83,2018-06-01,0
83,2018-07-01,0
83,2018-08-01,0
83,2018-09-01,0
83,2018-10-01,0
83,2018-11-01,0
83,2018-12-01,0
83,2019-01-01,0
83,2019-02-01,0
83,2019-03-01,0
83,2019-04-01,0
83,2019-05-01,0
83,2019-06-01,0
83,2019-07-01,0
83,2019-08-01,0
83,2019-09-01,0
83,2019-10-01,0
83,2019-11-01,0
83,2019-12-01,0
83,2020-01-01,0
83,2020-02-01,0
83,2020-03-01,0
83,2020-04-01,0
83,2020-05-01,0
83,2020-06-01,0
83,2020-07-01,0
83,2020-08-01,0
83,2020-09-01,0
83,2020-10-01,0
83,2020-11-01,0
83,2020-12-01,0
83,2021-01-01,0
83,2021-02-01,0
83,2021-03-01,0
83,2021-04-01,0
83,2021-05-01,0
83,2021-06-01,0
83,2021-07-01,0
83,2021-08-01,0
83,2021-09-01,0
83,2021-10-01,0
83,2021-11-01,0
83,2021-12-01,0
83,2022-01-01,0
83,2022-02-01,0
83,2022-03-01,1
83,2022-04-01,0
83,2022-05-01,0
83,2022-06-01,1
83,2022-07-01,0
83,2022-08-01,1
83,2022-09-01,0
83,2022-10-01,0
83,2022-11-01,0
83,2022-12-01,1
83,2023-01-01,4
83,2023-02-01,2
83,2023-03-01,1
83,2023-04-01,0
83,2023-05-01,2
83,2023-06-01,0
83,2023-07-01,1
83,2023-08-01,2
83,2023-09-01,1
83,2023-10-01,4
83,2023-11-01,1
83,2023-12-01,3
83,2024-01-01,2
83,2024-02-01,2
83,2024-03-01,4
83,2024-04-01,1
83,2024-05-01,3
83,2024-06-01,1
83,2024-07-01,0
83,2024-08-01,2
83,2024-09-01,2
83,2024-10-01,0
83,2024-11-01,0
83,2024-12-01,2
83,2025-01-01,1
83,2025-02-01,0
83,2025-03-01,0
83,2025-04-01,1
83,2025-05-01,0
83,2025-06-01,0
83,2025-07-01,0
83,2025-08-01,0
83,2025-09-01,1
83,2025-10-01,1
83,2025-11-01,1
83,2025-12-01,1
84,2018-01-01,0
84,2018-02-01,0
84,2018-03-01,0
84,2018-04-01,0
84,2018-05-01,0
84,2018-06-01,0
84,2018-07-01,0
84,2018-08-01,0
84,2018-09-01,0
84,2018-10-01,0
84,2018-11-01,0
84,2018-12-01,0
84,2019-01-01,0
84,2019-02-01,0
84,2019-03-01,0
84,2019-04-01,0
84,2019-05-01,0
84,2019-06-01,0
84,2019-07-01,0
84,2019-08-01,0
84,2019-09-01,0
84,2019-10-01,0
84,2019-11-01,0
84,2019-12-01,0
84,2020-01-01,0
84,2020-02-01,0
84,2020-03-01,0
84,2020-04-01,0
84,2020-05-01,0
84,2020-06-01,0
84,2020-07-01,0
84,2020-08-01,0
84,2020-09-01,0
84,2020-10-01,0
84,2020-11-01,0
84,2020-12-01,0
84,2021-01-01,0
84,2021-02-01,0
84,2021-03-01,0
84,2021-04-01,0
84,2021-05-01,0
84,2021-06-01,0
84,2021-07-01,0
84,2021-08-01,0
84,2021-09-01,0
84,2021-10-01,0
84,2021-11-01,0
84,2021-12-01,0
84,2022-01-01,0
84,2022-02-01,0
84,2022-03-01,0
84,2022-04-01,0
84,2022-05-01,0
84,2022-06-01,0
84,2022-07-01,0
84,2022-08-01,0
84,2022-09-01,0
84,2022-10-01,0
84,2022-11-01,0
84,2022-12-01,0
84,2023-01-01,0
84,2023-02-01,0
84,2023-03-01,0
84,2023-04-01,0
84,2023-05-01,1
84,2023-06-01,0
84,2023-07-01,0
84,2023-08-01,0
84,2023-09-01,1
84,2023-10-01,0
84,2023-11-01,2
84,2023-12-01,0
84,2024-01-01,2
84,2024-02-01,1
84,2024-03-01,1
84,2024-04-01,1
84,2024-05-01,0
84,2024-06-01,1
84,2024-07-01,1
84,2024-08-01,0
84,2024-09-01,0
84,2024-10-01,0
84,2024-11-01,0
84,2024-12-01,0
84,2025-01-01,1
84,2025-02-01,0
84,2025-03-01,0
84,2025-04-01,0
84,2025-05-01,0
84,2025-06-01,1
84,2025-07-01,0
84,2025-08-01,0
84,2025-09-01,0
84,2025-10-01,0
84,2025-11-01,0
84,2025-12-01,0
85,2018-01-01,0
85,2018-02-01,0
85,2018-03-01,0
85,2018-04-01,0
85,2018-05-01,0
85,2018-06-01,0
85,2018-07-01,0
85,2018-08-01,0
85,2018-09-01,0
85,2018-10-01,0
85,2018-11-01,0
85,2018-12-01,0
85,2019-01-01,0
85,2019-02-01,0
85,2019-03-01,0
85,2019-04-01,0
85,2019-05-01,0
85,2019-06-01,0
85,2019-07-01,0
85,2019-08-01,0
85,2019-09-01,0
85,2019-10-01,0
85,2019-11-01,0
85,2019-12-01,0
85,2020-01-01,0
85,2020-02-01,0
85,2020-03-01,0
85,2020-04-01,0
85,2020-05-01,0
85,2020-06-01,0
85,2020-07-01,0
85,2020-08-01,0
85,2020-09-01,0
85,2020-10-01,0
85,2020-11-01,0
85,2020-12-01,0
85,2021-01-01,0
85,2021-02-01,0
85,2021-03-01,0
85,2021-04-01,0
85,2021-05-01,0
85,2021-06-01,0
85,2021-07-01,0
85,2021-08-01,0
85,2021-09-01,0
85,2021-10-01,0
85,2021-11-01,0
85,2021-12-01,0
85,2022-01-01,0
85,2022-02-01,0
85,2022-03-01,0
85,2022-04-01,0
85,2022-05-01,0
85,2022-06-01,0
85,2022-07-01,0
85,2022-08-01,0
85,2022-09-01,0
85,2022-10-01,0
85,2022-11-01,0
85,2022-12-01,0
85,2023-01-01,0
85,2023-02-01,0
85,2023-03-01,0
85,2023-04-01,0
85,2023-05-01,0
85,2023-06-01,0
85,2023-07-01,0
85,2023-08-01,0
85,2023-09-01,0
85,2023-10-01,0
85,2023-11-01,0
85,2023-12-01,0
85,2024-01-01,0
85,2024-02-01,0
85,2024-03-01,0
85,2024-04-01,0
85,2024-05-01,0
85,2024-06-01,0
85,2024-07-01,0
85,2024-08-01,0
85,2024-09-01,0
85,2024-10-01,0
85,2024-11-01,0
85,2024-12-01,0
85,2025-01-01,0
85,2025-02-01,0
85,2025-03-01,0
85,2025-04-01,0
85,2025-05-01,0
85,2025-06-01,0
85,2025-07-01,0
85,2025-08-01,0
85,2025-09-01,0
85,2025-10-01,0
85,2025-11-01,0
85,2025-12-01,0
86,2018-01-01,0
86,2018-02-01,0
86,2018-03-01,0
86,2018-04-01,0
86,2018-05-01,0
86,2018-06-01,0
86,2018-07-01,0
86,2018-08-01,0
86,2018-09-01,0
86,2018-10-01,0
86,2018-11-01,0
86,2018-12-01,0
86,2019-01-01,0
86,2019-02-01,0
86,2019-03-01,0
86,2019-04-01,0
86,2019-05-01,0
86,2019-06-01,0
86,2019-07-01,0
86,2019-08-01,0
86,2019-09-01,0
86,2019-10-01,0
86,2019-11-01,0
86,2019-12-01,0
86,2020-01-01,0
86,2020-02-01,0
86,2020-03-01,0
86,2020-04-01,0
86,2020-05-01,0
86,2020-06-01,0
86,2020-07-01,0
86,2020-08-01,0
86,2020-09-01,0
86,2020-10-01,0
86,2020-11-01,0
86,2020-12-01,0
86,2021-01-01,0
86,2021-02-01,0
86,2021-03-01,0
86,2021-04-01,0
86,2021-05-01,0
86,2021-06-01,0
86,2021-07-01,0
86,2021-08-01,0
86,2021-09-01,0
86,2021-10-01,0
86,2021-11-01,0
86,2021-12-01,0
86,2022-01-01,0
86,2022-02-01,0
86,2022-03-01,0
86,2022-04-01,0
86,2022-05-01,0
86,2022-06-01,0
86,2022-07-01,0
86,2022-08-01,0
86,2022-09-01,0
86,2022-10-01,0
86,2022-11-01,0
86,2022-12-01,0
86,2023-01-01,0
86,2023-02-01,0
86,2023-03-01,0
86,2023-04-01,0
86,2023-05-01,0
86,2023-06-01,0
86,2023-07-01,0
86,2023-08-01,0
86,2023-09-01,0
86,2023-10-01,0
86,2023-11-01,0
86,2023-12-01,0
86,2024-01-01,0
86,2024-02-01,0
86,2024-03-01,0
86,2024-04-01,0
86,2024-05-01,0
86,2024-06-01,0
86,2024-07-01,0
86,2024-08-01,0
86,2024-09-01,0
86,2024-10-01,0
86,2024-11-01,0
86,2024-12-01,0
86,2025-01-01,0
86,2025-02-01,0
86,2025-03-01,0
86,2025-04-01,0
86,2025-05-01,0
86,2025-06-01,0
86,2025-07-01,0
86,2025-08-01,0
86,2025-09-01,0
86,2025-10-01,0
86,2025-11-01,0
86,2025-12-01,0
87,2018-01-01,0
87,2018-02-01,0
87,2018-03-01,0
87,2018-04-01,0
87,2018-05-01,0
87,2018-06-01,0
87,2018-07-01,0
87,2018-08-01,0
87,2018-09-01,0
87,2018-10-01,0
87,2018-11-01,0
87,2018-12-01,0
87,2019-01-01,0
87,2019-02-01,0
87,2019-03-01,0
87,2019-04-01,0
87,2019-05-01,0
87,2019-06-01,0
87,2019-07-01,0
87,2019-08-01,0
87,2019-09-01,0
87,2019-10-01,0
87,2019-11-01,0
87,2019-12-01,0
87,2020-01-01,0
87,2020-02-01,0
87,2020-03-01,0
87,2020-04-01,0
87,2020-05-01,0
87,2020-06-01,0
87,2020-07-01,0
87,2020-08-01,0
87,2020-09-01,0
87,2020-10-01,0
87,2020-11-01,0
87,2020-12-01,0
87,2021-01-01,0
87,2021-02-01,0
87,2021-03-01,0
87,2021-04-01,0
87,2021-05-01,0
87,2021-06-01,0
87,2021-07-01,0
87,2021-08-01,0
87,2021-09-01,0
87,2021-10-01,0
87,2021-11-01,0
87,2021-12-01,0
87,2022-01-01,0
87,2022-02-01,0
87,2022-03-01,0
87,2022-04-01,0
87,2022-05-01,0
87,2022-06-01,0
87,2022-07-01,0
87,2022-08-01,0
87,2022-09-01,0
87,2022-10-01,0
87,2022-11-01,0
87,2022-12-01,0
87,2023-01-01,0
87,2023-02-01,0
87,2023-03-01,0
87,2023-04-01,0
87,2023-05-01,0
87,2023-06-01,0
87,2023-07-01,0
87,2023-08-01,0
87,2023-09-01,0
87,2023-10-01,0
87,2023-11-01,0
87,2023-12-01,0
87,2024-01-01,0
87,2024-02-01,0
87,2024-03-01,0
87,2024-04-01,0
87,2024-05-01,0
87,2024-06-01,0
87,2024-07-01,0
87,2024-08-01,0
87,2024-09-01,0
87,2024-10-01,0
87,2024-11-01,0
87,2024-12-01,0
87,2025-01-01,0
87,2025-02-01,0
87,2025-03-01,0
87,2025-04-01,0
87,2025-05-01,0
87,2025-06-01,0
87,2025-07-01,0
87,2025-08-01,0
87,2025-09-01,0
87,2025-10-01,0
87,2025-11-01,0
87,2025-12-01,0
88,2018-01-01,0
88,2018-02-01,0
88,2018-03-01,0
88,2018-04-01,0
88,2018-05-01,0
88,2018-06-01,0
88,2018-07-01,0
88,2018-08-01,0
88,2018-09-01,0
88,2018-10-01,0
88,2018-11-01,0
88,2018-12-01,0
88,2019-01-01,0
88,2019-02-01,0
88,2019-03-01,0
88,2019-04-01,0
88,2019-05-01,0
88,2019-06-01,0
88,2019-07-01,0
88,2019-08-01,0
88,2019-09-01,0
88,2019-10-01,0
88,2019-11-01,0
88,2019-12-01,0
88,2020-01-01,0
88,2020-02-01,0
88,2020-03-01,1
88,2020-04-01,0
88,2020-05-01,0
88,2020-06-01,0
88,2020-07-01,0
88,2020-08-01,0
88,2020-09-01,0
88,2020-10-01,0
88,2020-11-01,0
88,2020-12-01,0
88,2021-01-01,0
88,2021-02-01,0
88,2021-03-01,1
88,2021-04-01,0
88,2021-05-01,0
88,2021-06-01,0
88,2021-07-01,0
88,2021-08-01,0
88,2021-09-01,0
88,2021-10-01,1
88,2021-11-01,0
88,2021-12-01,0
88,2022-01-01,0
88,2022-02-01,1
88,2022-03-01,0
88,2022-04-01,0
88,2022-05-01,0
88,2022-06-01,0
88,2022-07-01,0
88,2022-08-01,0
88,2022-09-01,0
88,2022-10-01,0
88,2022-11-01,1
88,2022-12-01,0
88,2023-01-01,0
88,2023-02-01,1
88,2023-03-01,0
88,2023-04-01,0
88,2023-05-01,0
88,2023-06-01,1
88,2023-07-01,0
88,2023-08-01,0
88,2023-09-01,1
88,2023-10-01,0
88,2023-11-01,0
88,2023-12-01,1
88,2024-01-01,3
88,2024-02-01,1
88,2024-03-01,0
88,2024-04-01,0
88,2024-05-01,0
88,2024-06-01,0
88,2024-07-01,0
88,2024-08-01,0
88,2024-09-01,1
88,2024-10-01,0
88,2024-11-01,1
88,2024-12-01,0
88,2025-01-01,0
88,2025-02-01,0
88,2025-03-01,0
88,2025-04-01,0
88,2025-05-01,0
88,2025-06-01,0
88,2025-07-01,0
88,2025-08-01,0
88,2025-09-01,0
88,2025-10-01,0
88,2025-11-01,0
88,2025-12-01,0
89,2018-01-01,0
89,2018-02-01,0
89,2018-03-01,0
89,2018-04-01,0
89,2018-05-01,0
89,2018-06-01,0
89,2018-07-01,0
89,2018-08-01,0
89,2018-09-01,0
89,2018-10-01,0
89,2018-11-01,0
89,2018-12-01,0
89,2019-01-01,0
89,2019-02-01,0
89,2019-03-01,0
89,2019-04-01,0
89,2019-05-01,0
89,2019-06-01,0
89,2019-07-01,0
89,2019-08-01,0
89,2019-09-01,0
89,2019-10-01,0
89,2019-11-01,0
89,2019-12-01,0
89,2020-01-01,0
89,2020-02-01,0
89,2020-03-01,0
89,2020-04-01,0
89,2020-05-01,0
89,2020-06-01,0
89,2020-07-01,0
89,2020-08-01,0
89,2020-09-01,0
89,2020-10-01,0
89,2020-11-01,0
89,2020-12-01,0
89,2021-01-01,0
89,2021-02-01,0
89,2021-03-01,0
89,2021-04-01,0
89,2021-05-01,0
89,2021-06-01,0
89,2021-07-01,0
89,2021-08-01,0
89,2021-09-01,0
89,2021-10-01,0
89,2021-11-01,0
89,2021-12-01,0
89,2022-01-01,0
89,2022-02-01,0
89,2022-03-01,0
89,2022-04-01,0
89,2022-05-01,0
89,2022-06-01,0
89,2022-07-01,0
89,2022-08-01,0
89,2022-09-01,0
89,2022-10-01,0
89,2022-11-01,0
89,2022-12-01,0
89,2023-01-01,0
89,2023-02-01,0
89,2023-03-01,0
89,2023-04-01,0
89,2023-05-01,0
89,2023-06-01,0
89,2023-07-01,0
89,2023-08-01,0
89,2023-09-01,0
89,2023-10-01,0
89,2023-11-01,0
89,2023-12-01,0
89,2024-01-01,0
89,2024-02-01,0
89,2024-03-01,0
89,2024-04-01,0
89,2024-05-01,0
89,2024-06-01,0
89,2024-07-01,0
89,2024-08-01,0
89,2024-09-01,0
89,2024-10-01,0
89,2024-11-01,0
89,2024-12-01,0
89,2025-01-01,0
89,2025-02-01,0
89,2025-03-01,0
89,2025-04-01,0
89,2025-05-01,0
89,2025-06-01,0
89,2025-07-01,0
89,2025-08-01,0
89,2025-09-01,0
89,2025-10-01,0
89,2025-11-01,0
89,2025-12-01,0
90,2018-01-01,0
90,2018-02-01,0
90,2018-03-01,0
90,2018-04-01,0
90,2018-05-01,0
90,2018-06-01,0
90,2018-07-01,0
90,2018-08-01,0
90,2018-09-01,0
90,2018-10-01,1
90,2018-11-01,1
90,2018-12-01,0
90,2019-01-01,0
90,2019-02-01,0
90,2019-03-01,0
90,2019-04-01,0
90,2019-05-01,0
90,2019-06-01,0
90,2019-07-01,0
90,2019-08-01,1
90,2019-09-01,0
90,2019-10-01,0
90,2019-11-01,0
90,2019-12-01,0
90,2020-01-01,0
90,2020-02-01,0
90,2020-03-01,0
90,2020-04-01,0
90,2020-05-01,0
90,2020-06-01,0
90,2020-07-01,1
90,2020-08-01,0
90,2020-09-01,0
90,2020-10-01,0
90,2020-11-01,0
90,2020-12-01,0
90,2021-01-01,0
90,2021-02-01,1
90,2021-03-01,0
90,2021-04-01,0
90,2021-05-01,0
90,2021-06-01,1
90,2021-07-01,0
90,2021-08-01,0
90,2021-09-01,0
90,2021-10-01,0
90,2021-11-01,0
90,2021-12-01,0
90,2022-01-01,0
90,2022-02-01,0
90,2022-03-01,1
90,2022-04-01,0
90,2022-05-01,0
90,2022-06-01,0
90,2022-07-01,0
90,2022-08-01,0
90,2022-09-01,1
90,2022-10-01,2
90,2022-11-01,0
90,2022-12-01,2
90,2023-01-01,1
90,2023-02-01,0
90,2023-03-01,0
90,2023-04-01,1
90,2023-05-01,2
90,2023-06-01,1
90,2023-07-01,1
90,2023-08-01,1
90,2023-09-01,3
90,2023-10-01,0
90,2023-11-01,2
90,2023-12-01,0
90,2024-01-01,3
90,2024-02-01,4
90,2024-03-01,0
90,2024-04-01,1
90,2024-05-01,1
90,2024-06-01,0
90,2024-07-01,1
90,2024-08-01,0
90,2024-09-01,1
90,2024-10-01,3
90,2024-11-01,1
90,2024-12-01,0
90,2025-01-01,1
90,2025-02-01,1
90,2025-03-01,0
90,2025-04-01,0
90,2025-05-01,0
90,2025-06-01,0
90,2025-07-01,0
90,2025-08-01,0
90,2025-09-01,0
90,2025-10-01,0
90,2025-11-01,0
90,2025-12-01,0
91,2018-01-01,0
91,2018-02-01,0
91,2018-03-01,0
91,2018-04-01,0
91,2018-05-01,0
91,2018-06-01,0
91,2018-07-01,0
91,2018-08-01,0
91,2018-09-01,0
91,2018-10-01,0
91,2018-11-01,0
91,2018-12-01,0
91,2019-01-01,0
91,2019-02-01,0
91,2019-03-01,0
91,2019-04-01,0
91,2019-05-01,0
91,2019-06-01,0
91,2019-07-01,0
91,2019-08-01,0
91,2019-09-01,0
91,2019-10-01,0
91,2019-11-01,0
91,2019-12-01,0
91,2020-01-01,0
91,2020-02-01,0
91,2020-03-01,0
91,2020-04-01,0
91,2020-05-01,0
91,2020-06-01,0
91,2020-07-01,0
91,2020-08-01,0
91,2020-09-01,0
91,2020-10-01,0
91,2020-11-01,0
91,2020-12-01,0
91,2021-01-01,0
91,2021-02-01,0
91,2021-03-01,0
91,2021-04-01,0
91,2021-05-01,0
91,2021-06-01,0
91,2021-07-01,0
91,2021-08-01,0
91,2021-09-01,0
91,2021-10-01,0
91,2021-11-01,0
91,2021-12-01,0
91,2022-01-01,0
91,2022-02-01,0
91,2022-03-01,0
91,2022-04-01,0
91,2022-05-01,0
91,2022-06-01,0
91,2022-07-01,0
91,2022-08-01,0
91,2022-09-01,0
91,2022-10-01,0
91,2022-11-01,0
91,2022-12-01,0
91,2023-01-01,0
91,2023-02-01,0
91,2023-03-01,0
91,2023-04-01,0
91,2023-05-01,0
91,2023-06-01,0
91,2023-07-01,0
91,2023-08-01,0
91,2023-09-01,0
91,2023-10-01,0
91,2023-11-01,0
91,2023-12-01,0
91,2024-01-01,0
91,2024-02-01,0
91,2024-03-01,0
91,2024-04-01,0
91,2024-05-01,0
91,2024-06-01,0
91,2024-07-01,0
91,2024-08-01,0
91,2024-09-01,0
91,2024-10-01,0
91,2024-11-01,0
91,2024-12-01,0
91,2025-01-01,0
91,2025-02-01,0
91,2025-03-01,0
91,2025-04-01,0
91,2025-05-01,0
91,2025-06-01,0
91,2025-07-01,0
91,2025-08-01,0
91,2025-09-01,0
91,2025-10-01,0
91,2025-11-01,0
91,2025-12-01,0
92,2018-01-01,0
92,2018-02-01,0
92,2018-03-01,0
92,2018-04-01,0
92,2018-05-01,0
92,2018-06-01,0
92,2018-07-01,0
92,2018-08-01,0
92,2018-09-01,0
92,2018-10-01,0
92,2018-11-01,0
92,2018-12-01,0
92,2019-01-01,0
92,2019-02-01,0
92,2019-03-01,0
92,2019-04-01,0
92,2019-05-01,0
92,2019-06-01,0
92,2019-07-01,0
92,2019-08-01,0
92,2019-09-01,0
92,2019-10-01,0
92,2019-11-01,0
92,2019-12-01,0
92,2020-01-01,0
92,2020-02-01,0
92,2020-03-01,0
92,2020-04-01,0
92,2020-05-01,0
92,2020-06-01,0
92,2020-07-01,0
92,2020-08-01,0
92,2020-09-01,0
92,2020-10-01,0
92,2020-11-01,0
92,2020-12-01,0
92,2021-01-01,0
92,2021-02-01,0
92,2021-03-01,0
92,2021-04-01,0
92,2021-05-01,0
92,2021-06-01,0
92,2021-07-01,0
92,2021-08-01,0
92,2021-09-01,0
92,2021-10-01,0
92,2021-11-01,0
92,2021-12-01,0
92,2022-01-01,0
92,2022-02-01,0
92,2022-03-01,0
92,2022-04-01,0
92,2022-05-01,0
92,2022-06-01,0
92,2022-07-01,0
92,2022-08-01,0
92,2022-09-01,0
92,2022-10-01,0
92,2022-11-01,0
92,2022-12-01,0
92,2023-01-01,0
92,2023-02-01,0
92,2023-03-01,0
92,2023-04-01,0
92,2023-05-01,0
92,2023-06-01,0
92,2023-07-01,0
92,2023-08-01,0
92,2023-09-01,0
92,2023-10-01,0
92,2023-11-01,0
92,2023-12-01,0
92,2024-01-01,0
92,2024-02-01,0
92,2024-03-01,0
92,2024-04-01,0
92,2024-05-01,0
92,2024-06-01,0
92,2024-07-01,0
92,2024-08-01,0
92,2024-09-01,0
92,2024-10-01,0
92,2024-11-01,0
92,2024-12-01,0
92,2025-01-01,0
92,2025-02-01,0
92,2025-03-01,0
92,2025-04-01,0
92,2025-05-01,0
92,2025-06-01,0
92,2025-07-01,0
92,2025-08-01,0
92,2025-09-01,0
92,2025-10-01,0
92,2025-11-01,0
92,2025-12-01,0
93,2018-01-01,0
93,2018-02-01,0
93,2018-03-01,0
93,2018-04-01,0
93,2018-05-01,0
93,2018-06-01,0
93,2018-07-01,0
93,2018-08-01,0
93,2018-09-01,0
93,2018-10-01,0
93,2018-11-01,0
93,2018-12-01,0
93,2019-01-01,0
93,2019-02-01,0
93,2019-03-01,0
93,2019-04-01,0
93,2019-05-01,0
93,2019-06-01,0
93,2019-07-01,0
93,2019-08-01,0
93,2019-09-01,0
93,2019-10-01,0
93,2019-11-01,0
93,2019-12-01,0
93,2020-01-01,0
93,2020-02-01,0
93,2020-03-01,0
93,2020-04-01,0
93,2020-05-01,0
93,2020-06-01,0
93,2020-07-01,0
93,2020-08-01,0
93,2020-09-01,0
93,2020-10-01,0
93,2020-11-01,0
93,2020-12-01,0
93,2021-01-01,0
93,2021-02-01,0
93,2021-03-01,0
93,2021-04-01,0
93,2021-05-01,0
93,2021-06-01,0
93,2021-07-01,0
93,2021-08-01,0
93,2021-09-01,0
93,2021-10-01,0
93,2021-11-01,0
93,2021-12-01,0
93,2022-01-01,0
93,2022-02-01,0
93,2022-03-01,0
93,2022-04-01,0
93,2022-05-01,0
93,2022-06-01,0
93,2022-07-01,0
93,2022-08-01,0
93,2022-09-01,0
93,2022-10-01,0
93,2022-11-01,0
93,2022-12-01,0
93,2023-01-01,0
93,2023-02-01,0
93,2023-03-01,0
93,2023-04-01,0
93,2023-05-01,0
93,2023-06-01,0
93,2023-07-01,0
93,2023-08-01,0
93,2023-09-01,0
93,2023-10-01,0
93,2023-11-01,0
93,2023-12-01,0
93,2024-01-01,0
93,2024-02-01,0
93,2024-03-01,0
93,2024-04-01,0
93,2024-05-01,0
93,2024-06-01,0
93,2024-07-01,0
93,2024-08-01,0
93,2024-09-01,0
93,2024-10-01,0
93,2024-11-01,0
93,2024-12-01,0
93,2025-01-01,0
93,2025-02-01,0
93,2025-03-01,0
93,2025-04-01,0
93,2025-05-01,0
93,2025-06-01,0
93,2025-07-01,0
93,2025-08-01,0
93,2025-09-01,0
93,2025-10-01,0
93,2025-11-01,0
93,2025-12-01,0
94,2018-01-01,0
94,2018-02-01,0
94,2018-03-01,0
94,2018-04-01,0
94,2018-05-01,0
94,2018-06-01,0
94,2018-07-01,0
94,2018-08-01,0
94,2018-09-01,0
94,2018-10-01,0
94,2018-11-01,0
94,2018-12-01,0
94,2019-01-01,0
94,2019-02-01,0
94,2019-03-01,0
94,2019-04-01,0
94,2019-05-01,0
94,2019-06-01,0
94,2019-07-01,0
94,2019-08-01,0
94,2019-09-01,0
94,2019-10-01,0
94,2019-11-01,0
94,2019-12-01,0
94,2020-01-01,0
94,2020-02-01,0
94,2020-03-01,0
94,2020-04-01,0
94,2020-05-01,0
94,2020-06-01,0
94,2020-07-01,0
94,2020-08-01,0
94,2020-09-01,0
94,2020-10-01,0
94,2020-11-01,0
94,2020-12-01,0
94,2021-01-01,0
94,2021-02-01,0
94,2021-03-01,0
94,2021-04-01,0
94,2021-05-01,0
94,2021-06-01,0
94,2021-07-01,0
94,2021-08-01,0
94,2021-09-01,0
94,2021-10-01,0
94,2021-11-01,0
94,2021-12-01,0
94,2022-01-01,0
94,2022-02-01,0
94,2022-03-01,1
94,2022-04-01,0
94,2022-05-01,0
94,2022-06-01,0
94,2022-07-01,0
94,2022-08-01,0
94,2022-09-01,0
94,2022-10-01,1
94,2022-11-01,1
94,2022-12-01,0
94,2023-01-01,0
94,2023-02-01,0
94,2023-03-01,0
94,2023-04-01,1
94,2023-05-01,1
94,2023-06-01,1
94,2023-07-01,1
94,2023-08-01,0
94,2023-09-01,0
94,2023-10-01,0
94,2023-11-01,0
94,2023-12-01,0
94,2024-01-01,0
94,2024-02-01,2
94,2024-03-01,0
94,2024-04-01,2
94,2024-05-01,0
94,2024-06-01,0
94,2024-07-01,0
94,2024-08-01,1
94,2024-09-01,0
94,2024-10-01,1
94,2024-11-01,0
94,2024-12-01,0
94,2025-01-01,0
94,2025-02-01,0
94,2025-03-01,1
94,2025-04-01,0
94,2025-05-01,0
94,2025-06-01,0
94,2025-07-01,0
94,2025-08-01,1
94,2025-09-01,0
94,2025-10-01,0
94,2025-11-01,0
94,2025-12-01,0
95,2018-01-01,0
95,2018-02-01,0
95,2018-03-01,0
95,2018-04-01,0
95,2018-05-01,0
95,2018-06-01,0
95,2018-07-01,0
95,2018-08-01,0
95,2018-09-01,0
95,2018-10-01,0
95,2018-11-01,0
95,2018-12-01,0
95,2019-01-01,0
95,2019-02-01,0
95,2019-03-01,0
95,2019-04-01,0
95,2019-05-01,0
95,2019-06-01,0
95,2019-07-01,0
95,2019-08-01,0
95,2019-09-01,0
95,2019-10-01,0
95,2019-11-01,0
95,2019-12-01,0
95,2020-01-01,0
95,2020-02-01,0
95,2020-03-01,0
95,2020-04-01,0
95,2020-05-01,0
95,2020-06-01,0
95,2020-07-01,0
95,2020-08-01,0
95,2020-09-01,0
95,2020-10-01,0
95,2020-11-01,0
95,2020-12-01,0
95,2021-01-01,0
95,2021-02-01,0
95,2021-03-01,0
95,2021-04-01,0
95,2021-05-01,0
95,2021-06-01,0
95,2021-07-01,0
95,2021-08-01,0
95,2021-09-01,0
95,2021-10-01,0
95,2021-11-01,0
95,2021-12-01,0
95,2022-01-01,0
95,2022-02-01,0
95,2022-03-01,0
95,2022-04-01,0
95,2022-05-01,0
95,2022-06-01,0
95,2022-07-01,0
95,2022-08-01,0
95,2022-09-01,0
95,2022-10-01,0
95,2022-11-01,0
95,2022-12-01,0
95,2023-01-01,0
95,2023-02-01,0
95,2023-03-01,0
95,2023-04-01,0
95,2023-05-01,0
95,2023-06-01,0
95,2023-07-01,0
95,2023-08-01,0
95,2023-09-01,0
95,2023-10-01,0
95,2023-11-01,0
95,2023-12-01,0
95,2024-01-01,0
95,2024-02-01,0
95,2024-03-01,0
95,2024-04-01,0
95,2024-05-01,0
95,2024-06-01,0
95,2024-07-01,0
95,2024-08-01,0
95,2024-09-01,0
95,2024-10-01,0
95,2024-11-01,0
95,2024-12-01,0
95,2025-01-01,0
95,2025-02-01,0
95,2025-03-01,0
95,2025-04-01,0
95,2025-05-01,0
95,2025-06-01,0
95,2025-07-01,0
95,2025-08-01,0
95,2025-09-01,0
95,2025-10-01,0
95,2025-11-01,0
95,2025-12-01,0
96,2018-01-01,0
96,2018-02-01,0
96,2018-03-01,0
96,2018-04-01,0
96,2018-05-01,0
96,2018-06-01,0
96,2018-07-01,0
96,2018-08-01,0
96,2018-09-01,0
96,2018-10-01,0
96,2018-11-01,0
96,2018-12-01,0
96,2019-01-01,0
96,2019-02-01,0
96,2019-03-01,0
96,2019-04-01,0
96,2019-05-01,0
96,2019-06-01,0
96,2019-07-01,0
96,2019-08-01,0
96,2019-09-01,0
96,2019-10-01,0
96,2019-11-01,0
96,2019-12-01,0
96,2020-01-01,0
96,2020-02-01,0
96,2020-03-01,0
96,2020-04-01,0
96,2020-05-01,0
96,2020-06-01,0
96,2020-07-01,0
96,2020-08-01,0
96,2020-09-01,0
96,2020-10-01,0
96,2020-11-01,0
96,2020-12-01,0
96,2021-01-01,0
96,2021-02-01,0
96,2021-03-01,0
96,2021-04-01,0
96,2021-05-01,0
96,2021-06-01,0
96,2021-07-01,0
96,2021-08-01,0
96,2021-09-01,0
96,2021-10-01,0
96,2021-11-01,0
96,2021-12-01,0
96,2022-01-01,0
96,2022-02-01,0
96,2022-03-01,0
96,2022-04-01,0
96,2022-05-01,0
96,2022-06-01,0
96,2022-07-01,0
96,2022-08-01,0
96,2022-09-01,0
96,2022-10-01,0
96,2022-11-01,0
96,2022-12-01,0
96,2023-01-01,0
96,2023-02-01,0
96,2023-03-01,0
96,2023-04-01,0
96,2023-05-01,0
96,2023-06-01,0
96,2023-07-01,0
96,2023-08-01,0
96,2023-09-01,0
96,2023-10-01,0
96,2023-11-01,0
96,2023-12-01,0
96,2024-01-01,0
96,2024-02-01,0
96,2024-03-01,0
96,2024-04-01,0
96,2024-05-01,0
96,2024-06-01,0
96,2024-07-01,0
96,2024-08-01,0
96,2024-09-01,0
96,2024-10-01,0
96,2024-11-01,0
96,2024-12-01,0
96,2025-01-01,0
96,2025-02-01,0
96,2025-03-01,0
96,2025-04-01,0
96,2025-05-01,0
96,2025-06-01,0
96,2025-07-01,0
96,2025-08-01,0
96,2025-09-01,0
96,2025-10-01,0
96,2025-11-01,0
96,2025-12-01,0
97,2018-01-01,0
97,2018-02-01,0
97,2018-03-01,0
97,2018-04-01,0
97,2018-05-01,0
97,2018-06-01,0
97,2018-07-01,0
97,2018-08-01,0
97,2018-09-01,0
97,2018-10-01,0
97,2018-11-01,0
97,2018-12-01,0
97,2019-01-01,0
97,2019-02-01,0
97,2019-03-01,0
97,2019-04-01,0
97,2019-05-01,0
97,2019-06-01,0
97,2019-07-01,0
97,2019-08-01,0
97,2019-09-01,0
97,2019-10-01,0
97,2019-11-01,0
97,2019-12-01,0
97,2020-01-01,0
97,2020-02-01,0
97,2020-03-01,0
97,2020-04-01,0
97,2020-05-01,0
97,2020-06-01,0
97,2020-07-01,0
97,2020-08-01,0
97,2020-09-01,0
97,2020-10-01,0
97,2020-11-01,0
97,2020-12-01,0
97,2021-01-01,0
97,2021-02-01,0
97,2021-03-01,0
97,2021-04-01,0
97,2021-05-01,0
97,2021-06-01,0
97,2021-07-01,0
97,2021-08-01,0
97,2021-09-01,0
97,2021-10-01,0
97,2021-11-01,0
97,2021-12-01,0
97,2022-01-01,0
97,2022-02-01,0
97,2022-03-01,0
97,2022-04-01,0
97,2022-05-01,0
97,2022-06-01,0
97,2022-07-01,0
97,2022-08-01,0
97,2022-09-01,0
97,2022-10-01,0
97,2022-11-01,0
97,2022-12-01,0
97,2023-01-01,0
97,2023-02-01,0
97,2023-03-01,0
97,2023-04-01,0
97,2023-05-01,0
97,2023-06-01,0
97,2023-07-01,0
97,2023-08-01,0
97,2023-09-01,0
97,2023-10-01,0
97,2023-11-01,0
97,2023-12-01,0
97,2024-01-01,0
97,2024-02-01,0
97,2024-03-01,0
97,2024-04-01,0
97,2024-05-01,0
97,2024-06-01,0
97,2024-07-01,0
97,2024-08-01,0
97,2024-09-01,0
97,2024-10-01,0
97,2024-11-01,0
97,2024-12-01,0
97,2025-01-01,0
97,2025-02-01,0
97,2025-03-01,0
97,2025-04-01,0
97,2025-05-01,0
97,2025-06-01,0
97,2025-07-01,0
97,2025-08-01,0
97,2025-09-01,0
97,2025-10-01,0
97,2025-11-01,0
97,2025-12-01,0
98,2018-01-01,0
98,2018-02-01,0
98,2018-03-01,0
98,2018-04-01,0
98,2018-05-01,0
98,2018-06-01,0
98,2018-07-01,0
98,2018-08-01,0
98,2018-09-01,0
98,2018-10-01,0
98,2018-11-01,0
98,2018-12-01,0
98,2019-01-01,0
98,2019-02-01,0
98,2019-03-01,0
98,2019-04-01,0
98,2019-05-01,0
98,2019-06-01,0
98,2019-07-01,0
98,2019-08-01,0
98,2019-09-01,0
98,2019-10-01,0
98,2019-11-01,0
98,2019-12-01,0
98,2020-01-01,0
98,2020-02-01,0
98,2020-03-01,0
98,2020-04-01,0
98,2020-05-01,0
98,2020-06-01,0
98,2020-07-01,0
98,2020-08-01,0
98,2020-09-01,0
98,2020-10-01,0
98,2020-11-01,0
98,2020-12-01,0
98,2021-01-01,0
98,2021-02-01,0
98,2021-03-01,0
98,2021-04-01,0
98,2021-05-01,0
98,2021-06-01,0
98,2021-07-01,0
98,2021-08-01,0
98,2021-09-01,0
98,2021-10-01,0
98,2021-11-01,0
98,2021-12-01,0
98,2022-01-01,0
98,2022-02-01,0
98,2022-03-01,0
98,2022-04-01,0
98,2022-05-01,0
98,2022-06-01,0
98,2022-07-01,0
98,2022-08-01,0
98,2022-09-01,0
98,2022-10-01,0
98,2022-11-01,0
98,2022-12-01,0
98,2023-01-01,0
98,2023-02-01,0
98,2023-03-01,0
98,2023-04-01,0
98,2023-05-01,0
98,2023-06-01,0
98,2023-07-01,0
98,2023-08-01,0
98,2023-09-01,0
98,2023-10-01,0
98,2023-11-01,0
98,2023-12-01,0
98,2024-01-01,0
98,2024-02-01,0
98,2024-03-01,0
98,2024-04-01,0
98,2024-05-01,0
98,2024-06-01,0
98,2024-07-01,0
98,2024-08-01,0
98,2024-09-01,0
98,2024-10-01,0
98,2024-11-01,0
98,2024-12-01,0
98,2025-01-01,0
98,2025-02-01,0
98,2025-03-01,0
98,2025-04-01,0
98,2025-05-01,0
98,2025-06-01,0
98,2025-07-01,0
98,2025-08-01,0
98,2025-09-01,0
98,2025-10-01,0
98,2025-11-01,0
98,2025-12-01,0
99,2018-01-01,0
99,2018-02-01,0
99,2018-03-01,0
99,2018-04-01,0
99,2018-05-01,0
99,2018-06-01,0
99,2018-07-01,0
99,2018-08-01,0
99,2018-09-01,0
99,2018-10-01,0
99,2018-11-01,0
99,2018-12-01,0
99,2019-01-01,0
99,2019-02-01,0
99,2019-03-01,0
99,2019-04-01,0
99,2019-05-01,0
99,2019-06-01,0
99,2019-07-01,0
99,2019-08-01,0
99,2019-09-01,0
99,2019-10-01,0
99,2019-11-01,0
99,2019-12-01,0
99,2020-01-01,0
99,2020-02-01,0
99,2020-03-01,0
99,2020-04-01,0
99,2020-05-01,0
99,2020-06-01,0
99,2020-07-01,0
99,2020-08-01,0
99,2020-09-01,0
99,2020-10-01,0
99,2020-11-01,0
99,2020-12-01,0
99,2021-01-01,0
99,2021-02-01,0
99,2021-03-01,0
99,2021-04-01,0
99,2021-05-01,0
99,2021-06-01,0
99,2021-07-01,0
99,2021-08-01,0
99,2021-09-01,0
99,2021-10-01,0
99,2021-11-01,0
99,2021-12-01,0
99,2022-01-01,0
99,2022-02-01,0
99,2022-03-01,0
99,2022-04-01,0
99,2022-05-01,0
99,2022-06-01,0
99,2022-07-01,0
99,2022-08-01,0
99,2022-09-01,0
99,2022-10-01,0
99,2022-11-01,0
99,2022-12-01,0
99,2023-01-01,0
99,2023-02-01,0
99,2023-03-01,0
99,2023-04-01,0
99,2023-05-01,0
99,2023-06-01,0
99,2023-07-01,0
99,2023-08-01,0
99,2023-09-01,0
99,2023-10-01,0
99,2023-11-01,0
99,2023-12-01,0
99,2024-01-01,0
99,2024-02-01,0
99,2024-03-01,0
99,2024-04-01,0
99,2024-05-01,0
99,2024-06-01,0
99,2024-07-01,0
99,2024-08-01,0
99,2024-09-01,0
99,2024-10-01,0
99,2024-11-01,0
99,2024-12-01,0
99,2025-01-01,0
99,2025-02-01,0
99,2025-03-01,0
99,2025-04-01,0
99,2025-05-01,0
99,2025-06-01,0
99,2025-07-01,0
99,2025-08-01,0
99,2025-09-01,0
99,2025-10-01,0
99,2025-11-01,0
99,2025-12-01,0
100,2018-01-01,0
100,2018-02-01,1
100,2018-03-01,0
100,2018-04-01,0
100,2018-05-01,0
100,2018-06-01,0
100,2018-07-01,0
100,2018-08-01,0
100,2018-09-01,0
100,2018-10-01,0
100,2018-11-01,0
100,2018-12-01,0
100,2019-01-01,0
100,2019-02-01,0
100,2019-03-01,0
100,2019-04-01,0
100,2019-05-01,0
100,2019-06-01,0
100,2019-07-01,0
100,2019-08-01,0
100,2019-09-01,0
100,2019-10-01,0
100,2019-11-01,0
100,2019-12-01,0
100,2020-01-01,0
100,2020-02-01,0
100,2020-03-01,0
100,2020-04-01,0
100,2020-05-01,1
100,2020-06-01,0
100,2020-07-01,0
100,2020-08-01,0
100,2020-09-01,0
100,2020-10-01,0
100,2020-11-01,0
100,2020-12-01,0
100,2021-01-01,0
100,2021-02-01,0
100,2021-03-01,0
100,2021-04-01,1
100,2021-05-01,0
100,2021-06-01,0
100,2021-07-01,0
100,2021-08-01,0
100,2021-09-01,0
100,2021-10-01,0
100,2021-11-01,0
100,2021-12-01,0
100,2022-01-01,0
100,2022-02-01,0
100,2022-03-01,0
100,2022-04-01,0
100,2022-05-01,0
100,2022-06-01,0
100,2022-07-01,0
100,2022-08-01,0
100,2022-09-01,1
100,2022-10-01,0
100,2022-11-01,0
100,2022-12-01,0
100,2023-01-01,1
100,2023-02-01,0
100,2023-03-01,0
100,2023-04-01,0
100,2023-05-01,0
100,2023-06-01,0
100,2023-07-01,0
100,2023-08-01,1
100,2023-09-01,0
100,2023-10-01,0
100,2023-11-01,0
100,2023-12-01,1
100,2024-01-01,0
100,2024-02-01,0
100,2024-03-01,2
100,2024-04-01,0
100,2024-05-01,0
100,2024-06-01,3
100,2024-07-01,0
100,2024-08-01,2
100,2024-09-01,0
100,2024-10-01,0
100,2024-11-01,1
100,2024-12-01,1
100,2025-01-01,0
100,2025-02-01,0
100,2025-03-01,2
100,2025-04-01,0
100,2025-05-01,0
100,2025-06-01,0
100,2025-07-01,0
100,2025-08-01,0
100,2025-09-01,0
100,2025-10-01,0
100,2025-11-01,0
100,2025-12-01,0
101,2018-01-01,1
101,2018-02-01,0
101,2018-03-01,0
101,2018-04-01,0
101,2018-05-01,0
101,2018-06-01,0
101,2018-07-01,0
101,2018-08-01,0
101,2018-09-01,1
101,2018-10-01,0
101,2018-11-01,0
101,2018-12-01,0
101,2019-01-01,0
101,2019-02-01,0
101,2019-03-01,0
101,2019-04-01,0
101,2019-05-01,0
101,2019-06-01,0
101,2019-07-01,0
101,2019-08-01,0
101,2019-09-01,0
101,2019-10-01,0
101,2019-11-01,1
101,2019-12-01,0
101,2020-01-01,0
101,2020-02-01,0
101,2020-03-01,0
101,2020-04-01,0
101,2020-05-01,0
101,2020-06-01,0
101,2020-07-01,1
101,2020-08-01,0
101,2020-09-01,0
101,2020-10-01,0
101,2020-11-01,1
101,2020-12-01,0
101,2021-01-01,0
101,2021-02-01,0
101,2021-03-01,0
101,2021-04-01,0
101,2021-05-01,0
101,2021-06-01,0
101,2021-07-01,0
101,2021-08-01,0
101,2021-09-01,0
101,2021-10-01,0
101,2021-11-01,0
101,2021-12-01,0
101,2022-01-01,0
101,2022-02-01,0
101,2022-03-01,0
101,2022-04-01,0
101,2022-05-01,0
101,2022-06-01,0
101,2022-07-01,0
101,2022-08-01,0
101,2022-09-01,0
101,2022-10-01,0
101,2022-11-01,0
101,2022-12-01,0
101,2023-01-01,1
101,2023-02-01,0
101,2023-03-01,0
101,2023-04-01,0
101,2023-05-01,0
101,2023-06-01,0
101,2023-07-01,0
101,2023-08-01,2
101,2023-09-01,0
101,2023-10-01,0
101,2023-11-01,1
101,2023-12-01,0
101,2024-01-01,0
101,2024-02-01,0
101,2024-03-01,1
101,2024-04-01,0
101,2024-05-01,0
101,2024-06-01,0
101,2024-07-01,2
101,2024-08-01,1
101,2024-09-01,1
101,2024-10-01,0
101,2024-11-01,1
101,2024-12-01,0
101,2025-01-01,0
101,2025-02-01,0
101,2025-03-01,1
101,2025-04-01,0
101,2025-05-01,0
101,2025-06-01,0
101,2025-07-01,1
101,2025-08-01,0
101,2025-09-01,0
101,2025-10-01,0
101,2025-11-01,0
101,2025-12-01,0
102,2018-01-01,0
102,2018-02-01,0
102,2018-03-01,0
102,2018-04-01,0
102,2018-05-01,0
102,2018-06-01,0
102,2018-07-01,0
102,2018-08-01,0
102,2018-09-01,0
102,2018-10-01,0
102,2018-11-01,0
102,2018-12-01,1
102,2019-01-01,0
102,2019-02-01,0
102,2019-03-01,0
102,2019-04-01,1
102,2019-05-01,0
102,2019-06-01,0
102,2019-07-01,0
102,2019-08-01,0
102,2019-09-01,0
102,2019-10-01,0
102,2019-11-01,0
102,2019-12-01,0
102,2020-01-01,0
102,2020-02-01,1
102,2020-03-01,1
102,2020-04-01,0
102,2020-05-01,1
102,2020-06-01,0
102,2020-07-01,0
102,2020-08-01,0
102,2020-09-01,0
102,2020-10-01,0
102,2020-11-01,0
102,2020-12-01,0
102,2021-01-01,0
102,2021-02-01,0
102,2021-03-01,1
102,2021-04-01,0
102,2021-05-01,0
102,2021-06-01,0
102,2021-07-01,0
102,2021-08-01,0
102,2021-09-01,0
102,2021-10-01,0
102,2021-11-01,0
102,2021-12-01,0
102,2022-01-01,0
102,2022-02-01,0
102,2022-03-01,0
102,2022-04-01,0
102,2022-05-01,1
102,2022-06-01,0
102,2022-07-01,1
102,2022-08-01,0
102,2022-09-01,0
102,2022-10-01,0
102,2022-11-01,0
102,2022-12-01,0
102,2023-01-01,1
102,2023-02-01,1
102,2023-03-01,1
102,2023-04-01,0
102,2023-05-01,2
102,2023-06-01,1
102,2023-07-01,3
102,2023-08-01,0
102,2023-09-01,1
102,2023-10-01,2
102,2023-11-01,0
102,2023-12-01,2
102,2024-01-01,1
102,2024-02-01,3
102,2024-03-01,1
102,2024-04-01,2
102,2024-05-01,3
102,2024-06-01,0
102,2024-07-01,0
102,2024-08-01,2
102,2024-09-01,2
102,2024-10-01,5
102,2024-11-01,3
102,2024-12-01,3
102,2025-01-01,1
102,2025-02-01,0
102,2025-03-01,0
102,2025-04-01,0
102,2025-05-01,0
102,2025-06-01,1
102,2025-07-01,0
102,2025-08-01,0
102,2025-09-01,1
102,2025-10-01,1
102,2025-11-01,0
102,2025-12-01,0
103,2018-01-01,0
103,2018-02-01,1
103,2018-03-01,0
103,2018-04-01,0
103,2018-05-01,0
103,2018-06-01,0
103,2018-07-01,1
103,2018-08-01,0
103,2018-09-01,0
103,2018-10-01,0
103,2018-11-01,0
103,2018-12-01,0
103,2019-01-01,0
103,2019-02-01,0
103,2019-03-01,0
103,2019-04-01,0
103,2019-05-01,0
103,2019-06-01,0
103,2019-07-01,0
103,2019-08-01,0
103,2019-09-01,0
103,2019-10-01,1
103,2019-11-01,0
103,2019-12-01,0
103,2020-01-01,0
103,2020-02-01,0
103,2020-03-01,0
103,2020-04-01,0
103,2020-05-01,1
103,2020-06-01,0
103,2020-07-01,0
103,2020-08-01,0
103,2020-09-01,0
103,2020-10-01,1
103,2020-11-01,0
103,2020-12-01,0
103,2021-01-01,0
103,2021-02-01,0
103,2021-03-01,0
103,2021-04-01,0
103,2021-05-01,0
103,2021-06-01,0
103,2021-07-01,1
103,2021-08-01,0
103,2021-09-01,0
103,2021-10-01,1
103,2021-11-01,0
103,2021-12-01,0
103,2022-01-01,0
103,2022-02-01,1
103,2022-03-01,0
103,2022-04-01,0
103,2022-05-01,0
103,2022-06-01,0
103,2022-07-01,0
103,2022-08-01,0
103,2022-09-01,1
103,2022-10-01,0
103,2022-11-01,0
103,2022-12-01,0
103,2023-01-01,1
103,2023-02-01,1
103,2023-03-01,1
103,2023-04-01,2
103,2023-05-01,2
103,2023-06-01,1
103,2023-07-01,3
103,2023-08-01,4
103,2023-09-01,0
103,2023-10-01,3
103,2023-11-01,1
103,2023-12-01,2
103,2024-01-01,4
103,2024-02-01,2
103,2024-03-01,2
103,2024-04-01,1
103,2024-05-01,2
103,2024-06-01,2
103,2024-07-01,3
103,2024-08-01,2
103,2024-09-01,3
103,2024-10-01,1
103,2024-11-01,2
103,2024-12-01,1
103,2025-01-01,4
103,2025-02-01,1
103,2025-03-01,1
103,2025-04-01,1
103,2025-05-01,0
103,2025-06-01,0
103,2025-07-01,0
103,2025-08-01,0
103,2025-09-01,1
103,2025-10-01,0
103,2025-11-01,0
103,2025-12-01,0
104,2018-01-01,0
104,2018-02-01,0
104,2018-03-01,0
104,2018-04-01,0
104,2018-05-01,0
104,2018-06-01,0
104,2018-07-01,0
104,2018-08-01,0
104,2018-09-01,0
104,2018-10-01,0
104,2018-11-01,0
104,2018-12-01,0
104,2019-01-01,0
104,2019-02-01,0
104,2019-03-01,0
104,2019-04-01,0
104,2019-05-01,0
104,2019-06-01,1
104,2019-07-01,0
104,2019-08-01,0
104,2019-09-01,0
104,2019-10-01,0
104,2019-11-01,0
104,2019-12-01,0
104,2020-01-01,0
104,2020-02-01,1
104,2020-03-01,0
104,2020-04-01,0
104,2020-05-01,0
104,2020-06-01,0
104,2020-07-01,0
104,2020-08-01,0
104,2020-09-01,0
104,2020-10-01,0
104,2020-11-01,0
104,2020-12-01,0
104,2021-01-01,0
104,2021-02-01,0
104,2021-03-01,1
104,2021-04-01,0
104,2021-05-01,1
104,2021-06-01,0
104,2021-07-01,0
104,2021-08-01,0
104,2021-09-01,0
104,2021-10-01,1
104,2021-11-01,0
104,2021-12-01,0
104,2022-01-01,1
104,2022-02-01,0
104,2022-03-01,0
104,2022-04-01,1
104,2022-05-01,0
104,2022-06-01,0
104,2022-07-01,0
104,2022-08-01,0
104,2022-09-01,0
104,2022-10-01,2
104,2022-11-01,0
104,2022-12-01,4
104,2023-01-01,0
104,2023-02-01,1
104,2023-03-01,0
104,2023-04-01,2
104,2023-05-01,2
104,2023-06-01,0
104,2023-07-01,3
104,2023-08-01,1
104,2023-09-01,3
104,2023-10-01,4
104,2023-11-01,5
104,2023-12-01,1
104,2024-01-01,8
104,2024-02-01,4
104,2024-03-01,3
104,2024-04-01,4
104,2024-05-01,1
104,2024-06-01,1
104,2024-07-01,9
104,2024-08-01,5
104,2024-09-01,6
104,2024-10-01,5
104,2024-11-01,1
104,2024-12-01,5
104,2025-01-01,4
104,2025-02-01,0
104,2025-03-01,1
104,2025-04-01,1
104,2025-05-01,1
104,2025-06-01,0
104,2025-07-01,1
104,2025-08-01,2
104,2025-09-01,3
104,2025-10-01,1
104,2025-11-01,0
104,2025-12-01,0
105,2018-01-01,0
105,2018-02-01,0
105,2018-03-01,0
105,2018-04-01,0
105,2018-05-01,0
105,2018-06-01,0
105,2018-07-01,0
105,2018-08-01,0
105,2018-09-01,0
105,2018-10-01,0
105,2018-11-01,0
105,2018-12-01,0
105,2019-01-01,0
105,2019-02-01,0
105,2019-03-01,0
105,2019-04-01,0
105,2019-05-01,0
105,2019-06-01,1
105,2019-07-01,1
105,2019-08-01,0
105,2019-09-01,0
105,2019-10-01,0
105,2019-11-01,0
105,2019-12-01,0
105,2020-01-01,0
105,2020-02-01,0
105,2020-03-01,0
105,2020-04-01,0
105,2020-05-01,0
105,2020-06-01,0
105,2020-07-01,0
105,2020-08-01,0
105,2020-09-01,0
105,2020-10-01,0
105,2020-11-01,0
105,2020-12-01,0
105,2021-01-01,0
105,2021-02-01,0
105,2021-03-01,0
105,2021-04-01,0
105,2021-05-01,0
105,2021-06-01,0
105,2021-07-01,0
105,2021-08-01,2
105,2021-09-01,0
105,2021-10-01,0
105,2021-11-01,0
105,2021-12-01,1
105,2022-01-01,0
105,2022-02-01,0
105,2022-03-01,0
105,2022-04-01,0
105,2022-05-01,0
105,2022-06-01,0
105,2022-07-01,0
105,2022-08-01,0
105,2022-09-01,0
105,2022-10-01,0
105,2022-11-01,1
105,2022-12-01,1
105,2023-01-01,0
105,2023-02-01,1
105,2023-03-01,1
105,2023-04-01,2
105,2023-05-01,5
105,2023-06-01,1
105,2023-07-01,6
105,2023-08-01,15
105,2023-09-01,1
105,2023-10-01,8
105,2023-11-01,9
105,2023-12-01,12
105,2024-01-01,8
105,2024-02-01,5
105,2024-03-01,4
105,2024-04-01,7
105,2024-05-01,10
105,2024-06-01,11
105,2024-07-01,9
105,2024-08-01,20
105,2024-09-01,10
105,2024-10-01,6
105,2024-11-01,5
105,2024-12-01,3
105,2025-01-01,8
105,2025-02-01,0
105,2025-03-01,2
105,2025-04-01,1
105,2025-05-01,1
105,2025-06-01,2
105,2025-07-01,1
105,2025-08-01,1
105,2025-09-01,1
105,2025-10-01,0
105,2025-11-01,0
105,2025-12-01,0
106,2018-01-01,1
106,2018-02-01,0
106,2018-03-01,0
106,2018-04-01,0
106,2018-05-01,0
106,2018-06-01,0
106,2018-07-01,0
106,2018-08-01,0
106,2018-09-01,1
106,2018-10-01,1
106,2018-11-01,2
106,2018-12-01,0
106,2019-01-01,0
106,2019-02-01,0
106,2019-03-01,1
106,2019-04-01,0
106,2019-05-01,1
106,2019-06-01,0
106,2019-07-01,1
106,2019-08-01,0
106,2019-09-01,0
106,2019-10-01,1
106,2019-11-01,0
106,2019-12-01,0
106,2020-01-01,0
106,2020-02-01,0
106,2020-03-01,0
106,2020-04-01,0
106,2020-05-01,1
106,2020-06-01,0
106,2020-07-01,0
106,2020-08-01,0
106,2020-09-01,0
106,2020-10-01,0
106,2020-11-01,1
106,2020-12-01,0
106,2021-01-01,1
106,2021-02-01,0
106,2021-03-01,0
106,2021-04-01,1
106,2021-05-01,0
106,2021-06-01,0
106,2021-07-01,0
106,2021-08-01,0
106,2021-09-01,0
106,2021-10-01,0
106,2021-11-01,0
106,2021-12-01,1
106,2022-01-01,0
106,2022-02-01,0
106,2022-03-01,0
106,2022-04-01,2
106,2022-05-01,1
106,2022-06-01,0
106,2022-07-01,0
106,2022-08-01,0
106,2022-09-01,1
106,2022-10-01,0
106,2022-11-01,0
106,2022-12-01,0
106,2023-01-01,2
106,2023-02-01,2
106,2023-03-01,0
106,2023-04-01,2
106,2023-05-01,4
106,2023-06-01,1
106,2023-07-01,4
106,2023-08-01,5
106,2023-09-01,2
106,2023-10-01,5
106,2023-11-01,2
106,2023-12-01,3
106,2024-01-01,5
106,2024-02-01,3
106,2024-03-01,2
106,2024-04-01,5
106,2024-05-01,4
106,2024-06-01,2
106,2024-07-01,1
106,2024-08-01,3
106,2024-09-01,8
106,2024-10-01,3
106,2024-11-01,3
106,2024-12-01,4
106,2025-01-01,2
106,2025-02-01,1
106,2025-03-01,3
106,2025-04-01,1
106,2025-05-01,0
106,2025-06-01,0
106,2025-07-01,0
106,2025-08-01,0
106,2025-09-01,0
106,2025-10-01,1
106,2025-11-01,0
106,2025-12-01,1
107,2018-01-01,0
107,2018-02-01,0
107,2018-03-01,0
107,2018-04-01,0
107,2018-05-01,0
107,2018-06-01,0
107,2018-07-01,0
107,2018-08-01,0
107,2018-09-01,0
107,2018-10-01,0
107,2018-11-01,0
107,2018-12-01,0
107,2019-01-01,1
107,2019-02-01,0
107,2019-03-01,0
107,2019-04-01,0
107,2019-05-01,0
107,2019-06-01,0
107,2019-07-01,0
107,2019-08-01,0
107,2019-09-01,0
107,2019-10-01,0
107,2019-11-01,0
107,2019-12-01,0
107,2020-01-01,0
107,2020-02-01,2
107,2020-03-01,0
107,2020-04-01,0
107,2020-05-01,1
107,2020-06-01,0
107,2020-07-01,0
107,2020-08-01,0
107,2020-09-01,0
107,2020-10-01,1
107,2020-11-01,0
107,2020-12-01,0
107,2021-01-01,0
107,2021-02-01,0
107,2021-03-01,0
107,2021-04-01,0
107,2021-05-01,0
107,2021-06-01,0
107,2021-07-01,0
107,2021-08-01,0
107,2021-09-01,0
107,2021-10-01,0
107,2021-11-01,0
107,2021-12-01,0
107,2022-01-01,1
107,2022-02-01,0
107,2022-03-01,0
107,2022-04-01,0
107,2022-05-01,0
107,2022-06-01,0
107,2022-07-01,0
107,2022-08-01,0
107,2022-09-01,0
107,2022-10-01,0
107,2022-11-01,2
107,2022-12-01,0
107,2023-01-01,0
107,2023-02-01,0
107,2023-03-01,2
107,2023-04-01,1
107,2023-05-01,3
107,2023-06-01,3
107,2023-07-01,1
107,2023-08-01,2
107,2023-09-01,4
107,2023-10-01,3
107,2023-11-01,2
107,2023-12-01,4
107,2024-01-01,4
107,2024-02-01,4
107,2024-03-01,5
107,2024-04-01,4
107,2024-05-01,1
107,2024-06-01,1
107,2024-07-01,0
107,2024-08-01,5
107,2024-09-01,2
107,2024-10-01,5
107,2024-11-01,0
107,2024-12-01,3
107,2025-01-01,4
107,2025-02-01,1
107,2025-03-01,0
107,2025-04-01,1
107,2025-05-01,0
107,2025-06-01,1
107,2025-07-01,1
107,2025-08-01,0
107,2025-09-01,0
107,2025-10-01,1
107,2025-11-01,0
107,2025-12-01,1
108,2018-01-01,0
108,2018-02-01,0
108,2018-03-01,0
108,2018-04-01,0
108,2018-05-01,0
108,2018-06-01,0
108,2018-07-01,0
108,2018-08-01,2
108,2018-09-01,0
108,2018-10-01,0
108,2018-11-01,0
108,2018-12-01,0
108,2019-01-01,0
108,2019-02-01,0
108,2019-03-01,0
108,2019-04-01,0
108,2019-05-01,0
108,2019-06-01,0
108,2019-07-01,0
108,2019-08-01,0
108,2019-09-01,0
108,2019-10-01,1
108,2019-11-01,0
108,2019-12-01,0
108,2020-01-01,1
108,2020-02-01,0
108,2020-03-01,0
108,2020-04-01,0
108,2020-05-01,0
108,2020-06-01,0
108,2020-07-01,0
108,2020-08-01,0
108,2020-09-01,0
108,2020-10-01,0
108,2020-11-01,1
108,2020-12-01,0
108,2021-01-01,0
108,2021-02-01,1
108,2021-03-01,0
108,2021-04-01,0
108,2021-05-01,0
108,2021-06-01,1
108,2021-07-01,1
108,2021-08-01,0
108,2021-09-01,1
108,2021-10-01,0
108,2021-11-01,0
108,2021-12-01,0
108,2022-01-01,0
108,2022-02-01,0
108,2022-03-01,0
108,2022-04-01,1
108,2022-05-01,0
108,2022-06-01,0
108,2022-07-01,0
108,2022-08-01,0
108,2022-09-01,0
108,2022-10-01,1
108,2022-11-01,0
108,2022-12-01,0
108,2023-01-01,1
108,2023-02-01,0
108,2023-03-01,1
108,2023-04-01,0
108,2023-05-01,4
108,2023-06-01,0
108,2023-07-01,5
108,2023-08-01,2
108,2023-09-01,1
108,2023-10-01,1
108,2023-11-01,4
108,2023-12-01,3
108,2024-01-01,5
108,2024-02-01,7
108,2024-03-01,1
108,2024-04-01,2
108,2024-05-01,5
108,2024-06-01,4
108,2024-07-01,1
108,2024-08-01,6
108,2024-09-01,3
108,2024-10-01,3
108,2024-11-01,1
108,2024-12-01,0
108,2025-01-01,1
108,2025-02-01,0
108,2025-03-01,1
108,2025-04-01,0
108,2025-05-01,0
108,2025-06-01,0
108,2025-07-01,0
108,2025-08-01,1
108,2025-09-01,0
108,2025-10-01,0
108,2025-11-01,0
108,2025-12-01,0
109,2018-01-01,0
109,2018-02-01,0
109,2018-03-01,0
109,2018-04-01,1
109,2018-05-01,0
109,2018-06-01,0
109,2018-07-01,0
109,2018-08-01,0
109,2018-09-01,0
109,2018-10-01,0
109,2018-11-01,0
109,2018-12-01,0
109,2019-01-01,0
109,2019-02-01,0
109,2019-03-01,0
109,2019-04-01,0
109,2019-05-01,0
109,2019-06-01,0
109,2019-07-01,0
109,2019-08-01,0
109,2019-09-01,0
109,2019-10-01,0
109,2019-11-01,0
109,2019-12-01,0
109,2020-01-01,0
109,2020-02-01,0
109,2020-03-01,0
109,2020-04-01,0
109,2020-05-01,0
109,2020-06-01,0
109,2020-07-01,0
109,2020-08-01,0
109,2020-09-01,1
109,2020-10-01,0
109,2020-11-01,0
109,2020-12-01,0
109,2021-01-01,0
109,2021-02-01,0
109,2021-03-01,0
109,2021-04-01,0
109,2021-05-01,0
109,2021-06-01,0
109,2021-07-01,1
109,2021-08-01,0
109,2021-09-01,0
109,2021-10-01,0
109,2021-11-01,0
109,2021-12-01,0
109,2022-01-01,0
109,2022-02-01,0
109,2022-03-01,0
109,2022-04-01,0
109,2022-05-01,0
109,2022-06-01,0
109,2022-07-01,0
109,2022-08-01,0
109,2022-09-01,0
109,2022-10-01,0
109,2022-11-01,0
109,2022-12-01,0
109,2023-01-01,2
109,2023-02-01,1
109,2023-03-01,2
109,2023-04-01,9
109,2023-05-01,4
109,2023-06-01,3
109,2023-07-01,4
109,2023-08-01,2
109,2023-09-01,1
109,2023-10-01,5
109,2023-11-01,3
109,2023-12-01,4
109,2024-01-01,3
109,2024-02-01,2
109,2024-03-01,4
109,2024-04-01,4
109,2024-05-01,2
109,2024-06-01,0
109,2024-07-01,4
109,2024-08-01,6
109,2024-09-01,2
109,2024-10-01,5
109,2024-11-01,0
109,2024-12-01,0
109,2025-01-01,3
109,2025-02-01,1
109,2025-03-01,1
109,2025-04-01,1
109,2025-05-01,1
109,2025-06-01,1
109,2025-07-01,1
109,2025-08-01,1
109,2025-09-01,1
109,2025-10-01,0
109,2025-11-01,1
109,2025-12-01,1
110,2018-01-01,0
110,2018-02-01,0
110,2018-03-01,0
110,2018-04-01,0
110,2018-05-01,0
110,2018-06-01,0
110,2018-07-01,0
110,2018-08-01,0
110,2018-09-01,0
110,2018-10-01,0
110,2018-11-01,0
110,2018-12-01,0
110,2019-01-01,0
110,2019-02-01,0
110,2019-03-01,0
110,2019-04-01,0
110,2019-05-01,0
110,2019-06-01,0
110,2019-07-01,0
110,2019-08-01,0
110,2019-09-01,0
110,2019-10-01,0
110,2019-11-01,0
110,2019-12-01,0
110,2020-01-01,0
110,2020-02-01,0
110,2020-03-01,0
110,2020-04-01,1
110,2020-05-01,0
110,2020-06-01,0
110,2020-07-01,0
110,2020-08-01,0
110,2020-09-01,0
110,2020-10-01,0
110,2020-11-01,0
110,2020-12-01,0
110,2021-01-01,2
110,2021-02-01,0
110,2021-03-01,0
110,2021-04-01,0
110,2021-05-01,0
110,2021-06-01,0
110,2021-07-01,0
110,2021-08-01,0
110,2021-09-01,0
110,2021-10-01,0
110,2021-11-01,0
110,2021-12-01,0
110,2022-01-01,0
110,2022-02-01,0
110,2022-03-01,0
110,2022-04-01,0
110,2022-05-01,1
110,2022-06-01,1
110,2022-07-01,0
110,2022-08-01,0
110,2022-09-01,0
110,2022-10-01,0
110,2022-11-01,1
110,2022-12-01,0
110,2023-01-01,2
110,2023-02-01,2
110,2023-03-01,3
110,2023-04-01,5
110,2023-05-01,3
110,2023-06-01,1
110,2023-07-01,2
110,2023-08-01,6
110,2023-09-01,3
110,2023-10-01,5
110,2023-11-01,12
110,2023-12-01,6
110,2024-01-01,5
110,2024-02-01,6
110,2024-03-01,5
110,2024-04-01,5
110,2024-05-01,7
110,2024-06-01,1
110,2024-07-01,5
110,2024-08-01,3
110,2024-09-01,5
110,2024-10-01,5
110,2024-11-01,1
110,2024-12-01,1
110,2025-01-01,2
110,2025-02-01,1
110,2025-03-01,1
110,2025-04-01,0
110,2025-05-01,0
110,2025-06-01,1
110,2025-07-01,1
110,2025-08-01,0
110,2025-09-01,2
110,2025-10-01,2
110,2025-11-01,0
110,2025-12-01,1
111,2018-01-01,0
111,2018-02-01,0
111,2018-03-01,0
111,2018-04-01,0
111,2018-05-01,0
111,2018-06-01,0
111,2018-07-01,0
111,2018-08-01,0
111,2018-09-01,0
111,2018-10-01,0
111,2018-11-01,0
111,2018-12-01,0
111,2019-01-01,0
111,2019-02-01,0
111,2019-03-01,0
111,2019-04-01,0
111,2019-05-01,0
111,2019-06-01,0
111,2019-07-01,0
111,2019-08-01,0
111,2019-09-01,0
111,2019-10-01,0
111,2019-11-01,0
111,2019-12-01,0
111,2020-01-01,0
111,2020-02-01,0
111,2020-03-01,0
111,2020-04-01,0
111,2020-05-01,0
111,2020-06-01,0
111,2020-07-01,0
111,2020-08-01,0
111,2020-09-01,0
111,2020-10-01,0
111,2020-11-01,0
111,2020-12-01,1
111,2021-01-01,0
111,2021-02-01,0
111,2021-03-01,0
111,2021-04-01,0
111,2021-05-01,0
111,2021-06-01,0
111,2021-07-01,0
111,2021-08-01,0
111,2021-09-01,0
111,2021-10-01,0
111,2021-11-01,0
111,2021-12-01,0
111,2022-01-01,1
111,2022-02-01,0
111,2022-03-01,0
111,2022-04-01,0
111,2022-05-01,0
111,2022-06-01,0
111,2022-07-01,2
111,2022-08-01,0
111,2022-09-01,0
111,2022-10-01,0
111,2022-11-01,0
111,2022-12-01,0
111,2023-01-01,0
111,2023-02-01,0
111,2023-03-01,0
111,2023-04-01,0
111,2023-05-01,4
111,2023-06-01,0
111,2023-07-01,2
111,2023-08-01,3
111,2023-09-01,1
111,2023-10-01,5
111,2023-11-01,0
111,2023-12-01,1
111,2024-01-01,3
111,2024-02-01,3
111,2024-03-01,1
111,2024-04-01,5
111,2024-05-01,4
111,2024-06-01,1
111,2024-07-01,1
111,2024-08-01,1
111,2024-09-01,0
111,2024-10-01,5
111,2024-11-01,1
111,2024-12-01,0
111,2025-01-01,2
111,2025-02-01,0
111,2025-03-01,1
111,2025-04-01,1
111,2025-05-01,0
111,2025-06-01,2
111,2025-07-01,0
111,2025-08-01,1
111,2025-09-01,0
111,2025-10-01,0
111,2025-11-01,1
111,2025-12-01,0
112,2018-01-01,0
112,2018-02-01,0
112,2018-03-01,0
112,2018-04-01,0
112,2018-05-01,0
112,2018-06-01,0
112,2018-07-01,0
112,2018-08-01,0
112,2018-09-01,0
112,2018-10-01,0
112,2018-11-01,0
112,2018-12-01,0
112,2019-01-01,0
112,2019-02-01,0
112,2019-03-01,0
112,2019-04-01,0
112,2019-05-01,0
112,2019-06-01,0
112,2019-07-01,0
112,2019-08-01,0
112,2019-09-01,0
112,2019-10-01,0
112,2019-11-01,0
112,2019-12-01,0
112,2020-01-01,0
112,2020-02-01,0
112,2020-03-01,0
112,2020-04-01,0
112,2020-05-01,0
112,2020-06-01,0
112,2020-07-01,0
112,2020-08-01,0
112,2020-09-01,1
112,2020-10-01,0
112,2020-11-01,0
112,2020-12-01,0
112,2021-01-01,0
112,2021-02-01,0
112,2021-03-01,0
112,2021-04-01,0
112,2021-05-01,0
112,2021-06-01,0
112,2021-07-01,0
112,2021-08-01,0
112,2021-09-01,0
112,2021-10-01,0
112,2021-11-01,0
112,2021-12-01,0
112,2022-01-01,0
112,2022-02-01,0
112,2022-03-01,0
112,2022-04-01,0
112,2022-05-01,0
112,2022-06-01,0
112,2022-07-01,0
112,2022-08-01,0
112,2022-09-01,1
112,2022-10-01,0
112,2022-11-01,0
112,2022-12-01,2
112,2023-01-01,3
112,2023-02-01,0
112,2023-03-01,0
112,2023-04-01,1
112,2023-05-01,0
112,2023-06-01,1
112,2023-07-01,0
112,2023-08-01,4
112,2023-09-01,1
112,2023-10-01,3
112,2023-11-01,2
112,2023-12-01,0
112,2024-01-01,4
112,2024-02-01,3
112,2024-03-01,2
112,2024-04-01,2
112,2024-05-01,2
112,2024-06-01,1
112,2024-07-01,2
112,2024-08-01,3
112,2024-09-01,6
112,2024-10-01,0
112,2024-11-01,0
112,2024-12-01,1
112,2025-01-01,0
112,2025-02-01,0
112,2025-03-01,0
112,2025-04-01,0
112,2025-05-01,0
112,2025-06-01,0
112,2025-07-01,1
112,2025-08-01,0
112,2025-09-01,0
112,2025-10-01,0
112,2025-11-01,1
112,2025-12-01,0
113,2018-01-01,0
113,2018-02-01,1
113,2018-03-01,0
113,2018-04-01,0
113,2018-05-01,0
113,2018-06-01,0
113,2018-07-01,3
113,2018-08-01,1
113,2018-09-01,0
113,2018-10-01,0
113,2018-11-01,0
113,2018-12-01,1
113,2019-01-01,1
113,2019-02-01,0
113,2019-03-01,0
113,2019-04-01,0
113,2019-05-01,0
113,2019-06-01,1
113,2019-07-01,0
113,2019-08-01,3
113,2019-09-01,0
113,2019-10-01,0
113,2019-11-01,0
113,2019-12-01,0
113,2020-01-01,1
113,2020-02-01,1
113,2020-03-01,0
113,2020-04-01,0
113,2020-05-01,0
113,2020-06-01,0
113,2020-07-01,1
113,2020-08-01,0
113,2020-09-01,0
113,2020-10-01,0
113,2020-11-01,1
113,2020-12-01,1
113,2021-01-01,1
113,2021-02-01,0
113,2021-03-01,0
113,2021-04-01,0
113,2021-05-01,0
113,2021-06-01,0
113,2021-07-01,0
113,2021-08-01,1
113,2021-09-01,0
113,2021-10-01,0
113,2021-11-01,0
113,2021-12-01,0
113,2022-01-01,0
113,2022-02-01,0
113,2022-03-01,0
113,2022-04-01,0
113,2022-05-01,0
113,2022-06-01,0
113,2022-07-01,0
113,2022-08-01,0
113,2022-09-01,1
113,2022-10-01,0
113,2022-11-01,1
113,2022-12-01,2
113,2023-01-01,1
113,2023-02-01,0
113,2023-03-01,1
113,2023-04-01,2
113,2023-05-01,2
113,2023-06-01,1
113,2023-07-01,4
113,2023-08-01,5
113,2023-09-01,1
113,2023-10-01,12
113,2023-11-01,11
113,2023-12-01,9
113,2024-01-01,9
113,2024-02-01,3
113,2024-03-01,7
113,2024-04-01,5
113,2024-05-01,11
113,2024-06-01,12
113,2024-07-01,10
113,2024-08-01,12
113,2024-09-01,8
113,2024-10-01,9
113,2024-11-01,9
113,2024-12-01,6
113,2025-01-01,3
113,2025-02-01,1
113,2025-03-01,1
113,2025-04-01,0
113,2025-05-01,0
113,2025-06-01,0
113,2025-07-01,0
113,2025-08-01,0
113,2025-09-01,0
113,2025-10-01,0
113,2025-11-01,0
113,2025-12-01,0
114,2018-01-01,0
114,2018-02-01,0
114,2018-03-01,0
114,2018-04-01,0
114,2018-05-01,0
114,2018-06-01,0
114,2018-07-01,0
114,2018-08-01,0
114,2018-09-01,0
114,2018-10-01,0
114,2018-11-01,0
114,2018-12-01,0
114,2019-01-01,0
114,2019-02-01,0
114,2019-03-01,0
114,2019-04-01,1
114,2019-05-01,0
114,2019-06-01,0
114,2019-07-01,0
114,2019-08-01,0
114,2019-09-01,0
114,2019-10-01,0
114,2019-11-01,0
114,2019-12-01,0
114,2020-01-01,0
114,2020-02-01,0
114,2020-03-01,0
114,2020-04-01,0
114,2020-05-01,0
114,2020-06-01,0
114,2020-07-01,0
114,2020-08-01,0
114,2020-09-01,0
114,2020-10-01,0
114,2020-11-01,0
114,2020-12-01,0
114,2021-01-01,0
114,2021-02-01,0
114,2021-03-01,0
114,2021-04-01,0
114,2021-05-01,0
114,2021-06-01,1
114,2021-07-01,1
114,2021-08-01,0
114,2021-09-01,0
114,2021-10-01,2
114,2021-11-01,0
114,2021-12-01,0
114,2022-01-01,2
114,2022-02-01,2
114,2022-03-01,0
114,2022-04-01,0
114,2022-05-01,0
114,2022-06-01,1
114,2022-07-01,0
114,2022-08-01,0
114,2022-09-01,0
114,2022-10-01,0
114,2022-11-01,2
114,2022-12-01,3
114,2023-01-01,3
114,2023-02-01,5
114,2023-03-01,2
114,2023-04-01,2
114,2023-05-01,3
114,2023-06-01,2
114,2023-07-01,5
114,2023-08-01,3
114,2023-09-01,12
114,2023-10-01,7
114,2023-11-01,4
114,2023-12-01,7
114,2024-01-01,2
114,2024-02-01,8
114,2024-03-01,5
114,2024-04-01,7
114,2024-05-01,6
114,2024-06-01,7
114,2024-07-01,4
114,2024-08-01,7
114,2024-09-01,4
114,2024-10-01,7
114,2024-11-01,6
114,2024-12-01,2
114,2025-01-01,2
114,2025-02-01,0
114,2025-03-01,4
114,2025-04-01,1
114,2025-05-01,1
114,2025-06-01,2
114,2025-07-01,0
114,2025-08-01,1
114,2025-09-01,1
114,2025-10-01,0
114,2025-11-01,0
114,2025-12-01,1
115,2018-01-01,0
115,2018-02-01,0
115,2018-03-01,0
115,2018-04-01,0
115,2018-05-01,0
115,2018-06-01,0
115,2018-07-01,0
115,2018-08-01,2
115,2018-09-01,0
115,2018-10-01,0
115,2018-11-01,0
115,2018-12-01,1
115,2019-01-01,1
115,2019-02-01,0
115,2019-03-01,0
115,2019-04-01,0
115,2019-05-01,0
115,2019-06-01,0
115,2019-07-01,1
115,2019-08-01,0
115,2019-09-01,0
115,2019-10-01,0
115,2019-11-01,0
115,2019-12-01,1
115,2020-01-01,0
115,2020-02-01,0
115,2020-03-01,0
115,2020-04-01,0
115,2020-05-01,0
115,2020-06-01,1
115,2020-07-01,0
115,2020-08-01,0
115,2020-09-01,0
115,2020-10-01,0
115,2020-11-01,0
115,2020-12-01,0
115,2021-01-01,0
115,2021-02-01,0
115,2021-03-01,1
115,2021-04-01,0
115,2021-05-01,0
115,2021-06-01,0
115,2021-07-01,0
115,2021-08-01,0
115,2021-09-01,1
115,2021-10-01,0
115,2021-11-01,0
115,2021-12-01,0
115,2022-01-01,0
115,2022-02-01,0
115,2022-03-01,0
115,2022-04-01,0
115,2022-05-01,0
115,2022-06-01,0
115,2022-07-01,0
115,2022-08-01,1
115,2022-09-01,0
115,2022-10-01,1
115,2022-11-01,0
115,2022-12-01,0
115,2023-01-01,2
115,2023-02-01,0
115,2023-03-01,1
115,2023-04-01,3
115,2023-05-01,4
115,2023-06-01,2
115,2023-07-01,2
115,2023-08-01,4
115,2023-09-01,5
115,2023-10-01,8
115,2023-11-01,7
115,2023-12-01,8
115,2024-01-01,3
115,2024-02-01,7
115,2024-03-01,5
115,2024-04-01,4
115,2024-05-01,3
115,2024-06-01,1
115,2024-07-01,5
115,2024-08-01,6
115,2024-09-01,7
115,2024-10-01,3
115,2024-11-01,4
115,2024-12-01,3
115,2025-01-01,1
115,2025-02-01,0
115,2025-03-01,0
115,2025-04-01,0
115,2025-05-01,2
115,2025-06-01,1
115,2025-07-01,2
115,2025-08-01,2
115,2025-09-01,0
115,2025-10-01,0
115,2025-11-01,0
115,2025-12-01,1
116,2018-01-01,0
116,2018-02-01,0
116,2018-03-01,0
116,2018-04-01,0
116,2018-05-01,0
116,2018-06-01,0
116,2018-07-01,0
116,2018-08-01,0
116,2018-09-01,0
116,2018-10-01,0
116,2018-11-01,0
116,2018-12-01,0
116,2019-01-01,0
116,2019-02-01,0
116,2019-03-01,0
116,2019-04-01,0
116,2019-05-01,0
116,2019-06-01,0
116,2019-07-01,0
116,2019-08-01,0
116,2019-09-01,0
116,2019-10-01,0
116,2019-11-01,0
116,2019-12-01,0
116,2020-01-01,0
116,2020-02-01,0
116,2020-03-01,0
116,2020-04-01,0
116,2020-05-01,0
116,2020-06-01,0
116,2020-07-01,0
116,2020-08-01,0
116,2020-09-01,0
116,2020-10-01,0
116,2020-11-01,0
116,2020-12-01,0
116,2021-01-01,0
116,2021-02-01,0
116,2021-03-01,0
116,2021-04-01,0
116,2021-05-01,0
116,2021-06-01,0
116,2021-07-01,0
116,2021-08-01,0
116,2021-09-01,0
116,2021-10-01,0
116,2021-11-01,0
116,2021-12-01,0
116,2022-01-01,0
116,2022-02-01,0
116,2022-03-01,0
116,2022-04-01,0
116,2022-05-01,0
116,2022-06-01,0
116,2022-07-01,0
116,2022-08-01,0
116,2022-09-01,0
116,2022-10-01,0
116,2022-11-01,0
116,2022-12-01,0
116,2023-01-01,0
116,2023-02-01,0
116,2023-03-01,0
116,2023-04-01,0
116,2023-05-01,0
116,2023-06-01,0
116,2023-07-01,0
116,2023-08-01,0
116,2023-09-01,0
116,2023-10-01,0
116,2023-11-01,0
116,2023-12-01,0
116,2024-01-01,0
116,2024-02-01,0
116,2024-03-01,0
116,2024-04-01,0
116,2024-05-01,0
116,2024-06-01,0
116,2024-07-01,0
116,2024-08-01,0
116,2024-09-01,0
116,2024-10-01,0
116,2024-11-01,0
116,2024-12-01,2
116,2025-01-01,5
116,2025-02-01,2
116,2025-03-01,0
116,2025-04-01,1
116,2025-05-01,1
116,2025-06-01,1
116,2025-07-01,1
116,2025-08-01,1
116,2025-09-01,0
116,2025-10-01,0
116,2025-11-01,1
116,2025-12-01,0
117,2018-01-01,0
117,2018-02-01,0
117,2018-03-01,0
117,2018-04-01,0
117,2018-05-01,0
117,2018-06-01,0
117,2018-07-01,0
117,2018-08-01,0
117,2018-09-01,0
117,2018-10-01,0
117,2018-11-01,0
117,2018-12-01,0
117,2019-01-01,0
117,2019-02-01,0
117,2019-03-01,0
117,2019-04-01,0
117,2019-05-01,0
117,2019-06-01,0
117,2019-07-01,0
117,2019-08-01,0
117,2019-09-01,0
117,2019-10-01,0
117,2019-11-01,0
117,2019-12-01,0
117,2020-01-01,0
117,2020-02-01,0
117,2020-03-01,0
117,2020-04-01,0
117,2020-05-01,0
117,2020-06-01,0
117,2020-07-01,0
117,2020-08-01,0
117,2020-09-01,0
117,2020-10-01,0
117,2020-11-01,0
117,2020-12-01,0
117,2021-01-01,0
117,2021-02-01,0
117,2021-03-01,0
117,2021-04-01,0
117,2021-05-01,0
117,2021-06-01,0
117,2021-07-01,0
117,2021-08-01,0
117,2021-09-01,0
117,2021-10-01,0
117,2021-11-01,0
117,2021-12-01,0
117,2022-01-01,0
117,2022-02-01,0
117,2022-03-01,0
117,2022-04-01,0
117,2022-05-01,0
117,2022-06-01,0
117,2022-07-01,0
117,2022-08-01,0
117,2022-09-01,0
117,2022-10-01,0
117,2022-11-01,0
117,2022-12-01,0
117,2023-01-01,0
117,2023-02-01,0
117,2023-03-01,0
117,2023-04-01,0
117,2023-05-01,0
117,2023-06-01,0
117,2023-07-01,0
117,2023-08-01,0
117,2023-09-01,0
117,2023-10-01,0
117,2023-11-01,0
117,2023-12-01,0
117,2024-01-01,0
117,2024-02-01,0
117,2024-03-01,0
117,2024-04-01,0
117,2024-05-01,0
117,2024-06-01,0
117,2024-07-01,0
117,2024-08-01,0
117,2024-09-01,0
117,2024-10-01,0
117,2024-11-01,0
117,2024-12-01,0
117,2025-01-01,0
117,2025-02-01,0
117,2025-03-01,0
117,2025-04-01,0
117,2025-05-01,0
117,2025-06-01,0
117,2025-07-01,0
117,2025-08-01,0
117,2025-09-01,0
117,2025-10-01,0
117,2025-11-01,0
117,2025-12-01,0
118,2018-01-01,0
118,2018-02-01,0
118,2018-03-01,0
118,2018-04-01,0
118,2018-05-01,0
118,2018-06-01,0
118,2018-07-01,0
118,2018-08-01,0
118,2018-09-01,0
118,2018-10-01,0
118,2018-11-01,0
118,2018-12-01,0
118,2019-01-01,0
118,2019-02-01,0
118,2019-03-01,0
118,2019-04-01,0
118,2019-05-01,0
118,2019-06-01,0
118,2019-07-01,0
118,2019-08-01,0
118,2019-09-01,0
118,2019-10-01,0
118,2019-11-01,0
118,2019-12-01,0
118,2020-01-01,0
118,2020-02-01,0
118,2020-03-01,0
118,2020-04-01,0
118,2020-05-01,0
118,2020-06-01,0
118,2020-07-01,0
118,2020-08-01,0
118,2020-09-01,0
118,2020-10-01,0
118,2020-11-01,0
118,2020-12-01,0
118,2021-01-01,0
118,2021-02-01,0
118,2021-03-01,0
118,2021-04-01,0
118,2021-05-01,0
118,2021-06-01,0
118,2021-07-01,0
118,2021-08-01,0
118,2021-09-01,0
118,2021-10-01,0
118,2021-11-01,0
118,2021-12-01,0
118,2022-01-01,0
118,2022-02-01,0
118,2022-03-01,0
118,2022-04-01,0
118,2022-05-01,0
118,2022-06-01,0
118,2022-07-01,0
118,2022-08-01,0
118,2022-09-01,0
118,2022-10-01,0
118,2022-11-01,0
118,2022-12-01,0
118,2023-01-01,0
118,2023-02-01,0
118,2023-03-01,0
118,2023-04-01,0
118,2023-05-01,0
118,2023-06-01,0
118,2023-07-01,0
118,2023-08-01,0
118,2023-09-01,0
118,2023-10-01,0
118,2023-11-01,0
118,2023-12-01,0
118,2024-01-01,0
118,2024-02-01,0
118,2024-03-01,0
118,2024-04-01,0
118,2024-05-01,0
118,2024-06-01,0
118,2024-07-01,0
118,2024-08-01,0
118,2024-09-01,0
118,2024-10-01,0
118,2024-11-01,0
118,2024-12-01,0
118,2025-01-01,0
118,2025-02-01,0
118,2025-03-01,0
118,2025-04-01,0
118,2025-05-01,0
118,2025-06-01,0
118,2025-07-01,0
118,2025-08-01,0
118,2025-09-01,0
118,2025-10-01,0
118,2025-11-01,0
118,2025-12-01,0
119,2018-01-01,0
119,2018-02-01,0
119,2018-03-01,0
119,2018-04-01,0
119,2018-05-01,0
119,2018-06-01,0
119,2018-07-01,0
119,2018-08-01,0
119,2018-09-01,0
119,2018-10-01,0
119,2018-11-01,0
119,2018-12-01,0
119,2019-01-01,0
119,2019-02-01,0
119,2019-03-01,0
119,2019-04-01,0
119,2019-05-01,0
119,2019-06-01,0
119,2019-07-01,0
119,2019-08-01,0
119,2019-09-01,0
119,2019-10-01,0
119,2019-11-01,0
119,2019-12-01,0
119,2020-01-01,0
119,2020-02-01,0
119,2020-03-01,0
119,2020-04-01,0
119,2020-05-01,0
119,2020-06-01,0
119,2020-07-01,0
119,2020-08-01,0
119,2020-09-01,0
119,2020-10-01,0
119,2020-11-01,0
119,2020-12-01,0
119,2021-01-01,0
119,2021-02-01,0
119,2021-03-01,0
119,2021-04-01,0
119,2021-05-01,0
119,2021-06-01,0
119,2021-07-01,0
119,2021-08-01,0
119,2021-09-01,0
119,2021-10-01,0
119,2021-11-01,0
119,2021-12-01,0
119,2022-01-01,0
119,2022-02-01,0
119,2022-03-01,0
119,2022-04-01,0
119,2022-05-01,0
119,2022-06-01,0
119,2022-07-01,0
119,2022-08-01,0
119,2022-09-01,0
119,2022-10-01,0
119,2022-11-01,0
119,2022-12-01,0
119,2023-01-01,0
119,2023-02-01,0
119,2023-03-01,0
119,2023-04-01,0
119,2023-05-01,0
119,2023-06-01,0
119,2023-07-01,0
119,2023-08-01,0
119,2023-09-01,0
119,2023-10-01,0
119,2023-11-01,0
119,2023-12-01,0
119,2024-01-01,0
119,2024-02-01,0
119,2024-03-01,0
119,2024-04-01,0
119,2024-05-01,0
119,2024-06-01,0
119,2024-07-01,0
119,2024-08-01,0
119,2024-09-01,0
119,2024-10-01,0
119,2024-11-01,0
119,2024-12-01,0
119,2025-01-01,0
119,2025-02-01,0
119,2025-03-01,0
119,2025-04-01,0
119,2025-05-01,0
119,2025-06-01,0
119,2025-07-01,0
119,2025-08-01,0
119,2025-09-01,0
119,2025-10-01,0
119,2025-11-01,0
119,2025-12-01,0
120,2018-01-01,0
120,2018-02-01,0
120,2018-03-01,0
120,2018-04-01,0
120,2018-05-01,0
120,2018-06-01,0
120,2018-07-01,0
120,2018-08-01,0
120,2018-09-01,0
120,2018-10-01,0
120,2018-11-01,0
120,2018-12-01,0
120,2019-01-01,0
120,2019-02-01,1
120,2019-03-01,0
120,2019-04-01,0
120,2019-05-01,0
120,2019-06-01,0
120,2019-07-01,0
120,2019-08-01,1
120,2019-09-01,0
120,2019-10-01,0
120,2019-11-01,0
120,2019-12-01,0
120,2020-01-01,1
120,2020-02-01,1
120,2020-03-01,0
120,2020-04-01,0
120,2020-05-01,0
120,2020-06-01,0
120,2020-07-01,0
120,2020-08-01,0
120,2020-09-01,0
120,2020-10-01,0
120,2020-11-01,0
120,2020-12-01,0
120,2021-01-01,0
120,2021-02-01,0
120,2021-03-01,0
120,2021-04-01,0
120,2021-05-01,0
120,2021-06-01,0
120,2021-07-01,1
120,2021-08-01,0
120,2021-09-01,0
120,2021-10-01,0
120,2021-11-01,1
120,2021-12-01,0
120,2022-01-01,1
120,2022-02-01,0
120,2022-03-01,0
120,2022-04-01,0
120,2022-05-01,0
120,2022-06-01,0
120,2022-07-01,0
120,2022-08-01,0
120,2022-09-01,0
120,2022-10-01,0
120,2022-11-01,2
120,2022-12-01,0
120,2023-01-01,3
120,2023-02-01,0
120,2023-03-01,1
120,2023-04-01,0
120,2023-05-01,0
120,2023-06-01,1
120,2023-07-01,3
120,2023-08-01,1
120,2023-09-01,2
120,2023-10-01,1
120,2023-11-01,6
120,2023-12-01,4
120,2024-01-01,7
120,2024-02-01,6
120,2024-03-01,1
120,2024-04-01,1
120,2024-05-01,2
120,2024-06-01,3
120,2024-07-01,1
120,2024-08-01,3
120,2024-09-01,2
120,2024-10-01,6
120,2024-11-01,2
120,2024-12-01,2
120,2025-01-01,2
120,2025-02-01,1
120,2025-03-01,1
120,2025-04-01,1
120,2025-05-01,1
120,2025-06-01,1
120,2025-07-01,3
120,2025-08-01,1
120,2025-09-01,1
120,2025-10-01,1
120,2025-11-01,1
120,2025-12-01,0
121,2018-01-01,0
121,2018-02-01,0
121,2018-03-01,0
121,2018-04-01,0
121,2018-05-01,0
121,2018-06-01,0
121,2018-07-01,0
121,2018-08-01,0
121,2018-09-01,0
121,2018-10-01,1
121,2018-11-01,0
121,2018-12-01,0
121,2019-01-01,0
121,2019-02-01,0
121,2019-03-01,0
121,2019-04-01,0
121,2019-05-01,0
121,2019-06-01,0
121,2019-07-01,0
121,2019-08-01,0
121,2019-09-01,0
121,2019-10-01,0
121,2019-11-01,0
121,2019-12-01,0
121,2020-01-01,0
121,2020-02-01,1
121,2020-03-01,0
121,2020-04-01,0
121,2020-05-01,0
121,2020-06-01,0
121,2020-07-01,0
121,2020-08-01,0
121,2020-09-01,0
121,2020-10-01,0
121,2020-11-01,0
121,2020-12-01,1
121,2021-01-01,0
121,2021-02-01,0
121,2021-03-01,0
121,2021-04-01,1
121,2021-05-01,0
121,2021-06-01,0
121,2021-07-01,0
121,2021-08-01,0
121,2021-09-01,1
121,2021-10-01,1
121,2021-11-01,0
121,2021-12-01,0
121,2022-01-01,0
121,2022-02-01,0
121,2022-03-01,0
121,2022-04-01,0
121,2022-05-01,0
121,2022-06-01,1
121,2022-07-01,0
121,2022-08-01,0
121,2022-09-01,0
121,2022-10-01,0
121,2022-11-01,0
121,2022-12-01,2
121,2023-01-01,1
121,2023-02-01,1
121,2023-03-01,2
121,2023-04-01,1
121,2023-05-01,2
121,2023-06-01,3
121,2023-07-01,3
121,2023-08-01,2
121,2023-09-01,5
121,2023-10-01,1
121,2023-11-01,4
121,2023-12-01,6
121,2024-01-01,5
121,2024-02-01,2
121,2024-03-01,7
121,2024-04-01,3
121,2024-05-01,0
121,2024-06-01,1
121,2024-07-01,1
121,2024-08-01,5
121,2024-09-01,3
121,2024-10-01,3
121,2024-11-01,7
121,2024-12-01,4
121,2025-01-01,3
121,2025-02-01,1
121,2025-03-01,7
121,2025-04-01,0
121,2025-05-01,0
121,2025-06-01,1
121,2025-07-01,0
121,2025-08-01,0
121,2025-09-01,0
121,2025-10-01,0
121,2025-11-01,0
121,2025-12-01,0
122,2018-01-01,0
122,2018-02-01,0
122,2018-03-01,0
122,2018-04-01,0
122,2018-05-01,0
122,2018-06-01,0
122,2018-07-01,0
122,2018-08-01,0
122,2018-09-01,0
122,2018-10-01,0
122,2018-11-01,0
122,2018-12-01,0
122,2019-01-01,0
122,2019-02-01,0
122,2019-03-01,0
122,2019-04-01,0
122,2019-05-01,0
122,2019-06-01,0
122,2019-07-01,0
122,2019-08-01,0
122,2019-09-01,0
122,2019-10-01,0
122,2019-11-01,0
122,2019-12-01,0
122,2020-01-01,0
122,2020-02-01,0
122,2020-03-01,0
122,2020-04-01,0
122,2020-05-01,1
122,2020-06-01,1
122,2020-07-01,0
122,2020-08-01,0
122,2020-09-01,0
122,2020-10-01,0
122,2020-11-01,0
122,2020-12-01,0
122,2021-01-01,0
122,2021-02-01,0
122,2021-03-01,0
122,2021-04-01,0
122,2021-05-01,0
122,2021-06-01,0
122,2021-07-01,0
122,2021-08-01,0
122,2021-09-01,0
122,2021-10-01,1
122,2021-11-01,0
122,2021-12-01,1
122,2022-01-01,0
122,2022-02-01,1
122,2022-03-01,1
122,2022-04-01,0
122,2022-05-01,0
122,2022-06-01,0
122,2022-07-01,0
122,2022-08-01,1
122,2022-09-01,0
122,2022-10-01,0
122,2022-11-01,0
122,2022-12-01,0
122,2023-01-01,1
122,2023-02-01,3
122,2023-03-01,0
122,2023-04-01,1
122,2023-05-01,4
122,2023-06-01,0
122,2023-07-01,4
122,2023-08-01,4
122,2023-09-01,2
122,2023-10-01,2
122,2023-11-01,1
122,2023-12-01,0
122,2024-01-01,0
122,2024-02-01,4
122,2024-03-01,2
122,2024-04-01,4
122,2024-05-01,1
122,2024-06-01,1
122,2024-07-01,2
122,2024-08-01,0
122,2024-09-01,1
122,2024-10-01,1
122,2024-11-01,2
122,2024-12-01,1
122,2025-01-01,1
122,2025-02-01,1
122,2025-03-01,1
122,2025-04-01,1
122,2025-05-01,0
122,2025-06-01,1
122,2025-07-01,0
122,2025-08-01,0
122,2025-09-01,0
122,2025-10-01,0
122,2025-11-01,0
122,2025-12-01,1
123,2018-01-01,0
123,2018-02-01,0
123,2018-03-01,0
123,2018-04-01,0
123,2018-05-01,0
123,2018-06-01,0
123,2018-07-01,0
123,2018-08-01,0
123,2018-09-01,0
123,2018-10-01,0
123,2018-11-01,0
123,2018-12-01,1
123,2019-01-01,0
123,2019-02-01,0
123,2019-03-01,0
123,2019-04-01,0
123,2019-05-01,0
123,2019-06-01,0
123,2019-07-01,0
123,2019-08-01,0
123,2019-09-01,0
123,2019-10-01,0
123,2019-11-01,0
123,2019-12-01,0
123,2020-01-01,0
123,2020-02-01,0
123,2020-03-01,0
123,2020-04-01,0
123,2020-05-01,1
123,2020-06-01,0
123,2020-07-01,0
123,2020-08-01,0
123,2020-09-01,0
123,2020-10-01,0
123,2020-11-01,2
123,2020-12-01,0
123,2021-01-01,1
123,2021-02-01,0
123,2021-03-01,0
123,2021-04-01,0
123,2021-05-01,0
123,2021-06-01,0
123,2021-07-01,0
123,2021-08-01,0
123,2021-09-01,0
123,2021-10-01,0
123,2021-11-01,1
123,2021-12-01,0
123,2022-01-01,0
123,2022-02-01,1
123,2022-03-01,0
123,2022-04-01,0
123,2022-05-01,0
123,2022-06-01,0
123,2022-07-01,0
123,2022-08-01,0
123,2022-09-01,1
123,2022-10-01,1
123,2022-11-01,1
123,2022-12-01,1
123,2023-01-01,5
123,2023-02-01,1
123,2023-03-01,2
123,2023-04-01,2
123,2023-05-01,0
123,2023-06-01,1
123,2023-07-01,3
123,2023-08-01,2
123,2023-09-01,0
123,2023-10-01,0
123,2023-11-01,0
123,2023-12-01,1
123,2024-01-01,2
123,2024-02-01,1
123,2024-03-01,2
123,2024-04-01,1
123,2024-05-01,0
123,2024-06-01,0
123,2024-07-01,2
123,2024-08-01,1
123,2024-09-01,0
123,2024-10-01,2
123,2024-11-01,0
123,2024-12-01,1
123,2025-01-01,5
123,2025-02-01,0
123,2025-03-01,0
123,2025-04-01,0
123,2025-05-01,1
123,2025-06-01,0
123,2025-07-01,0
123,2025-08-01,1
123,2025-09-01,0
123,2025-10-01,0
123,2025-11-01,0
123,2025-12-01,0
