pct,month_date,robbery_count
1,2018-01-01,5
1,2018-02-01,7
1,2018-03-01,8
1,2018-04-01,0
1,2018-05-01,8
1,2018-06-01,8
1,2018-07-01,4
1,2018-08-01,6
1,2018-09-01,10
1,2018-10-01,9
1,2018-11-01,8
1,2018-12-01,6
1,2019-01-01,2
1,2019-02-01,5
1,2019-03-01,5
1,2019-04-01,6
1,2019-05-01,6
1,2019-06-01,8
1,2019-07-01,6
1,2019-08-01,5
1,2019-09-01,5
1,2019-10-01,10
1,2019-11-01,8
1,2019-12-01,12
1,2020-01-01,19
1,2020-02-01,22
1,2020-03-01,6
1,2020-04-01,9
1,2020-05-01,7
1,2020-06-01,6
1,2020-07-01,13
1,2020-08-01,18
1,2020-09-01,8
1,2020-10-01,19
1,2020-11-01,9
1,2020-12-01,15
1,2021-01-01,9
1,2021-02-01,9
1,2021-03-01,5
1,2021-04-01,4
1,2021-05-01,7
1,2021-06-01,12
1,2021-07-01,13
1,2021-08-01,11
1,2021-09-01,18
1,2021-10-01,13
1,2021-11-01,22
1,2021-12-01,12
1,2022-01-01,12
1,2022-02-01,11
1,2022-03-01,10
1,2022-04-01,16
1,2022-05-01,13
1,2022-06-01,10
1,2022-07-01,11
1,2022-08-01,10
1,2022-09-01,10
1,2022-10-01,13
1,2022-11-01,12
1,2022-12-01,8
1,2023-01-01,14
1,2023-02-01,9
1,2023-03-01,8
1,2023-04-01,9
1,2023-05-01,10
1,2023-06-01,14
1,2023-07-01,19
1,2023-08-01,10
1,2023-09-01,5
1,2023-10-01,12
1,2023-11-01,11
1,2023-12-01,11
1,2024-01-01,14
1,2024-02-01,8
1,2024-03-01,10
1,2024-04-01,9
1,2024-05-01,17
1,2024-06-01,5
1,2024-07-01,10
1,2024-08-01,15
1,2024-09-01,16
1,2024-10-01,15
1,2024-11-01,18
1,2024-12-01,14
1,2025-01-01,7
1,2025-02-01,15
1,2025-03-01,11
1,2025-04-01,18
1,2025-05-01,19
1,2025-06-01,14
1,2025-07-01,8
1,2025-08-01,18
1,2025-09-01,9
1,2025-10-01,11
1,2025-11-01,13
1,2025-12-01,8
2,2018-01-01,0
2,2018-02-01,0
2,2018-03-01,0
2,2018-04-01,0
2,2018-05-01,0
2,2018-06-01,0
2,2018-07-01,0
2,2018-08-01,0
2,2018-09-01,0
2,2018-10-01,0
2,2018-11-01,0
2,2018-12-01,0
2,2019-01-01,0
2,2019-02-01,0
2,2019-03-01,0
2,2019-04-01,0
2,2019-05-01,0
2,2019-06-01,0
2,2019-07-01,0
2,2019-08-01,0
2,2019-09-01,0
2,2019-10-01,0
2,2019-11-01,0
2,2019-12-01,0
2,2020-01-01,0
2,2020-02-01,0
2,2020-03-01,0
2,2020-04-01,0
2,2020-05-01,0
2,2020-06-01,0
2,2020-07-01,0
2,2020-08-01,0
2,2020-09-01,0
2,2020-10-01,0
2,2020-11-01,0
2,2020-12-01,0
2,2021-01-01,0
2,2021-02-01,0
2,2021-03-01,0
2,2021-04-01,0
2,2021-05-01,0
2,2021-06-01,0
2,2021-07-01,0
2,2021-08-01,0
2,2021-09-01,0
2,2021-10-01,0
2,2021-11-01,0
2,2021-12-01,0
2,2022-01-01,0
2,2022-02-01,0
2,2022-03-01,0
2,2022-04-01,0
2,2022-05-01,0
2,2022-06-01,0
2,2022-07-01,0
2,2022-08-01,0
2,2022-09-01,0
2,2022-10-01,0
2,2022-11-01,0
2,2022-12-01,0
2,2023-01-01,0
2,2023-02-01,0
2,2023-03-01,0
2,2023-04-01,0
2,2023-05-01,0
2,2023-06-01,0
2,2023-07-01,0
2,2023-08-01,0
2,2023-09-01,0
2,2023-10-01,0
2,2023-11-01,0
2,2023-12-01,0
2,2024-01-01,0
2,2024-02-01,0
2,2024-03-01,0
2,2024-04-01,0
2,2024-05-01,0
2,2024-06-01,0
2,2024-07-01,0
2,2024-08-01,0
2,2024-09-01,0
2,2024-10-01,0
2,2024-11-01,0
2,2024-12-01,0
2,2025-01-01,0
2,2025-02-01,0
2,2025-03-01,0
2,2025-04-01,0
2,2025-05-01,0
2,2025-06-01,0
2,2025-07-01,0
2,2025-08-01,0
2,2025-09-01,0
2,2025-10-01,0
2,2025-11-01,0
2,2025-12-01,0
3,2018-01-01,0
3,2018-02-01,0
3,2018-03-01,0
3,2018-04-01,0
3,2018-05-01,0
3,2018-06-01,0
3,2018-07-01,0
3,2018-08-01,0
3,2018-09-01,0
3,2018-10-01,0
3,2018-11-01,0
3,2018-12-01,0
3,2019-01-01,0
3,2019-02-01,0
3,2019-03-01,0
3,2019-04-01,0
3,2019-05-01,0
3,2019-06-01,0
3,2019-07-01,0
3,2019-08-01,0
3,2019-09-01,0
3,2019-10-01,0
3,2019-11-01,0
3,2019-12-01,0
3,2020-01-01,0
3,2020-02-01,0
3,2020-03-01,0
3,2020-04-01,0
3,2020-05-01,0
3,2020-06-01,0
3,2020-07-01,0
3,2020-08-01,0
3,2020-09-01,0
3,2020-10-01,0
3,2020-11-01,0
3,2020-12-01,0
3,2021-01-01,0
3,2021-02-01,0
3,2021-03-01,0
3,2021-04-01,0
3,2021-05-01,0
3,2021-06-01,0
3,2021-07-01,0
3,2021-08-01,0
3,2021-09-01,0
3,2021-10-01,0
3,2021-11-01,0
3,2021-12-01,0
3,2022-01-01,0
3,2022-02-01,0
3,2022-03-01,0
3,2022-04-01,0
3,2022-05-01,0
3,2022-06-01,0
3,2022-07-01,0
3,2022-08-01,0
3,2022-09-01,0
3,2022-10-01,0
3,2022-11-01,0
3,2022-12-01,0
3,2023-01-01,0
3,2023-02-01,0
3,2023-03-01,0
3,2023-04-01,0
3,2023-05-01,0
3,2023-06-01,0
3,2023-07-01,0
3,2023-08-01,0
3,2023-09-01,0
3,2023-10-01,0
3,2023-11-01,0
3,2023-12-01,0
3,2024-01-01,0
3,2024-02-01,0
3,2024-03-01,0
3,2024-04-01,0
3,2024-05-01,0
3,2024-06-01,0
3,2024-07-01,0
3,2024-08-01,0
3,2024-09-01,0
3,2024-10-01,0
3,2024-11-01,0
3,2024-12-01,0
3,2025-01-01,0
3,2025-02-01,0
3,2025-03-01,0
3,2025-04-01,0
3,2025-05-01,0
3,2025-06-01,0
3,2025-07-01,0
3,2025-08-01,0
3,2025-09-01,0
3,2025-10-01,0
3,2025-11-01,0
3,2025-12-01,0
4,2018-01-01,0
4,2018-02-01,0
4,2018-03-01,0
4,2018-04-01,0
4,2018-05-01,0
4,2018-06-01,0
4,2018-07-01,0
4,2018-08-01,0
4,2018-09-01,0
4,2018-10-01,0
4,2018-11-01,0
4,2018-12-01,0
4,2019-01-01,0
4,2019-02-01,0
4,2019-03-01,0
4,2019-04-01,0
4,2019-05-01,0
4,2019-06-01,0
4,2019-07-01,0
4,2019-08-01,0
4,2019-09-01,0
4,2019-10-01,0
4,2019-11-01,0
4,2019-12-01,0
4,2020-01-01,0
4,2020-02-01,0
4,2020-03-01,0
4,2020-04-01,0
4,2020-05-01,0
4,2020-06-01,0
4,2020-07-01,0
4,2020-08-01,0
4,2020-09-01,0
4,2020-10-01,0
4,2020-11-01,0
4,2020-12-01,0
4,2021-01-01,0
4,2021-02-01,0
4,2021-03-01,0
4,2021-04-01,0
4,2021-05-01,0
4,2021-06-01,0
4,2021-07-01,0
4,2021-08-01,0
4,2021-09-01,0
4,2021-10-01,0
4,2021-11-01,0
4,2021-12-01,0
4,2022-01-01,0
4,2022-02-01,0
4,2022-03-01,0
4,2022-04-01,0
4,2022-05-01,0
4,2022-06-01,0
4,2022-07-01,0
4,2022-08-01,0
4,2022-09-01,0
4,2022-10-01,0
4,2022-11-01,0
4,2022-12-01,0
4,2023-01-01,0
4,2023-02-01,0
4,2023-03-01,0
4,2023-04-01,0
4,2023-05-01,0
4,2023-06-01,0
4,2023-07-01,0
4,2023-08-01,0
4,2023-09-01,0
4,2023-10-01,0
4,2023-11-01,0
4,2023-12-01,0
4,2024-01-01,0
4,2024-02-01,0
4,2024-03-01,0
4,2024-04-01,0
4,2024-05-01,0
4,2024-06-01,0
4,2024-07-01,0
4,2024-08-01,0
4,2024-09-01,0
4,2024-10-01,0
4,2024-11-01,0
4,2024-12-01,0
4,2025-01-01,0
4,2025-02-01,0
4,2025-03-01,0
4,2025-04-01,0
4,2025-05-01,0
4,2025-06-01,0
4,2025-07-01,0
4,2025-08-01,0
4,2025-09-01,0
4,2025-10-01,0
4,2025-11-01,0
4,2025-12-01,0
5,2018-01-01,7
5,2018-02-01,6
5,2018-03-01,11
5,2018-04-01,3
5,2018-05-01,10
5,2018-06-01,10
5,2018-07-01,6
5,2018-08-01,2
5,2018-09-01,5
5,2018-10-01,8
5,2018-11-01,9
5,2018-12-01,8
5,2019-01-01,5
5,2019-02-01,7
5,2019-03-01,9
5,2019-04-01,5
5,2019-05-01,9
5,2019-06-01,8
5,2019-07-01,9
5,2019-08-01,8
5,2019-09-01,3
5,2019-10-01,9
5,2019-11-01,10
5,2019-12-01,9
5,2020-01-01,12
5,2020-02-01,4
5,2020-03-01,9
5,2020-04-01,2
5,2020-05-01,2
5,2020-06-01,4
5,2020-07-01,6
5,2020-08-01,5
5,2020-09-01,5
5,2020-10-01,6
5,2020-11-01,5
5,2020-12-01,7
5,2021-01-01,7
5,2021-02-01,7
5,2021-03-01,2
5,2021-04-01,2
5,2021-05-01,4
5,2021-06-01,7
5,2021-07-01,5
5,2021-08-01,11
5,2021-09-01,2
5,2021-10-01,14
5,2021-11-01,7
5,2021-12-01,6
5,2022-01-01,3
5,2022-02-01,6
5,2022-03-01,8
5,2022-04-01,8
5,2022-05-01,3
5,2022-06-01,8
5,2022-07-01,10
5,2022-08-01,9
5,2022-09-01,15
5,2022-10-01,16
5,2022-11-01,11
5,2022-12-01,7
5,2023-01-01,13
5,2023-02-01,14
5,2023-03-01,8
5,2023-04-01,12
5,2023-05-01,13
5,2023-06-01,11
5,2023-07-01,5
5,2023-08-01,10
5,2023-09-01,4
5,2023-10-01,10
5,2023-11-01,10
5,2023-12-01,6
5,2024-01-01,9
5,2024-02-01,4
5,2024-03-01,9
5,2024-04-01,12
5,2024-05-01,13
5,2024-06-01,11
5,2024-07-01,25
5,2024-08-01,22
5,2024-09-01,11
5,2024-10-01,23
5,2024-11-01,11
5,2024-12-01,10
5,2025-01-01,11
5,2025-02-01,10
5,2025-03-01,9
5,2025-04-01,22
5,2025-05-01,8
5,2025-06-01,15
5,2025-07-01,6
5,2025-08-01,18
5,2025-09-01,16
5,2025-10-01,8
5,2025-11-01,12
5,2025-12-01,16
6,2018-01-01,15
6,2018-02-01,6
6,2018-03-01,3
6,2018-04-01,5
6,2018-05-01,16
6,2018-06-01,11
6,2018-07-01,17
6,2018-08-01,18
6,2018-09-01,11
6,2018-10-01,20
6,2018-11-01,16
6,2018-12-01,17
6,2019-01-01,8
6,2019-02-01,4
6,2019-03-01,13
6,2019-04-01,12
6,2019-05-01,15
6,2019-06-01,12
6,2019-07-01,20
6,2019-08-01,16
6,2019-09-01,15
6,2019-10-01,10
6,2019-11-01,11
6,2019-12-01,7
6,2020-01-01,12
6,2020-02-01,7
6,2020-03-01,8
6,2020-04-01,4
6,2020-05-01,10
6,2020-06-01,13
6,2020-07-01,16
6,2020-08-01,13
6,2020-09-01,14
6,2020-10-01,17
6,2020-11-01,16
6,2020-12-01,14
6,2021-01-01,16
6,2021-02-01,9
6,2021-03-01,14
6,2021-04-01,11
6,2021-05-01,20
6,2021-06-01,15
6,2021-07-01,12
6,2021-08-01,13
6,2021-09-01,23
6,2021-10-01,17
6,2021-11-01,18
6,2021-12-01,22
6,2022-01-01,17
6,2022-02-01,19
6,2022-03-01,22
6,2022-04-01,18
6,2022-05-01,17
6,2022-06-01,27
6,2022-07-01,15
6,2022-08-01,30
6,2022-09-01,30
6,2022-10-01,20
6,2022-11-01,21
6,2022-12-01,14
6,2023-01-01,16
6,2023-02-01,18
6,2023-03-01,9
6,2023-04-01,15
6,2023-05-01,13
6,2023-06-01,20
6,2023-07-01,17
6,2023-08-01,13
6,2023-09-01,20
6,2023-10-01,16
6,2023-11-01,22
6,2023-12-01,15
6,2024-01-01,11
6,2024-02-01,13
6,2024-03-01,14
6,2024-04-01,15
6,2024-05-01,16
6,2024-06-01,14
6,2024-07-01,11
6,2024-08-01,16
6,2024-09-01,16
6,2024-10-01,14
6,2024-11-01,5
6,2024-12-01,11
6,2025-01-01,5
6,2025-02-01,10
6,2025-03-01,5
6,2025-04-01,12
6,2025-05-01,16
6,2025-06-01,8
6,2025-07-01,8
6,2025-08-01,11
6,2025-09-01,19
6,2025-10-01,15
6,2025-11-01,8
6,2025-12-01,6
7,2018-01-01,14
7,2018-02-01,13
7,2018-03-01,12
7,2018-04-01,5
7,2018-05-01,9
7,2018-06-01,11
7,2018-07-01,7
7,2018-08-01,8
7,2018-09-01,8
7,2018-10-01,13
7,2018-11-01,11
7,2018-12-01,8
7,2019-01-01,12
7,2019-02-01,7
7,2019-03-01,12
7,2019-04-01,7
7,2019-05-01,11
7,2019-06-01,9
7,2019-07-01,12
7,2019-08-01,23
7,2019-09-01,12
7,2019-10-01,19
7,2019-11-01,13
7,2019-12-01,13
7,2020-01-01,12
7,2020-02-01,8
7,2020-03-01,12
7,2020-04-01,10
7,2020-05-01,5
7,2020-06-01,6
7,2020-07-01,7
7,2020-08-01,11
7,2020-09-01,13
7,2020-10-01,8
7,2020-11-01,7
7,2020-12-01,17
7,2021-01-01,2
7,2021-02-01,4
7,2021-03-01,4
7,2021-04-01,4
7,2021-05-01,11
7,2021-06-01,18
7,2021-07-01,16
7,2021-08-01,13
7,2021-09-01,10
7,2021-10-01,9
7,2021-11-01,15
7,2021-12-01,13
7,2022-01-01,10
7,2022-02-01,13
7,2022-03-01,16
7,2022-04-01,15
7,2022-05-01,11
7,2022-06-01,21
7,2022-07-01,12
7,2022-08-01,24
7,2022-09-01,16
7,2022-10-01,19
7,2022-11-01,12
7,2022-12-01,9
7,2023-01-01,7
7,2023-02-01,11
7,2023-03-01,16
7,2023-04-01,6
7,2023-05-01,12
7,2023-06-01,14
7,2023-07-01,12
7,2023-08-01,13
7,2023-09-01,11
7,2023-10-01,9
7,2023-11-01,14
7,2023-12-01,15
7,2024-01-01,9
7,2024-02-01,4
7,2024-03-01,10
7,2024-04-01,16
7,2024-05-01,5
7,2024-06-01,4
7,2024-07-01,11
7,2024-08-01,11
7,2024-09-01,12
7,2024-10-01,7
7,2024-11-01,7
7,2024-12-01,8
7,2025-01-01,7
7,2025-02-01,11
7,2025-03-01,14
7,2025-04-01,10
7,2025-05-01,9
7,2025-06-01,6
7,2025-07-01,16
7,2025-08-01,15
7,2025-09-01,5
7,2025-10-01,8
7,2025-11-01,8
7,2025-12-01,4
8,2018-01-01,0
8,2018-02-01,0
8,2018-03-01,0
8,2018-04-01,0
8,2018-05-01,0
8,2018-06-01,0
8,2018-07-01,0
8,2018-08-01,0
8,2018-09-01,0
8,2018-10-01,0
8,2018-11-01,0
8,2018-12-01,0
8,2019-01-01,0
8,2019-02-01,0
8,2019-03-01,0
8,2019-04-01,0
8,2019-05-01,0
8,2019-06-01,0
8,2019-07-01,0
8,2019-08-01,0
8,2019-09-01,0
8,2019-10-01,0
8,2019-11-01,0
8,2019-12-01,0
8,2020-01-01,0
8,2020-02-01,0
8,2020-03-01,0
8,2020-04-01,0
8,2020-05-01,0
8,2020-06-01,0
8,2020-07-01,0
8,2020-08-01,0
8,2020-09-01,0
8,2020-10-01,0
8,2020-11-01,0
8,2020-12-01,0
8,2021-01-01,0
8,2021-02-01,0
8,2021-03-01,0
8,2021-04-01,0
8,2021-05-01,0
8,2021-06-01,0
8,2021-07-01,0
8,2021-08-01,0
8,2021-09-01,0
8,2021-10-01,0
8,2021-11-01,0
8,2021-12-01,0
8,2022-01-01,0
8,2022-02-01,0
8,2022-03-01,0
8,2022-04-01,0
8,2022-05-01,0
8,2022-06-01,0
8,2022-07-01,0
8,2022-08-01,0
8,2022-09-01,0
8,2022-10-01,0
8,2022-11-01,0
8,2022-12-01,0
8,2023-01-01,0
8,2023-02-01,0
8,2023-03-01,0
8,2023-04-01,0
8,2023-05-01,0
8,2023-06-01,0
8,2023-07-01,0
8,2023-08-01,0
8,2023-09-01,0
8,2023-10-01,0
8,2023-11-01,0
8,2023-12-01,0
8,2024-01-01,0
8,2024-02-01,0
8,2024-03-01,0
8,2024-04-01,0
8,2024-05-01,0
8,2024-06-01,0
8,2024-07-01,0
8,2024-08-01,0
8,2024-09-01,0
8,2024-10-01,0
8,2024-11-01,0
8,2024-12-01,0
8,2025-01-01,0
8,2025-02-01,0
8,2025-03-01,0
8,2025-04-01,0
8,2025-05-01,0
8,2025-06-01,0
8,2025-07-01,0
8,2025-08-01,0
8,2025-09-01,0
8,2025-10-01,0
8,2025-11-01,0
8,2025-12-01,0
9,2018-01-01,9
9,2018-02-01,12
9,2018-03-01,6
9,2018-04-01,7
9,2018-05-01,6
9,2018-06-01,5
9,2018-07-01,7
9,2018-08-01,8
9,2018-09-01,9
9,2018-10-01,8
9,2018-11-01,4
9,2018-12-01,3
9,2019-01-01,5
9,2019-02-01,6
9,2019-03-01,10
9,2019-04-01,10
9,2019-05-01,11
9,2019-06-01,6
9,2019-07-01,11
9,2019-08-01,13
9,2019-09-01,15
9,2019-10-01,9
9,2019-11-01,10
9,2019-12-01,13
9,2020-01-01,9
9,2020-02-01,7
9,2020-03-01,5
9,2020-04-01,9
9,2020-05-01,3
9,2020-06-01,13
9,2020-07-01,6
9,2020-08-01,10
9,2020-09-01,11
9,2020-10-01,11
9,2020-11-01,7
9,2020-12-01,3
9,2021-01-01,10
9,2021-02-01,14
9,2021-03-01,8
9,2021-04-01,11
9,2021-05-01,12
9,2021-06-01,14
9,2021-07-01,12
9,2021-08-01,17
9,2021-09-01,20
9,2021-10-01,27
9,2021-11-01,27
9,2021-12-01,11
9,2022-01-01,19
9,2022-02-01,32
9,2022-03-01,22
9,2022-04-01,18
9,2022-05-01,17
9,2022-06-01,22
9,2022-07-01,23
9,2022-08-01,15
9,2022-09-01,17
9,2022-10-01,11
9,2022-11-01,13
9,2022-12-01,13
9,2023-01-01,9
9,2023-02-01,12
9,2023-03-01,20
9,2023-04-01,13
9,2023-05-01,22
9,2023-06-01,14
9,2023-07-01,19
9,2023-08-01,21
9,2023-09-01,18
9,2023-10-01,10
9,2023-11-01,13
9,2023-12-01,18
9,2024-01-01,11
9,2024-02-01,12
9,2024-03-01,9
9,2024-04-01,6
9,2024-05-01,15
9,2024-06-01,9
9,2024-07-01,7
9,2024-08-01,12
9,2024-09-01,13
9,2024-10-01,17
9,2024-11-01,19
9,2024-12-01,11
9,2025-01-01,9
9,2025-02-01,6
9,2025-03-01,7
9,2025-04-01,14
9,2025-05-01,13
9,2025-06-01,13
9,2025-07-01,5
9,2025-08-01,14
9,2025-09-01,9
9,2025-10-01,4
9,2025-11-01,10
9,2025-12-01,7
10,2018-01-01,7
10,2018-02-01,6
10,2018-03-01,3
10,2018-04-01,10
10,2018-05-01,8
10,2018-06-01,7
10,2018-07-01,6
10,2018-08-01,9
10,2018-09-01,5
10,2018-10-01,7
10,2018-11-01,6
10,2018-12-01,7
10,2019-01-01,4
10,2019-02-01,8
10,2019-03-01,9
10,2019-04-01,6
10,2019-05-01,11
10,2019-06-01,10
10,2019-07-01,11
10,2019-08-01,19
10,2019-09-01,12
10,2019-10-01,19
10,2019-11-01,5
10,2019-12-01,9
10,2020-01-01,13
10,2020-02-01,12
10,2020-03-01,13
10,2020-04-01,4
10,2020-05-01,6
10,2020-06-01,11
10,2020-07-01,11
10,2020-08-01,11
10,2020-09-01,13
10,2020-10-01,11
10,2020-11-01,13
10,2020-12-01,9
10,2021-01-01,6
10,2021-02-01,9
10,2021-03-01,9
10,2021-04-01,5
10,2021-05-01,10
10,2021-06-01,22
10,2021-07-01,8
10,2021-08-01,8
10,2021-09-01,19
10,2021-10-01,14
10,2021-11-01,17
10,2021-12-01,15
10,2022-01-01,14
10,2022-02-01,12
10,2022-03-01,8
10,2022-04-01,15
10,2022-05-01,13
10,2022-06-01,14
10,2022-07-01,9
10,2022-08-01,13
10,2022-09-01,16
10,2022-10-01,18
10,2022-11-01,12
10,2022-12-01,8
10,2023-01-01,7
10,2023-02-01,16
10,2023-03-01,12
10,2023-04-01,13
10,2023-05-01,8
10,2023-06-01,12
10,2023-07-01,16
10,2023-08-01,14
10,2023-09-01,7
10,2023-10-01,12
10,2023-11-01,10
10,2023-12-01,8
10,2024-01-01,10
10,2024-02-01,6
10,2024-03-01,8
10,2024-04-01,11
10,2024-05-01,14
10,2024-06-01,6
10,2024-07-01,7
10,2024-08-01,10
10,2024-09-01,8
10,2024-10-01,12
10,2024-11-01,9
10,2024-12-01,6
10,2025-01-01,8
10,2025-02-01,8
10,2025-03-01,10
10,2025-04-01,9
10,2025-05-01,8
10,2025-06-01,6
10,2025-07-01,14
10,2025-08-01,10
10,2025-09-01,8
10,2025-10-01,11
10,2025-11-01,10
10,2025-12-01,8
11,2018-01-01,0
11,2018-02-01,0
11,2018-03-01,0
11,2018-04-01,0
11,2018-05-01,0
11,2018-06-01,0
11,2018-07-01,0
11,2018-08-01,0
11,2018-09-01,0
11,2018-10-01,0
11,2018-11-01,0
11,2018-12-01,0
11,2019-01-01,0
11,2019-02-01,0
11,2019-03-01,0
11,2019-04-01,0
11,2019-05-01,0
11,2019-06-01,0
11,2019-07-01,0
11,2019-08-01,0
11,2019-09-01,0
11,2019-10-01,0
11,2019-11-01,0
11,2019-12-01,0
11,2020-01-01,0
11,2020-02-01,0
11,2020-03-01,0
11,2020-04-01,0
11,2020-05-01,0
11,2020-06-01,0
11,2020-07-01,0
11,2020-08-01,0
11,2020-09-01,0
11,2020-10-01,0
11,2020-11-01,0
11,2020-12-01,0
11,2021-01-01,0
11,2021-02-01,0
11,2021-03-01,0
11,2021-04-01,0
11,2021-05-01,0
11,2021-06-01,0
11,2021-07-01,0
11,2021-08-01,0
11,2021-09-01,0
11,2021-10-01,0
11,2021-11-01,0
11,2021-12-01,0
11,2022-01-01,0
11,2022-02-01,0
11,2022-03-01,0
11,2022-04-01,0
11,2022-05-01,0
11,2022-06-01,0
11,2022-07-01,0
11,2022-08-01,0
11,2022-09-01,0
11,2022-10-01,0
11,2022-11-01,0
11,2022-12-01,0
11,2023-01-01,0
11,2023-02-01,0
11,2023-03-01,0
11,2023-04-01,0
11,2023-05-01,0
11,2023-06-01,0
11,2023-07-01,0
11,2023-08-01,0
11,2023-09-01,0
11,2023-10-01,0
11,2023-11-01,0
11,2023-12-01,0
11,2024-01-01,0
11,2024-02-01,0
11,2024-03-01,0
11,2024-04-01,0
11,2024-05-01,0
11,2024-06-01,0
11,2024-07-01,0
11,2024-08-01,0
11,2024-09-01,0
11,2024-10-01,0
11,2024-11-01,0
11,2024-12-01,0
11,2025-01-01,0
11,2025-02-01,0
11,2025-03-01,0
11,2025-04-01,0
11,2025-05-01,0
11,2025-06-01,0
11,2025-07-01,0
11,2025-08-01,0
11,2025-09-01,0
11,2025-10-01,0
11,2025-11-01,0
11,2025-12-01,0
12,2018-01-01,0
12,2018-02-01,0
12,2018-03-01,0
12,2018-04-01,0
12,2018-05-01,0
12,2018-06-01,0
12,2018-07-01,0
12,2018-08-01,0
12,2018-09-01,0
12,2018-10-01,0
12,2018-11-01,0
12,2018-12-01,0
12,2019-01-01,0
12,2019-02-01,0
12,2019-03-01,0
12,2019-04-01,0
12,2019-05-01,0
12,2019-06-01,0
12,2019-07-01,0
12,2019-08-01,0
12,2019-09-01,0
12,2019-10-01,0
12,2019-11-01,0
12,2019-12-01,0
12,2020-01-01,0
12,2020-02-01,0
12,2020-03-01,0
12,2020-04-01,0
12,2020-05-01,0
12,2020-06-01,0
12,2020-07-01,0
12,2020-08-01,0
12,2020-09-01,0
12,2020-10-01,0
12,2020-11-01,0
12,2020-12-01,0
12,2021-01-01,0
12,2021-02-01,0
12,2021-03-01,0
12,2021-04-01,0
12,2021-05-01,0
12,2021-06-01,0
12,2021-07-01,0
12,2021-08-01,0
12,2021-09-01,0
12,2021-10-01,0
12,2021-11-01,0
12,2021-12-01,0
12,2022-01-01,0
12,2022-02-01,0
12,2022-03-01,0
12,2022-04-01,0
12,2022-05-01,0
12,2022-06-01,0
12,2022-07-01,0
12,2022-08-01,0
12,2022-09-01,0
12,2022-10-01,0
12,2022-11-01,0
12,2022-12-01,0
12,2023-01-01,0
12,2023-02-01,0
12,2023-03-01,0
12,2023-04-01,0
12,2023-05-01,0
12,2023-06-01,0
12,2023-07-01,0
12,2023-08-01,0
12,2023-09-01,0
12,2023-10-01,0
12,2023-11-01,0
12,2023-12-01,0
12,2024-01-01,0
12,2024-02-01,0
12,2024-03-01,0
12,2024-04-01,0
12,2024-05-01,0
12,2024-06-01,0
12,2024-07-01,0
12,2024-08-01,0
12,2024-09-01,0
12,2024-10-01,0
12,2024-11-01,0
12,2024-12-01,0
12,2025-01-01,0
12,2025-02-01,0
12,2025-03-01,0
12,2025-04-01,0
12,2025-05-01,0
12,2025-06-01,0
12,2025-07-01,0
12,2025-08-01,0
12,2025-09-01,0
12,2025-10-01,0
12,2025-11-01,0
12,2025-12-01,0
13,2018-01-01,12
13,2018-02-01,8
13,2018-03-01,12
13,2018-04-01,10
13,2018-05-01,17
13,2018-06-01,10
13,2018-07-01,18
13,2018-08-01,10
13,2018-09-01,15
13,2018-10-01,17
13,2018-11-01,11
13,2018-12-01,11
13,2019-01-01,10
13,2019-02-01,12
13,2019-03-01,11
13,2019-04-01,11
13,2019-05-01,18
13,2019-06-01,16
13,2019-07-01,10
13,2019-08-01,20
13,2019-09-01,23
13,2019-10-01,15
13,2019-11-01,10
13,2019-12-01,16
13,2020-01-01,15
13,2020-02-01,17
13,2020-03-01,14
13,2020-04-01,9
13,2020-05-01,10
13,2020-06-01,12
13,2020-07-01,13
13,2020-08-01,15
13,2020-09-01,12
13,2020-10-01,20
13,2020-11-01,14
13,2020-12-01,16
13,2021-01-01,8
13,2021-02-01,12
13,2021-03-01,11
13,2021-04-01,11
13,2021-05-01,19
13,2021-06-01,15
13,2021-07-01,14
13,2021-08-01,27
13,2021-09-01,23
13,2021-10-01,24
13,2021-11-01,10
13,2021-12-01,15
13,2022-01-01,18
13,2022-02-01,12
13,2022-03-01,17
13,2022-04-01,18
13,2022-05-01,18
13,2022-06-01,13
13,2022-07-01,19
13,2022-08-01,13
13,2022-09-01,18
13,2022-10-01,22
13,2022-11-01,13
13,2022-12-01,9
13,2023-01-01,17
13,2023-02-01,13
13,2023-03-01,14
13,2023-04-01,10
13,2023-05-01,10
13,2023-06-01,15
13,2023-07-01,15
13,2023-08-01,16
13,2023-09-01,21
13,2023-10-01,17
13,2023-11-01,12
13,2023-12-01,15
13,2024-01-01,12
13,2024-02-01,14
13,2024-03-01,8
13,2024-04-01,9
13,2024-05-01,16
13,2024-06-01,12
13,2024-07-01,17
13,2024-08-01,15
13,2024-09-01,15
13,2024-10-01,13
13,2024-11-01,30
13,2024-12-01,18
13,2025-01-01,12
13,2025-02-01,12
13,2025-03-01,12
13,2025-04-01,15
13,2025-05-01,24
13,2025-06-01,21
13,2025-07-01,9
13,2025-08-01,19
13,2025-09-01,16
13,2025-10-01,19
13,2025-11-01,20
13,2025-12-01,11
14,2018-01-01,13
14,2018-02-01,12
14,2018-03-01,12
14,2018-04-01,6
14,2018-05-01,9
14,2018-06-01,11
14,2018-07-01,17
14,2018-08-01,13
14,2018-09-01,11
14,2018-10-01,17
14,2018-11-01,13
14,2018-12-01,19
14,2019-01-01,12
14,2019-02-01,8
14,2019-03-01,7
14,2019-04-01,10
14,2019-05-01,8
14,2019-06-01,11
14,2019-07-01,17
14,2019-08-01,14
14,2019-09-01,13
14,2019-10-01,15
14,2019-11-01,11
14,2019-12-01,16
14,2020-01-01,13
14,2020-02-01,11
14,2020-03-01,12
14,2020-04-01,6
14,2020-05-01,10
14,2020-06-01,9
14,2020-07-01,15
14,2020-08-01,14
14,2020-09-01,18
14,2020-10-01,23
14,2020-11-01,22
14,2020-12-01,23
14,2021-01-01,25
14,2021-02-01,28
14,2021-03-01,36
14,2021-04-01,23
14,2021-05-01,36
14,2021-06-01,29
14,2021-07-01,37
14,2021-08-01,36
14,2021-09-01,51
14,2021-10-01,57
14,2021-11-01,38
14,2021-12-01,30
14,2022-01-01,34
14,2022-02-01,41
14,2022-03-01,45
14,2022-04-01,49
14,2022-05-01,65
14,2022-06-01,62
14,2022-07-01,69
14,2022-08-01,46
14,2022-09-01,54
14,2022-10-01,66
14,2022-11-01,67
14,2022-12-01,57
14,2023-01-01,53
14,2023-02-01,31
14,2023-03-01,45
14,2023-04-01,40
14,2023-05-01,36
14,2023-06-01,46
14,2023-07-01,28
14,2023-08-01,45
14,2023-09-01,33
14,2023-10-01,36
14,2023-11-01,36
14,2023-12-01,23
14,2024-01-01,24
14,2024-02-01,26
14,2024-03-01,31
14,2024-04-01,40
14,2024-05-01,30
14,2024-06-01,42
14,2024-07-01,39
14,2024-08-01,42
14,2024-09-01,33
14,2024-10-01,35
14,2024-11-01,39
14,2024-12-01,24
14,2025-01-01,24
14,2025-02-01,24
14,2025-03-01,27
14,2025-04-01,28
14,2025-05-01,39
14,2025-06-01,28
14,2025-07-01,18
14,2025-08-01,32
14,2025-09-01,31
14,2025-10-01,41
14,2025-11-01,29
14,2025-12-01,26
15,2018-01-01,0
15,2018-02-01,0
15,2018-03-01,0
15,2018-04-01,0
15,2018-05-01,0
15,2018-06-01,0
15,2018-07-01,0
15,2018-08-01,0
15,2018-09-01,0
15,2018-10-01,0
15,2018-11-01,0
15,2018-12-01,0
15,2019-01-01,0
15,2019-02-01,0
15,2019-03-01,0
15,2019-04-01,0
15,2019-05-01,0
15,2019-06-01,0
15,2019-07-01,0
15,2019-08-01,0
15,2019-09-01,0
15,2019-10-01,0
15,2019-11-01,0
15,2019-12-01,0
15,2020-01-01,0
15,2020-02-01,0
15,2020-03-01,0
15,2020-04-01,0
15,2020-05-01,0
15,2020-06-01,0
15,2020-07-01,0
15,2020-08-01,0
15,2020-09-01,0
15,2020-10-01,0
15,2020-11-01,0
15,2020-12-01,0
15,2021-01-01,0
15,2021-02-01,0
15,2021-03-01,0
15,2021-04-01,0
15,2021-05-01,0
15,2021-06-01,0
15,2021-07-01,0
15,2021-08-01,0
15,2021-09-01,0
15,2021-10-01,0
15,2021-11-01,0
15,2021-12-01,0
15,2022-01-01,0
15,2022-02-01,0
15,2022-03-01,0
15,2022-04-01,0
15,2022-05-01,0
15,2022-06-01,0
15,2022-07-01,0
15,2022-08-01,0
15,2022-09-01,0
15,2022-10-01,0
15,2022-11-01,0
15,2022-12-01,0
15,2023-01-01,0
15,2023-02-01,0
15,2023-03-01,0
15,2023-04-01,0
15,2023-05-01,0
15,2023-06-01,0
15,2023-07-01,0
15,2023-08-01,0
15,2023-09-01,0
15,2023-10-01,0
15,2023-11-01,0
15,2023-12-01,0
15,2024-01-01,0
15,2024-02-01,0
15,2024-03-01,0
15,2024-04-01,0
15,2024-05-01,0
15,2024-06-01,0
15,2024-07-01,0
15,2024-08-01,0
15,2024-09-01,0
15,2024-10-01,0
15,2024-11-01,0
15,2024-12-01,0
15,2025-01-01,0
15,2025-02-01,0
15,2025-03-01,0
15,2025-04-01,0
15,2025-05-01,0
15,2025-06-01,0
15,2025-07-01,0
15,2025-08-01,0
15,2025-09-01,0
15,2025-10-01,0
15,2025-11-01,0
15,2025-12-01,0
16,2018-01-01,0
16,2018-02-01,0
16,2018-03-01,0
16,2018-04-01,0
16,2018-05-01,0
16,2018-06-01,0
16,2018-07-01,0
16,2018-08-01,0
16,2018-09-01,0
16,2018-10-01,0
16,2018-11-01,0
16,2018-12-01,0
16,2019-01-01,0
16,2019-02-01,0
16,2019-03-01,0
16,2019-04-01,0
16,2019-05-01,0
16,2019-06-01,0
16,2019-07-01,0
16,2019-08-01,0
16,2019-09-01,0
16,2019-10-01,0
16,2019-11-01,0
16,2019-12-01,0
16,2020-01-01,0
16,2020-02-01,0
16,2020-03-01,0
16,2020-04-01,0
16,2020-05-01,0
16,2020-06-01,0
16,2020-07-01,0
16,2020-08-01,0
16,2020-09-01,0
16,2020-10-01,0
16,2020-11-01,0
16,2020-12-01,0
16,2021-01-01,0
16,2021-02-01,0
16,2021-03-01,0
16,2021-04-01,0
16,2021-05-01,0
16,2021-06-01,0
16,2021-07-01,0
16,2021-08-01,0
16,2021-09-01,0
16,2021-10-01,0
16,2021-11-01,0
16,2021-12-01,0
16,2022-01-01,0
16,2022-02-01,0
16,2022-03-01,0
16,2022-04-01,0
16,2022-05-01,0
16,2022-06-01,0
16,2022-07-01,0
16,2022-08-01,0
16,2022-09-01,0
16,2022-10-01,0
16,2022-11-01,0
16,2022-12-01,0
16,2023-01-01,0
16,2023-02-01,0
16,2023-03-01,0
16,2023-04-01,0
16,2023-05-01,0
16,2023-06-01,0
16,2023-07-01,0
16,2023-08-01,0
16,2023-09-01,0
16,2023-10-01,0
16,2023-11-01,0
16,2023-12-01,0
16,2024-01-01,0
16,2024-02-01,0
16,2024-03-01,0
16,2024-04-01,0
16,2024-05-01,0
16,2024-06-01,0
16,2024-07-01,0
16,2024-08-01,0
16,2024-09-01,0
16,2024-10-01,0
16,2024-11-01,0
16,2024-12-01,0
16,2025-01-01,0
16,2025-02-01,0
16,2025-03-01,0
16,2025-04-01,0
16,2025-05-01,0
16,2025-06-01,0
16,2025-07-01,0
16,2025-08-01,0
16,2025-09-01,0
16,2025-10-01,0
16,2025-11-01,0
16,2025-12-01,0
17,2018-01-01,5
17,2018-02-01,7
17,2018-03-01,7
17,2018-04-01,4
17,2018-05-01,7
17,2018-06-01,6
17,2018-07-01,4
17,2018-08-01,3
17,2018-09-01,4
17,2018-10-01,6
17,2018-11-01,5
17,2018-12-01,5
17,2019-01-01,5
17,2019-02-01,2
17,2019-03-01,5
17,2019-04-01,2
17,2019-05-01,3
17,2019-06-01,5
17,2019-07-01,7
17,2019-08-01,7
17,2019-09-01,8
17,2019-10-01,5
17,2019-11-01,4
17,2019-12-01,7
17,2020-01-01,8
17,2020-02-01,4
17,2020-03-01,2
17,2020-04-01,4
17,2020-05-01,0
17,2020-06-01,5
17,2020-07-01,6
17,2020-08-01,14
17,2020-09-01,6
17,2020-10-01,4
17,2020-11-01,4
17,2020-12-01,7
17,2021-01-01,3
17,2021-02-01,5
17,2021-03-01,6
17,2021-04-01,3
17,2021-05-01,9
17,2021-06-01,3
17,2021-07-01,5
17,2021-08-01,11
17,2021-09-01,9
17,2021-10-01,17
17,2021-11-01,10
17,2021-12-01,14
17,2022-01-01,7
17,2022-02-01,1
17,2022-03-01,5
17,2022-04-01,9
17,2022-05-01,11
17,2022-06-01,8
17,2022-07-01,9
17,2022-08-01,9
17,2022-09-01,10
17,2022-10-01,8
17,2022-11-01,11
17,2022-12-01,7
17,2023-01-01,11
17,2023-02-01,6
17,2023-03-01,7
17,2023-04-01,3
17,2023-05-01,4
17,2023-06-01,16
17,2023-07-01,12
17,2023-08-01,19
17,2023-09-01,10
17,2023-10-01,8
17,2023-11-01,11
17,2023-12-01,4
17,2024-01-01,6
17,2024-02-01,5
17,2024-03-01,4
17,2024-04-01,13
17,2024-05-01,7
17,2024-06-01,2
17,2024-07-01,6
17,2024-08-01,8
17,2024-09-01,8
17,2024-10-01,3
17,2024-11-01,6
17,2024-12-01,4
17,2025-01-01,1
17,2025-02-01,5
17,2025-03-01,2
17,2025-04-01,5
17,2025-05-01,5
17,2025-06-01,5
17,2025-07-01,10
17,2025-08-01,10
17,2025-09-01,3
17,2025-10-01,7
17,2025-11-01,4
17,2025-12-01,2
18,2018-01-01,10
18,2018-02-01,14
18,2018-03-01,7
18,2018-04-01,7
18,2018-05-01,9
18,2018-06-01,12
18,2018-07-01,9
18,2018-08-01,11
18,2018-09-01,14
18,2018-10-01,13
18,2018-11-01,6
18,2018-12-01,16
18,2019-01-01,15
18,2019-02-01,12
18,2019-03-01,8
18,2019-04-01,10
18,2019-05-01,17
18,2019-06-01,13
18,2019-07-01,18
18,2019-08-01,20
18,2019-09-01,18
18,2019-10-01,16
18,2019-11-01,18
18,2019-12-01,6
18,2020-01-01,15
18,2020-02-01,14
18,2020-03-01,11
18,2020-04-01,2
18,2020-05-01,6
18,2020-06-01,11
18,2020-07-01,11
18,2020-08-01,17
18,2020-09-01,5
18,2020-10-01,18
18,2020-11-01,11
18,2020-12-01,16
18,2021-01-01,4
18,2021-02-01,6
18,2021-03-01,8
18,2021-04-01,11
18,2021-05-01,9
18,2021-06-01,8
18,2021-07-01,23
18,2021-08-01,12
18,2021-09-01,14
18,2021-10-01,18
18,2021-11-01,11
18,2021-12-01,7
18,2022-01-01,13
18,2022-02-01,15
18,2022-03-01,15
18,2022-04-01,10
18,2022-05-01,9
18,2022-06-01,9
18,2022-07-01,15
18,2022-08-01,13
18,2022-09-01,18
18,2022-10-01,12
18,2022-11-01,22
18,2022-12-01,5
18,2023-01-01,9
18,2023-02-01,12
18,2023-03-01,9
18,2023-04-01,10
18,2023-05-01,8
18,2023-06-01,4
18,2023-07-01,14
18,2023-08-01,15
18,2023-09-01,15
18,2023-10-01,13
18,2023-11-01,13
18,2023-12-01,14
18,2024-01-01,19
18,2024-02-01,17
18,2024-03-01,20
18,2024-04-01,8
18,2024-05-01,19
18,2024-06-01,15
18,2024-07-01,31
18,2024-08-01,28
18,2024-09-01,14
18,2024-10-01,21
18,2024-11-01,22
18,2024-12-01,20
18,2025-01-01,20
18,2025-02-01,18
18,2025-03-01,18
18,2025-04-01,17
18,2025-05-01,27
18,2025-06-01,21
18,2025-07-01,24
18,2025-08-01,27
18,2025-09-01,25
18,2025-10-01,26
18,2025-11-01,12
18,2025-12-01,12
19,2018-01-01,14
19,2018-02-01,7
19,2018-03-01,13
19,2018-04-01,12
19,2018-05-01,19
19,2018-06-01,14
19,2018-07-01,10
19,2018-08-01,10
19,2018-09-01,16
19,2018-10-01,9
19,2018-11-01,7
19,2018-12-01,9
19,2019-01-01,11
19,2019-02-01,13
19,2019-03-01,9
19,2019-04-01,12
19,2019-05-01,8
19,2019-06-01,20
19,2019-07-01,11
19,2019-08-01,17
19,2019-09-01,17
19,2019-10-01,25
19,2019-11-01,16
19,2019-12-01,12
19,2020-01-01,24
19,2020-02-01,17
19,2020-03-01,11
19,2020-04-01,11
19,2020-05-01,17
19,2020-06-01,14
19,2020-07-01,28
19,2020-08-01,21
19,2020-09-01,24
19,2020-10-01,31
19,2020-11-01,18
19,2020-12-01,22
19,2021-01-01,12
19,2021-02-01,8
19,2021-03-01,19
19,2021-04-01,11
19,2021-05-01,9
19,2021-06-01,12
19,2021-07-01,26
19,2021-08-01,12
19,2021-09-01,18
19,2021-10-01,21
19,2021-11-01,17
19,2021-12-01,11
19,2022-01-01,17
19,2022-02-01,18
19,2022-03-01,23
19,2022-04-01,18
19,2022-05-01,20
19,2022-06-01,23
19,2022-07-01,25
19,2022-08-01,20
19,2022-09-01,20
19,2022-10-01,26
19,2022-11-01,15
19,2022-12-01,9
19,2023-01-01,15
19,2023-02-01,15
19,2023-03-01,17
19,2023-04-01,11
19,2023-05-01,20
19,2023-06-01,17
19,2023-07-01,26
19,2023-08-01,14
19,2023-09-01,19
19,2023-10-01,25
19,2023-11-01,17
19,2023-12-01,23
19,2024-01-01,19
19,2024-02-01,15
19,2024-03-01,14
19,2024-04-01,15
19,2024-05-01,15
19,2024-06-01,18
19,2024-07-01,23
19,2024-08-01,26
19,2024-09-01,13
19,2024-10-01,21
19,2024-11-01,14
19,2024-12-01,12
19,2025-01-01,14
19,2025-02-01,14
19,2025-03-01,18
19,2025-04-01,15
19,2025-05-01,12
19,2025-06-01,14
19,2025-07-01,14
19,2025-08-01,12
19,2025-09-01,13
19,2025-10-01,19
19,2025-11-01,11
19,2025-12-01,8
20,2018-01-01,10
20,2018-02-01,9
20,2018-03-01,5
20,2018-04-01,2
20,2018-05-01,4
20,2018-06-01,5
20,2018-07-01,2
20,2018-08-01,6
20,2018-09-01,5
20,2018-10-01,7
20,2018-11-01,3
20,2018-12-01,3
20,2019-01-01,5
20,2019-02-01,3
20,2019-03-01,6
20,2019-04-01,3
20,2019-05-01,6
20,2019-06-01,12
20,2019-07-01,5
20,2019-08-01,4
20,2019-09-01,9
20,2019-10-01,9
20,2019-11-01,11
20,2019-12-01,12
20,2020-01-01,8
20,2020-02-01,7
20,2020-03-01,6
20,2020-04-01,3
20,2020-05-01,4
20,2020-06-01,8
20,2020-07-01,7
20,2020-08-01,12
20,2020-09-01,8
20,2020-10-01,13
20,2020-11-01,7
20,2020-12-01,8
20,2021-01-01,6
20,2021-02-01,3
20,2021-03-01,16
20,2021-04-01,10
20,2021-05-01,10
20,2021-06-01,4
20,2021-07-01,9
20,2021-08-01,5
20,2021-09-01,10
20,2021-10-01,21
20,2021-11-01,10
20,2021-12-01,11
20,2022-01-01,5
20,2022-02-01,13
20,2022-03-01,6
20,2022-04-01,14
20,2022-05-01,10
20,2022-06-01,10
20,2022-07-01,12
20,2022-08-01,10
20,2022-09-01,9
20,2022-10-01,9
20,2022-11-01,10
20,2022-12-01,8
20,2023-01-01,8
20,2023-02-01,8
20,2023-03-01,8
20,2023-04-01,8
20,2023-05-01,9
20,2023-06-01,8
20,2023-07-01,6
20,2023-08-01,5
20,2023-09-01,6
20,2023-10-01,13
20,2023-11-01,9
20,2023-12-01,14
20,2024-01-01,7
20,2024-02-01,8
20,2024-03-01,6
20,2024-04-01,10
20,2024-05-01,7
20,2024-06-01,8
20,2024-07-01,11
20,2024-08-01,11
20,2024-09-01,12
20,2024-10-01,17
20,2024-11-01,16
20,2024-12-01,9
20,2025-01-01,10
20,2025-02-01,4
20,2025-03-01,5
20,2025-04-01,8
20,2025-05-01,7
20,2025-06-01,11
20,2025-07-01,9
20,2025-08-01,11
20,2025-09-01,5
20,2025-10-01,14
20,2025-11-01,8
20,2025-12-01,11
21,2018-01-01,0
21,2018-02-01,0
21,2018-03-01,0
21,2018-04-01,0
21,2018-05-01,0
21,2018-06-01,0
21,2018-07-01,0
21,2018-08-01,0
21,2018-09-01,0
21,2018-10-01,0
21,2018-11-01,0
21,2018-12-01,0
21,2019-01-01,0
21,2019-02-01,0
21,2019-03-01,0
21,2019-04-01,0
21,2019-05-01,0
21,2019-06-01,0
21,2019-07-01,0
21,2019-08-01,0
21,2019-09-01,0
21,2019-10-01,0
21,2019-11-01,0
21,2019-12-01,0
21,2020-01-01,0
21,2020-02-01,0
21,2020-03-01,0
21,2020-04-01,0
21,2020-05-01,0
21,2020-06-01,0
21,2020-07-01,0
21,2020-08-01,0
21,2020-09-01,0
21,2020-10-01,0
21,2020-11-01,0
21,2020-12-01,0
21,2021-01-01,0
21,2021-02-01,0
21,2021-03-01,0
21,2021-04-01,0
21,2021-05-01,0
21,2021-06-01,0
21,2021-07-01,0
21,2021-08-01,0
21,2021-09-01,0
21,2021-10-01,0
21,2021-11-01,0
21,2021-12-01,0
21,2022-01-01,0
21,2022-02-01,0
21,2022-03-01,0
21,2022-04-01,0
21,2022-05-01,0
21,2022-06-01,0
21,2022-07-01,0
21,2022-08-01,0
21,2022-09-01,0
21,2022-10-01,0
21,2022-11-01,0
21,2022-12-01,0
21,2023-01-01,0
21,2023-02-01,0
21,2023-03-01,0
21,2023-04-01,0
21,2023-05-01,0
21,2023-06-01,0
21,2023-07-01,0
21,2023-08-01,0
21,2023-09-01,0
21,2023-10-01,0
21,2023-11-01,0
21,2023-12-01,0
21,2024-01-01,0
21,2024-02-01,0
21,2024-03-01,0
21,2024-04-01,0
21,2024-05-01,0
21,2024-06-01,0
21,2024-07-01,0
21,2024-08-01,0
21,2024-09-01,0
21,2024-10-01,0
21,2024-11-01,0
21,2024-12-01,0
21,2025-01-01,0
21,2025-02-01,0
21,2025-03-01,0
21,2025-04-01,0
21,2025-05-01,0
21,2025-06-01,0
21,2025-07-01,0
21,2025-08-01,0
21,2025-09-01,0
21,2025-10-01,0
21,2025-11-01,0
21,2025-12-01,0
22,2018-01-01,0
22,2018-02-01,0
22,2018-03-01,1
22,2018-04-01,1
22,2018-05-01,3
22,2018-06-01,2
22,2018-07-01,1
22,2018-08-01,1
22,2018-09-01,3
22,2018-10-01,2
22,2018-11-01,0
22,2018-12-01,1
22,2019-01-01,0
22,2019-02-01,1
22,2019-03-01,0
22,2019-04-01,5
22,2019-05-01,2
22,2019-06-01,2
22,2019-07-01,1
22,2019-08-01,4
22,2019-09-01,2
22,2019-10-01,0
22,2019-11-01,3
22,2019-12-01,1
22,2020-01-01,1
22,2020-02-01,1
22,2020-03-01,1
22,2020-04-01,0
22,2020-05-01,0
22,2020-06-01,0
22,2020-07-01,1
22,2020-08-01,2
22,2020-09-01,2
22,2020-10-01,1
22,2020-11-01,1
22,2020-12-01,0
22,2021-01-01,1
22,2021-02-01,0
22,2021-03-01,1
22,2021-04-01,1
22,2021-05-01,3
22,2021-06-01,2
22,2021-07-01,1
22,2021-08-01,2
22,2021-09-01,2
22,2021-10-01,1
22,2021-11-01,0
22,2021-12-01,3
22,2022-01-01,0
22,2022-02-01,1
22,2022-03-01,3
22,2022-04-01,0
22,2022-05-01,1
22,2022-06-01,3
22,2022-07-01,1
22,2022-08-01,7
22,2022-09-01,5
22,2022-10-01,6
22,2022-11-01,1
22,2022-12-01,0
22,2023-01-01,1
22,2023-02-01,1
22,2023-03-01,0
22,2023-04-01,2
22,2023-05-01,1
22,2023-06-01,2
22,2023-07-01,2
22,2023-08-01,6
22,2023-09-01,2
22,2023-10-01,1
22,2023-11-01,2
22,2023-12-01,3
22,2024-01-01,1
22,2024-02-01,8
22,2024-03-01,6
22,2024-04-01,3
22,2024-05-01,2
22,2024-06-01,4
22,2024-07-01,4
22,2024-08-01,6
22,2024-09-01,3
22,2024-10-01,1
22,2024-11-01,0
22,2024-12-01,2
22,2025-01-01,0
22,2025-02-01,1
22,2025-03-01,1
22,2025-04-01,0
22,2025-05-01,0
22,2025-06-01,0
22,2025-07-01,2
22,2025-08-01,2
22,2025-09-01,1
22,2025-10-01,1
22,2025-11-01,2
22,2025-12-01,1
23,2018-01-01,11
23,2018-02-01,12
23,2018-03-01,11
23,2018-04-01,10
23,2018-05-01,19
23,2018-06-01,7
23,2018-07-01,8
23,2018-08-01,24
23,2018-09-01,12
23,2018-10-01,11
23,2018-11-01,11
23,2018-12-01,9
23,2019-01-01,13
23,2019-02-01,11
23,2019-03-01,12
23,2019-04-01,16
23,2019-05-01,18
23,2019-06-01,10
23,2019-07-01,13
23,2019-08-01,12
23,2019-09-01,15
23,2019-10-01,12
23,2019-11-01,23
23,2019-12-01,13
23,2020-01-01,10
23,2020-02-01,14
23,2020-03-01,11
23,2020-04-01,14
23,2020-05-01,10
23,2020-06-01,13
23,2020-07-01,19
23,2020-08-01,13
23,2020-09-01,20
23,2020-10-01,14
23,2020-11-01,13
23,2020-12-01,17
23,2021-01-01,16
23,2021-02-01,15
23,2021-03-01,9
23,2021-04-01,10
23,2021-05-01,16
23,2021-06-01,20
23,2021-07-01,16
23,2021-08-01,18
23,2021-09-01,16
23,2021-10-01,20
23,2021-11-01,16
23,2021-12-01,19
23,2022-01-01,15
23,2022-02-01,11
23,2022-03-01,10
23,2022-04-01,16
23,2022-05-01,22
23,2022-06-01,22
23,2022-07-01,18
23,2022-08-01,23
23,2022-09-01,12
23,2022-10-01,13
23,2022-11-01,15
23,2022-12-01,10
23,2023-01-01,13
23,2023-02-01,19
23,2023-03-01,10
23,2023-04-01,14
23,2023-05-01,16
23,2023-06-01,19
23,2023-07-01,20
23,2023-08-01,14
23,2023-09-01,20
23,2023-10-01,16
23,2023-11-01,23
23,2023-12-01,25
23,2024-01-01,19
23,2024-02-01,13
23,2024-03-01,16
23,2024-04-01,22
23,2024-05-01,29
23,2024-06-01,22
23,2024-07-01,17
23,2024-08-01,18
23,2024-09-01,21
23,2024-10-01,23
23,2024-11-01,23
23,2024-12-01,27
23,2025-01-01,23
23,2025-02-01,17
23,2025-03-01,20
23,2025-04-01,12
23,2025-05-01,20
23,2025-06-01,19
23,2025-07-01,16
23,2025-08-01,17
23,2025-09-01,17
23,2025-10-01,18
23,2025-11-01,17
23,2025-12-01,21
24,2018-01-01,12
24,2018-02-01,12
24,2018-03-01,16
24,2018-04-01,7
24,2018-05-01,8
24,2018-06-01,17
24,2018-07-01,9
24,2018-08-01,7
24,2018-09-01,13
24,2018-10-01,17
24,2018-11-01,9
24,2018-12-01,13
24,2019-01-01,10
24,2019-02-01,8
24,2019-03-01,14
24,2019-04-01,12
24,2019-05-01,16
24,2019-06-01,12
24,2019-07-01,13
24,2019-08-01,17
24,2019-09-01,19
24,2019-10-01,21
24,2019-11-01,18
24,2019-12-01,15
24,2020-01-01,15
24,2020-02-01,14
24,2020-03-01,9
24,2020-04-01,12
24,2020-05-01,10
24,2020-06-01,11
24,2020-07-01,11
24,2020-08-01,14
24,2020-09-01,9
24,2020-10-01,14
24,2020-11-01,13
24,2020-12-01,6
24,2021-01-01,10
24,2021-02-01,5
24,2021-03-01,13
24,2021-04-01,15
24,2021-05-01,21
24,2021-06-01,9
24,2021-07-01,8
24,2021-08-01,10
24,2021-09-01,11
24,2021-10-01,16
24,2021-11-01,16
24,2021-12-01,11
24,2022-01-01,17
24,2022-02-01,11
24,2022-03-01,9
24,2022-04-01,11
24,2022-05-01,17
24,2022-06-01,20
24,2022-07-01,18
24,2022-08-01,17
24,2022-09-01,7
24,2022-10-01,12
24,2022-11-01,8
24,2022-12-01,4
24,2023-01-01,17
24,2023-02-01,4
24,2023-03-01,9
24,2023-04-01,10
24,2023-05-01,9
24,2023-06-01,9
24,2023-07-01,11
24,2023-08-01,14
24,2023-09-01,13
24,2023-10-01,12
24,2023-11-01,12
24,2023-12-01,21
24,2024-01-01,11
24,2024-02-01,18
24,2024-03-01,12
24,2024-04-01,13
24,2024-05-01,7
24,2024-06-01,17
24,2024-07-01,9
24,2024-08-01,13
24,2024-09-01,7
24,2024-10-01,9
24,2024-11-01,9
24,2024-12-01,4
24,2025-01-01,11
24,2025-02-01,8
24,2025-03-01,10
24,2025-04-01,6
24,2025-05-01,8
24,2025-06-01,5
24,2025-07-01,10
24,2025-08-01,7
24,2025-09-01,8
24,2025-10-01,10
24,2025-11-01,11
24,2025-12-01,3
25,2018-01-01,16
25,2018-02-01,14
25,2018-03-01,19
25,2018-04-01,7
25,2018-05-01,16
25,2018-06-01,19
25,2018-07-01,20
25,2018-08-01,20
25,2018-09-01,22
25,2018-10-01,13
25,2018-11-01,13
25,2018-12-01,14
25,2019-01-01,8
25,2019-02-01,16
25,2019-03-01,12
25,2019-04-01,12
25,2019-05-01,16
25,2019-06-01,15
25,2019-07-01,12
25,2019-08-01,18
25,2019-09-01,13
25,2019-10-01,24
25,2019-11-01,13
25,2019-12-01,15
25,2020-01-01,20
25,2020-02-01,13
25,2020-03-01,21
25,2020-04-01,11
25,2020-05-01,15
25,2020-06-01,15
25,2020-07-01,24
25,2020-08-01,26
25,2020-09-01,16
25,2020-10-01,17
25,2020-11-01,21
25,2020-12-01,16
25,2021-01-01,14
25,2021-02-01,8
25,2021-03-01,11
25,2021-04-01,8
25,2021-05-01,18
25,2021-06-01,18
25,2021-07-01,28
25,2021-08-01,32
25,2021-09-01,28
25,2021-10-01,29
25,2021-11-01,27
25,2021-12-01,22
25,2022-01-01,20
25,2022-02-01,20
25,2022-03-01,27
25,2022-04-01,22
25,2022-05-01,16
25,2022-06-01,19
25,2022-07-01,20
25,2022-08-01,16
25,2022-09-01,22
25,2022-10-01,21
25,2022-11-01,16
25,2022-12-01,17
25,2023-01-01,17
25,2023-02-01,19
25,2023-03-01,26
25,2023-04-01,17
25,2023-05-01,22
25,2023-06-01,25
25,2023-07-01,19
25,2023-08-01,32
25,2023-09-01,31
25,2023-10-01,26
25,2023-11-01,24
25,2023-12-01,22
25,2024-01-01,24
25,2024-02-01,18
25,2024-03-01,21
25,2024-04-01,18
25,2024-05-01,20
25,2024-06-01,21
25,2024-07-01,32
25,2024-08-01,21
25,2024-09-01,16
25,2024-10-01,28
25,2024-11-01,19
25,2024-12-01,19
25,2025-01-01,18
25,2025-02-01,11
25,2025-03-01,20
25,2025-04-01,11
25,2025-05-01,22
25,2025-06-01,17
25,2025-07-01,18
25,2025-08-01,11
25,2025-09-01,11
25,2025-10-01,21
25,2025-11-01,10
25,2025-12-01,10
26,2018-01-01,9
26,2018-02-01,6
26,2018-03-01,9
26,2018-04-01,6
26,2018-05-01,11
26,2018-06-01,9
26,2018-07-01,6
26,2018-08-01,9
26,2018-09-01,10
26,2018-10-01,13
26,2018-11-01,6
26,2018-12-01,15
26,2019-01-01,7
26,2019-02-01,6
26,2019-03-01,6
26,2019-04-01,9
26,2019-05-01,13
26,2019-06-01,11
26,2019-07-01,9
26,2019-08-01,16
26,2019-09-01,8
26,2019-10-01,19
26,2019-11-01,15
26,2019-12-01,9
26,2020-01-01,8
26,2020-02-01,4
26,2020-03-01,7
26,2020-04-01,7
26,2020-05-01,8
26,2020-06-01,9
26,2020-07-01,7
26,2020-08-01,15
26,2020-09-01,9
26,2020-10-01,10
26,2020-11-01,4
26,2020-12-01,7
26,2021-01-01,7
26,2021-02-01,5
26,2021-03-01,8
26,2021-04-01,3
26,2021-05-01,7
26,2021-06-01,4
26,2021-07-01,3
26,2021-08-01,7
26,2021-09-01,8
26,2021-10-01,8
26,2021-11-01,11
26,2021-12-01,2
26,2022-01-01,7
26,2022-02-01,12
26,2022-03-01,7
26,2022-04-01,6
26,2022-05-01,9
26,2022-06-01,6
26,2022-07-01,12
26,2022-08-01,15
26,2022-09-01,8
26,2022-10-01,8
26,2022-11-01,9
26,2022-12-01,5
26,2023-01-01,16
26,2023-02-01,5
26,2023-03-01,5
26,2023-04-01,11
26,2023-05-01,12
26,2023-06-01,16
26,2023-07-01,19
26,2023-08-01,11
26,2023-09-01,16
26,2023-10-01,11
26,2023-11-01,17
26,2023-12-01,16
26,2024-01-01,13
26,2024-02-01,7
26,2024-03-01,13
26,2024-04-01,15
26,2024-05-01,9
26,2024-06-01,6
26,2024-07-01,13
26,2024-08-01,10
26,2024-09-01,10
26,2024-10-01,15
26,2024-11-01,7
26,2024-12-01,5
26,2025-01-01,10
26,2025-02-01,9
26,2025-03-01,9
26,2025-04-01,6
26,2025-05-01,9
26,2025-06-01,9
26,2025-07-01,11
26,2025-08-01,10
26,2025-09-01,6
26,2025-10-01,1
26,2025-11-01,6
26,2025-12-01,5
27,2018-01-01,0
27,2018-02-01,0
27,2018-03-01,0
27,2018-04-01,0
27,2018-05-01,0
27,2018-06-01,0
27,2018-07-01,0
27,2018-08-01,0
27,2018-09-01,0
27,2018-10-01,0
27,2018-11-01,0
27,2018-12-01,0
27,2019-01-01,0
27,2019-02-01,0
27,2019-03-01,0
27,2019-04-01,0
27,2019-05-01,0
27,2019-06-01,0
27,2019-07-01,0
27,2019-08-01,0
27,2019-09-01,0
27,2019-10-01,0
27,2019-11-01,0
27,2019-12-01,0
27,2020-01-01,0
27,2020-02-01,0
27,2020-03-01,0
27,2020-04-01,0
27,2020-05-01,0
27,2020-06-01,0
27,2020-07-01,0
27,2020-08-01,0
27,2020-09-01,0
27,2020-10-01,0
27,2020-11-01,0
27,2020-12-01,0
27,2021-01-01,0
27,2021-02-01,0
27,2021-03-01,0
27,2021-04-01,0
27,2021-05-01,0
27,2021-06-01,0
27,2021-07-01,0
27,2021-08-01,0
27,2021-09-01,0
27,2021-10-01,0
27,2021-11-01,0
27,2021-12-01,0
27,2022-01-01,0
27,2022-02-01,0
27,2022-03-01,0
27,2022-04-01,0
27,2022-05-01,0
27,2022-06-01,0
27,2022-07-01,0
27,2022-08-01,0
27,2022-09-01,0
27,2022-10-01,0
27,2022-11-01,0
27,2022-12-01,0
27,2023-01-01,0
27,2023-02-01,0
27,2023-03-01,0
27,2023-04-01,0
27,2023-05-01,0
27,2023-06-01,0
27,2023-07-01,0
27,2023-08-01,0
27,2023-09-01,0
27,2023-10-01,0
27,2023-11-01,0
27,2023-12-01,0
27,2024-01-01,0
27,2024-02-01,0
27,2024-03-01,0
27,2024-04-01,0
27,2024-05-01,0
27,2024-06-01,0
27,2024-07-01,0
27,2024-08-01,0
27,2024-09-01,0
27,2024-10-01,0
27,2024-11-01,0
27,2024-12-01,0
27,2025-01-01,0
27,2025-02-01,0
27,2025-03-01,0
27,2025-04-01,0
27,2025-05-01,0
27,2025-06-01,0
27,2025-07-01,0
27,2025-08-01,0
27,2025-09-01,0
27,2025-10-01,0
27,2025-11-01,0
27,2025-12-01,0
28,2018-01-01,13
28,2018-02-01,15
28,2018-03-01,11
28,2018-04-01,12
28,2018-05-01,17
28,2018-06-01,15
28,2018-07-01,11
28,2018-08-01,13
28,2018-09-01,15
28,2018-10-01,21
28,2018-11-01,5
28,2018-12-01,7
28,2019-01-01,16
28,2019-02-01,9
28,2019-03-01,10
28,2019-04-01,20
28,2019-05-01,14
28,2019-06-01,14
28,2019-07-01,14
28,2019-08-01,16
28,2019-09-01,15
28,2019-10-01,12
28,2019-11-01,10
28,2019-12-01,14
28,2020-01-01,16
28,2020-02-01,14
28,2020-03-01,8
28,2020-04-01,12
28,2020-05-01,2
28,2020-06-01,11
28,2020-07-01,10
28,2020-08-01,23
28,2020-09-01,15
28,2020-10-01,13
28,2020-11-01,8
28,2020-12-01,12
28,2021-01-01,12
28,2021-02-01,12
28,2021-03-01,14
28,2021-04-01,12
28,2021-05-01,13
28,2021-06-01,12
28,2021-07-01,13
28,2021-08-01,19
28,2021-09-01,15
28,2021-10-01,25
28,2021-11-01,11
28,2021-12-01,15
28,2022-01-01,14
28,2022-02-01,14
28,2022-03-01,10
28,2022-04-01,18
28,2022-05-01,13
28,2022-06-01,17
28,2022-07-01,14
28,2022-08-01,16
28,2022-09-01,19
28,2022-10-01,13
28,2022-11-01,13
28,2022-12-01,12
28,2023-01-01,16
28,2023-02-01,9
28,2023-03-01,14
28,2023-04-01,17
28,2023-05-01,11
28,2023-06-01,15
28,2023-07-01,13
28,2023-08-01,16
28,2023-09-01,18
28,2023-10-01,18
28,2023-11-01,14
28,2023-12-01,18
28,2024-01-01,15
28,2024-02-01,17
28,2024-03-01,13
28,2024-04-01,22
28,2024-05-01,11
28,2024-06-01,12
28,2024-07-01,16
28,2024-08-01,17
28,2024-09-01,9
28,2024-10-01,12
28,2024-11-01,12
28,2024-12-01,9
28,2025-01-01,12
28,2025-02-01,11
28,2025-03-01,10
28,2025-04-01,11
28,2025-05-01,11
28,2025-06-01,9
28,2025-07-01,9
28,2025-08-01,15
28,2025-09-01,5
28,2025-10-01,9
28,2025-11-01,7
28,2025-12-01,11
29,2018-01-01,0
29,2018-02-01,0
29,2018-03-01,0
29,2018-04-01,0
29,2018-05-01,0
29,2018-06-01,0
29,2018-07-01,0
29,2018-08-01,0
29,2018-09-01,0
29,2018-10-01,0
29,2018-11-01,0
29,2018-12-01,0
29,2019-01-01,0
29,2019-02-01,0
29,2019-03-01,0
29,2019-04-01,0
29,2019-05-01,0
29,2019-06-01,0
29,2019-07-01,0
29,2019-08-01,0
29,2019-09-01,0
29,2019-10-01,0
29,2019-11-01,0
29,2019-12-01,0
29,2020-01-01,0
29,2020-02-01,0
29,2020-03-01,0
29,2020-04-01,0
29,2020-05-01,0
29,2020-06-01,0
29,2020-07-01,0
29,2020-08-01,0
29,2020-09-01,0
29,2020-10-01,0
29,2020-11-01,0
29,2020-12-01,0
29,2021-01-01,0
29,2021-02-01,0
29,2021-03-01,0
29,2021-04-01,0
29,2021-05-01,0
29,2021-06-01,0
29,2021-07-01,0
29,2021-08-01,0
29,2021-09-01,0
29,2021-10-01,0
29,2021-11-01,0
29,2021-12-01,0
29,2022-01-01,0
29,2022-02-01,0
29,2022-03-01,0
29,2022-04-01,0
29,2022-05-01,0
29,2022-06-01,0
29,2022-07-01,0
29,2022-08-01,0
29,2022-09-01,0
29,2022-10-01,0
29,2022-11-01,0
29,2022-12-01,0
29,2023-01-01,0
29,2023-02-01,0
29,2023-03-01,0
29,2023-04-01,0
29,2023-05-01,0
29,2023-06-01,0
29,2023-07-01,0
29,2023-08-01,0
29,2023-09-01,0
29,2023-10-01,0
29,2023-11-01,0
29,2023-12-01,0
29,2024-01-01,0
29,2024-02-01,0
29,2024-03-01,0
29,2024-04-01,0
29,2024-05-01,0
29,2024-06-01,0
29,2024-07-01,0
29,2024-08-01,0
29,2024-09-01,0
29,2024-10-01,0
29,2024-11-01,0
29,2024-12-01,0
29,2025-01-01,0
29,2025-02-01,0
29,2025-03-01,0
29,2025-04-01,0
29,2025-05-01,0
29,2025-06-01,0
29,2025-07-01,0
29,2025-08-01,0
29,2025-09-01,0
29,2025-10-01,0
29,2025-11-01,0
29,2025-12-01,0
30,2018-01-01,7
30,2018-02-01,9
30,2018-03-01,10
30,2018-04-01,11
30,2018-05-01,18
30,2018-06-01,17
30,2018-07-01,16
30,2018-08-01,14
30,2018-09-01,17
30,2018-10-01,13
30,2018-11-01,17
30,2018-12-01,14
30,2019-01-01,10
30,2019-02-01,12
30,2019-03-01,11
30,2019-04-01,8
30,2019-05-01,9
30,2019-06-01,15
30,2019-07-01,21
30,2019-08-01,16
30,2019-09-01,25
30,2019-10-01,25
30,2019-11-01,23
30,2019-12-01,16
30,2020-01-01,17
30,2020-02-01,15
30,2020-03-01,17
30,2020-04-01,9
30,2020-05-01,8
30,2020-06-01,5
30,2020-07-01,14
30,2020-08-01,12
30,2020-09-01,17
30,2020-10-01,22
30,2020-11-01,14
30,2020-12-01,15
30,2021-01-01,9
30,2021-02-01,9
30,2021-03-01,8
30,2021-04-01,9
30,2021-05-01,8
30,2021-06-01,7
30,2021-07-01,8
30,2021-08-01,7
30,2021-09-01,14
30,2021-10-01,10
30,2021-11-01,7
30,2021-12-01,9
30,2022-01-01,10
30,2022-02-01,6
30,2022-03-01,8
30,2022-04-01,9
30,2022-05-01,7
30,2022-06-01,11
30,2022-07-01,18
30,2022-08-01,18
30,2022-09-01,13
30,2022-10-01,10
30,2022-11-01,12
30,2022-12-01,10
30,2023-01-01,8
30,2023-02-01,9
30,2023-03-01,7
30,2023-04-01,7
30,2023-05-01,13
30,2023-06-01,19
30,2023-07-01,11
30,2023-08-01,10
30,2023-09-01,11
30,2023-10-01,11
30,2023-11-01,15
30,2023-12-01,14
30,2024-01-01,10
30,2024-02-01,9
30,2024-03-01,12
30,2024-04-01,12
30,2024-05-01,10
30,2024-06-01,10
30,2024-07-01,12
30,2024-08-01,14
30,2024-09-01,9
30,2024-10-01,11
30,2024-11-01,7
30,2024-12-01,8
30,2025-01-01,10
30,2025-02-01,4
30,2025-03-01,9
30,2025-04-01,3
30,2025-05-01,13
30,2025-06-01,10
30,2025-07-01,8
30,2025-08-01,6
30,2025-09-01,5
30,2025-10-01,14
30,2025-11-01,8
30,2025-12-01,5
31,2018-01-01,0
31,2018-02-01,0
31,2018-03-01,0
31,2018-04-01,0
31,2018-05-01,0
31,2018-06-01,0
31,2018-07-01,0
31,2018-08-01,0
31,2018-09-01,0
31,2018-10-01,0
31,2018-11-01,0
31,2018-12-01,0
31,2019-01-01,0
31,2019-02-01,0
31,2019-03-01,0
31,2019-04-01,0
31,2019-05-01,0
31,2019-06-01,0
31,2019-07-01,0
31,2019-08-01,0
31,2019-09-01,0
31,2019-10-01,0
31,2019-11-01,0
31,2019-12-01,0
31,2020-01-01,0
31,2020-02-01,0
31,2020-03-01,0
31,2020-04-01,0
31,2020-05-01,0
31,2020-06-01,0
31,2020-07-01,0
31,2020-08-01,0
31,2020-09-01,0
31,2020-10-01,0
31,2020-11-01,0
31,2020-12-01,0
31,2021-01-01,0
31,2021-02-01,0
31,2021-03-01,0
31,2021-04-01,0
31,2021-05-01,0
31,2021-06-01,0
31,2021-07-01,0
31,2021-08-01,0
31,2021-09-01,0
31,2021-10-01,0
31,2021-11-01,0
31,2021-12-01,0
31,2022-01-01,0
31,2022-02-01,0
31,2022-03-01,0
31,2022-04-01,0
31,2022-05-01,0
31,2022-06-01,0
31,2022-07-01,0
31,2022-08-01,0
31,2022-09-01,0
31,2022-10-01,0
31,2022-11-01,0
31,2022-12-01,0
31,2023-01-01,0
31,2023-02-01,0
31,2023-03-01,0
31,2023-04-01,0
31,2023-05-01,0
31,2023-06-01,0
31,2023-07-01,0
31,2023-08-01,0
31,2023-09-01,0
31,2023-10-01,0
31,2023-11-01,0
31,2023-12-01,0
31,2024-01-01,0
31,2024-02-01,0
31,2024-03-01,0
31,2024-04-01,0
31,2024-05-01,0
31,2024-06-01,0
31,2024-07-01,0
31,2024-08-01,0
31,2024-09-01,0
31,2024-10-01,0
31,2024-11-01,0
31,2024-12-01,0
31,2025-01-01,0
31,2025-02-01,0
31,2025-03-01,0
31,2025-04-01,0
31,2025-05-01,0
31,2025-06-01,0
31,2025-07-01,0
31,2025-08-01,0
31,2025-09-01,0
31,2025-10-01,0
31,2025-11-01,0
31,2025-12-01,0
32,2018-01-01,21
32,2018-02-01,9
32,2018-03-01,10
32,2018-04-01,13
32,2018-05-01,18
32,2018-06-01,14
32,2018-07-01,16
32,2018-08-01,16
32,2018-09-01,18
32,2018-10-01,21
32,2018-11-01,17
32,2018-12-01,21
32,2019-01-01,10
32,2019-02-01,21
32,2019-03-01,11
32,2019-04-01,16
32,2019-05-01,20
32,2019-06-01,19
32,2019-07-01,10
32,2019-08-01,18
32,2019-09-01,25
32,2019-10-01,15
32,2019-11-01,32
32,2019-12-01,22
32,2020-01-01,15
32,2020-02-01,14
32,2020-03-01,18
32,2020-04-01,15
32,2020-05-01,10
32,2020-06-01,10
32,2020-07-01,19
32,2020-08-01,18
32,2020-09-01,11
32,2020-10-01,12
32,2020-11-01,12
32,2020-12-01,18
32,2021-01-01,10
32,2021-02-01,7
32,2021-03-01,12
32,2021-04-01,9
32,2021-05-01,9
32,2021-06-01,18
32,2021-07-01,14
32,2021-08-01,20
32,2021-09-01,17
32,2021-10-01,25
32,2021-11-01,24
32,2021-12-01,19
32,2022-01-01,19
32,2022-02-01,24
32,2022-03-01,24
32,2022-04-01,21
32,2022-05-01,8
32,2022-06-01,17
32,2022-07-01,16
32,2022-08-01,17
32,2022-09-01,22
32,2022-10-01,13
32,2022-11-01,23
32,2022-12-01,10
32,2023-01-01,16
32,2023-02-01,11
32,2023-03-01,13
32,2023-04-01,13
32,2023-05-01,24
32,2023-06-01,21
32,2023-07-01,21
32,2023-08-01,17
32,2023-09-01,18
32,2023-10-01,21
32,2023-11-01,18
32,2023-12-01,32
32,2024-01-01,20
32,2024-02-01,21
32,2024-03-01,17
32,2024-04-01,14
32,2024-05-01,21
32,2024-06-01,20
32,2024-07-01,24
32,2024-08-01,17
32,2024-09-01,10
32,2024-10-01,19
32,2024-11-01,14
32,2024-12-01,18
32,2025-01-01,17
32,2025-02-01,19
32,2025-03-01,11
32,2025-04-01,26
32,2025-05-01,18
32,2025-06-01,20
32,2025-07-01,19
32,2025-08-01,27
32,2025-09-01,13
32,2025-10-01,16
32,2025-11-01,18
32,2025-12-01,14
33,2018-01-01,4
33,2018-02-01,6
33,2018-03-01,4
33,2018-04-01,5
33,2018-05-01,7
33,2018-06-01,8
33,2018-07-01,9
33,2018-08-01,10
33,2018-09-01,18
33,2018-10-01,20
33,2018-11-01,8
33,2018-12-01,14
33,2019-01-01,6
33,2019-02-01,14
33,2019-03-01,7
33,2019-04-01,11
33,2019-05-01,8
33,2019-06-01,12
33,2019-07-01,15
33,2019-08-01,12
33,2019-09-01,14
33,2019-10-01,18
33,2019-11-01,15
33,2019-12-01,14
33,2020-01-01,8
33,2020-02-01,16
33,2020-03-01,13
33,2020-04-01,14
33,2020-05-01,25
33,2020-06-01,8
33,2020-07-01,16
33,2020-08-01,14
33,2020-09-01,14
33,2020-10-01,14
33,2020-11-01,10
33,2020-12-01,15
33,2021-01-01,15
33,2021-02-01,14
33,2021-03-01,15
33,2021-04-01,12
33,2021-05-01,32
33,2021-06-01,24
33,2021-07-01,20
33,2021-08-01,22
33,2021-09-01,21
33,2021-10-01,19
33,2021-11-01,22
33,2021-12-01,17
33,2022-01-01,8
33,2022-02-01,15
33,2022-03-01,19
33,2022-04-01,14
33,2022-05-01,14
33,2022-06-01,20
33,2022-07-01,22
33,2022-08-01,19
33,2022-09-01,17
33,2022-10-01,21
33,2022-11-01,14
33,2022-12-01,15
33,2023-01-01,18
33,2023-02-01,12
33,2023-03-01,8
33,2023-04-01,8
33,2023-05-01,10
33,2023-06-01,20
33,2023-07-01,18
33,2023-08-01,19
33,2023-09-01,19
33,2023-10-01,15
33,2023-11-01,15
33,2023-12-01,14
33,2024-01-01,14
33,2024-02-01,8
33,2024-03-01,20
33,2024-04-01,13
33,2024-05-01,21
33,2024-06-01,13
33,2024-07-01,9
33,2024-08-01,10
33,2024-09-01,14
33,2024-10-01,17
33,2024-11-01,8
33,2024-12-01,8
33,2025-01-01,6
33,2025-02-01,8
33,2025-03-01,10
33,2025-04-01,8
33,2025-05-01,16
33,2025-06-01,16
33,2025-07-01,13
33,2025-08-01,21
33,2025-09-01,14
33,2025-10-01,19
33,2025-11-01,15
33,2025-12-01,8
34,2018-01-01,22
34,2018-02-01,17
34,2018-03-01,14
34,2018-04-01,9
34,2018-05-01,13
34,2018-06-01,15
34,2018-07-01,17
34,2018-08-01,16
34,2018-09-01,20
34,2018-10-01,15
34,2018-11-01,14
34,2018-12-01,27
34,2019-01-01,10
34,2019-02-01,13
34,2019-03-01,11
34,2019-04-01,10
34,2019-05-01,20
34,2019-06-01,27
34,2019-07-01,21
34,2019-08-01,27
34,2019-09-01,15
34,2019-10-01,19
34,2019-11-01,23
34,2019-12-01,28
34,2020-01-01,14
34,2020-02-01,18
34,2020-03-01,8
34,2020-04-01,11
34,2020-05-01,13
34,2020-06-01,14
34,2020-07-01,16
34,2020-08-01,27
34,2020-09-01,18
34,2020-10-01,18
34,2020-11-01,21
34,2020-12-01,27
34,2021-01-01,17
34,2021-02-01,10
34,2021-03-01,11
34,2021-04-01,12
34,2021-05-01,22
34,2021-06-01,24
34,2021-07-01,24
34,2021-08-01,13
34,2021-09-01,20
34,2021-10-01,22
34,2021-11-01,22
34,2021-12-01,15
34,2022-01-01,15
34,2022-02-01,32
34,2022-03-01,14
34,2022-04-01,13
34,2022-05-01,31
34,2022-06-01,18
34,2022-07-01,28
34,2022-08-01,31
34,2022-09-01,28
34,2022-10-01,31
34,2022-11-01,17
34,2022-12-01,19
34,2023-01-01,29
34,2023-02-01,15
34,2023-03-01,21
34,2023-04-01,15
34,2023-05-01,17
34,2023-06-01,13
34,2023-07-01,15
34,2023-08-01,23
34,2023-09-01,15
34,2023-10-01,23
34,2023-11-01,11
34,2023-12-01,18
34,2024-01-01,23
34,2024-02-01,11
34,2024-03-01,30
34,2024-04-01,22
34,2024-05-01,23
34,2024-06-01,27
34,2024-07-01,18
34,2024-08-01,6
34,2024-09-01,15
34,2024-10-01,16
34,2024-11-01,23
34,2024-12-01,11
34,2025-01-01,23
34,2025-02-01,17
34,2025-03-01,13
34,2025-04-01,18
34,2025-05-01,22
34,2025-06-01,13
34,2025-07-01,26
34,2025-08-01,30
34,2025-09-01,25
34,2025-10-01,18
34,2025-11-01,21
34,2025-12-01,10
35,2018-01-01,0
35,2018-02-01,0
35,2018-03-01,0
35,2018-04-01,0
35,2018-05-01,0
35,2018-06-01,0
35,2018-07-01,0
35,2018-08-01,0
35,2018-09-01,0
35,2018-10-01,0
35,2018-11-01,0
35,2018-12-01,0
35,2019-01-01,0
35,2019-02-01,0
35,2019-03-01,0
35,2019-04-01,0
35,2019-05-01,0
35,2019-06-01,0
35,2019-07-01,0
35,2019-08-01,0
35,2019-09-01,0
35,2019-10-01,0
35,2019-11-01,0
35,2019-12-01,0
35,2020-01-01,0
35,2020-02-01,0
35,2020-03-01,0
35,2020-04-01,0
35,2020-05-01,0
35,2020-06-01,0
35,2020-07-01,0
35,2020-08-01,0
35,2020-09-01,0
35,2020-10-01,0
35,2020-11-01,0
35,2020-12-01,0
35,2021-01-01,0
35,2021-02-01,0
35,2021-03-01,0
35,2021-04-01,0
35,2021-05-01,0
35,2021-06-01,0
35,2021-07-01,0
35,2021-08-01,0
35,2021-09-01,0
35,2021-10-01,0
35,2021-11-01,0
35,2021-12-01,0
35,2022-01-01,0
35,2022-02-01,0
35,2022-03-01,0
35,2022-04-01,0
35,2022-05-01,0
35,2022-06-01,0
35,2022-07-01,0
35,2022-08-01,0
35,2022-09-01,0
35,2022-10-01,0
35,2022-11-01,0
35,2022-12-01,0
35,2023-01-01,0
35,2023-02-01,0
35,2023-03-01,0
35,2023-04-01,0
35,2023-05-01,0
35,2023-06-01,0
35,2023-07-01,0
35,2023-08-01,0
35,2023-09-01,0
35,2023-10-01,0
35,2023-11-01,0
35,2023-12-01,0
35,2024-01-01,0
35,2024-02-01,0
35,2024-03-01,0
35,2024-04-01,0
35,2024-05-01,0
35,2024-06-01,0
35,2024-07-01,0
35,2024-08-01,0
35,2024-09-01,0
35,2024-10-01,0
35,2024-11-01,0
35,2024-12-01,0
35,2025-01-01,0
35,2025-02-01,0
35,2025-03-01,0
35,2025-04-01,0
35,2025-05-01,0
35,2025-06-01,0
35,2025-07-01,0
35,2025-08-01,0
35,2025-09-01,0
35,2025-10-01,0
35,2025-11-01,0
35,2025-12-01,0
36,2018-01-01,0
36,2018-02-01,0
36,2018-03-01,0
36,2018-04-01,0
36,2018-05-01,0
36,2018-06-01,0
36,2018-07-01,0
36,2018-08-01,0
36,2018-09-01,0
36,2018-10-01,0
36,2018-11-01,0
36,2018-12-01,0
36,2019-01-01,0
36,2019-02-01,0
36,2019-03-01,0
36,2019-04-01,0
36,2019-05-01,0
36,2019-06-01,0
36,2019-07-01,0
36,2019-08-01,0
36,2019-09-01,0
36,2019-10-01,0
36,2019-11-01,0
36,2019-12-01,0
36,2020-01-01,0
36,2020-02-01,0
36,2020-03-01,0
36,2020-04-01,0
36,2020-05-01,0
36,2020-06-01,0
36,2020-07-01,0
36,2020-08-01,0
36,2020-09-01,0
36,2020-10-01,0
36,2020-11-01,0
36,2020-12-01,0
36,2021-01-01,0
36,2021-02-01,0
36,2021-03-01,0
36,2021-04-01,0
36,2021-05-01,0
36,2021-06-01,0
36,2021-07-01,0
36,2021-08-01,0
36,2021-09-01,0
36,2021-10-01,0
36,2021-11-01,0
36,2021-12-01,0
36,2022-01-01,0
36,2022-02-01,0
36,2022-03-01,0
36,2022-04-01,0
36,2022-05-01,0
36,2022-06-01,0
36,2022-07-01,0
36,2022-08-01,0
36,2022-09-01,0
36,2022-10-01,0
36,2022-11-01,0
36,2022-12-01,0
36,2023-01-01,0
36,2023-02-01,0
36,2023-03-01,0
36,2023-04-01,0
36,2023-05-01,0
36,2023-06-01,0
36,2023-07-01,0
36,2023-08-01,0
36,2023-09-01,0
36,2023-10-01,0
36,2023-11-01,0
36,2023-12-01,0
36,2024-01-01,0
36,2024-02-01,0
36,2024-03-01,0
36,2024-04-01,0
36,2024-05-01,0
36,2024-06-01,0
36,2024-07-01,0
36,2024-08-01,0
36,2024-09-01,0
36,2024-10-01,0
36,2024-11-01,0
36,2024-12-01,0
36,2025-01-01,0
36,2025-02-01,0
36,2025-03-01,0
36,2025-04-01,0
36,2025-05-01,0
36,2025-06-01,0
36,2025-07-01,0
36,2025-08-01,0
36,2025-09-01,0
36,2025-10-01,0
36,2025-11-01,0
36,2025-12-01,0
37,2018-01-01,0
37,2018-02-01,0
37,2018-03-01,0
37,2018-04-01,0
37,2018-05-01,0
37,2018-06-01,0
37,2018-07-01,0
37,2018-08-01,0
37,2018-09-01,0
37,2018-10-01,0
37,2018-11-01,0
37,2018-12-01,0
37,2019-01-01,0
37,2019-02-01,0
37,2019-03-01,0
37,2019-04-01,0
37,2019-05-01,0
37,2019-06-01,0
37,2019-07-01,0
37,2019-08-01,0
37,2019-09-01,0
37,2019-10-01,0
37,2019-11-01,0
37,2019-12-01,0
37,2020-01-01,0
37,2020-02-01,0
37,2020-03-01,0
37,2020-04-01,0
37,2020-05-01,0
37,2020-06-01,0
37,2020-07-01,0
37,2020-08-01,0
37,2020-09-01,0
37,2020-10-01,0
37,2020-11-01,0
37,2020-12-01,0
37,2021-01-01,0
37,2021-02-01,0
37,2021-03-01,0
37,2021-04-01,0
37,2021-05-01,0
37,2021-06-01,0
37,2021-07-01,0
37,2021-08-01,0
37,2021-09-01,0
37,2021-10-01,0
37,2021-11-01,0
37,2021-12-01,0
37,2022-01-01,0
37,2022-02-01,0
37,2022-03-01,0
37,2022-04-01,0
37,2022-05-01,0
37,2022-06-01,0
37,2022-07-01,0
37,2022-08-01,0
37,2022-09-01,0
37,2022-10-01,0
37,2022-11-01,0
37,2022-12-01,0
37,2023-01-01,0
37,2023-02-01,0
37,2023-03-01,0
37,2023-04-01,0
37,2023-05-01,0
37,2023-06-01,0
37,2023-07-01,0
37,2023-08-01,0
37,2023-09-01,0
37,2023-10-01,0
37,2023-11-01,0
37,2023-12-01,0
37,2024-01-01,0
37,2024-02-01,0
37,2024-03-01,0
37,2024-04-01,0
37,2024-05-01,0
37,2024-06-01,0
37,2024-07-01,0
37,2024-08-01,0
37,2024-09-01,0
37,2024-10-01,0
37,2024-11-01,0
37,2024-12-01,0
37,2025-01-01,0
37,2025-02-01,0
37,2025-03-01,0
37,2025-04-01,0
37,2025-05-01,0
37,2025-06-01,0
37,2025-07-01,0
37,2025-08-01,0
37,2025-09-01,0
37,2025-10-01,0
37,2025-11-01,0
37,2025-12-01,0
38,2018-01-01,0
38,2018-02-01,0
38,2018-03-01,0
38,2018-04-01,0
38,2018-05-01,0
38,2018-06-01,0
38,2018-07-01,0
38,2018-08-01,0
38,2018-09-01,0
38,2018-10-01,0
38,2018-11-01,0
38,2018-12-01,0
38,2019-01-01,0
38,2019-02-01,0
38,2019-03-01,0
38,2019-04-01,0
38,2019-05-01,0
38,2019-06-01,0
38,2019-07-01,0
38,2019-08-01,0
38,2019-09-01,0
38,2019-10-01,0
38,2019-11-01,0
38,2019-12-01,0
38,2020-01-01,0
38,2020-02-01,0
38,2020-03-01,0
38,2020-04-01,0
38,2020-05-01,0
38,2020-06-01,0
38,2020-07-01,0
38,2020-08-01,0
38,2020-09-01,0
38,2020-10-01,0
38,2020-11-01,0
38,2020-12-01,0
38,2021-01-01,0
38,2021-02-01,0
38,2021-03-01,0
38,2021-04-01,0
38,2021-05-01,0
38,2021-06-01,0
38,2021-07-01,0
38,2021-08-01,0
38,2021-09-01,0
38,2021-10-01,0
38,2021-11-01,0
38,2021-12-01,0
38,2022-01-01,0
38,2022-02-01,0
38,2022-03-01,0
38,2022-04-01,0
38,2022-05-01,0
38,2022-06-01,0
38,2022-07-01,0
38,2022-08-01,0
38,2022-09-01,0
38,2022-10-01,0
38,2022-11-01,0
38,2022-12-01,0
38,2023-01-01,0
38,2023-02-01,0
38,2023-03-01,0
38,2023-04-01,0
38,2023-05-01,0
38,2023-06-01,0
38,2023-07-01,0
38,2023-08-01,0
38,2023-09-01,0
38,2023-10-01,0
38,2023-11-01,0
38,2023-12-01,0
38,2024-01-01,0
38,2024-02-01,0
38,2024-03-01,0
38,2024-04-01,0
38,2024-05-01,0
38,2024-06-01,0
38,2024-07-01,0
38,2024-08-01,0
38,2024-09-01,0
38,2024-10-01,0
38,2024-11-01,0
38,2024-12-01,0
38,2025-01-01,0
38,2025-02-01,0
38,2025-03-01,0
38,2025-04-01,0
38,2025-05-01,0
38,2025-06-01,0
38,2025-07-01,0
38,2025-08-01,0
38,2025-09-01,0
38,2025-10-01,0
38,2025-11-01,0
38,2025-12-01,0
39,2018-01-01,0
39,2018-02-01,0
39,2018-03-01,0
39,2018-04-01,0
39,2018-05-01,0
39,2018-06-01,0
39,2018-07-01,0
39,2018-08-01,0
39,2018-09-01,0
39,2018-10-01,0
39,2018-11-01,0
39,2018-12-01,0
39,2019-01-01,0
39,2019-02-01,0
39,2019-03-01,0
39,2019-04-01,0
39,2019-05-01,0
39,2019-06-01,0
39,2019-07-01,0
39,2019-08-01,0
39,2019-09-01,0
39,2019-10-01,0
39,2019-11-01,0
39,2019-12-01,0
39,2020-01-01,0
39,2020-02-01,0
39,2020-03-01,0
39,2020-04-01,0
39,2020-05-01,0
39,2020-06-01,0
39,2020-07-01,0
39,2020-08-01,0
39,2020-09-01,0
39,2020-10-01,0
39,2020-11-01,0
39,2020-12-01,0
39,2021-01-01,0
39,2021-02-01,0
39,2021-03-01,0
39,2021-04-01,0
39,2021-05-01,0
39,2021-06-01,0
39,2021-07-01,0
39,2021-08-01,0
39,2021-09-01,0
39,2021-10-01,0
39,2021-11-01,0
39,2021-12-01,0
39,2022-01-01,0
39,2022-02-01,0
39,2022-03-01,0
39,2022-04-01,0
39,2022-05-01,0
39,2022-06-01,0
39,2022-07-01,0
39,2022-08-01,0
39,2022-09-01,0
39,2022-10-01,0
39,2022-11-01,0
39,2022-12-01,0
39,2023-01-01,0
39,2023-02-01,0
39,2023-03-01,0
39,2023-04-01,0
39,2023-05-01,0
39,2023-06-01,0
39,2023-07-01,0
39,2023-08-01,0
39,2023-09-01,0
39,2023-10-01,0
39,2023-11-01,0
39,2023-12-01,0
39,2024-01-01,0
39,2024-02-01,0
39,2024-03-01,0
39,2024-04-01,0
39,2024-05-01,0
39,2024-06-01,0
39,2024-07-01,0
39,2024-08-01,0
39,2024-09-01,0
39,2024-10-01,0
39,2024-11-01,0
39,2024-12-01,0
39,2025-01-01,0
39,2025-02-01,0
39,2025-03-01,0
39,2025-04-01,0
39,2025-05-01,0
39,2025-06-01,0
39,2025-07-01,0
39,2025-08-01,0
39,2025-09-01,0
39,2025-10-01,0
39,2025-11-01,0
39,2025-12-01,0
40,2018-01-01,35
40,2018-02-01,38
40,2018-03-01,35
40,2018-04-01,37
40,2018-05-01,40
40,2018-06-01,38
40,2018-07-01,45
40,2018-08-01,47
40,2018-09-01,36
40,2018-10-01,38
40,2018-11-01,44
40,2018-12-01,31
40,2019-01-01,41
40,2019-02-01,32
40,2019-03-01,29
40,2019-04-01,29
40,2019-05-01,31
40,2019-06-01,46
40,2019-07-01,53
40,2019-08-01,40
40,2019-09-01,54
40,2019-10-01,52
40,2019-11-01,34
40,2019-12-01,33
40,2020-01-01,42
40,2020-02-01,42
40,2020-03-01,32
40,2020-04-01,20
40,2020-05-01,33
40,2020-06-01,35
40,2020-07-01,38
40,2020-08-01,53
40,2020-09-01,40
40,2020-10-01,41
40,2020-11-01,37
40,2020-12-01,33
40,2021-01-01,29
40,2021-02-01,20
40,2021-03-01,26
40,2021-04-01,21
40,2021-05-01,36
40,2021-06-01,33
40,2021-07-01,54
40,2021-08-01,43
40,2021-09-01,35
40,2021-10-01,45
40,2021-11-01,45
40,2021-12-01,47
40,2022-01-01,39
40,2022-02-01,34
40,2022-03-01,41
40,2022-04-01,38
40,2022-05-01,47
40,2022-06-01,54
40,2022-07-01,70
40,2022-08-01,67
40,2022-09-01,42
40,2022-10-01,34
40,2022-11-01,43
40,2022-12-01,46
40,2023-01-01,33
40,2023-02-01,33
40,2023-03-01,50
40,2023-04-01,47
40,2023-05-01,65
40,2023-06-01,60
40,2023-07-01,75
40,2023-08-01,68
40,2023-09-01,68
40,2023-10-01,69
40,2023-11-01,40
40,2023-12-01,59
40,2024-01-01,50
40,2024-02-01,44
40,2024-03-01,46
40,2024-04-01,47
40,2024-05-01,65
40,2024-06-01,58
40,2024-07-01,64
40,2024-08-01,54
40,2024-09-01,59
40,2024-10-01,54
40,2024-11-01,45
40,2024-12-01,46
40,2025-01-01,38
40,2025-02-01,27
40,2025-03-01,42
40,2025-04-01,52
40,2025-05-01,79
40,2025-06-01,67
40,2025-07-01,71
40,2025-08-01,56
40,2025-09-01,59
40,2025-10-01,44
40,2025-11-01,39
40,2025-12-01,46
41,2018-01-01,13
41,2018-02-01,13
41,2018-03-01,7
41,2018-04-01,17
41,2018-05-01,9
41,2018-06-01,13
41,2018-07-01,10
41,2018-08-01,15
41,2018-09-01,9
41,2018-10-01,24
41,2018-11-01,8
41,2018-12-01,17
41,2019-01-01,16
41,2019-02-01,16
41,2019-03-01,16
41,2019-04-01,16
41,2019-05-01,14
41,2019-06-01,14
41,2019-07-01,9
41,2019-08-01,10
41,2019-09-01,16
41,2019-10-01,8
41,2019-11-01,10
41,2019-12-01,21
41,2020-01-01,20
41,2020-02-01,23
41,2020-03-01,18
41,2020-04-01,11
41,2020-05-01,16
41,2020-06-01,13
41,2020-07-01,15
41,2020-08-01,12
41,2020-09-01,11
41,2020-10-01,28
41,2020-11-01,13
41,2020-12-01,17
41,2021-01-01,18
41,2021-02-01,16
41,2021-03-01,12
41,2021-04-01,12
41,2021-05-01,17
41,2021-06-01,9
41,2021-07-01,20
41,2021-08-01,10
41,2021-09-01,14
41,2021-10-01,26
41,2021-11-01,28
41,2021-12-01,30
41,2022-01-01,26
41,2022-02-01,14
41,2022-03-01,24
41,2022-04-01,15
41,2022-05-01,26
41,2022-06-01,28
41,2022-07-01,40
41,2022-08-01,26
41,2022-09-01,29
41,2022-10-01,27
41,2022-11-01,30
41,2022-12-01,23
41,2023-01-01,28
41,2023-02-01,18
41,2023-03-01,19
41,2023-04-01,34
41,2023-05-01,30
41,2023-06-01,31
41,2023-07-01,26
41,2023-08-01,32
41,2023-09-01,29
41,2023-10-01,35
41,2023-11-01,25
41,2023-12-01,28
41,2024-01-01,25
41,2024-02-01,22
41,2024-03-01,24
41,2024-04-01,27
41,2024-05-01,13
41,2024-06-01,26
41,2024-07-01,24
41,2024-08-01,29
41,2024-09-01,30
41,2024-10-01,31
41,2024-11-01,22
41,2024-12-01,23
41,2025-01-01,16
41,2025-02-01,11
41,2025-03-01,15
41,2025-04-01,21
41,2025-05-01,33
41,2025-06-01,33
41,2025-07-01,28
41,2025-08-01,22
41,2025-09-01,31
41,2025-10-01,23
41,2025-11-01,9
41,2025-12-01,15
42,2018-01-01,22
42,2018-02-01,15
42,2018-03-01,13
42,2018-04-01,15
42,2018-05-01,25
42,2018-06-01,17
42,2018-07-01,21
42,2018-08-01,27
42,2018-09-01,18
42,2018-10-01,25
42,2018-11-01,13
42,2018-12-01,27
42,2019-01-01,27
42,2019-02-01,26
42,2019-03-01,15
42,2019-04-01,11
42,2019-05-01,23
42,2019-06-01,23
42,2019-07-01,25
42,2019-08-01,17
42,2019-09-01,34
42,2019-10-01,32
42,2019-11-01,26
42,2019-12-01,29
42,2020-01-01,35
42,2020-02-01,26
42,2020-03-01,25
42,2020-04-01,14
42,2020-05-01,28
42,2020-06-01,22
42,2020-07-01,29
42,2020-08-01,29
42,2020-09-01,30
42,2020-10-01,24
42,2020-11-01,31
42,2020-12-01,38
42,2021-01-01,29
42,2021-02-01,24
42,2021-03-01,17
42,2021-04-01,27
42,2021-05-01,26
42,2021-06-01,32
42,2021-07-01,29
42,2021-08-01,32
42,2021-09-01,28
42,2021-10-01,36
42,2021-11-01,30
42,2021-12-01,36
42,2022-01-01,29
42,2022-02-01,19
42,2022-03-01,28
42,2022-04-01,30
42,2022-05-01,38
42,2022-06-01,50
42,2022-07-01,57
42,2022-08-01,43
42,2022-09-01,31
42,2022-10-01,35
42,2022-11-01,44
42,2022-12-01,32
42,2023-01-01,37
42,2023-02-01,27
42,2023-03-01,27
42,2023-04-01,34
42,2023-05-01,27
42,2023-06-01,37
42,2023-07-01,42
42,2023-08-01,51
42,2023-09-01,33
42,2023-10-01,38
42,2023-11-01,41
42,2023-12-01,43
42,2024-01-01,38
42,2024-02-01,25
42,2024-03-01,39
42,2024-04-01,34
42,2024-05-01,47
42,2024-06-01,28
42,2024-07-01,51
42,2024-08-01,48
42,2024-09-01,36
42,2024-10-01,34
42,2024-11-01,48
42,2024-12-01,41
42,2025-01-01,37
42,2025-02-01,28
42,2025-03-01,33
42,2025-04-01,43
42,2025-05-01,44
42,2025-06-01,32
42,2025-07-01,52
42,2025-08-01,40
42,2025-09-01,37
42,2025-10-01,23
42,2025-11-01,29
42,2025-12-01,23
43,2018-01-01,25
43,2018-02-01,23
43,2018-03-01,20
43,2018-04-01,24
43,2018-05-01,36
43,2018-06-01,15
43,2018-07-01,30
43,2018-08-01,30
43,2018-09-01,22
43,2018-10-01,17
43,2018-11-01,24
43,2018-12-01,32
43,2019-01-01,25
43,2019-02-01,25
43,2019-03-01,15
43,2019-04-01,29
43,2019-05-01,36
43,2019-06-01,34
43,2019-07-01,32
43,2019-08-01,26
43,2019-09-01,39
43,2019-10-01,39
43,2019-11-01,34
43,2019-12-01,25
43,2020-01-01,51
43,2020-02-01,43
43,2020-03-01,31
43,2020-04-01,22
43,2020-05-01,16
43,2020-06-01,23
43,2020-07-01,30
43,2020-08-01,37
43,2020-09-01,35
43,2020-10-01,32
43,2020-11-01,39
43,2020-12-01,41
43,2021-01-01,21
43,2021-02-01,19
43,2021-03-01,25
43,2021-04-01,36
43,2021-05-01,35
43,2021-06-01,46
43,2021-07-01,55
43,2021-08-01,48
43,2021-09-01,54
43,2021-10-01,63
43,2021-11-01,62
43,2021-12-01,61
43,2022-01-01,48
43,2022-02-01,44
43,2022-03-01,60
43,2022-04-01,40
43,2022-05-01,83
43,2022-06-01,53
43,2022-07-01,85
43,2022-08-01,74
43,2022-09-01,71
43,2022-10-01,62
43,2022-11-01,57
43,2022-12-01,69
43,2023-01-01,70
43,2023-02-01,30
43,2023-03-01,41
43,2023-04-01,34
43,2023-05-01,50
43,2023-06-01,50
43,2023-07-01,42
43,2023-08-01,58
43,2023-09-01,40
43,2023-10-01,34
43,2023-11-01,42
43,2023-12-01,52
43,2024-01-01,34
43,2024-02-01,36
43,2024-03-01,46
43,2024-04-01,41
43,2024-05-01,47
43,2024-06-01,41
43,2024-07-01,43
43,2024-08-01,38
43,2024-09-01,44
43,2024-10-01,49
43,2024-11-01,29
43,2024-12-01,39
43,2025-01-01,39
43,2025-02-01,33
43,2025-03-01,31
43,2025-04-01,31
43,2025-05-01,46
43,2025-06-01,51
43,2025-07-01,48
43,2025-08-01,48
43,2025-09-01,34
43,2025-10-01,41
43,2025-11-01,26
43,2025-12-01,20
44,2018-01-01,25
44,2018-02-01,28
44,2018-03-01,34
44,2018-04-01,40
44,2018-05-01,45
44,2018-06-01,42
44,2018-07-01,46
44,2018-08-01,31
44,2018-09-01,31
44,2018-10-01,19
44,2018-11-01,26
44,2018-12-01,22
44,2019-01-01,23
44,2019-02-01,40
44,2019-03-01,27
44,2019-04-01,24
44,2019-05-01,28
44,2019-06-01,45
44,2019-07-01,37
44,2019-08-01,44
44,2019-09-01,45
44,2019-10-01,46
44,2019-11-01,33
44,2019-12-01,39
44,2020-01-01,40
44,2020-02-01,39
44,2020-03-01,20
44,2020-04-01,23
44,2020-05-01,23
44,2020-06-01,40
44,2020-07-01,33
44,2020-08-01,44
44,2020-09-01,33
44,2020-10-01,38
44,2020-11-01,44
44,2020-12-01,41
44,2021-01-01,30
44,2021-02-01,29
44,2021-03-01,29
44,2021-04-01,31
44,2021-05-01,35
44,2021-06-01,41
44,2021-07-01,62
44,2021-08-01,45
44,2021-09-01,50
44,2021-10-01,62
44,2021-11-01,55
44,2021-12-01,62
44,2022-01-01,49
44,2022-02-01,46
44,2022-03-01,48
44,2022-04-01,60
44,2022-05-01,64
44,2022-06-01,51
44,2022-07-01,86
44,2022-08-01,65
44,2022-09-01,64
44,2022-10-01,59
44,2022-11-01,53
44,2022-12-01,68
44,2023-01-01,53
44,2023-02-01,48
44,2023-03-01,47
44,2023-04-01,36
44,2023-05-01,51
44,2023-06-01,48
44,2023-07-01,47
44,2023-08-01,58
44,2023-09-01,31
44,2023-10-01,46
44,2023-11-01,48
44,2023-12-01,55
44,2024-01-01,49
44,2024-02-01,36
44,2024-03-01,43
44,2024-04-01,47
44,2024-05-01,41
44,2024-06-01,52
44,2024-07-01,51
44,2024-08-01,49
44,2024-09-01,53
44,2024-10-01,50
44,2024-11-01,52
44,2024-12-01,32
44,2025-01-01,38
44,2025-02-01,25
44,2025-03-01,34
44,2025-04-01,46
44,2025-05-01,54
44,2025-06-01,41
44,2025-07-01,46
44,2025-08-01,40
44,2025-09-01,32
44,2025-10-01,40
44,2025-11-01,35
44,2025-12-01,30
45,2018-01-01,12
45,2018-02-01,10
45,2018-03-01,9
45,2018-04-01,10
45,2018-05-01,8
45,2018-06-01,12
45,2018-07-01,9
45,2018-08-01,9
45,2018-09-01,12
45,2018-10-01,11
45,2018-11-01,13
45,2018-12-01,12
45,2019-01-01,8
45,2019-02-01,9
45,2019-03-01,8
45,2019-04-01,13
45,2019-05-01,15
45,2019-06-01,12
45,2019-07-01,16
45,2019-08-01,9
45,2019-09-01,9
45,2019-10-01,14
45,2019-11-01,17
45,2019-12-01,13
45,2020-01-01,14
45,2020-02-01,8
45,2020-03-01,8
45,2020-04-01,5
45,2020-05-01,6
45,2020-06-01,9
45,2020-07-01,7
45,2020-08-01,18
45,2020-09-01,11
45,2020-10-01,12
45,2020-11-01,18
45,2020-12-01,11
45,2021-01-01,18
45,2021-02-01,15
45,2021-03-01,5
45,2021-04-01,9
45,2021-05-01,21
45,2021-06-01,13
45,2021-07-01,21
45,2021-08-01,17
45,2021-09-01,18
45,2021-10-01,9
45,2021-11-01,15
45,2021-12-01,9
45,2022-01-01,19
45,2022-02-01,15
45,2022-03-01,11
45,2022-04-01,12
45,2022-05-01,17
45,2022-06-01,21
45,2022-07-01,17
45,2022-08-01,20
45,2022-09-01,18
45,2022-10-01,26
45,2022-11-01,23
45,2022-12-01,35
45,2023-01-01,22
45,2023-02-01,13
45,2023-03-01,15
45,2023-04-01,12
45,2023-05-01,14
45,2023-06-01,17
45,2023-07-01,18
45,2023-08-01,27
45,2023-09-01,17
45,2023-10-01,18
45,2023-11-01,13
45,2023-12-01,17
45,2024-01-01,20
45,2024-02-01,23
45,2024-03-01,24
45,2024-04-01,16
45,2024-05-01,7
45,2024-06-01,18
45,2024-07-01,16
45,2024-08-01,22
45,2024-09-01,23
45,2024-10-01,17
45,2024-11-01,16
45,2024-12-01,16
45,2025-01-01,27
45,2025-02-01,12
45,2025-03-01,24
45,2025-04-01,15
45,2025-05-01,22
45,2025-06-01,18
45,2025-07-01,23
45,2025-08-01,14
45,2025-09-01,16
45,2025-10-01,13
45,2025-11-01,6
45,2025-12-01,10
46,2018-01-01,25
46,2018-02-01,29
46,2018-03-01,26
46,2018-04-01,24
46,2018-05-01,28
46,2018-06-01,16
46,2018-07-01,32
46,2018-08-01,24
46,2018-09-01,31
46,2018-10-01,26
46,2018-11-01,28
46,2018-12-01,26
46,2019-01-01,26
46,2019-02-01,20
46,2019-03-01,29
46,2019-04-01,26
46,2019-05-01,34
46,2019-06-01,29
46,2019-07-01,26
46,2019-08-01,30
46,2019-09-01,28
46,2019-10-01,42
46,2019-11-01,39
46,2019-12-01,28
46,2020-01-01,35
46,2020-02-01,31
46,2020-03-01,38
46,2020-04-01,24
46,2020-05-01,22
46,2020-06-01,34
46,2020-07-01,16
46,2020-08-01,31
46,2020-09-01,36
46,2020-10-01,33
46,2020-11-01,33
46,2020-12-01,27
46,2021-01-01,34
46,2021-02-01,27
46,2021-03-01,15
46,2021-04-01,39
46,2021-05-01,32
46,2021-06-01,41
46,2021-07-01,32
46,2021-08-01,20
46,2021-09-01,34
46,2021-10-01,26
46,2021-11-01,48
46,2021-12-01,40
46,2022-01-01,33
46,2022-02-01,30
46,2022-03-01,29
46,2022-04-01,34
46,2022-05-01,34
46,2022-06-01,40
46,2022-07-01,34
46,2022-08-01,24
46,2022-09-01,42
46,2022-10-01,27
46,2022-11-01,33
46,2022-12-01,26
46,2023-01-01,29
46,2023-02-01,20
46,2023-03-01,30
46,2023-04-01,28
46,2023-05-01,20
46,2023-06-01,38
46,2023-07-01,28
46,2023-08-01,32
46,2023-09-01,30
46,2023-10-01,43
46,2023-11-01,26
46,2023-12-01,42
46,2024-01-01,29
46,2024-02-01,16
46,2024-03-01,28
46,2024-04-01,33
46,2024-05-01,34
46,2024-06-01,45
46,2024-07-01,35
46,2024-08-01,43
46,2024-09-01,34
46,2024-10-01,34
46,2024-11-01,30
46,2024-12-01,36
46,2025-01-01,33
46,2025-02-01,35
46,2025-03-01,22
46,2025-04-01,44
46,2025-05-01,37
46,2025-06-01,41
46,2025-07-01,30
46,2025-08-01,32
46,2025-09-01,46
46,2025-10-01,42
46,2025-11-01,33
46,2025-12-01,35
47,2018-01-01,30
47,2018-02-01,24
47,2018-03-01,28
47,2018-04-01,25
47,2018-05-01,31
47,2018-06-01,23
47,2018-07-01,22
47,2018-08-01,26
47,2018-09-01,21
47,2018-10-01,37
47,2018-11-01,37
47,2018-12-01,33
47,2019-01-01,46
47,2019-02-01,19
47,2019-03-01,30
47,2019-04-01,19
47,2019-05-01,30
47,2019-06-01,30
47,2019-07-01,33
47,2019-08-01,26
47,2019-09-01,37
47,2019-10-01,28
47,2019-11-01,24
47,2019-12-01,25
47,2020-01-01,28
47,2020-02-01,24
47,2020-03-01,10
47,2020-04-01,19
47,2020-05-01,20
47,2020-06-01,23
47,2020-07-01,27
47,2020-08-01,37
47,2020-09-01,32
47,2020-10-01,27
47,2020-11-01,34
47,2020-12-01,42
47,2021-01-01,39
47,2021-02-01,23
47,2021-03-01,17
47,2021-04-01,25
47,2021-05-01,28
47,2021-06-01,30
47,2021-07-01,25
47,2021-08-01,30
47,2021-09-01,40
47,2021-10-01,33
47,2021-11-01,48
47,2021-12-01,40
47,2022-01-01,32
47,2022-02-01,27
47,2022-03-01,26
47,2022-04-01,31
47,2022-05-01,39
47,2022-06-01,43
47,2022-07-01,60
47,2022-08-01,43
47,2022-09-01,33
47,2022-10-01,44
47,2022-11-01,45
47,2022-12-01,35
47,2023-01-01,40
47,2023-02-01,26
47,2023-03-01,33
47,2023-04-01,38
47,2023-05-01,38
47,2023-06-01,39
47,2023-07-01,60
47,2023-08-01,39
47,2023-09-01,39
47,2023-10-01,47
47,2023-11-01,40
47,2023-12-01,39
47,2024-01-01,44
47,2024-02-01,33
47,2024-03-01,42
47,2024-04-01,37
47,2024-05-01,49
47,2024-06-01,54
47,2024-07-01,46
47,2024-08-01,51
47,2024-09-01,43
47,2024-10-01,55
47,2024-11-01,46
47,2024-12-01,42
47,2025-01-01,39
47,2025-02-01,34
47,2025-03-01,39
47,2025-04-01,53
47,2025-05-01,41
47,2025-06-01,40
47,2025-07-01,45
47,2025-08-01,33
47,2025-09-01,53
47,2025-10-01,34
47,2025-11-01,38
47,2025-12-01,29
48,2018-01-01,25
48,2018-02-01,19
48,2018-03-01,15
48,2018-04-01,14
48,2018-05-01,24
48,2018-06-01,31
48,2018-07-01,19
48,2018-08-01,26
48,2018-09-01,28
48,2018-10-01,28
48,2018-11-01,16
48,2018-12-01,32
48,2019-01-01,27
48,2019-02-01,18
48,2019-03-01,13
48,2019-04-01,24
48,2019-05-01,33
48,2019-06-01,30
48,2019-07-01,26
48,2019-08-01,22
48,2019-09-01,26
48,2019-10-01,48
48,2019-11-01,23
48,2019-12-01,25
48,2020-01-01,25
48,2020-02-01,26
48,2020-03-01,18
48,2020-04-01,19
48,2020-05-01,18
48,2020-06-01,14
48,2020-07-01,31
48,2020-08-01,26
48,2020-09-01,28
48,2020-10-01,32
48,2020-11-01,40
48,2020-12-01,25
48,2021-01-01,23
48,2021-02-01,22
48,2021-03-01,26
48,2021-04-01,24
48,2021-05-01,22
48,2021-06-01,25
48,2021-07-01,27
48,2021-08-01,39
48,2021-09-01,32
48,2021-10-01,45
48,2021-11-01,38
48,2021-12-01,33
48,2022-01-01,30
48,2022-02-01,42
48,2022-03-01,31
48,2022-04-01,31
48,2022-05-01,38
48,2022-06-01,49
48,2022-07-01,50
48,2022-08-01,32
48,2022-09-01,24
48,2022-10-01,38
48,2022-11-01,54
48,2022-12-01,28
48,2023-01-01,22
48,2023-02-01,15
48,2023-03-01,40
48,2023-04-01,32
48,2023-05-01,37
48,2023-06-01,40
48,2023-07-01,46
48,2023-08-01,39
48,2023-09-01,51
48,2023-10-01,42
48,2023-11-01,49
48,2023-12-01,52
48,2024-01-01,49
48,2024-02-01,33
48,2024-03-01,39
48,2024-04-01,38
48,2024-05-01,46
48,2024-06-01,37
48,2024-07-01,44
48,2024-08-01,45
48,2024-09-01,37
48,2024-10-01,37
48,2024-11-01,29
48,2024-12-01,22
48,2025-01-01,32
48,2025-02-01,32
48,2025-03-01,30
48,2025-04-01,45
48,2025-05-01,34
48,2025-06-01,53
48,2025-07-01,45
48,2025-08-01,40
48,2025-09-01,42
48,2025-10-01,40
48,2025-11-01,21
48,2025-12-01,21
49,2018-01-01,24
49,2018-02-01,23
49,2018-03-01,15
49,2018-04-01,13
49,2018-05-01,13
49,2018-06-01,8
49,2018-07-01,19
49,2018-08-01,5
49,2018-09-01,11
49,2018-10-01,17
49,2018-11-01,17
49,2018-12-01,10
49,2019-01-01,13
49,2019-02-01,13
49,2019-03-01,13
49,2019-04-01,15
49,2019-05-01,22
49,2019-06-01,12
49,2019-07-01,13
49,2019-08-01,17
49,2019-09-01,14
49,2019-10-01,30
49,2019-11-01,18
49,2019-12-01,13
49,2020-01-01,18
49,2020-02-01,9
49,2020-03-01,13
49,2020-04-01,6
49,2020-05-01,8
49,2020-06-01,15
49,2020-07-01,10
49,2020-08-01,16
49,2020-09-01,22
49,2020-10-01,24
49,2020-11-01,20
49,2020-12-01,19
49,2021-01-01,12
49,2021-02-01,21
49,2021-03-01,10
49,2021-04-01,12
49,2021-05-01,25
49,2021-06-01,19
49,2021-07-01,26
49,2021-08-01,13
49,2021-09-01,16
49,2021-10-01,26
49,2021-11-01,22
49,2021-12-01,20
49,2022-01-01,15
49,2022-02-01,23
49,2022-03-01,12
49,2022-04-01,20
49,2022-05-01,26
49,2022-06-01,16
49,2022-07-01,25
49,2022-08-01,31
49,2022-09-01,27
49,2022-10-01,30
49,2022-11-01,23
49,2022-12-01,31
49,2023-01-01,25
49,2023-02-01,13
49,2023-03-01,24
49,2023-04-01,11
49,2023-05-01,30
49,2023-06-01,24
49,2023-07-01,26
49,2023-08-01,31
49,2023-09-01,27
49,2023-10-01,29
49,2023-11-01,15
49,2023-12-01,27
49,2024-01-01,31
49,2024-02-01,19
49,2024-03-01,20
49,2024-04-01,23
49,2024-05-01,16
49,2024-06-01,17
49,2024-07-01,20
49,2024-08-01,22
49,2024-09-01,15
49,2024-10-01,29
49,2024-11-01,20
49,2024-12-01,24
49,2025-01-01,26
49,2025-02-01,20
49,2025-03-01,15
49,2025-04-01,18
49,2025-05-01,25
49,2025-06-01,19
49,2025-07-01,37
49,2025-08-01,31
49,2025-09-01,40
49,2025-10-01,26
49,2025-11-01,26
49,2025-12-01,26
50,2018-01-01,1
50,2018-02-01,9
50,2018-03-01,6
50,2018-04-01,8
50,2018-05-01,12
50,2018-06-01,12
50,2018-07-01,6
50,2018-08-01,12
50,2018-09-01,11
50,2018-10-01,12
50,2018-11-01,10
50,2018-12-01,11
50,2019-01-01,4
50,2019-02-01,7
50,2019-03-01,11
50,2019-04-01,5
50,2019-05-01,7
50,2019-06-01,9
50,2019-07-01,11
50,2019-08-01,13
50,2019-09-01,14
50,2019-10-01,5
50,2019-11-01,17
50,2019-12-01,6
50,2020-01-01,6
50,2020-02-01,8
50,2020-03-01,3
50,2020-04-01,7
50,2020-05-01,5
50,2020-06-01,5
50,2020-07-01,5
50,2020-08-01,8
50,2020-09-01,11
50,2020-10-01,10
50,2020-11-01,7
50,2020-12-01,12
50,2021-01-01,12
50,2021-02-01,4
50,2021-03-01,5
50,2021-04-01,2
50,2021-05-01,5
50,2021-06-01,9
50,2021-07-01,13
50,2021-08-01,12
50,2021-09-01,12
50,2021-10-01,12
50,2021-11-01,13
50,2021-12-01,7
50,2022-01-01,15
50,2022-02-01,11
50,2022-03-01,18
50,2022-04-01,10
50,2022-05-01,18
50,2022-06-01,14
50,2022-07-01,23
50,2022-08-01,25
50,2022-09-01,11
50,2022-10-01,13
50,2022-11-01,16
50,2022-12-01,14
50,2023-01-01,10
50,2023-02-01,6
50,2023-03-01,18
50,2023-04-01,13
50,2023-05-01,12
50,2023-06-01,12
50,2023-07-01,17
50,2023-08-01,21
50,2023-09-01,8
50,2023-10-01,14
50,2023-11-01,12
50,2023-12-01,19
50,2024-01-01,21
50,2024-02-01,14
50,2024-03-01,7
50,2024-04-01,12
50,2024-05-01,10
50,2024-06-01,12
50,2024-07-01,16
50,2024-08-01,9
50,2024-09-01,9
50,2024-10-01,7
50,2024-11-01,11
50,2024-12-01,10
50,2025-01-01,9
50,2025-02-01,11
50,2025-03-01,7
50,2025-04-01,5
50,2025-05-01,14
50,2025-06-01,10
50,2025-07-01,10
50,2025-08-01,10
50,2025-09-01,17
50,2025-10-01,4
50,2025-11-01,1
50,2025-12-01,5
51,2018-01-01,0
51,2018-02-01,0
51,2018-03-01,0
51,2018-04-01,0
51,2018-05-01,0
51,2018-06-01,0
51,2018-07-01,0
51,2018-08-01,0
51,2018-09-01,0
51,2018-10-01,0
51,2018-11-01,0
51,2018-12-01,0
51,2019-01-01,0
51,2019-02-01,0
51,2019-03-01,0
51,2019-04-01,0
51,2019-05-01,0
51,2019-06-01,0
51,2019-07-01,0
51,2019-08-01,0
51,2019-09-01,0
51,2019-10-01,0
51,2019-11-01,0
51,2019-12-01,0
51,2020-01-01,0
51,2020-02-01,0
51,2020-03-01,0
51,2020-04-01,0
51,2020-05-01,0
51,2020-06-01,0
51,2020-07-01,0
51,2020-08-01,0
51,2020-09-01,0
51,2020-10-01,0
51,2020-11-01,0
51,2020-12-01,0
51,2021-01-01,0
51,2021-02-01,0
51,2021-03-01,0
51,2021-04-01,0
51,2021-05-01,0
51,2021-06-01,0
51,2021-07-01,0
51,2021-08-01,0
51,2021-09-01,0
51,2021-10-01,0
51,2021-11-01,0
51,2021-12-01,0
51,2022-01-01,0
51,2022-02-01,0
51,2022-03-01,0
51,2022-04-01,0
51,2022-05-01,0
51,2022-06-01,0
51,2022-07-01,0
51,2022-08-01,0
51,2022-09-01,0
51,2022-10-01,0
51,2022-11-01,0
51,2022-12-01,0
51,2023-01-01,0
51,2023-02-01,0
51,2023-03-01,0
51,2023-04-01,0
51,2023-05-01,0
51,2023-06-01,0
51,2023-07-01,0
51,2023-08-01,0
51,2023-09-01,0
51,2023-10-01,0
51,2023-11-01,0
51,2023-12-01,0
51,2024-01-01,0
51,2024-02-01,0
51,2024-03-01,0
51,2024-04-01,0
51,2024-05-01,0
51,2024-06-01,0
51,2024-07-01,0
51,2024-08-01,0
51,2024-09-01,0
51,2024-10-01,0
51,2024-11-01,0
51,2024-12-01,0
51,2025-01-01,0
51,2025-02-01,0
51,2025-03-01,0
51,2025-04-01,0
51,2025-05-01,0
51,2025-06-01,0
51,2025-07-01,0
51,2025-08-01,0
51,2025-09-01,0
51,2025-10-01,0
51,2025-11-01,0
51,2025-12-01,0
52,2018-01-01,16
52,2018-02-01,26
52,2018-03-01,30
52,2018-04-01,20
52,2018-05-01,34
52,2018-06-01,35
52,2018-07-01,15
52,2018-08-01,26
52,2018-09-01,46
52,2018-10-01,30
52,2018-11-01,33
52,2018-12-01,25
52,2019-01-01,16
52,2019-02-01,28
52,2019-03-01,37
52,2019-04-01,34
52,2019-05-01,25
52,2019-06-01,27
52,2019-07-01,31
52,2019-08-01,37
52,2019-09-01,33
52,2019-10-01,37
52,2019-11-01,35
52,2019-12-01,22
52,2020-01-01,40
52,2020-02-01,37
52,2020-03-01,26
52,2020-04-01,15
52,2020-05-01,28
52,2020-06-01,23
52,2020-07-01,20
52,2020-08-01,44
52,2020-09-01,34
52,2020-10-01,27
52,2020-11-01,27
52,2020-12-01,24
52,2021-01-01,25
52,2021-02-01,19
52,2021-03-01,22
52,2021-04-01,22
52,2021-05-01,42
52,2021-06-01,31
52,2021-07-01,40
52,2021-08-01,39
52,2021-09-01,29
52,2021-10-01,32
52,2021-11-01,31
52,2021-12-01,44
52,2022-01-01,33
52,2022-02-01,31
52,2022-03-01,23
52,2022-04-01,38
52,2022-05-01,42
52,2022-06-01,49
52,2022-07-01,34
52,2022-08-01,32
52,2022-09-01,29
52,2022-10-01,34
52,2022-11-01,23
52,2022-12-01,44
52,2023-01-01,34
52,2023-02-01,33
52,2023-03-01,23
52,2023-04-01,36
52,2023-05-01,31
52,2023-06-01,56
52,2023-07-01,52
52,2023-08-01,44
52,2023-09-01,35
52,2023-10-01,48
52,2023-11-01,30
52,2023-12-01,64
52,2024-01-01,45
52,2024-02-01,52
52,2024-03-01,25
52,2024-04-01,45
52,2024-05-01,35
52,2024-06-01,39
52,2024-07-01,60
52,2024-08-01,56
52,2024-09-01,38
52,2024-10-01,53
52,2024-11-01,38
52,2024-12-01,33
52,2025-01-01,24
52,2025-02-01,26
52,2025-03-01,36
52,2025-04-01,42
52,2025-05-01,40
52,2025-06-01,45
52,2025-07-01,64
52,2025-08-01,55
52,2025-09-01,47
52,2025-10-01,54
52,2025-11-01,46
52,2025-12-01,34
53,2018-01-01,0
53,2018-02-01,0
53,2018-03-01,0
53,2018-04-01,0
53,2018-05-01,0
53,2018-06-01,0
53,2018-07-01,0
53,2018-08-01,0
53,2018-09-01,0
53,2018-10-01,0
53,2018-11-01,0
53,2018-12-01,0
53,2019-01-01,0
53,2019-02-01,0
53,2019-03-01,0
53,2019-04-01,0
53,2019-05-01,0
53,2019-06-01,0
53,2019-07-01,0
53,2019-08-01,0
53,2019-09-01,0
53,2019-10-01,0
53,2019-11-01,0
53,2019-12-01,0
53,2020-01-01,0
53,2020-02-01,0
53,2020-03-01,0
53,2020-04-01,0
53,2020-05-01,0
53,2020-06-01,0
53,2020-07-01,0
53,2020-08-01,0
53,2020-09-01,0
53,2020-10-01,0
53,2020-11-01,0
53,2020-12-01,0
53,2021-01-01,0
53,2021-02-01,0
53,2021-03-01,0
53,2021-04-01,0
53,2021-05-01,0
53,2021-06-01,0
53,2021-07-01,0
53,2021-08-01,0
53,2021-09-01,0
53,2021-10-01,0
53,2021-11-01,0
53,2021-12-01,0
53,2022-01-01,0
53,2022-02-01,0
53,2022-03-01,0
53,2022-04-01,0
53,2022-05-01,0
53,2022-06-01,0
53,2022-07-01,0
53,2022-08-01,0
53,2022-09-01,0
53,2022-10-01,0
53,2022-11-01,0
53,2022-12-01,0
53,2023-01-01,0
53,2023-02-01,0
53,2023-03-01,0
53,2023-04-01,0
53,2023-05-01,0
53,2023-06-01,0
53,2023-07-01,0
53,2023-08-01,0
53,2023-09-01,0
53,2023-10-01,0
53,2023-11-01,0
53,2023-12-01,0
53,2024-01-01,0
53,2024-02-01,0
53,2024-03-01,0
53,2024-04-01,0
53,2024-05-01,0
53,2024-06-01,0
53,2024-07-01,0
53,2024-08-01,0
53,2024-09-01,0
53,2024-10-01,0
53,2024-11-01,0
53,2024-12-01,0
53,2025-01-01,0
53,2025-02-01,0
53,2025-03-01,0
53,2025-04-01,0
53,2025-05-01,0
53,2025-06-01,0
53,2025-07-01,0
53,2025-08-01,0
53,2025-09-01,0
53,2025-10-01,0
53,2025-11-01,0
53,2025-12-01,0
54,2018-01-01,0
54,2018-02-01,0
54,2018-03-01,0
54,2018-04-01,0
54,2018-05-01,0
54,2018-06-01,0
54,2018-07-01,0
54,2018-08-01,0
54,2018-09-01,0
54,2018-10-01,0
54,2018-11-01,0
54,2018-12-01,0
54,2019-01-01,0
54,2019-02-01,0
54,2019-03-01,0
54,2019-04-01,0
54,2019-05-01,0
54,2019-06-01,0
54,2019-07-01,0
54,2019-08-01,0
54,2019-09-01,0
54,2019-10-01,0
54,2019-11-01,0
54,2019-12-01,0
54,2020-01-01,0
54,2020-02-01,0
54,2020-03-01,0
54,2020-04-01,0
54,2020-05-01,0
54,2020-06-01,0
54,2020-07-01,0
54,2020-08-01,0
54,2020-09-01,0
54,2020-10-01,0
54,2020-11-01,0
54,2020-12-01,0
54,2021-01-01,0
54,2021-02-01,0
54,2021-03-01,0
54,2021-04-01,0
54,2021-05-01,0
54,2021-06-01,0
54,2021-07-01,0
54,2021-08-01,0
54,2021-09-01,0
54,2021-10-01,0
54,2021-11-01,0
54,2021-12-01,0
54,2022-01-01,0
54,2022-02-01,0
54,2022-03-01,0
54,2022-04-01,0
54,2022-05-01,0
54,2022-06-01,0
54,2022-07-01,0
54,2022-08-01,0
54,2022-09-01,0
54,2022-10-01,0
54,2022-11-01,0
54,2022-12-01,0
54,2023-01-01,0
54,2023-02-01,0
54,2023-03-01,0
54,2023-04-01,0
54,2023-05-01,0
54,2023-06-01,0
54,2023-07-01,0
54,2023-08-01,0
54,2023-09-01,0
54,2023-10-01,0
54,2023-11-01,0
54,2023-12-01,0
54,2024-01-01,0
54,2024-02-01,0
54,2024-03-01,0
54,2024-04-01,0
54,2024-05-01,0
54,2024-06-01,0
54,2024-07-01,0
54,2024-08-01,0
54,2024-09-01,0
54,2024-10-01,0
54,2024-11-01,0
54,2024-12-01,0
54,2025-01-01,0
54,2025-02-01,0
54,2025-03-01,0
54,2025-04-01,0
54,2025-05-01,0
54,2025-06-01,0
54,2025-07-01,0
54,2025-08-01,0
54,2025-09-01,0
54,2025-10-01,0
54,2025-11-01,0
54,2025-12-01,0
55,2018-01-01,0
55,2018-02-01,0
55,2018-03-01,0
55,2018-04-01,0
55,2018-05-01,0
55,2018-06-01,0
55,2018-07-01,0
55,2018-08-01,0
55,2018-09-01,0
55,2018-10-01,0
55,2018-11-01,0
55,2018-12-01,0
55,2019-01-01,0
55,2019-02-01,0
55,2019-03-01,0
55,2019-04-01,0
55,2019-05-01,0
55,2019-06-01,0
55,2019-07-01,0
55,2019-08-01,0
55,2019-09-01,0
55,2019-10-01,0
55,2019-11-01,0
55,2019-12-01,0
55,2020-01-01,0
55,2020-02-01,0
55,2020-03-01,0
55,2020-04-01,0
55,2020-05-01,0
55,2020-06-01,0
55,2020-07-01,0
55,2020-08-01,0
55,2020-09-01,0
55,2020-10-01,0
55,2020-11-01,0
55,2020-12-01,0
55,2021-01-01,0
55,2021-02-01,0
55,2021-03-01,0
55,2021-04-01,0
55,2021-05-01,0
55,2021-06-01,0
55,2021-07-01,0
55,2021-08-01,0
55,2021-09-01,0
55,2021-10-01,0
55,2021-11-01,0
55,2021-12-01,0
55,2022-01-01,0
55,2022-02-01,0
55,2022-03-01,0
55,2022-04-01,0
55,2022-05-01,0
55,2022-06-01,0
55,2022-07-01,0
55,2022-08-01,0
55,2022-09-01,0
55,2022-10-01,0
55,2022-11-01,0
55,2022-12-01,0
55,2023-01-01,0
55,2023-02-01,0
55,2023-03-01,0
55,2023-04-01,0
55,2023-05-01,0
55,2023-06-01,0
55,2023-07-01,0
55,2023-08-01,0
55,2023-09-01,0
55,2023-10-01,0
55,2023-11-01,0
55,2023-12-01,0
55,2024-01-01,0
55,2024-02-01,0
55,2024-03-01,0
55,2024-04-01,0
55,2024-05-01,0
55,2024-06-01,0
55,2024-07-01,0
55,2024-08-01,0
55,2024-09-01,0
55,2024-10-01,0
55,2024-11-01,0
55,2024-12-01,0
55,2025-01-01,0
55,2025-02-01,0
55,2025-03-01,0
55,2025-04-01,0
55,2025-05-01,0
55,2025-06-01,0
55,2025-07-01,0
55,2025-08-01,0
55,2025-09-01,0
55,2025-10-01,0
55,2025-11-01,0
55,2025-12-01,0
56,2018-01-01,0
56,2018-02-01,0
56,2018-03-01,0
56,2018-04-01,0
56,2018-05-01,0
56,2018-06-01,0
56,2018-07-01,0
56,2018-08-01,0
56,2018-09-01,0
56,2018-10-01,0
56,2018-11-01,0
56,2018-12-01,0
56,2019-01-01,0
56,2019-02-01,0
56,2019-03-01,0
56,2019-04-01,0
56,2019-05-01,0
56,2019-06-01,0
56,2019-07-01,0
56,2019-08-01,0
56,2019-09-01,0
56,2019-10-01,0
56,2019-11-01,0
56,2019-12-01,0
56,2020-01-01,0
56,2020-02-01,0
56,2020-03-01,0
56,2020-04-01,0
56,2020-05-01,0
56,2020-06-01,0
56,2020-07-01,0
56,2020-08-01,0
56,2020-09-01,0
56,2020-10-01,0
56,2020-11-01,0
56,2020-12-01,0
56,2021-01-01,0
56,2021-02-01,0
56,2021-03-01,0
56,2021-04-01,0
56,2021-05-01,0
56,2021-06-01,0
56,2021-07-01,0
56,2021-08-01,0
56,2021-09-01,0
56,2021-10-01,0
56,2021-11-01,0
56,2021-12-01,0
56,2022-01-01,0
56,2022-02-01,0
56,2022-03-01,0
56,2022-04-01,0
56,2022-05-01,0
56,2022-06-01,0
56,2022-07-01,0
56,2022-08-01,0
56,2022-09-01,0
56,2022-10-01,0
56,2022-11-01,0
56,2022-12-01,0
56,2023-01-01,0
56,2023-02-01,0
56,2023-03-01,0
56,2023-04-01,0
56,2023-05-01,0
56,2023-06-01,0
56,2023-07-01,0
56,2023-08-01,0
56,2023-09-01,0
56,2023-10-01,0
56,2023-11-01,0
56,2023-12-01,0
56,2024-01-01,0
56,2024-02-01,0
56,2024-03-01,0
56,2024-04-01,0
56,2024-05-01,0
56,2024-06-01,0
56,2024-07-01,0
56,2024-08-01,0
56,2024-09-01,0
56,2024-10-01,0
56,2024-11-01,0
56,2024-12-01,0
56,2025-01-01,0
56,2025-02-01,0
56,2025-03-01,0
56,2025-04-01,0
56,2025-05-01,0
56,2025-06-01,0
56,2025-07-01,0
56,2025-08-01,0
56,2025-09-01,0
56,2025-10-01,0
56,2025-11-01,0
56,2025-12-01,0
57,2018-01-01,0
57,2018-02-01,0
57,2018-03-01,0
57,2018-04-01,0
57,2018-05-01,0
57,2018-06-01,0
57,2018-07-01,0
57,2018-08-01,0
57,2018-09-01,0
57,2018-10-01,0
57,2018-11-01,0
57,2018-12-01,0
57,2019-01-01,0
57,2019-02-01,0
57,2019-03-01,0
57,2019-04-01,0
57,2019-05-01,0
57,2019-06-01,0
57,2019-07-01,0
57,2019-08-01,0
57,2019-09-01,0
57,2019-10-01,0
57,2019-11-01,0
57,2019-12-01,0
57,2020-01-01,0
57,2020-02-01,0
57,2020-03-01,0
57,2020-04-01,0
57,2020-05-01,0
57,2020-06-01,0
57,2020-07-01,0
57,2020-08-01,0
57,2020-09-01,0
57,2020-10-01,0
57,2020-11-01,0
57,2020-12-01,0
57,2021-01-01,0
57,2021-02-01,0
57,2021-03-01,0
57,2021-04-01,0
57,2021-05-01,0
57,2021-06-01,0
57,2021-07-01,0
57,2021-08-01,0
57,2021-09-01,0
57,2021-10-01,0
57,2021-11-01,0
57,2021-12-01,0
57,2022-01-01,0
57,2022-02-01,0
57,2022-03-01,0
57,2022-04-01,0
57,2022-05-01,0
57,2022-06-01,0
57,2022-07-01,0
57,2022-08-01,0
57,2022-09-01,0
57,2022-10-01,0
57,2022-11-01,0
57,2022-12-01,0
57,2023-01-01,0
57,2023-02-01,0
57,2023-03-01,0
57,2023-04-01,0
57,2023-05-01,0
57,2023-06-01,0
57,2023-07-01,0
57,2023-08-01,0
57,2023-09-01,0
57,2023-10-01,0
57,2023-11-01,0
57,2023-12-01,0
57,2024-01-01,0
57,2024-02-01,0
57,2024-03-01,0
57,2024-04-01,0
57,2024-05-01,0
57,2024-06-01,0
57,2024-07-01,0
57,2024-08-01,0
57,2024-09-01,0
57,2024-10-01,0
57,2024-11-01,0
57,2024-12-01,0
57,2025-01-01,0
57,2025-02-01,0
57,2025-03-01,0
57,2025-04-01,0
57,2025-05-01,0
57,2025-06-01,0
57,2025-07-01,0
57,2025-08-01,0
57,2025-09-01,0
57,2025-10-01,0
57,2025-11-01,0
57,2025-12-01,0
58,2018-01-01,0
58,2018-02-01,0
58,2018-03-01,0
58,2018-04-01,0
58,2018-05-01,0
58,2018-06-01,0
58,2018-07-01,0
58,2018-08-01,0
58,2018-09-01,0
58,2018-10-01,0
58,2018-11-01,0
58,2018-12-01,0
58,2019-01-01,0
58,2019-02-01,0
58,2019-03-01,0
58,2019-04-01,0
58,2019-05-01,0
58,2019-06-01,0
58,2019-07-01,0
58,2019-08-01,0
58,2019-09-01,0
58,2019-10-01,0
58,2019-11-01,0
58,2019-12-01,0
58,2020-01-01,0
58,2020-02-01,0
58,2020-03-01,0
58,2020-04-01,0
58,2020-05-01,0
58,2020-06-01,0
58,2020-07-01,0
58,2020-08-01,0
58,2020-09-01,0
58,2020-10-01,0
58,2020-11-01,0
58,2020-12-01,0
58,2021-01-01,0
58,2021-02-01,0
58,2021-03-01,0
58,2021-04-01,0
58,2021-05-01,0
58,2021-06-01,0
58,2021-07-01,0
58,2021-08-01,0
58,2021-09-01,0
58,2021-10-01,0
58,2021-11-01,0
58,2021-12-01,0
58,2022-01-01,0
58,2022-02-01,0
58,2022-03-01,0
58,2022-04-01,0
58,2022-05-01,0
58,2022-06-01,0
58,2022-07-01,0
58,2022-08-01,0
58,2022-09-01,0
58,2022-10-01,0
58,2022-11-01,0
58,2022-12-01,0
58,2023-01-01,0
58,2023-02-01,0
58,2023-03-01,0
58,2023-04-01,0
58,2023-05-01,0
58,2023-06-01,0
58,2023-07-01,0
58,2023-08-01,0
58,2023-09-01,0
58,2023-10-01,0
58,2023-11-01,0
58,2023-12-01,0
58,2024-01-01,0
58,2024-02-01,0
58,2024-03-01,0
58,2024-04-01,0
58,2024-05-01,0
58,2024-06-01,0
58,2024-07-01,0
58,2024-08-01,0
58,2024-09-01,0
58,2024-10-01,0
58,2024-11-01,0
58,2024-12-01,0
58,2025-01-01,0
58,2025-02-01,0
58,2025-03-01,0
58,2025-04-01,0
58,2025-05-01,0
58,2025-06-01,0
58,2025-07-01,0
58,2025-08-01,0
58,2025-09-01,0
58,2025-10-01,0
58,2025-11-01,0
58,2025-12-01,0
59,2018-01-01,0
59,2018-02-01,0
59,2018-03-01,0
59,2018-04-01,0
59,2018-05-01,0
59,2018-06-01,0
59,2018-07-01,0
59,2018-08-01,0
59,2018-09-01,0
59,2018-10-01,0
59,2018-11-01,0
59,2018-12-01,0
59,2019-01-01,0
59,2019-02-01,0
59,2019-03-01,0
59,2019-04-01,0
59,2019-05-01,0
59,2019-06-01,0
59,2019-07-01,0
59,2019-08-01,0
59,2019-09-01,0
59,2019-10-01,0
59,2019-11-01,0
59,2019-12-01,0
59,2020-01-01,0
59,2020-02-01,0
59,2020-03-01,0
59,2020-04-01,0
59,2020-05-01,0
59,2020-06-01,0
59,2020-07-01,0
59,2020-08-01,0
59,2020-09-01,0
59,2020-10-01,0
59,2020-11-01,0
59,2020-12-01,0
59,2021-01-01,0
59,2021-02-01,0
59,2021-03-01,0
59,2021-04-01,0
59,2021-05-01,0
59,2021-06-01,0
59,2021-07-01,0
59,2021-08-01,0
59,2021-09-01,0
59,2021-10-01,0
59,2021-11-01,0
59,2021-12-01,0
59,2022-01-01,0
59,2022-02-01,0
59,2022-03-01,0
59,2022-04-01,0
59,2022-05-01,0
59,2022-06-01,0
59,2022-07-01,0
59,2022-08-01,0
59,2022-09-01,0
59,2022-10-01,0
59,2022-11-01,0
59,2022-12-01,0
59,2023-01-01,0
59,2023-02-01,0
59,2023-03-01,0
59,2023-04-01,0
59,2023-05-01,0
59,2023-06-01,0
59,2023-07-01,0
59,2023-08-01,0
59,2023-09-01,0
59,2023-10-01,0
59,2023-11-01,0
59,2023-12-01,0
59,2024-01-01,0
59,2024-02-01,0
59,2024-03-01,0
59,2024-04-01,0
59,2024-05-01,0
59,2024-06-01,0
59,2024-07-01,0
59,2024-08-01,0
59,2024-09-01,0
59,2024-10-01,0
59,2024-11-01,0
59,2024-12-01,0
59,2025-01-01,0
59,2025-02-01,0
59,2025-03-01,0
59,2025-04-01,0
59,2025-05-01,0
59,2025-06-01,0
59,2025-07-01,0
59,2025-08-01,0
59,2025-09-01,0
59,2025-10-01,0
59,2025-11-01,0
59,2025-12-01,0
60,2018-01-01,16
60,2018-02-01,9
60,2018-03-01,10
60,2018-04-01,12
60,2018-05-01,14
60,2018-06-01,11
60,2018-07-01,14
60,2018-08-01,9
60,2018-09-01,11
60,2018-10-01,12
60,2018-11-01,9
60,2018-12-01,14
60,2019-01-01,11
60,2019-02-01,10
60,2019-03-01,9
60,2019-04-01,7
60,2019-05-01,15
60,2019-06-01,10
60,2019-07-01,11
60,2019-08-01,9
60,2019-09-01,15
60,2019-10-01,8
60,2019-11-01,3
60,2019-12-01,14
60,2020-01-01,11
60,2020-02-01,14
60,2020-03-01,14
60,2020-04-01,8
60,2020-05-01,2
60,2020-06-01,12
60,2020-07-01,16
60,2020-08-01,10
60,2020-09-01,8
60,2020-10-01,9
60,2020-11-01,9
60,2020-12-01,10
60,2021-01-01,8
60,2021-02-01,4
60,2021-03-01,6
60,2021-04-01,5
60,2021-05-01,8
60,2021-06-01,15
60,2021-07-01,12
60,2021-08-01,11
60,2021-09-01,7
60,2021-10-01,7
60,2021-11-01,16
60,2021-12-01,8
60,2022-01-01,14
60,2022-02-01,10
60,2022-03-01,9
60,2022-04-01,15
60,2022-05-01,19
60,2022-06-01,21
60,2022-07-01,16
60,2022-08-01,18
60,2022-09-01,20
60,2022-10-01,13
60,2022-11-01,14
60,2022-12-01,10
60,2023-01-01,17
60,2023-02-01,13
60,2023-03-01,10
60,2023-04-01,12
60,2023-05-01,13
60,2023-06-01,14
60,2023-07-01,23
60,2023-08-01,16
60,2023-09-01,10
60,2023-10-01,15
60,2023-11-01,13
60,2023-12-01,17
60,2024-01-01,12
60,2024-02-01,16
60,2024-03-01,12
60,2024-04-01,9
60,2024-05-01,9
60,2024-06-01,27
60,2024-07-01,19
60,2024-08-01,13
60,2024-09-01,25
60,2024-10-01,12
60,2024-11-01,11
60,2024-12-01,9
60,2025-01-01,7
60,2025-02-01,12
60,2025-03-01,8
60,2025-04-01,9
60,2025-05-01,13
60,2025-06-01,20
60,2025-07-01,19
60,2025-08-01,18
60,2025-09-01,12
60,2025-10-01,15
60,2025-11-01,9
60,2025-12-01,15
61,2018-01-01,18
61,2018-02-01,14
61,2018-03-01,7
61,2018-04-01,5
61,2018-05-01,12
61,2018-06-01,15
61,2018-07-01,7
61,2018-08-01,16
61,2018-09-01,21
61,2018-10-01,7
61,2018-11-01,15
61,2018-12-01,14
61,2019-01-01,12
61,2019-02-01,13
61,2019-03-01,15
61,2019-04-01,16
61,2019-05-01,12
61,2019-06-01,5
61,2019-07-01,5
61,2019-08-01,12
61,2019-09-01,14
61,2019-10-01,8
61,2019-11-01,19
61,2019-12-01,11
61,2020-01-01,19
61,2020-02-01,21
61,2020-03-01,14
61,2020-04-01,6
61,2020-05-01,12
61,2020-06-01,7
61,2020-07-01,10
61,2020-08-01,11
61,2020-09-01,6
61,2020-10-01,11
61,2020-11-01,18
61,2020-12-01,3
61,2021-01-01,12
61,2021-02-01,5
61,2021-03-01,12
61,2021-04-01,8
61,2021-05-01,4
61,2021-06-01,8
61,2021-07-01,10
61,2021-08-01,8
61,2021-09-01,11
61,2021-10-01,10
61,2021-11-01,11
61,2021-12-01,15
61,2022-01-01,14
61,2022-02-01,15
61,2022-03-01,15
61,2022-04-01,9
61,2022-05-01,19
61,2022-06-01,21
61,2022-07-01,18
61,2022-08-01,17
61,2022-09-01,18
61,2022-10-01,25
61,2022-11-01,24
61,2022-12-01,18
61,2023-01-01,19
61,2023-02-01,16
61,2023-03-01,14
61,2023-04-01,15
61,2023-05-01,7
61,2023-06-01,11
61,2023-07-01,8
61,2023-08-01,19
61,2023-09-01,12
61,2023-10-01,22
61,2023-11-01,18
61,2023-12-01,15
61,2024-01-01,24
61,2024-02-01,11
61,2024-03-01,10
61,2024-04-01,6
61,2024-05-01,17
61,2024-06-01,9
61,2024-07-01,9
61,2024-08-01,10
61,2024-09-01,10
61,2024-10-01,9
61,2024-11-01,8
61,2024-12-01,17
61,2025-01-01,9
61,2025-02-01,8
61,2025-03-01,12
61,2025-04-01,12
61,2025-05-01,7
61,2025-06-01,13
61,2025-07-01,24
61,2025-08-01,14
61,2025-09-01,11
61,2025-10-01,9
61,2025-11-01,14
61,2025-12-01,10
62,2018-01-01,15
62,2018-02-01,8
62,2018-03-01,5
62,2018-04-01,10
62,2018-05-01,7
62,2018-06-01,6
62,2018-07-01,17
62,2018-08-01,12
62,2018-09-01,10
62,2018-10-01,11
62,2018-11-01,12
62,2018-12-01,8
62,2019-01-01,11
62,2019-02-01,11
62,2019-03-01,10
62,2019-04-01,10
62,2019-05-01,12
62,2019-06-01,13
62,2019-07-01,11
62,2019-08-01,11
62,2019-09-01,11
62,2019-10-01,16
62,2019-11-01,7
62,2019-12-01,11
62,2020-01-01,16
62,2020-02-01,7
62,2020-03-01,5
62,2020-04-01,1
62,2020-05-01,6
62,2020-06-01,9
62,2020-07-01,10
62,2020-08-01,11
62,2020-09-01,8
62,2020-10-01,14
62,2020-11-01,13
62,2020-12-01,10
62,2021-01-01,8
62,2021-02-01,6
62,2021-03-01,7
62,2021-04-01,6
62,2021-05-01,15
62,2021-06-01,8
62,2021-07-01,11
62,2021-08-01,7
62,2021-09-01,8
62,2021-10-01,15
62,2021-11-01,6
62,2021-12-01,16
62,2022-01-01,12
62,2022-02-01,8
62,2022-03-01,5
62,2022-04-01,9
62,2022-05-01,10
62,2022-06-01,11
62,2022-07-01,11
62,2022-08-01,11
62,2022-09-01,11
62,2022-10-01,11
62,2022-11-01,13
62,2022-12-01,8
62,2023-01-01,13
62,2023-02-01,11
62,2023-03-01,5
62,2023-04-01,15
62,2023-05-01,16
62,2023-06-01,11
62,2023-07-01,13
62,2023-08-01,13
62,2023-09-01,13
62,2023-10-01,14
62,2023-11-01,11
62,2023-12-01,10
62,2024-01-01,10
62,2024-02-01,7
62,2024-03-01,9
62,2024-04-01,13
62,2024-05-01,14
62,2024-06-01,15
62,2024-07-01,10
62,2024-08-01,12
62,2024-09-01,10
62,2024-10-01,13
62,2024-11-01,8
62,2024-12-01,10
62,2025-01-01,7
62,2025-02-01,8
62,2025-03-01,6
62,2025-04-01,11
62,2025-05-01,14
62,2025-06-01,15
62,2025-07-01,14
62,2025-08-01,12
62,2025-09-01,12
62,2025-10-01,8
62,2025-11-01,13
62,2025-12-01,10
63,2018-01-01,15
63,2018-02-01,2
63,2018-03-01,4
63,2018-04-01,8
63,2018-05-01,8
63,2018-06-01,9
63,2018-07-01,14
63,2018-08-01,5
63,2018-09-01,6
63,2018-10-01,7
63,2018-11-01,6
63,2018-12-01,6
63,2019-01-01,3
63,2019-02-01,3
63,2019-03-01,2
63,2019-04-01,1
63,2019-05-01,6
63,2019-06-01,9
63,2019-07-01,11
63,2019-08-01,6
63,2019-09-01,8
63,2019-10-01,10
63,2019-11-01,11
63,2019-12-01,6
63,2020-01-01,11
63,2020-02-01,10
63,2020-03-01,8
63,2020-04-01,4
63,2020-05-01,5
63,2020-06-01,16
63,2020-07-01,13
63,2020-08-01,6
63,2020-09-01,8
63,2020-10-01,5
63,2020-11-01,6
63,2020-12-01,10
63,2021-01-01,3
63,2021-02-01,5
63,2021-03-01,5
63,2021-04-01,2
63,2021-05-01,11
63,2021-06-01,6
63,2021-07-01,6
63,2021-08-01,10
63,2021-09-01,5
63,2021-10-01,13
63,2021-11-01,7
63,2021-12-01,8
63,2022-01-01,11
63,2022-02-01,13
63,2022-03-01,8
63,2022-04-01,8
63,2022-05-01,8
63,2022-06-01,5
63,2022-07-01,12
63,2022-08-01,16
63,2022-09-01,10
63,2022-10-01,6
63,2022-11-01,7
63,2022-12-01,11
63,2023-01-01,12
63,2023-02-01,8
63,2023-03-01,4
63,2023-04-01,6
63,2023-05-01,10
63,2023-06-01,14
63,2023-07-01,10
63,2023-08-01,10
63,2023-09-01,15
63,2023-10-01,3
63,2023-11-01,8
63,2023-12-01,13
63,2024-01-01,19
63,2024-02-01,11
63,2024-03-01,3
63,2024-04-01,15
63,2024-05-01,10
63,2024-06-01,9
63,2024-07-01,4
63,2024-08-01,11
63,2024-09-01,7
63,2024-10-01,9
63,2024-11-01,15
63,2024-12-01,7
63,2025-01-01,10
63,2025-02-01,5
63,2025-03-01,8
63,2025-04-01,14
63,2025-05-01,5
63,2025-06-01,10
63,2025-07-01,8
63,2025-08-01,8
63,2025-09-01,11
63,2025-10-01,8
63,2025-11-01,13
63,2025-12-01,10
64,2018-01-01,0
64,2018-02-01,0
64,2018-03-01,0
64,2018-04-01,0
64,2018-05-01,0
64,2018-06-01,0
64,2018-07-01,0
64,2018-08-01,0
64,2018-09-01,0
64,2018-10-01,0
64,2018-11-01,0
64,2018-12-01,0
64,2019-01-01,0
64,2019-02-01,0
64,2019-03-01,0
64,2019-04-01,0
64,2019-05-01,0
64,2019-06-01,0
64,2019-07-01,0
64,2019-08-01,0
64,2019-09-01,0
64,2019-10-01,0
64,2019-11-01,0
64,2019-12-01,0
64,2020-01-01,0
64,2020-02-01,0
64,2020-03-01,0
64,2020-04-01,0
64,2020-05-01,0
64,2020-06-01,0
64,2020-07-01,0
64,2020-08-01,0
64,2020-09-01,0
64,2020-10-01,0
64,2020-11-01,0
64,2020-12-01,0
64,2021-01-01,0
64,2021-02-01,0
64,2021-03-01,0
64,2021-04-01,0
64,2021-05-01,0
64,2021-06-01,0
64,2021-07-01,0
64,2021-08-01,0
64,2021-09-01,0
64,2021-10-01,0
64,2021-11-01,0
64,2021-12-01,0
64,2022-01-01,0
64,2022-02-01,0
64,2022-03-01,0
64,2022-04-01,0
64,2022-05-01,0
64,2022-06-01,0
64,2022-07-01,0
64,2022-08-01,0
64,2022-09-01,0
64,2022-10-01,0
64,2022-11-01,0
64,2022-12-01,0
64,2023-01-01,0
64,2023-02-01,0
64,2023-03-01,0
64,2023-04-01,0
64,2023-05-01,0
64,2023-06-01,0
64,2023-07-01,0
64,2023-08-01,0
64,2023-09-01,0
64,2023-10-01,0
64,2023-11-01,0
64,2023-12-01,0
64,2024-01-01,0
64,2024-02-01,0
64,2024-03-01,0
64,2024-04-01,0
64,2024-05-01,0
64,2024-06-01,0
64,2024-07-01,0
64,2024-08-01,0
64,2024-09-01,0
64,2024-10-01,0
64,2024-11-01,0
64,2024-12-01,0
64,2025-01-01,0
64,2025-02-01,0
64,2025-03-01,0
64,2025-04-01,0
64,2025-05-01,0
64,2025-06-01,0
64,2025-07-01,0
64,2025-08-01,0
64,2025-09-01,0
64,2025-10-01,0
64,2025-11-01,0
64,2025-12-01,0
65,2018-01-01,0
65,2018-02-01,0
65,2018-03-01,0
65,2018-04-01,0
65,2018-05-01,0
65,2018-06-01,0
65,2018-07-01,0
65,2018-08-01,0
65,2018-09-01,0
65,2018-10-01,0
65,2018-11-01,0
65,2018-12-01,0
65,2019-01-01,0
65,2019-02-01,0
65,2019-03-01,0
65,2019-04-01,0
65,2019-05-01,0
65,2019-06-01,0
65,2019-07-01,0
65,2019-08-01,0
65,2019-09-01,0
65,2019-10-01,0
65,2019-11-01,0
65,2019-12-01,0
65,2020-01-01,0
65,2020-02-01,0
65,2020-03-01,0
65,2020-04-01,0
65,2020-05-01,0
65,2020-06-01,0
65,2020-07-01,0
65,2020-08-01,0
65,2020-09-01,0
65,2020-10-01,0
65,2020-11-01,0
65,2020-12-01,0
65,2021-01-01,0
65,2021-02-01,0
65,2021-03-01,0
65,2021-04-01,0
65,2021-05-01,0
65,2021-06-01,0
65,2021-07-01,0
65,2021-08-01,0
65,2021-09-01,0
65,2021-10-01,0
65,2021-11-01,0
65,2021-12-01,0
65,2022-01-01,0
65,2022-02-01,0
65,2022-03-01,0
65,2022-04-01,0
65,2022-05-01,0
65,2022-06-01,0
65,2022-07-01,0
65,2022-08-01,0
65,2022-09-01,0
65,2022-10-01,0
65,2022-11-01,0
65,2022-12-01,0
65,2023-01-01,0
65,2023-02-01,0
65,2023-03-01,0
65,2023-04-01,0
65,2023-05-01,0
65,2023-06-01,0
65,2023-07-01,0
65,2023-08-01,0
65,2023-09-01,0
65,2023-10-01,0
65,2023-11-01,0
65,2023-12-01,0
65,2024-01-01,0
65,2024-02-01,0
65,2024-03-01,0
65,2024-04-01,0
65,2024-05-01,0
65,2024-06-01,0
65,2024-07-01,0
65,2024-08-01,0
65,2024-09-01,0
65,2024-10-01,0
65,2024-11-01,0
65,2024-12-01,0
65,2025-01-01,0
65,2025-02-01,0
65,2025-03-01,0
65,2025-04-01,0
65,2025-05-01,0
65,2025-06-01,0
65,2025-07-01,0
65,2025-08-01,0
65,2025-09-01,0
65,2025-10-01,0
65,2025-11-01,0
65,2025-12-01,0
66,2018-01-01,7
66,2018-02-01,7
66,2018-03-01,8
66,2018-04-01,6
66,2018-05-01,13
66,2018-06-01,10
66,2018-07-01,8
66,2018-08-01,11
66,2018-09-01,9
66,2018-10-01,4
66,2018-11-01,11
66,2018-12-01,9
66,2019-01-01,10
66,2019-02-01,8
66,2019-03-01,12
66,2019-04-01,8
66,2019-05-01,14
66,2019-06-01,9
66,2019-07-01,5
66,2019-08-01,10
66,2019-09-01,11
66,2019-10-01,15
66,2019-11-01,7
66,2019-12-01,7
66,2020-01-01,12
66,2020-02-01,17
66,2020-03-01,6
66,2020-04-01,5
66,2020-05-01,9
66,2020-06-01,11
66,2020-07-01,12
66,2020-08-01,7
66,2020-09-01,4
66,2020-10-01,8
66,2020-11-01,9
66,2020-12-01,14
66,2021-01-01,6
66,2021-02-01,3
66,2021-03-01,3
66,2021-04-01,5
66,2021-05-01,4
66,2021-06-01,8
66,2021-07-01,10
66,2021-08-01,3
66,2021-09-01,14
66,2021-10-01,9
66,2021-11-01,4
66,2021-12-01,10
66,2022-01-01,11
66,2022-02-01,8
66,2022-03-01,8
66,2022-04-01,3
66,2022-05-01,4
66,2022-06-01,6
66,2022-07-01,8
66,2022-08-01,12
66,2022-09-01,7
66,2022-10-01,12
66,2022-11-01,10
66,2022-12-01,5
66,2023-01-01,7
66,2023-02-01,2
66,2023-03-01,10
66,2023-04-01,7
66,2023-05-01,7
66,2023-06-01,7
66,2023-07-01,6
66,2023-08-01,11
66,2023-09-01,7
66,2023-10-01,12
66,2023-11-01,9
66,2023-12-01,8
66,2024-01-01,10
66,2024-02-01,7
66,2024-03-01,5
66,2024-04-01,14
66,2024-05-01,10
66,2024-06-01,11
66,2024-07-01,11
66,2024-08-01,10
66,2024-09-01,9
66,2024-10-01,9
66,2024-11-01,8
66,2024-12-01,5
66,2025-01-01,12
66,2025-02-01,8
66,2025-03-01,6
66,2025-04-01,9
66,2025-05-01,9
66,2025-06-01,7
66,2025-07-01,12
66,2025-08-01,2
66,2025-09-01,7
66,2025-10-01,10
66,2025-11-01,8
66,2025-12-01,12
67,2018-01-01,26
67,2018-02-01,17
67,2018-03-01,17
67,2018-04-01,15
67,2018-05-01,19
67,2018-06-01,24
67,2018-07-01,22
67,2018-08-01,24
67,2018-09-01,21
67,2018-10-01,22
67,2018-11-01,19
67,2018-12-01,19
67,2019-01-01,18
67,2019-02-01,17
67,2019-03-01,12
67,2019-04-01,11
67,2019-05-01,23
67,2019-06-01,21
67,2019-07-01,20
67,2019-08-01,28
67,2019-09-01,24
67,2019-10-01,16
67,2019-11-01,16
67,2019-12-01,33
67,2020-01-01,19
67,2020-02-01,21
67,2020-03-01,16
67,2020-04-01,16
67,2020-05-01,27
67,2020-06-01,30
67,2020-07-01,20
67,2020-08-01,31
67,2020-09-01,15
67,2020-10-01,30
67,2020-11-01,14
67,2020-12-01,25
67,2021-01-01,16
67,2021-02-01,13
67,2021-03-01,16
67,2021-04-01,17
67,2021-05-01,26
67,2021-06-01,16
67,2021-07-01,26
67,2021-08-01,18
67,2021-09-01,16
67,2021-10-01,33
67,2021-11-01,34
67,2021-12-01,24
67,2022-01-01,30
67,2022-02-01,30
67,2022-03-01,29
67,2022-04-01,24
67,2022-05-01,29
67,2022-06-01,30
67,2022-07-01,31
67,2022-08-01,26
67,2022-09-01,20
67,2022-10-01,22
67,2022-11-01,24
67,2022-12-01,22
67,2023-01-01,17
67,2023-02-01,29
67,2023-03-01,17
67,2023-04-01,25
67,2023-05-01,20
67,2023-06-01,25
67,2023-07-01,14
67,2023-08-01,19
67,2023-09-01,22
67,2023-10-01,25
67,2023-11-01,24
67,2023-12-01,19
67,2024-01-01,38
67,2024-02-01,22
67,2024-03-01,22
67,2024-04-01,19
67,2024-05-01,25
67,2024-06-01,15
67,2024-07-01,20
67,2024-08-01,19
67,2024-09-01,18
67,2024-10-01,20
67,2024-11-01,17
67,2024-12-01,15
67,2025-01-01,26
67,2025-02-01,27
67,2025-03-01,26
67,2025-04-01,19
67,2025-05-01,26
67,2025-06-01,16
67,2025-07-01,24
67,2025-08-01,25
67,2025-09-01,26
67,2025-10-01,26
67,2025-11-01,22
67,2025-12-01,19
68,2018-01-01,5
68,2018-02-01,7
68,2018-03-01,3
68,2018-04-01,4
68,2018-05-01,4
68,2018-06-01,0
68,2018-07-01,4
68,2018-08-01,6
68,2018-09-01,5
68,2018-10-01,7
68,2018-11-01,8
68,2018-12-01,5
68,2019-01-01,6
68,2019-02-01,5
68,2019-03-01,9
68,2019-04-01,4
68,2019-05-01,6
68,2019-06-01,7
68,2019-07-01,10
68,2019-08-01,4
68,2019-09-01,11
68,2019-10-01,10
68,2019-11-01,0
68,2019-12-01,2
68,2020-01-01,3
68,2020-02-01,6
68,2020-03-01,8
68,2020-04-01,2
68,2020-05-01,5
68,2020-06-01,4
68,2020-07-01,6
68,2020-08-01,9
68,2020-09-01,9
68,2020-10-01,5
68,2020-11-01,10
68,2020-12-01,7
68,2021-01-01,4
68,2021-02-01,8
68,2021-03-01,2
68,2021-04-01,1
68,2021-05-01,5
68,2021-06-01,5
68,2021-07-01,4
68,2021-08-01,5
68,2021-09-01,4
68,2021-10-01,6
68,2021-11-01,3
68,2021-12-01,5
68,2022-01-01,2
68,2022-02-01,3
68,2022-03-01,7
68,2022-04-01,4
68,2022-05-01,6
68,2022-06-01,3
68,2022-07-01,4
68,2022-08-01,4
68,2022-09-01,5
68,2022-10-01,7
68,2022-11-01,5
68,2022-12-01,7
68,2023-01-01,11
68,2023-02-01,2
68,2023-03-01,10
68,2023-04-01,5
68,2023-05-01,6
68,2023-06-01,6
68,2023-07-01,3
68,2023-08-01,5
68,2023-09-01,3
68,2023-10-01,7
68,2023-11-01,8
68,2023-12-01,7
68,2024-01-01,12
68,2024-02-01,7
68,2024-03-01,5
68,2024-04-01,3
68,2024-05-01,2
68,2024-06-01,10
68,2024-07-01,2
68,2024-08-01,5
68,2024-09-01,6
68,2024-10-01,8
68,2024-11-01,6
68,2024-12-01,1
68,2025-01-01,3
68,2025-02-01,6
68,2025-03-01,1
68,2025-04-01,5
68,2025-05-01,9
68,2025-06-01,8
68,2025-07-01,6
68,2025-08-01,6
68,2025-09-01,4
68,2025-10-01,4
68,2025-11-01,8
68,2025-12-01,6
69,2018-01-01,12
69,2018-02-01,7
69,2018-03-01,5
69,2018-04-01,10
69,2018-05-01,13
69,2018-06-01,9
69,2018-07-01,8
69,2018-08-01,7
69,2018-09-01,8
69,2018-10-01,11
69,2018-11-01,13
69,2018-12-01,13
69,2019-01-01,7
69,2019-02-01,4
69,2019-03-01,6
69,2019-04-01,8
69,2019-05-01,6
69,2019-06-01,9
69,2019-07-01,10
69,2019-08-01,9
69,2019-09-01,16
69,2019-10-01,7
69,2019-11-01,2
69,2019-12-01,7
69,2020-01-01,15
69,2020-02-01,8
69,2020-03-01,10
69,2020-04-01,5
69,2020-05-01,5
69,2020-06-01,5
69,2020-07-01,2
69,2020-08-01,8
69,2020-09-01,5
69,2020-10-01,7
69,2020-11-01,12
69,2020-12-01,2
69,2021-01-01,1
69,2021-02-01,7
69,2021-03-01,3
69,2021-04-01,5
69,2021-05-01,4
69,2021-06-01,2
69,2021-07-01,4
69,2021-08-01,4
69,2021-09-01,7
69,2021-10-01,10
69,2021-11-01,8
69,2021-12-01,5
69,2022-01-01,9
69,2022-02-01,11
69,2022-03-01,10
69,2022-04-01,10
69,2022-05-01,9
69,2022-06-01,9
69,2022-07-01,11
69,2022-08-01,10
69,2022-09-01,3
69,2022-10-01,6
69,2022-11-01,11
69,2022-12-01,10
69,2023-01-01,13
69,2023-02-01,7
69,2023-03-01,8
69,2023-04-01,17
69,2023-05-01,14
69,2023-06-01,9
69,2023-07-01,10
69,2023-08-01,7
69,2023-09-01,5
69,2023-10-01,3
69,2023-11-01,10
69,2023-12-01,11
69,2024-01-01,7
69,2024-02-01,10
69,2024-03-01,5
69,2024-04-01,4
69,2024-05-01,6
69,2024-06-01,9
69,2024-07-01,6
69,2024-08-01,4
69,2024-09-01,9
69,2024-10-01,9
69,2024-11-01,7
69,2024-12-01,8
69,2025-01-01,9
69,2025-02-01,7
69,2025-03-01,13
69,2025-04-01,8
69,2025-05-01,3
69,2025-06-01,9
69,2025-07-01,6
69,2025-08-01,14
69,2025-09-01,10
69,2025-10-01,8
69,2025-11-01,14
69,2025-12-01,5
70,2018-01-01,16
70,2018-02-01,11
70,2018-03-01,10
70,2018-04-01,19
70,2018-05-01,17
70,2018-06-01,11
70,2018-07-01,18
70,2018-08-01,10
70,2018-09-01,10
70,2018-10-01,9
70,2018-11-01,21
70,2018-12-01,9
70,2019-01-01,12
70,2019-02-01,8
70,2019-03-01,8
70,2019-04-01,10
70,2019-05-01,9
70,2019-06-01,9
70,2019-07-01,12
70,2019-08-01,15
70,2019-09-01,19
70,2019-10-01,19
70,2019-11-01,16
70,2019-12-01,21
70,2020-01-01,15
70,2020-02-01,20
70,2020-03-01,12
70,2020-04-01,8
70,2020-05-01,6
70,2020-06-01,15
70,2020-07-01,16
70,2020-08-01,17
70,2020-09-01,21
70,2020-10-01,15
70,2020-11-01,20
70,2020-12-01,26
70,2021-01-01,14
70,2021-02-01,15
70,2021-03-01,11
70,2021-04-01,9
70,2021-05-01,9
70,2021-06-01,8
70,2021-07-01,21
70,2021-08-01,15
70,2021-09-01,18
70,2021-10-01,16
70,2021-11-01,26
70,2021-12-01,20
70,2022-01-01,27
70,2022-02-01,19
70,2022-03-01,16
70,2022-04-01,20
70,2022-05-01,12
70,2022-06-01,12
70,2022-07-01,14
70,2022-08-01,17
70,2022-09-01,15
70,2022-10-01,14
70,2022-11-01,25
70,2022-12-01,7
70,2023-01-01,14
70,2023-02-01,9
70,2023-03-01,17
70,2023-04-01,11
70,2023-05-01,14
70,2023-06-01,10
70,2023-07-01,21
70,2023-08-01,7
70,2023-09-01,14
70,2023-10-01,16
70,2023-11-01,18
70,2023-12-01,16
70,2024-01-01,17
70,2024-02-01,14
70,2024-03-01,11
70,2024-04-01,14
70,2024-05-01,19
70,2024-06-01,25
70,2024-07-01,18
70,2024-08-01,13
70,2024-09-01,11
70,2024-10-01,13
70,2024-11-01,16
70,2024-12-01,18
70,2025-01-01,18
70,2025-02-01,18
70,2025-03-01,13
70,2025-04-01,15
70,2025-05-01,13
70,2025-06-01,19
70,2025-07-01,17
70,2025-08-01,14
70,2025-09-01,19
70,2025-10-01,19
70,2025-11-01,15
70,2025-12-01,16
71,2018-01-01,15
71,2018-02-01,10
71,2018-03-01,14
71,2018-04-01,14
71,2018-05-01,10
71,2018-06-01,5
71,2018-07-01,18
71,2018-08-01,25
71,2018-09-01,22
71,2018-10-01,10
71,2018-11-01,11
71,2018-12-01,12
71,2019-01-01,12
71,2019-02-01,12
71,2019-03-01,8
71,2019-04-01,14
71,2019-05-01,14
71,2019-06-01,9
71,2019-07-01,24
71,2019-08-01,15
71,2019-09-01,12
71,2019-10-01,16
71,2019-11-01,12
71,2019-12-01,25
71,2020-01-01,11
71,2020-02-01,13
71,2020-03-01,11
71,2020-04-01,6
71,2020-05-01,10
71,2020-06-01,10
71,2020-07-01,12
71,2020-08-01,8
71,2020-09-01,13
71,2020-10-01,10
71,2020-11-01,9
71,2020-12-01,16
71,2021-01-01,6
71,2021-02-01,7
71,2021-03-01,15
71,2021-04-01,6
71,2021-05-01,13
71,2021-06-01,8
71,2021-07-01,13
71,2021-08-01,7
71,2021-09-01,8
71,2021-10-01,14
71,2021-11-01,7
71,2021-12-01,17
71,2022-01-01,18
71,2022-02-01,11
71,2022-03-01,19
71,2022-04-01,10
71,2022-05-01,16
71,2022-06-01,12
71,2022-07-01,18
71,2022-08-01,14
71,2022-09-01,9
71,2022-10-01,11
71,2022-11-01,7
71,2022-12-01,13
71,2023-01-01,9
71,2023-02-01,12
71,2023-03-01,8
71,2023-04-01,9
71,2023-05-01,14
71,2023-06-01,10
71,2023-07-01,12
71,2023-08-01,15
71,2023-09-01,10
71,2023-10-01,8
71,2023-11-01,12
71,2023-12-01,10
71,2024-01-01,8
71,2024-02-01,9
71,2024-03-01,5
71,2024-04-01,5
71,2024-05-01,8
71,2024-06-01,7
71,2024-07-01,6
71,2024-08-01,8
71,2024-09-01,6
71,2024-10-01,7
71,2024-11-01,11
71,2024-12-01,11
71,2025-01-01,10
71,2025-02-01,8
71,2025-03-01,4
71,2025-04-01,17
71,2025-05-01,9
71,2025-06-01,16
71,2025-07-01,11
71,2025-08-01,5
71,2025-09-01,16
71,2025-10-01,17
71,2025-11-01,17
71,2025-12-01,9
72,2018-01-01,10
72,2018-02-01,10
72,2018-03-01,10
72,2018-04-01,20
72,2018-05-01,23
72,2018-06-01,18
72,2018-07-01,18
72,2018-08-01,16
72,2018-09-01,13
72,2018-10-01,13
72,2018-11-01,22
72,2018-12-01,12
72,2019-01-01,8
72,2019-02-01,8
72,2019-03-01,14
72,2019-04-01,17
72,2019-05-01,7
72,2019-06-01,20
72,2019-07-01,10
72,2019-08-01,18
72,2019-09-01,20
72,2019-10-01,15
72,2019-11-01,21
72,2019-12-01,23
72,2020-01-01,15
72,2020-02-01,18
72,2020-03-01,13
72,2020-04-01,5
72,2020-05-01,15
72,2020-06-01,14
72,2020-07-01,15
72,2020-08-01,18
72,2020-09-01,13
72,2020-10-01,17
72,2020-11-01,14
72,2020-12-01,13
72,2021-01-01,13
72,2021-02-01,7
72,2021-03-01,9
72,2021-04-01,17
72,2021-05-01,13
72,2021-06-01,15
72,2021-07-01,22
72,2021-08-01,15
72,2021-09-01,16
72,2021-10-01,16
72,2021-11-01,13
72,2021-12-01,17
72,2022-01-01,14
72,2022-02-01,10
72,2022-03-01,20
72,2022-04-01,11
72,2022-05-01,12
72,2022-06-01,13
72,2022-07-01,23
72,2022-08-01,16
72,2022-09-01,28
72,2022-10-01,23
72,2022-11-01,6
72,2022-12-01,15
72,2023-01-01,11
72,2023-02-01,11
72,2023-03-01,15
72,2023-04-01,8
72,2023-05-01,13
72,2023-06-01,12
72,2023-07-01,14
72,2023-08-01,16
72,2023-09-01,17
72,2023-10-01,15
72,2023-11-01,12
72,2023-12-01,19
72,2024-01-01,12
72,2024-02-01,15
72,2024-03-01,9
72,2024-04-01,16
72,2024-05-01,20
72,2024-06-01,26
72,2024-07-01,12
72,2024-08-01,20
72,2024-09-01,12
72,2024-10-01,21
72,2024-11-01,8
72,2024-12-01,4
72,2025-01-01,7
72,2025-02-01,7
72,2025-03-01,9
72,2025-04-01,8
72,2025-05-01,7
72,2025-06-01,9
72,2025-07-01,7
72,2025-08-01,9
72,2025-09-01,17
72,2025-10-01,10
72,2025-11-01,9
72,2025-12-01,13
73,2018-01-01,33
73,2018-02-01,26
73,2018-03-01,25
73,2018-04-01,13
73,2018-05-01,38
73,2018-06-01,32
73,2018-07-01,40
73,2018-08-01,25
73,2018-09-01,40
73,2018-10-01,40
73,2018-11-01,32
73,2018-12-01,29
73,2019-01-01,37
73,2019-02-01,16
73,2019-03-01,23
73,2019-04-01,19
73,2019-05-01,19
73,2019-06-01,28
73,2019-07-01,17
73,2019-08-01,25
73,2019-09-01,21
73,2019-10-01,28
73,2019-11-01,25
73,2019-12-01,34
73,2020-01-01,24
73,2020-02-01,25
73,2020-03-01,16
73,2020-04-01,17
73,2020-05-01,18
73,2020-06-01,20
73,2020-07-01,20
73,2020-08-01,27
73,2020-09-01,17
73,2020-10-01,24
73,2020-11-01,25
73,2020-12-01,17
73,2021-01-01,17
73,2021-02-01,10
73,2021-03-01,15
73,2021-04-01,21
73,2021-05-01,25
73,2021-06-01,18
73,2021-07-01,18
73,2021-08-01,18
73,2021-09-01,18
73,2021-10-01,25
73,2021-11-01,22
73,2021-12-01,26
73,2022-01-01,26
73,2022-02-01,28
73,2022-03-01,15
73,2022-04-01,31
73,2022-05-01,34
73,2022-06-01,29
73,2022-07-01,35
73,2022-08-01,42
73,2022-09-01,24
73,2022-10-01,24
73,2022-11-01,32
73,2022-12-01,29
73,2023-01-01,20
73,2023-02-01,24
73,2023-03-01,20
73,2023-04-01,16
73,2023-05-01,30
73,2023-06-01,26
73,2023-07-01,27
73,2023-08-01,15
73,2023-09-01,23
73,2023-10-01,27
73,2023-11-01,25
73,2023-12-01,26
73,2024-01-01,25
73,2024-02-01,24
73,2024-03-01,19
73,2024-04-01,17
73,2024-05-01,23
73,2024-06-01,18
73,2024-07-01,22
73,2024-08-01,17
73,2024-09-01,22
73,2024-10-01,22
73,2024-11-01,26
73,2024-12-01,23
73,2025-01-01,20
73,2025-02-01,14
73,2025-03-01,18
73,2025-04-01,25
73,2025-05-01,34
73,2025-06-01,37
73,2025-07-01,32
73,2025-08-01,25
73,2025-09-01,29
73,2025-10-01,20
73,2025-11-01,32
73,2025-12-01,19
74,2018-01-01,0
74,2018-02-01,0
74,2018-03-01,0
74,2018-04-01,0
74,2018-05-01,0
74,2018-06-01,0
74,2018-07-01,0
74,2018-08-01,0
74,2018-09-01,0
74,2018-10-01,0
74,2018-11-01,0
74,2018-12-01,0
74,2019-01-01,0
74,2019-02-01,0
74,2019-03-01,0
74,2019-04-01,0
74,2019-05-01,0
74,2019-06-01,0
74,2019-07-01,0
74,2019-08-01,0
74,2019-09-01,0
74,2019-10-01,0
74,2019-11-01,0
74,2019-12-01,0
74,2020-01-01,0
74,2020-02-01,0
74,2020-03-01,0
74,2020-04-01,0
74,2020-05-01,0
74,2020-06-01,0
74,2020-07-01,0
74,2020-08-01,0
74,2020-09-01,0
74,2020-10-01,0
74,2020-11-01,0
74,2020-12-01,0
74,2021-01-01,0
74,2021-02-01,0
74,2021-03-01,0
74,2021-04-01,0
74,2021-05-01,0
74,2021-06-01,0
74,2021-07-01,0
74,2021-08-01,0
74,2021-09-01,0
74,2021-10-01,0
74,2021-11-01,0
74,2021-12-01,0
74,2022-01-01,0
74,2022-02-01,0
74,2022-03-01,0
74,2022-04-01,0
74,2022-05-01,0
74,2022-06-01,0
74,2022-07-01,0
74,2022-08-01,0
74,2022-09-01,0
74,2022-10-01,0
74,2022-11-01,0
74,2022-12-01,0
74,2023-01-01,0
74,2023-02-01,0
74,2023-03-01,0
74,2023-04-01,0
74,2023-05-01,0
74,2023-06-01,0
74,2023-07-01,0
74,2023-08-01,0
74,2023-09-01,0
74,2023-10-01,0
74,2023-11-01,0
74,2023-12-01,0
74,2024-01-01,0
74,2024-02-01,0
74,2024-03-01,0
74,2024-04-01,0
74,2024-05-01,0
74,2024-06-01,0
74,2024-07-01,0
74,2024-08-01,0
74,2024-09-01,0
74,2024-10-01,0
74,2024-11-01,0
74,2024-12-01,0
74,2025-01-01,0
74,2025-02-01,0
74,2025-03-01,0
74,2025-04-01,0
74,2025-05-01,0
74,2025-06-01,0
74,2025-07-01,0
74,2025-08-01,0
74,2025-09-01,0
74,2025-10-01,0
74,2025-11-01,0
74,2025-12-01,0
75,2018-01-01,53
75,2018-02-01,33
75,2018-03-01,46
75,2018-04-01,39
75,2018-05-01,54
75,2018-06-01,53
75,2018-07-01,62
75,2018-08-01,50
75,2018-09-01,50
75,2018-10-01,73
75,2018-11-01,40
75,2018-12-01,50
75,2019-01-01,50
75,2019-02-01,44
75,2019-03-01,49
75,2019-04-01,46
75,2019-05-01,50
75,2019-06-01,55
75,2019-07-01,56
75,2019-08-01,60
75,2019-09-01,86
75,2019-10-01,72
75,2019-11-01,48
75,2019-12-01,68
75,2020-01-01,67
75,2020-02-01,57
75,2020-03-01,41
75,2020-04-01,28
75,2020-05-01,40
75,2020-06-01,48
75,2020-07-01,62
75,2020-08-01,53
75,2020-09-01,67
75,2020-10-01,48
75,2020-11-01,51
75,2020-12-01,57
75,2021-01-01,32
75,2021-02-01,29
75,2021-03-01,45
75,2021-04-01,38
75,2021-05-01,58
75,2021-06-01,53
75,2021-07-01,66
75,2021-08-01,62
75,2021-09-01,71
75,2021-10-01,63
75,2021-11-01,56
75,2021-12-01,54
75,2022-01-01,68
75,2022-02-01,65
75,2022-03-01,63
75,2022-04-01,58
75,2022-05-01,92
75,2022-06-01,58
75,2022-07-01,59
75,2022-08-01,56
75,2022-09-01,61
75,2022-10-01,63
75,2022-11-01,63
75,2022-12-01,41
75,2023-01-01,53
75,2023-02-01,46
75,2023-03-01,52
75,2023-04-01,55
75,2023-05-01,73
75,2023-06-01,55
75,2023-07-01,62
75,2023-08-01,54
75,2023-09-01,63
75,2023-10-01,64
75,2023-11-01,68
75,2023-12-01,53
75,2024-01-01,50
75,2024-02-01,53
75,2024-03-01,56
75,2024-04-01,57
75,2024-05-01,66
75,2024-06-01,46
75,2024-07-01,57
75,2024-08-01,51
75,2024-09-01,50
75,2024-10-01,61
75,2024-11-01,49
75,2024-12-01,41
75,2025-01-01,25
75,2025-02-01,26
75,2025-03-01,47
75,2025-04-01,36
75,2025-05-01,54
75,2025-06-01,46
75,2025-07-01,51
75,2025-08-01,56
75,2025-09-01,35
75,2025-10-01,49
75,2025-11-01,57
75,2025-12-01,45
76,2018-01-01,3
76,2018-02-01,7
76,2018-03-01,4
76,2018-04-01,4
76,2018-05-01,4
76,2018-06-01,10
76,2018-07-01,2
76,2018-08-01,8
76,2018-09-01,4
76,2018-10-01,2
76,2018-11-01,1
76,2018-12-01,4
76,2019-01-01,3
76,2019-02-01,3
76,2019-03-01,3
76,2019-04-01,5
76,2019-05-01,5
76,2019-06-01,2
76,2019-07-01,4
76,2019-08-01,4
76,2019-09-01,5
76,2019-10-01,3
76,2019-11-01,1
76,2019-12-01,4
76,2020-01-01,5
76,2020-02-01,3
76,2020-03-01,1
76,2020-04-01,6
76,2020-05-01,2
76,2020-06-01,1
76,2020-07-01,5
76,2020-08-01,3
76,2020-09-01,7
76,2020-10-01,3
76,2020-11-01,5
76,2020-12-01,1
76,2021-01-01,4
76,2021-02-01,4
76,2021-03-01,2
76,2021-04-01,2
76,2021-05-01,3
76,2021-06-01,2
76,2021-07-01,3
76,2021-08-01,4
76,2021-09-01,1
76,2021-10-01,5
76,2021-11-01,3
76,2021-12-01,2
76,2022-01-01,6
76,2022-02-01,5
76,2022-03-01,4
76,2022-04-01,1
76,2022-05-01,4
76,2022-06-01,8
76,2022-07-01,3
76,2022-08-01,11
76,2022-09-01,6
76,2022-10-01,3
76,2022-11-01,9
76,2022-12-01,5
76,2023-01-01,6
76,2023-02-01,5
76,2023-03-01,7
76,2023-04-01,4
76,2023-05-01,4
76,2023-06-01,9
76,2023-07-01,7
76,2023-08-01,4
76,2023-09-01,3
76,2023-10-01,6
76,2023-11-01,5
76,2023-12-01,6
76,2024-01-01,9
76,2024-02-01,7
76,2024-03-01,2
76,2024-04-01,8
76,2024-05-01,7
76,2024-06-01,7
76,2024-07-01,1
76,2024-08-01,6
76,2024-09-01,3
76,2024-10-01,3
76,2024-11-01,4
76,2024-12-01,4
76,2025-01-01,6
76,2025-02-01,3
76,2025-03-01,3
76,2025-04-01,4
76,2025-05-01,8
76,2025-06-01,5
76,2025-07-01,4
76,2025-08-01,3
76,2025-09-01,6
76,2025-10-01,4
76,2025-11-01,3
76,2025-12-01,5
77,2018-01-01,12
77,2018-02-01,6
77,2018-03-01,10
77,2018-04-01,13
77,2018-05-01,20
77,2018-06-01,17
77,2018-07-01,17
77,2018-08-01,14
77,2018-09-01,15
77,2018-10-01,18
77,2018-11-01,26
77,2018-12-01,12
77,2019-01-01,12
77,2019-02-01,19
77,2019-03-01,10
77,2019-04-01,9
77,2019-05-01,21
77,2019-06-01,17
77,2019-07-01,21
77,2019-08-01,16
77,2019-09-01,15
77,2019-10-01,19
77,2019-11-01,9
77,2019-12-01,28
77,2020-01-01,15
77,2020-02-01,11
77,2020-03-01,18
77,2020-04-01,14
77,2020-05-01,9
77,2020-06-01,15
77,2020-07-01,9
77,2020-08-01,20
77,2020-09-01,14
77,2020-10-01,22
77,2020-11-01,14
77,2020-12-01,19
77,2021-01-01,4
77,2021-02-01,12
77,2021-03-01,15
77,2021-04-01,11
77,2021-05-01,20
77,2021-06-01,9
77,2021-07-01,11
77,2021-08-01,7
77,2021-09-01,12
77,2021-10-01,18
77,2021-11-01,12
77,2021-12-01,24
77,2022-01-01,14
77,2022-02-01,20
77,2022-03-01,21
77,2022-04-01,14
77,2022-05-01,21
77,2022-06-01,21
77,2022-07-01,17
77,2022-08-01,16
77,2022-09-01,17
77,2022-10-01,19
77,2022-11-01,16
77,2022-12-01,15
77,2023-01-01,16
77,2023-02-01,15
77,2023-03-01,8
77,2023-04-01,22
77,2023-05-01,21
77,2023-06-01,19
77,2023-07-01,15
77,2023-08-01,22
77,2023-09-01,19
77,2023-10-01,25
77,2023-11-01,23
77,2023-12-01,23
77,2024-01-01,17
77,2024-02-01,11
77,2024-03-01,12
77,2024-04-01,11
77,2024-05-01,24
77,2024-06-01,19
77,2024-07-01,17
77,2024-08-01,14
77,2024-09-01,16
77,2024-10-01,21
77,2024-11-01,21
77,2024-12-01,6
77,2025-01-01,10
77,2025-02-01,11
77,2025-03-01,10
77,2025-04-01,10
77,2025-05-01,15
77,2025-06-01,21
77,2025-07-01,23
77,2025-08-01,21
77,2025-09-01,15
77,2025-10-01,21
77,2025-11-01,15
77,2025-12-01,13
78,2018-01-01,15
78,2018-02-01,9
78,2018-03-01,6
78,2018-04-01,9
78,2018-05-01,3
78,2018-06-01,7
78,2018-07-01,6
78,2018-08-01,3
78,2018-09-01,8
78,2018-10-01,9
78,2018-11-01,7
78,2018-12-01,11
78,2019-01-01,8
78,2019-02-01,3
78,2019-03-01,4
78,2019-04-01,6
78,2019-05-01,10
78,2019-06-01,7
78,2019-07-01,7
78,2019-08-01,4
78,2019-09-01,10
78,2019-10-01,6
78,2019-11-01,5
78,2019-12-01,10
78,2020-01-01,11
78,2020-02-01,8
78,2020-03-01,14
78,2020-04-01,3
78,2020-05-01,9
78,2020-06-01,9
78,2020-07-01,17
78,2020-08-01,6
78,2020-09-01,8
78,2020-10-01,7
78,2020-11-01,7
78,2020-12-01,9
78,2021-01-01,7
78,2021-02-01,6
78,2021-03-01,4
78,2021-04-01,11
78,2021-05-01,7
78,2021-06-01,13
78,2021-07-01,6
78,2021-08-01,3
78,2021-09-01,6
78,2021-10-01,8
78,2021-11-01,10
78,2021-12-01,10
78,2022-01-01,8
78,2022-02-01,10
78,2022-03-01,3
78,2022-04-01,11
78,2022-05-01,12
78,2022-06-01,10
78,2022-07-01,13
78,2022-08-01,10
78,2022-09-01,11
78,2022-10-01,12
78,2022-11-01,14
78,2022-12-01,13
78,2023-01-01,10
78,2023-02-01,11
78,2023-03-01,11
78,2023-04-01,12
78,2023-05-01,6
78,2023-06-01,9
78,2023-07-01,14
78,2023-08-01,14
78,2023-09-01,8
78,2023-10-01,14
78,2023-11-01,5
78,2023-12-01,10
78,2024-01-01,9
78,2024-02-01,7
78,2024-03-01,10
78,2024-04-01,6
78,2024-05-01,8
78,2024-06-01,5
78,2024-07-01,5
78,2024-08-01,13
78,2024-09-01,7
78,2024-10-01,10
78,2024-11-01,16
78,2024-12-01,9
78,2025-01-01,4
78,2025-02-01,3
78,2025-03-01,10
78,2025-04-01,6
78,2025-05-01,5
78,2025-06-01,6
78,2025-07-01,8
78,2025-08-01,8
78,2025-09-01,4
78,2025-10-01,10
78,2025-11-01,10
78,2025-12-01,4
79,2018-01-01,26
79,2018-02-01,19
79,2018-03-01,23
79,2018-04-01,22
79,2018-05-01,32
79,2018-06-01,29
79,2018-07-01,30
79,2018-08-01,31
79,2018-09-01,28
79,2018-10-01,29
79,2018-11-01,21
79,2018-12-01,18
79,2019-01-01,22
79,2019-02-01,9
79,2019-03-01,15
79,2019-04-01,22
79,2019-05-01,22
79,2019-06-01,30
79,2019-07-01,24
79,2019-08-01,21
79,2019-09-01,25
79,2019-10-01,34
79,2019-11-01,23
79,2019-12-01,17
79,2020-01-01,22
79,2020-02-01,16
79,2020-03-01,15
79,2020-04-01,5
79,2020-05-01,18
79,2020-06-01,19
79,2020-07-01,15
79,2020-08-01,14
79,2020-09-01,24
79,2020-10-01,20
79,2020-11-01,19
79,2020-12-01,13
79,2021-01-01,16
79,2021-02-01,18
79,2021-03-01,22
79,2021-04-01,21
79,2021-05-01,18
79,2021-06-01,21
79,2021-07-01,14
79,2021-08-01,12
79,2021-09-01,25
79,2021-10-01,12
79,2021-11-01,19
79,2021-12-01,19
79,2022-01-01,8
79,2022-02-01,18
79,2022-03-01,16
79,2022-04-01,15
79,2022-05-01,16
79,2022-06-01,15
79,2022-07-01,20
79,2022-08-01,23
79,2022-09-01,16
79,2022-10-01,11
79,2022-11-01,19
79,2022-12-01,13
79,2023-01-01,14
79,2023-02-01,17
79,2023-03-01,19
79,2023-04-01,18
79,2023-05-01,16
79,2023-06-01,14
79,2023-07-01,18
79,2023-08-01,26
79,2023-09-01,17
79,2023-10-01,16
79,2023-11-01,17
79,2023-12-01,24
79,2024-01-01,20
79,2024-02-01,15
79,2024-03-01,20
79,2024-04-01,15
79,2024-05-01,10
79,2024-06-01,12
79,2024-07-01,18
79,2024-08-01,18
79,2024-09-01,16
79,2024-10-01,20
79,2024-11-01,14
79,2024-12-01,8
79,2025-01-01,12
79,2025-02-01,7
79,2025-03-01,14
79,2025-04-01,22
79,2025-05-01,21
79,2025-06-01,29
79,2025-07-01,13
79,2025-08-01,18
79,2025-09-01,16
79,2025-10-01,14
79,2025-11-01,15
79,2025-12-01,16
80,2018-01-01,0
80,2018-02-01,0
80,2018-03-01,0
80,2018-04-01,0
80,2018-05-01,0
80,2018-06-01,0
80,2018-07-01,0
80,2018-08-01,0
80,2018-09-01,0
80,2018-10-01,0
80,2018-11-01,0
80,2018-12-01,0
80,2019-01-01,0
80,2019-02-01,0
80,2019-03-01,0
80,2019-04-01,0
80,2019-05-01,0
80,2019-06-01,0
80,2019-07-01,0
80,2019-08-01,0
80,2019-09-01,0
80,2019-10-01,0
80,2019-11-01,0
80,2019-12-01,0
80,2020-01-01,0
80,2020-02-01,0
80,2020-03-01,0
80,2020-04-01,0
80,2020-05-01,0
80,2020-06-01,0
80,2020-07-01,0
80,2020-08-01,0
80,2020-09-01,0
80,2020-10-01,0
80,2020-11-01,0
80,2020-12-01,0
80,2021-01-01,0
80,2021-02-01,0
80,2021-03-01,0
80,2021-04-01,0
80,2021-05-01,0
80,2021-06-01,0
80,2021-07-01,0
80,2021-08-01,0
80,2021-09-01,0
80,2021-10-01,0
80,2021-11-01,0
80,2021-12-01,0
80,2022-01-01,0
80,2022-02-01,0
80,2022-03-01,0
80,2022-04-01,0
80,2022-05-01,0
80,2022-06-01,0
80,2022-07-01,0
80,2022-08-01,0
80,2022-09-01,0
80,2022-10-01,0
80,2022-11-01,0
80,2022-12-01,0
80,2023-01-01,0
80,2023-02-01,0
80,2023-03-01,0
80,2023-04-01,0
80,2023-05-01,0
80,2023-06-01,0
80,2023-07-01,0
80,2023-08-01,0
80,2023-09-01,0
80,2023-10-01,0
80,2023-11-01,0
80,2023-12-01,0
80,2024-01-01,0
80,2024-02-01,0
80,2024-03-01,0
80,2024-04-01,0
80,2024-05-01,0
80,2024-06-01,0
80,2024-07-01,0
80,2024-08-01,0
80,2024-09-01,0
80,2024-10-01,0
80,2024-11-01,0
80,2024-12-01,0
80,2025-01-01,0
80,2025-02-01,0
80,2025-03-01,0
80,2025-04-01,0
80,2025-05-01,0
80,2025-06-01,0
80,2025-07-01,0
80,2025-08-01,0
80,2025-09-01,0
80,2025-10-01,0
80,2025-11-01,0
80,2025-12-01,0
81,2018-01-01,26
81,2018-02-01,16
81,2018-03-01,17
81,2018-04-01,14
81,2018-05-01,24
81,2018-06-01,22
81,2018-07-01,11
81,2018-08-01,19
81,2018-09-01,30
81,2018-10-01,22
81,2018-11-01,21
81,2018-12-01,10
81,2019-01-01,22
81,2019-02-01,12
81,2019-03-01,14
81,2019-04-01,13
81,2019-05-01,15
81,2019-06-01,25
81,2019-07-01,22
81,2019-08-01,21
81,2019-09-01,23
81,2019-10-01,21
81,2019-11-01,13
81,2019-12-01,11
81,2020-01-01,23
81,2020-02-01,17
81,2020-03-01,12
81,2020-04-01,8
81,2020-05-01,6
81,2020-06-01,11
81,2020-07-01,21
81,2020-08-01,15
81,2020-09-01,22
81,2020-10-01,19
81,2020-11-01,15
81,2020-12-01,11
81,2021-01-01,8
81,2021-02-01,10
81,2021-03-01,14
81,2021-04-01,18
81,2021-05-01,15
81,2021-06-01,13
81,2021-07-01,14
81,2021-08-01,12
81,2021-09-01,21
81,2021-10-01,20
81,2021-11-01,19
81,2021-12-01,16
81,2022-01-01,10
81,2022-02-01,11
81,2022-03-01,14
81,2022-04-01,11
81,2022-05-01,22
81,2022-06-01,11
81,2022-07-01,14
81,2022-08-01,17
81,2022-09-01,19
81,2022-10-01,7
81,2022-11-01,9
81,2022-12-01,10
81,2023-01-01,18
81,2023-02-01,19
81,2023-03-01,17
81,2023-04-01,15
81,2023-05-01,12
81,2023-06-01,12
81,2023-07-01,13
81,2023-08-01,9
81,2023-09-01,8
81,2023-10-01,6
81,2023-11-01,11
81,2023-12-01,11
81,2024-01-01,13
81,2024-02-01,10
81,2024-03-01,9
81,2024-04-01,8
81,2024-05-01,9
81,2024-06-01,8
81,2024-07-01,14
81,2024-08-01,14
81,2024-09-01,14
81,2024-10-01,9
81,2024-11-01,12
81,2024-12-01,11
81,2025-01-01,11
81,2025-02-01,7
81,2025-03-01,10
81,2025-04-01,9
81,2025-05-01,18
81,2025-06-01,11
81,2025-07-01,11
81,2025-08-01,8
81,2025-09-01,9
81,2025-10-01,8
81,2025-11-01,7
81,2025-12-01,12
82,2018-01-01,0
82,2018-02-01,0
82,2018-03-01,0
82,2018-04-01,0
82,2018-05-01,0
82,2018-06-01,0
82,2018-07-01,0
82,2018-08-01,0
82,2018-09-01,0
82,2018-10-01,0
82,2018-11-01,0
82,2018-12-01,0
82,2019-01-01,0
82,2019-02-01,0
82,2019-03-01,0
82,2019-04-01,0
82,2019-05-01,0
82,2019-06-01,0
82,2019-07-01,0
82,2019-08-01,0
82,2019-09-01,0
82,2019-10-01,0
82,2019-11-01,0
82,2019-12-01,0
82,2020-01-01,0
82,2020-02-01,0
82,2020-03-01,0
82,2020-04-01,0
82,2020-05-01,0
82,2020-06-01,0
82,2020-07-01,0
82,2020-08-01,0
82,2020-09-01,0
82,2020-10-01,0
82,2020-11-01,0
82,2020-12-01,0
82,2021-01-01,0
82,2021-02-01,0
82,2021-03-01,0
82,2021-04-01,0
82,2021-05-01,0
82,2021-06-01,0
82,2021-07-01,0
82,2021-08-01,0
82,2021-09-01,0
82,2021-10-01,0
82,2021-11-01,0
82,2021-12-01,0
82,2022-01-01,0
82,2022-02-01,0
82,2022-03-01,0
82,2022-04-01,0
82,2022-05-01,0
82,2022-06-01,0
82,2022-07-01,0
82,2022-08-01,0
82,2022-09-01,0
82,2022-10-01,0
82,2022-11-01,0
82,2022-12-01,0
82,2023-01-01,0
82,2023-02-01,0
82,2023-03-01,0
82,2023-04-01,0
82,2023-05-01,0
82,2023-06-01,0
82,2023-07-01,0
82,2023-08-01,0
82,2023-09-01,0
82,2023-10-01,0
82,2023-11-01,0
82,2023-12-01,0
82,2024-01-01,0
82,2024-02-01,0
82,2024-03-01,0
82,2024-04-01,0
82,2024-05-01,0
82,2024-06-01,0
82,2024-07-01,0
82,2024-08-01,0
82,2024-09-01,0
82,2024-10-01,0
82,2024-11-01,0
82,2024-12-01,0
82,2025-01-01,0
82,2025-02-01,0
82,2025-03-01,0
82,2025-04-01,0
82,2025-05-01,0
82,2025-06-01,0
82,2025-07-01,0
82,2025-08-01,0
82,2025-09-01,0
82,2025-10-01,0
82,2025-11-01,0
82,2025-12-01,0
83,2018-01-01,26
83,2018-02-01,26
83,2018-03-01,27
83,2018-04-01,15
83,2018-05-01,23
83,2018-06-01,19
83,2018-07-01,23
83,2018-08-01,26
83,2018-09-01,19
83,2018-10-01,19
83,2018-11-01,22
83,2018-12-01,21
83,2019-01-01,20
83,2019-02-01,9
83,2019-03-01,16
83,2019-04-01,18
83,2019-05-01,17
83,2019-06-01,18
83,2019-07-01,26
83,2019-08-01,19
83,2019-09-01,27
83,2019-10-01,23
83,2019-11-01,26
83,2019-12-01,17
83,2020-01-01,27
83,2020-02-01,44
83,2020-03-01,14
83,2020-04-01,11
83,2020-05-01,10
83,2020-06-01,10
83,2020-07-01,28
83,2020-08-01,28
83,2020-09-01,20
83,2020-10-01,25
83,2020-11-01,17
83,2020-12-01,19
83,2021-01-01,28
83,2021-02-01,24
83,2021-03-01,12
83,2021-04-01,11
83,2021-05-01,17
83,2021-06-01,22
83,2021-07-01,18
83,2021-08-01,13
83,2021-09-01,20
83,2021-10-01,36
83,2021-11-01,24
83,2021-12-01,26
83,2022-01-01,18
83,2022-02-01,32
83,2022-03-01,17
83,2022-04-01,19
83,2022-05-01,18
83,2022-06-01,37
83,2022-07-01,38
83,2022-08-01,33
83,2022-09-01,34
83,2022-10-01,21
83,2022-11-01,30
83,2022-12-01,20
83,2023-01-01,18
83,2023-02-01,28
83,2023-03-01,27
83,2023-04-01,29
83,2023-05-01,28
83,2023-06-01,28
83,2023-07-01,36
83,2023-08-01,35
83,2023-09-01,30
83,2023-10-01,56
83,2023-11-01,41
83,2023-12-01,34
83,2024-01-01,34
83,2024-02-01,27
83,2024-03-01,36
83,2024-04-01,22
83,2024-05-01,31
83,2024-06-01,37
83,2024-07-01,23
83,2024-08-01,39
83,2024-09-01,22
83,2024-10-01,20
83,2024-11-01,25
83,2024-12-01,27
83,2025-01-01,13
83,2025-02-01,11
83,2025-03-01,19
83,2025-04-01,18
83,2025-05-01,22
83,2025-06-01,29
83,2025-07-01,20
83,2025-08-01,22
83,2025-09-01,13
83,2025-10-01,19
83,2025-11-01,20
83,2025-12-01,11
84,2018-01-01,12
84,2018-02-01,8
84,2018-03-01,9
84,2018-04-01,11
84,2018-05-01,14
84,2018-06-01,15
84,2018-07-01,6
84,2018-08-01,13
84,2018-09-01,12
84,2018-10-01,17
84,2018-11-01,15
84,2018-12-01,16
84,2019-01-01,8
84,2019-02-01,4
84,2019-03-01,6
84,2019-04-01,15
84,2019-05-01,12
84,2019-06-01,15
84,2019-07-01,10
84,2019-08-01,15
84,2019-09-01,17
84,2019-10-01,7
84,2019-11-01,17
84,2019-12-01,15
84,2020-01-01,19
84,2020-02-01,9
84,2020-03-01,6
84,2020-04-01,6
84,2020-05-01,8
84,2020-06-01,6
84,2020-07-01,13
84,2020-08-01,7
84,2020-09-01,6
84,2020-10-01,12
84,2020-11-01,14
84,2020-12-01,3
84,2021-01-01,17
84,2021-02-01,7
84,2021-03-01,8
84,2021-04-01,8
84,2021-05-01,18
84,2021-06-01,7
84,2021-07-01,10
84,2021-08-01,12
84,2021-09-01,11
84,2021-10-01,16
84,2021-11-01,14
84,2021-12-01,14
84,2022-01-01,9
84,2022-02-01,8
84,2022-03-01,17
84,2022-04-01,10
84,2022-05-01,8
84,2022-06-01,22
84,2022-07-01,12
84,2022-08-01,13
84,2022-09-01,14
84,2022-10-01,5
84,2022-11-01,9
84,2022-12-01,9
84,2023-01-01,7
84,2023-02-01,7
84,2023-03-01,11
84,2023-04-01,12
84,2023-05-01,13
84,2023-06-01,19
84,2023-07-01,15
84,2023-08-01,19
84,2023-09-01,18
84,2023-10-01,11
84,2023-11-01,15
84,2023-12-01,11
84,2024-01-01,12
84,2024-02-01,27
84,2024-03-01,17
84,2024-04-01,24
84,2024-05-01,24
84,2024-06-01,19
84,2024-07-01,18
84,2024-08-01,24
84,2024-09-01,21
84,2024-10-01,15
84,2024-11-01,24
84,2024-12-01,14
84,2025-01-01,13
84,2025-02-01,15
84,2025-03-01,13
84,2025-04-01,10
84,2025-05-01,28
84,2025-06-01,33
84,2025-07-01,21
84,2025-08-01,24
84,2025-09-01,19
84,2025-10-01,16
84,2025-11-01,23
84,2025-12-01,27
85,2018-01-01,0
85,2018-02-01,0
85,2018-03-01,0
85,2018-04-01,0
85,2018-05-01,0
85,2018-06-01,0
85,2018-07-01,0
85,2018-08-01,0
85,2018-09-01,0
85,2018-10-01,0
85,2018-11-01,0
85,2018-12-01,0
85,2019-01-01,0
85,2019-02-01,0
85,2019-03-01,0
85,2019-04-01,0
85,2019-05-01,0
85,2019-06-01,0
85,2019-07-01,0
85,2019-08-01,0
85,2019-09-01,0
85,2019-10-01,0
85,2019-11-01,0
85,2019-12-01,0
85,2020-01-01,0
85,2020-02-01,0
85,2020-03-01,0
85,2020-04-01,0
85,2020-05-01,0
85,2020-06-01,0
85,2020-07-01,0
85,2020-08-01,0
85,2020-09-01,0
85,2020-10-01,0
85,2020-11-01,0
85,2020-12-01,0
85,2021-01-01,0
85,2021-02-01,0
85,2021-03-01,0
85,2021-04-01,0
85,2021-05-01,0
85,2021-06-01,0
85,2021-07-01,0
85,2021-08-01,0
85,2021-09-01,0
85,2021-10-01,0
85,2021-11-01,0
85,2021-12-01,0
85,2022-01-01,0
85,2022-02-01,0
85,2022-03-01,0
85,2022-04-01,0
85,2022-05-01,0
85,2022-06-01,0
85,2022-07-01,0
85,2022-08-01,0
85,2022-09-01,0
85,2022-10-01,0
85,2022-11-01,0
85,2022-12-01,0
85,2023-01-01,0
85,2023-02-01,0
85,2023-03-01,0
85,2023-04-01,0
85,2023-05-01,0
85,2023-06-01,0
85,2023-07-01,0
85,2023-08-01,0
85,2023-09-01,0
85,2023-10-01,0
85,2023-11-01,0
85,2023-12-01,0
85,2024-01-01,0
85,2024-02-01,0
85,2024-03-01,0
85,2024-04-01,0
85,2024-05-01,0
85,2024-06-01,0
85,2024-07-01,0
85,2024-08-01,0
85,2024-09-01,0
85,2024-10-01,0
85,2024-11-01,0
85,2024-12-01,0
85,2025-01-01,0
85,2025-02-01,0
85,2025-03-01,0
85,2025-04-01,0
85,2025-05-01,0
85,2025-06-01,0
85,2025-07-01,0
85,2025-08-01,0
85,2025-09-01,0
85,2025-10-01,0
85,2025-11-01,0
85,2025-12-01,0
86,2018-01-01,0
86,2018-02-01,0
86,2018-03-01,0
86,2018-04-01,0
86,2018-05-01,0
86,2018-06-01,0
86,2018-07-01,0
86,2018-08-01,0
86,2018-09-01,0
86,2018-10-01,0
86,2018-11-01,0
86,2018-12-01,0
86,2019-01-01,0
86,2019-02-01,0
86,2019-03-01,0
86,2019-04-01,0
86,2019-05-01,0
86,2019-06-01,0
86,2019-07-01,0
86,2019-08-01,0
86,2019-09-01,0
86,2019-10-01,0
86,2019-11-01,0
86,2019-12-01,0
86,2020-01-01,0
86,2020-02-01,0
86,2020-03-01,0
86,2020-04-01,0
86,2020-05-01,0
86,2020-06-01,0
86,2020-07-01,0
86,2020-08-01,0
86,2020-09-01,0
86,2020-10-01,0
86,2020-11-01,0
86,2020-12-01,0
86,2021-01-01,0
86,2021-02-01,0
86,2021-03-01,0
86,2021-04-01,0
86,2021-05-01,0
86,2021-06-01,0
86,2021-07-01,0
86,2021-08-01,0
86,2021-09-01,0
86,2021-10-01,0
86,2021-11-01,0
86,2021-12-01,0
86,2022-01-01,0
86,2022-02-01,0
86,2022-03-01,0
86,2022-04-01,0
86,2022-05-01,0
86,2022-06-01,0
86,2022-07-01,0
86,2022-08-01,0
86,2022-09-01,0
86,2022-10-01,0
86,2022-11-01,0
86,2022-12-01,0
86,2023-01-01,0
86,2023-02-01,0
86,2023-03-01,0
86,2023-04-01,0
86,2023-05-01,0
86,2023-06-01,0
86,2023-07-01,0
86,2023-08-01,0
86,2023-09-01,0
86,2023-10-01,0
86,2023-11-01,0
86,2023-12-01,0
86,2024-01-01,0
86,2024-02-01,0
86,2024-03-01,0
86,2024-04-01,0
86,2024-05-01,0
86,2024-06-01,0
86,2024-07-01,0
86,2024-08-01,0
86,2024-09-01,0
86,2024-10-01,0
86,2024-11-01,0
86,2024-12-01,0
86,2025-01-01,0
86,2025-02-01,0
86,2025-03-01,0
86,2025-04-01,0
86,2025-05-01,0
86,2025-06-01,0
86,2025-07-01,0
86,2025-08-01,0
86,2025-09-01,0
86,2025-10-01,0
86,2025-11-01,0
86,2025-12-01,0
87,2018-01-01,0
87,2018-02-01,0
87,2018-03-01,0
87,2018-04-01,0
87,2018-05-01,0
87,2018-06-01,0
87,2018-07-01,0
87,2018-08-01,0
87,2018-09-01,0
87,2018-10-01,0
87,2018-11-01,0
87,2018-12-01,0
87,2019-01-01,0
87,2019-02-01,0
87,2019-03-01,0
87,2019-04-01,0
87,2019-05-01,0
87,2019-06-01,0
87,2019-07-01,0
87,2019-08-01,0
87,2019-09-01,0
87,2019-10-01,0
87,2019-11-01,0
87,2019-12-01,0
87,2020-01-01,0
87,2020-02-01,0
87,2020-03-01,0
87,2020-04-01,0
87,2020-05-01,0
87,2020-06-01,0
87,2020-07-01,0
87,2020-08-01,0
87,2020-09-01,0
87,2020-10-01,0
87,2020-11-01,0
87,2020-12-01,0
87,2021-01-01,0
87,2021-02-01,0
87,2021-03-01,0
87,2021-04-01,0
87,2021-05-01,0
87,2021-06-01,0
87,2021-07-01,0
87,2021-08-01,0
87,2021-09-01,0
87,2021-10-01,0
87,2021-11-01,0
87,2021-12-01,0
87,2022-01-01,0
87,2022-02-01,0
87,2022-03-01,0
87,2022-04-01,0
87,2022-05-01,0
87,2022-06-01,0
87,2022-07-01,0
87,2022-08-01,0
87,2022-09-01,0
87,2022-10-01,0
87,2022-11-01,0
87,2022-12-01,0
87,2023-01-01,0
87,2023-02-01,0
87,2023-03-01,0
87,2023-04-01,0
87,2023-05-01,0
87,2023-06-01,0
87,2023-07-01,0
87,2023-08-01,0
87,2023-09-01,0
87,2023-10-01,0
87,2023-11-01,0
87,2023-12-01,0
87,2024-01-01,0
87,2024-02-01,0
87,2024-03-01,0
87,2024-04-01,0
87,2024-05-01,0
87,2024-06-01,0
87,2024-07-01,0
87,2024-08-01,0
87,2024-09-01,0
87,2024-10-01,0
87,2024-11-01,0
87,2024-12-01,0
87,2025-01-01,0
87,2025-02-01,0
87,2025-03-01,0
87,2025-04-01,0
87,2025-05-01,0
87,2025-06-01,0
87,2025-07-01,0
87,2025-08-01,0
87,2025-09-01,0
87,2025-10-01,0
87,2025-11-01,0
87,2025-12-01,0
88,2018-01-01,9
88,2018-02-01,8
88,2018-03-01,5
88,2018-04-01,7
88,2018-05-01,3
88,2018-06-01,8
88,2018-07-01,7
88,2018-08-01,10
88,2018-09-01,11
88,2018-10-01,12
88,2018-11-01,8
88,2018-12-01,13
88,2019-01-01,9
88,2019-02-01,7
88,2019-03-01,5
88,2019-04-01,3
88,2019-05-01,21
88,2019-06-01,12
88,2019-07-01,9
88,2019-08-01,17
88,2019-09-01,16
88,2019-10-01,13
88,2019-11-01,21
88,2019-12-01,14
88,2020-01-01,18
88,2020-02-01,13
88,2020-03-01,6
88,2020-04-01,7
88,2020-05-01,10
88,2020-06-01,10
88,2020-07-01,11
88,2020-08-01,7
88,2020-09-01,12
88,2020-10-01,6
88,2020-11-01,12
88,2020-12-01,7
88,2021-01-01,9
88,2021-02-01,7
88,2021-03-01,6
88,2021-04-01,6
88,2021-05-01,9
88,2021-06-01,4
88,2021-07-01,10
88,2021-08-01,11
88,2021-09-01,10
88,2021-10-01,5
88,2021-11-01,13
88,2021-12-01,9
88,2022-01-01,8
88,2022-02-01,13
88,2022-03-01,6
88,2022-04-01,8
88,2022-05-01,8
88,2022-06-01,5
88,2022-07-01,11
88,2022-08-01,14
88,2022-09-01,8
88,2022-10-01,12
88,2022-11-01,9
88,2022-12-01,5
88,2023-01-01,9
88,2023-02-01,10
88,2023-03-01,5
88,2023-04-01,5
88,2023-05-01,9
88,2023-06-01,8
88,2023-07-01,7
88,2023-08-01,7
88,2023-09-01,7
88,2023-10-01,15
88,2023-11-01,8
88,2023-12-01,13
88,2024-01-01,7
88,2024-02-01,11
88,2024-03-01,5
88,2024-04-01,7
88,2024-05-01,9
88,2024-06-01,6
88,2024-07-01,13
88,2024-08-01,10
88,2024-09-01,7
88,2024-10-01,9
88,2024-11-01,8
88,2024-12-01,7
88,2025-01-01,9
88,2025-02-01,10
88,2025-03-01,7
88,2025-04-01,12
88,2025-05-01,9
88,2025-06-01,6
88,2025-07-01,2
88,2025-08-01,4
88,2025-09-01,7
88,2025-10-01,8
88,2025-11-01,8
88,2025-12-01,9
89,2018-01-01,0
89,2018-02-01,0
89,2018-03-01,0
89,2018-04-01,0
89,2018-05-01,0
89,2018-06-01,0
89,2018-07-01,0
89,2018-08-01,0
89,2018-09-01,0
89,2018-10-01,0
89,2018-11-01,0
89,2018-12-01,0
89,2019-01-01,0
89,2019-02-01,0
89,2019-03-01,0
89,2019-04-01,0
89,2019-05-01,0
89,2019-06-01,0
89,2019-07-01,0
89,2019-08-01,0
89,2019-09-01,0
89,2019-10-01,0
89,2019-11-01,0
89,2019-12-01,0
89,2020-01-01,0
89,2020-02-01,0
89,2020-03-01,0
89,2020-04-01,0
89,2020-05-01,0
89,2020-06-01,0
89,2020-07-01,0
89,2020-08-01,0
89,2020-09-01,0
89,2020-10-01,0
89,2020-11-01,0
89,2020-12-01,0
89,2021-01-01,0
89,2021-02-01,0
89,2021-03-01,0
89,2021-04-01,0
89,2021-05-01,0
89,2021-06-01,0
89,2021-07-01,0
89,2021-08-01,0
89,2021-09-01,0
89,2021-10-01,0
89,2021-11-01,0
89,2021-12-01,0
89,2022-01-01,0
89,2022-02-01,0
89,2022-03-01,0
89,2022-04-01,0
89,2022-05-01,0
89,2022-06-01,0
89,2022-07-01,0
89,2022-08-01,0
89,2022-09-01,0
89,2022-10-01,0
89,2022-11-01,0
89,2022-12-01,0
89,2023-01-01,0
89,2023-02-01,0
89,2023-03-01,0
89,2023-04-01,0
89,2023-05-01,0
89,2023-06-01,0
89,2023-07-01,0
89,2023-08-01,0
89,2023-09-01,0
89,2023-10-01,0
89,2023-11-01,0
89,2023-12-01,0
89,2024-01-01,0
89,2024-02-01,0
89,2024-03-01,0
89,2024-04-01,0
89,2024-05-01,0
89,2024-06-01,0
89,2024-07-01,0
89,2024-08-01,0
89,2024-09-01,0
89,2024-10-01,0
89,2024-11-01,0
89,2024-12-01,0
89,2025-01-01,0
89,2025-02-01,0
89,2025-03-01,0
89,2025-04-01,0
89,2025-05-01,0
89,2025-06-01,0
89,2025-07-01,0
89,2025-08-01,0
89,2025-09-01,0
89,2025-10-01,0
89,2025-11-01,0
89,2025-12-01,0
90,2018-01-01,16
90,2018-02-01,15
90,2018-03-01,12
90,2018-04-01,15
90,2018-05-01,15
90,2018-06-01,19
90,2018-07-01,14
90,2018-08-01,21
90,2018-09-01,17
90,2018-10-01,15
90,2018-11-01,18
90,2018-12-01,20
90,2019-01-01,15
90,2019-02-01,15
90,2019-03-01,15
90,2019-04-01,13
90,2019-05-01,12
90,2019-06-01,15
90,2019-07-01,17
90,2019-08-01,17
90,2019-09-01,15
90,2019-10-01,25
90,2019-11-01,11
90,2019-12-01,11
90,2020-01-01,12
90,2020-02-01,16
90,2020-03-01,14
90,2020-04-01,5
90,2020-05-01,10
90,2020-06-01,13
90,2020-07-01,18
90,2020-08-01,19
90,2020-09-01,18
90,2020-10-01,18
90,2020-11-01,8
90,2020-12-01,17
90,2021-01-01,5
90,2021-02-01,13
90,2021-03-01,12
90,2021-04-01,12
90,2021-05-01,14
90,2021-06-01,5
90,2021-07-01,11
90,2021-08-01,10
90,2021-09-01,11
90,2021-10-01,16
90,2021-11-01,15
90,2021-12-01,19
90,2022-01-01,10
90,2022-02-01,12
90,2022-03-01,10
90,2022-04-01,15
90,2022-05-01,17
90,2022-06-01,21
90,2022-07-01,16
90,2022-08-01,20
90,2022-09-01,13
90,2022-10-01,13
90,2022-11-01,16
90,2022-12-01,14
90,2023-01-01,18
90,2023-02-01,22
90,2023-03-01,12
90,2023-04-01,14
90,2023-05-01,11
90,2023-06-01,12
90,2023-07-01,20
90,2023-08-01,15
90,2023-09-01,16
90,2023-10-01,18
90,2023-11-01,22
90,2023-12-01,16
90,2024-01-01,14
90,2024-02-01,11
90,2024-03-01,10
90,2024-04-01,18
90,2024-05-01,28
90,2024-06-01,18
90,2024-07-01,11
90,2024-08-01,16
90,2024-09-01,16
90,2024-10-01,19
90,2024-11-01,18
90,2024-12-01,11
90,2025-01-01,9
90,2025-02-01,14
90,2025-03-01,21
90,2025-04-01,14
90,2025-05-01,12
90,2025-06-01,25
90,2025-07-01,17
90,2025-08-01,26
90,2025-09-01,20
90,2025-10-01,24
90,2025-11-01,10
90,2025-12-01,10
91,2018-01-01,0
91,2018-02-01,0
91,2018-03-01,0
91,2018-04-01,0
91,2018-05-01,0
91,2018-06-01,0
91,2018-07-01,0
91,2018-08-01,0
91,2018-09-01,0
91,2018-10-01,0
91,2018-11-01,0
91,2018-12-01,0
91,2019-01-01,0
91,2019-02-01,0
91,2019-03-01,0
91,2019-04-01,0
91,2019-05-01,0
91,2019-06-01,0
91,2019-07-01,0
91,2019-08-01,0
91,2019-09-01,0
91,2019-10-01,0
91,2019-11-01,0
91,2019-12-01,0
91,2020-01-01,0
91,2020-02-01,0
91,2020-03-01,0
91,2020-04-01,0
91,2020-05-01,0
91,2020-06-01,0
91,2020-07-01,0
91,2020-08-01,0
91,2020-09-01,0
91,2020-10-01,0
91,2020-11-01,0
91,2020-12-01,0
91,2021-01-01,0
91,2021-02-01,0
91,2021-03-01,0
91,2021-04-01,0
91,2021-05-01,0
91,2021-06-01,0
91,2021-07-01,0
91,2021-08-01,0
91,2021-09-01,0
91,2021-10-01,0
91,2021-11-01,0
91,2021-12-01,0
91,2022-01-01,0
91,2022-02-01,0
91,2022-03-01,0
91,2022-04-01,0
91,2022-05-01,0
91,2022-06-01,0
91,2022-07-01,0
91,2022-08-01,0
91,2022-09-01,0
91,2022-10-01,0
91,2022-11-01,0
91,2022-12-01,0
91,2023-01-01,0
91,2023-02-01,0
91,2023-03-01,0
91,2023-04-01,0
91,2023-05-01,0
91,2023-06-01,0
91,2023-07-01,0
91,2023-08-01,0
91,2023-09-01,0
91,2023-10-01,0
91,2023-11-01,0
91,2023-12-01,0
91,2024-01-01,0
91,2024-02-01,0
91,2024-03-01,0
91,2024-04-01,0
91,2024-05-01,0
91,2024-06-01,0
91,2024-07-01,0
91,2024-08-01,0
91,2024-09-01,0
91,2024-10-01,0
91,2024-11-01,0
91,2024-12-01,0
91,2025-01-01,0
91,2025-02-01,0
91,2025-03-01,0
91,2025-04-01,0
91,2025-05-01,0
91,2025-06-01,0
91,2025-07-01,0
91,2025-08-01,0
91,2025-09-01,0
91,2025-10-01,0
91,2025-11-01,0
91,2025-12-01,0
92,2018-01-01,0
92,2018-02-01,0
92,2018-03-01,0
92,2018-04-01,0
92,2018-05-01,0
92,2018-06-01,0
92,2018-07-01,0
92,2018-08-01,0
92,2018-09-01,0
92,2018-10-01,0
92,2018-11-01,0
92,2018-12-01,0
92,2019-01-01,0
92,2019-02-01,0
92,2019-03-01,0
92,2019-04-01,0
92,2019-05-01,0
92,2019-06-01,0
92,2019-07-01,0
92,2019-08-01,0
92,2019-09-01,0
92,2019-10-01,0
92,2019-11-01,0
92,2019-12-01,0
92,2020-01-01,0
92,2020-02-01,0
92,2020-03-01,0
92,2020-04-01,0
92,2020-05-01,0
92,2020-06-01,0
92,2020-07-01,0
92,2020-08-01,0
92,2020-09-01,0
92,2020-10-01,0
92,2020-11-01,0
92,2020-12-01,0
92,2021-01-01,0
92,2021-02-01,0
92,2021-03-01,0
92,2021-04-01,0
92,2021-05-01,0
92,2021-06-01,0
92,2021-07-01,0
92,2021-08-01,0
92,2021-09-01,0
92,2021-10-01,0
92,2021-11-01,0
92,2021-12-01,0
92,2022-01-01,0
92,2022-02-01,0
92,2022-03-01,0
92,2022-04-01,0
92,2022-05-01,0
92,2022-06-01,0
92,2022-07-01,0
92,2022-08-01,0
92,2022-09-01,0
92,2022-10-01,0
92,2022-11-01,0
92,2022-12-01,0
92,2023-01-01,0
92,2023-02-01,0
92,2023-03-01,0
92,2023-04-01,0
92,2023-05-01,0
92,2023-06-01,0
92,2023-07-01,0
92,2023-08-01,0
92,2023-09-01,0
92,2023-10-01,0
92,2023-11-01,0
92,2023-12-01,0
92,2024-01-01,0
92,2024-02-01,0
92,2024-03-01,0
92,2024-04-01,0
92,2024-05-01,0
92,2024-06-01,0
92,2024-07-01,0
92,2024-08-01,0
92,2024-09-01,0
92,2024-10-01,0
92,2024-11-01,0
92,2024-12-01,0
92,2025-01-01,0
92,2025-02-01,0
92,2025-03-01,0
92,2025-04-01,0
92,2025-05-01,0
92,2025-06-01,0
92,2025-07-01,0
92,2025-08-01,0
92,2025-09-01,0
92,2025-10-01,0
92,2025-11-01,0
92,2025-12-01,0
93,2018-01-01,0
93,2018-02-01,0
93,2018-03-01,0
93,2018-04-01,0
93,2018-05-01,0
93,2018-06-01,0
93,2018-07-01,0
93,2018-08-01,0
93,2018-09-01,0
93,2018-10-01,0
93,2018-11-01,0
93,2018-12-01,0
93,2019-01-01,0
93,2019-02-01,0
93,2019-03-01,0
93,2019-04-01,0
93,2019-05-01,0
93,2019-06-01,0
93,2019-07-01,0
93,2019-08-01,0
93,2019-09-01,0
93,2019-10-01,0
93,2019-11-01,0
93,2019-12-01,0
93,2020-01-01,0
93,2020-02-01,0
93,2020-03-01,0
93,2020-04-01,0
93,2020-05-01,0
93,2020-06-01,0
93,2020-07-01,0
93,2020-08-01,0
93,2020-09-01,0
93,2020-10-01,0
93,2020-11-01,0
93,2020-12-01,0
93,2021-01-01,0
93,2021-02-01,0
93,2021-03-01,0
93,2021-04-01,0
93,2021-05-01,0
93,2021-06-01,0
93,2021-07-01,0
93,2021-08-01,0
93,2021-09-01,0
93,2021-10-01,0
93,2021-11-01,0
93,2021-12-01,0
93,2022-01-01,0
93,2022-02-01,0
93,2022-03-01,0
93,2022-04-01,0
93,2022-05-01,0
93,2022-06-01,0
93,2022-07-01,0
93,2022-08-01,0
93,2022-09-01,0
93,2022-10-01,0
93,2022-11-01,0
93,2022-12-01,0
93,2023-01-01,0
93,2023-02-01,0
93,2023-03-01,0
93,2023-04-01,0
93,2023-05-01,0
93,2023-06-01,0
93,2023-07-01,0
93,2023-08-01,0
93,2023-09-01,0
93,2023-10-01,0
93,2023-11-01,0
93,2023-12-01,0
93,2024-01-01,0
93,2024-02-01,0
93,2024-03-01,0
93,2024-04-01,0
93,2024-05-01,0
93,2024-06-01,0
93,2024-07-01,0
93,2024-08-01,0
93,2024-09-01,0
93,2024-10-01,0
93,2024-11-01,0
93,2024-12-01,0
93,2025-01-01,0
93,2025-02-01,0
93,2025-03-01,0
93,2025-04-01,0
93,2025-05-01,0
93,2025-06-01,0
93,2025-07-01,0
93,2025-08-01,0
93,2025-09-01,0
93,2025-10-01,0
93,2025-11-01,0
93,2025-12-01,0
94,2018-01-01,9
94,2018-02-01,3
94,2018-03-01,5
94,2018-04-01,2
94,2018-05-01,7
94,2018-06-01,6
94,2018-07-01,4
94,2018-08-01,6
94,2018-09-01,6
94,2018-10-01,6
94,2018-11-01,5
94,2018-12-01,6
94,2019-01-01,5
94,2019-02-01,9
94,2019-03-01,2
94,2019-04-01,8
94,2019-05-01,1
94,2019-06-01,3
94,2019-07-01,7
94,2019-08-01,6
94,2019-09-01,7
94,2019-10-01,7
94,2019-11-01,8
94,2019-12-01,4
94,2020-01-01,6
94,2020-02-01,5
94,2020-03-01,4
94,2020-04-01,1
94,2020-05-01,3
94,2020-06-01,13
94,2020-07-01,8
94,2020-08-01,8
94,2020-09-01,5
94,2020-10-01,9
94,2020-11-01,6
94,2020-12-01,3
94,2021-01-01,5
94,2021-02-01,4
94,2021-03-01,6
94,2021-04-01,4
94,2021-05-01,8
94,2021-06-01,13
94,2021-07-01,12
94,2021-08-01,6
94,2021-09-01,6
94,2021-10-01,2
94,2021-11-01,10
94,2021-12-01,7
94,2022-01-01,15
94,2022-02-01,4
94,2022-03-01,11
94,2022-04-01,10
94,2022-05-01,9
94,2022-06-01,14
94,2022-07-01,17
94,2022-08-01,11
94,2022-09-01,18
94,2022-10-01,11
94,2022-11-01,13
94,2022-12-01,10
94,2023-01-01,13
94,2023-02-01,10
94,2023-03-01,6
94,2023-04-01,9
94,2023-05-01,6
94,2023-06-01,8
94,2023-07-01,9
94,2023-08-01,18
94,2023-09-01,10
94,2023-10-01,16
94,2023-11-01,9
94,2023-12-01,6
94,2024-01-01,12
94,2024-02-01,6
94,2024-03-01,7
94,2024-04-01,4
94,2024-05-01,12
94,2024-06-01,7
94,2024-07-01,9
94,2024-08-01,12
94,2024-09-01,8
94,2024-10-01,4
94,2024-11-01,4
94,2024-12-01,5
94,2025-01-01,8
94,2025-02-01,6
94,2025-03-01,8
94,2025-04-01,5
94,2025-05-01,10
94,2025-06-01,11
94,2025-07-01,8
94,2025-08-01,17
94,2025-09-01,9
94,2025-10-01,15
94,2025-11-01,9
94,2025-12-01,6
95,2018-01-01,0
95,2018-02-01,0
95,2018-03-01,0
95,2018-04-01,0
95,2018-05-01,0
95,2018-06-01,0
95,2018-07-01,0
95,2018-08-01,0
95,2018-09-01,0
95,2018-10-01,0
95,2018-11-01,0
95,2018-12-01,0
95,2019-01-01,0
95,2019-02-01,0
95,2019-03-01,0
95,2019-04-01,0
95,2019-05-01,0
95,2019-06-01,0
95,2019-07-01,0
95,2019-08-01,0
95,2019-09-01,0
95,2019-10-01,0
95,2019-11-01,0
95,2019-12-01,0
95,2020-01-01,0
95,2020-02-01,0
95,2020-03-01,0
95,2020-04-01,0
95,2020-05-01,0
95,2020-06-01,0
95,2020-07-01,0
95,2020-08-01,0
95,2020-09-01,0
95,2020-10-01,0
95,2020-11-01,0
95,2020-12-01,0
95,2021-01-01,0
95,2021-02-01,0
95,2021-03-01,0
95,2021-04-01,0
95,2021-05-01,0
95,2021-06-01,0
95,2021-07-01,0
95,2021-08-01,0
95,2021-09-01,0
95,2021-10-01,0
95,2021-11-01,0
95,2021-12-01,0
95,2022-01-01,0
95,2022-02-01,0
95,2022-03-01,0
95,2022-04-01,0
95,2022-05-01,0
95,2022-06-01,0
95,2022-07-01,0
95,2022-08-01,0
95,2022-09-01,0
95,2022-10-01,0
95,2022-11-01,0
95,2022-12-01,0
95,2023-01-01,0
95,2023-02-01,0
95,2023-03-01,0
95,2023-04-01,0
95,2023-05-01,0
95,2023-06-01,0
95,2023-07-01,0
95,2023-08-01,0
95,2023-09-01,0
95,2023-10-01,0
95,2023-11-01,0
95,2023-12-01,0
95,2024-01-01,0
95,2024-02-01,0
95,2024-03-01,0
95,2024-04-01,0
95,2024-05-01,0
95,2024-06-01,0
95,2024-07-01,0
95,2024-08-01,0
95,2024-09-01,0
95,2024-10-01,0
95,2024-11-01,0
95,2024-12-01,0
95,2025-01-01,0
95,2025-02-01,0
95,2025-03-01,0
95,2025-04-01,0
95,2025-05-01,0
95,2025-06-01,0
95,2025-07-01,0
95,2025-08-01,0
95,2025-09-01,0
95,2025-10-01,0
95,2025-11-01,0
95,2025-12-01,0
96,2018-01-01,0
96,2018-02-01,0
96,2018-03-01,0
96,2018-04-01,0
96,2018-05-01,0
96,2018-06-01,0
96,2018-07-01,0
96,2018-08-01,0
96,2018-09-01,0
96,2018-10-01,0
96,2018-11-01,0
96,2018-12-01,0
96,2019-01-01,0
96,2019-02-01,0
96,2019-03-01,0
96,2019-04-01,0
96,2019-05-01,0
96,2019-06-01,0
96,2019-07-01,0
96,2019-08-01,0
96,2019-09-01,0
96,2019-10-01,0
96,2019-11-01,0
96,2019-12-01,0
96,2020-01-01,0
96,2020-02-01,0
96,2020-03-01,0
96,2020-04-01,0
96,2020-05-01,0
96,2020-06-01,0
96,2020-07-01,0
96,2020-08-01,0
96,2020-09-01,0
96,2020-10-01,0
96,2020-11-01,0
96,2020-12-01,0
96,2021-01-01,0
96,2021-02-01,0
96,2021-03-01,0
96,2021-04-01,0
96,2021-05-01,0
96,2021-06-01,0
96,2021-07-01,0
96,2021-08-01,0
96,2021-09-01,0
96,2021-10-01,0
96,2021-11-01,0
96,2021-12-01,0
96,2022-01-01,0
96,2022-02-01,0
96,2022-03-01,0
96,2022-04-01,0
96,2022-05-01,0
96,2022-06-01,0
96,2022-07-01,0
96,2022-08-01,0
96,2022-09-01,0
96,2022-10-01,0
96,2022-11-01,0
96,2022-12-01,0
96,2023-01-01,0
96,2023-02-01,0
96,2023-03-01,0
96,2023-04-01,0
96,2023-05-01,0
96,2023-06-01,0
96,2023-07-01,0
96,2023-08-01,0
96,2023-09-01,0
96,2023-10-01,0
96,2023-11-01,0
96,2023-12-01,0
96,2024-01-01,0
96,2024-02-01,0
96,2024-03-01,0
96,2024-04-01,0
96,2024-05-01,0
96,2024-06-01,0
96,2024-07-01,0
96,2024-08-01,0
96,2024-09-01,0
96,2024-10-01,0
96,2024-11-01,0
96,2024-12-01,0
96,2025-01-01,0
96,2025-02-01,0
96,2025-03-01,0
96,2025-04-01,0
96,2025-05-01,0
96,2025-06-01,0
96,2025-07-01,0
96,2025-08-01,0
96,2025-09-01,0
96,2025-10-01,0
96,2025-11-01,0
96,2025-12-01,0
97,2018-01-01,0
97,2018-02-01,0
97,2018-03-01,0
97,2018-04-01,0
97,2018-05-01,0
97,2018-06-01,0
97,2018-07-01,0
97,2018-08-01,0
97,2018-09-01,0
97,2018-10-01,0
97,2018-11-01,0
97,2018-12-01,0
97,2019-01-01,0
97,2019-02-01,0
97,2019-03-01,0
97,2019-04-01,0
97,2019-05-01,0
97,2019-06-01,0
97,2019-07-01,0
97,2019-08-01,0
97,2019-09-01,0
97,2019-10-01,0
97,2019-11-01,0
97,2019-12-01,0
97,2020-01-01,0
97,2020-02-01,0
97,2020-03-01,0
97,2020-04-01,0
97,2020-05-01,0
97,2020-06-01,0
97,2020-07-01,0
97,2020-08-01,0
97,2020-09-01,0
97,2020-10-01,0
97,2020-11-01,0
97,2020-12-01,0
97,2021-01-01,0
97,2021-02-01,0
97,2021-03-01,0
97,2021-04-01,0
97,2021-05-01,0
97,2021-06-01,0
97,2021-07-01,0
97,2021-08-01,0
97,2021-09-01,0
97,2021-10-01,0
97,2021-11-01,0
97,2021-12-01,0
97,2022-01-01,0
97,2022-02-01,0
97,2022-03-01,0
97,2022-04-01,0
97,2022-05-01,0
97,2022-06-01,0
97,2022-07-01,0
97,2022-08-01,0
97,2022-09-01,0
97,2022-10-01,0
97,2022-11-01,0
97,2022-12-01,0
97,2023-01-01,0
97,2023-02-01,0
97,2023-03-01,0
97,2023-04-01,0
97,2023-05-01,0
97,2023-06-01,0
97,2023-07-01,0
97,2023-08-01,0
97,2023-09-01,0
97,2023-10-01,0
97,2023-11-01,0
97,2023-12-01,0
97,2024-01-01,0
97,2024-02-01,0
97,2024-03-01,0
97,2024-04-01,0
97,2024-05-01,0
97,2024-06-01,0
97,2024-07-01,0
97,2024-08-01,0
97,2024-09-01,0
97,2024-10-01,0
97,2024-11-01,0
97,2024-12-01,0
97,2025-01-01,0
97,2025-02-01,0
97,2025-03-01,0
97,2025-04-01,0
97,2025-05-01,0
97,2025-06-01,0
97,2025-07-01,0
97,2025-08-01,0
97,2025-09-01,0
97,2025-10-01,0
97,2025-11-01,0
97,2025-12-01,0
98,2018-01-01,0
98,2018-02-01,0
98,2018-03-01,0
98,2018-04-01,0
98,2018-05-01,0
98,2018-06-01,0
98,2018-07-01,0
98,2018-08-01,0
98,2018-09-01,0
98,2018-10-01,0
98,2018-11-01,0
98,2018-12-01,0
98,2019-01-01,0
98,2019-02-01,0
98,2019-03-01,0
98,2019-04-01,0
98,2019-05-01,0
98,2019-06-01,0
98,2019-07-01,0
98,2019-08-01,0
98,2019-09-01,0
98,2019-10-01,0
98,2019-11-01,0
98,2019-12-01,0
98,2020-01-01,0
98,2020-02-01,0
98,2020-03-01,0
98,2020-04-01,0
98,2020-05-01,0
98,2020-06-01,0
98,2020-07-01,0
98,2020-08-01,0
98,2020-09-01,0
98,2020-10-01,0
98,2020-11-01,0
98,2020-12-01,0
98,2021-01-01,0
98,2021-02-01,0
98,2021-03-01,0
98,2021-04-01,0
98,2021-05-01,0
98,2021-06-01,0
98,2021-07-01,0
98,2021-08-01,0
98,2021-09-01,0
98,2021-10-01,0
98,2021-11-01,0
98,2021-12-01,0
98,2022-01-01,0
98,2022-02-01,0
98,2022-03-01,0
98,2022-04-01,0
98,2022-05-01,0
98,2022-06-01,0
98,2022-07-01,0
98,2022-08-01,0
98,2022-09-01,0
98,2022-10-01,0
98,2022-11-01,0
98,2022-12-01,0
98,2023-01-01,0
98,2023-02-01,0
98,2023-03-01,0
98,2023-04-01,0
98,2023-05-01,0
98,2023-06-01,0
98,2023-07-01,0
98,2023-08-01,0
98,2023-09-01,0
98,2023-10-01,0
98,2023-11-01,0
98,2023-12-01,0
98,2024-01-01,0
98,2024-02-01,0
98,2024-03-01,0
98,2024-04-01,0
98,2024-05-01,0
98,2024-06-01,0
98,2024-07-01,0
98,2024-08-01,0
98,2024-09-01,0
98,2024-10-01,0
98,2024-11-01,0
98,2024-12-01,0
98,2025-01-01,0
98,2025-02-01,0
98,2025-03-01,0
98,2025-04-01,0
98,2025-05-01,0
98,2025-06-01,0
98,2025-07-01,0
98,2025-08-01,0
98,2025-09-01,0
98,2025-10-01,0
98,2025-11-01,0
98,2025-12-01,0
99,2018-01-01,0
99,2018-02-01,0
99,2018-03-01,0
99,2018-04-01,0
99,2018-05-01,0
99,2018-06-01,0
99,2018-07-01,0
99,2018-08-01,0
99,2018-09-01,0
99,2018-10-01,0
99,2018-11-01,0
99,2018-12-01,0
99,2019-01-01,0
99,2019-02-01,0
99,2019-03-01,0
99,2019-04-01,0
99,2019-05-01,0
99,2019-06-01,0
99,2019-07-01,0
99,2019-08-01,0
99,2019-09-01,0
99,2019-10-01,0
99,2019-11-01,0
99,2019-12-01,0
99,2020-01-01,0
99,2020-02-01,0
99,2020-03-01,0
99,2020-04-01,0
99,2020-05-01,0
99,2020-06-01,0
99,2020-07-01,0
99,2020-08-01,0
99,2020-09-01,0
99,2020-10-01,0
99,2020-11-01,0
99,2020-12-01,0
99,2021-01-01,0
99,2021-02-01,0
99,2021-03-01,0
99,2021-04-01,0
99,2021-05-01,0
99,2021-06-01,0
99,2021-07-01,0
99,2021-08-01,0
99,2021-09-01,0
99,2021-10-01,0
99,2021-11-01,0
99,2021-12-01,0
99,2022-01-01,0
99,2022-02-01,0
99,2022-03-01,0
99,2022-04-01,0
99,2022-05-01,0
99,2022-06-01,0
99,2022-07-01,0
99,2022-08-01,0
99,2022-09-01,0
99,2022-10-01,0
99,2022-11-01,0
99,2022-12-01,0
99,2023-01-01,0
99,2023-02-01,0
99,2023-03-01,0
99,2023-04-01,0
99,2023-05-01,0
99,2023-06-01,0
99,2023-07-01,0
99,2023-08-01,0
99,2023-09-01,0
99,2023-10-01,0
99,2023-11-01,0
99,2023-12-01,0
99,2024-01-01,0
99,2024-02-01,0
99,2024-03-01,0
99,2024-04-01,0
99,2024-05-01,0
99,2024-06-01,0
99,2024-07-01,0
99,2024-08-01,0
99,2024-09-01,0
99,2024-10-01,0
99,2024-11-01,0
99,2024-12-01,0
99,2025-01-01,0
99,2025-02-01,0
99,2025-03-01,0
99,2025-04-01,0
99,2025-05-01,0
99,2025-06-01,0
99,2025-07-01,0
99,2025-08-01,0
99,2025-09-01,0
99,2025-10-01,0
99,2025-11-01,0
99,2025-12-01,0
100,2018-01-01,3
100,2018-02-01,3
100,2018-03-01,3
100,2018-04-01,3
100,2018-05-01,2
100,2018-06-01,1
100,2018-07-01,4
100,2018-08-01,5
100,2018-09-01,6
100,2018-10-01,2
100,2018-11-01,2
100,2018-12-01,4
100,2019-01-01,5
100,2019-02-01,1
100,2019-03-01,1
100,2019-04-01,4
100,2019-05-01,1
100,2019-06-01,4
100,2019-07-01,7
100,2019-08-01,6
100,2019-09-01,5
100,2019-10-01,1
100,2019-11-01,0
100,2019-12-01,5
100,2020-01-01,3
100,2020-02-01,3
100,2020-03-01,5
100,2020-04-01,3
100,2020-05-01,2
100,2020-06-01,7
100,2020-07-01,6
100,2020-08-01,7
100,2020-09-01,5
100,2020-10-01,5
100,2020-11-01,2
100,2020-12-01,5
100,2021-01-01,4
100,2021-02-01,1
100,2021-03-01,0
100,2021-04-01,2
100,2021-05-01,2
100,2021-06-01,1
100,2021-07-01,4
100,2021-08-01,1
100,2021-09-01,1
100,2021-10-01,2
100,2021-11-01,0
100,2021-12-01,2
100,2022-01-01,4
100,2022-02-01,3
100,2022-03-01,1
100,2022-04-01,4
100,2022-05-01,4
100,2022-06-01,7
100,2022-07-01,5
100,2022-08-01,3
100,2022-09-01,10
100,2022-10-01,5
100,2022-11-01,2
100,2022-12-01,2
100,2023-01-01,3
100,2023-02-01,3
100,2023-03-01,6
100,2023-04-01,0
100,2023-05-01,3
100,2023-06-01,3
100,2023-07-01,4
100,2023-08-01,3
100,2023-09-01,4
100,2023-10-01,3
100,2023-11-01,5
100,2023-12-01,4
100,2024-01-01,2
100,2024-02-01,6
100,2024-03-01,2
100,2024-04-01,6
100,2024-05-01,8
100,2024-06-01,7
100,2024-07-01,7
100,2024-08-01,5
100,2024-09-01,5
100,2024-10-01,2
100,2024-11-01,4
100,2024-12-01,6
100,2025-01-01,0
100,2025-02-01,2
100,2025-03-01,4
100,2025-04-01,6
100,2025-05-01,6
100,2025-06-01,6
100,2025-07-01,2
100,2025-08-01,2
100,2025-09-01,3
100,2025-10-01,6
100,2025-11-01,2
100,2025-12-01,5
101,2018-01-01,22
101,2018-02-01,8
101,2018-03-01,9
101,2018-04-01,16
101,2018-05-01,8
101,2018-06-01,17
101,2018-07-01,13
101,2018-08-01,10
101,2018-09-01,16
101,2018-10-01,11
101,2018-11-01,9
101,2018-12-01,13
101,2019-01-01,7
101,2019-02-01,8
101,2019-03-01,10
101,2019-04-01,10
101,2019-05-01,6
101,2019-06-01,11
101,2019-07-01,16
101,2019-08-01,10
101,2019-09-01,15
101,2019-10-01,9
101,2019-11-01,5
101,2019-12-01,12
101,2020-01-01,11
101,2020-02-01,10
101,2020-03-01,11
101,2020-04-01,7
101,2020-05-01,4
101,2020-06-01,5
101,2020-07-01,8
101,2020-08-01,7
101,2020-09-01,10
101,2020-10-01,7
101,2020-11-01,11
101,2020-12-01,8
101,2021-01-01,7
101,2021-02-01,5
101,2021-03-01,6
101,2021-04-01,8
101,2021-05-01,11
101,2021-06-01,10
101,2021-07-01,9
101,2021-08-01,14
101,2021-09-01,8
101,2021-10-01,7
101,2021-11-01,7
101,2021-12-01,13
101,2022-01-01,7
101,2022-02-01,7
101,2022-03-01,3
101,2022-04-01,8
101,2022-05-01,7
101,2022-06-01,9
101,2022-07-01,9
101,2022-08-01,12
101,2022-09-01,10
101,2022-10-01,6
101,2022-11-01,13
101,2022-12-01,4
101,2023-01-01,6
101,2023-02-01,12
101,2023-03-01,13
101,2023-04-01,11
101,2023-05-01,8
101,2023-06-01,5
101,2023-07-01,6
101,2023-08-01,9
101,2023-09-01,8
101,2023-10-01,7
101,2023-11-01,3
101,2023-12-01,5
101,2024-01-01,15
101,2024-02-01,9
101,2024-03-01,11
101,2024-04-01,3
101,2024-05-01,8
101,2024-06-01,9
101,2024-07-01,17
101,2024-08-01,19
101,2024-09-01,12
101,2024-10-01,13
101,2024-11-01,10
101,2024-12-01,9
101,2025-01-01,5
101,2025-02-01,6
101,2025-03-01,6
101,2025-04-01,14
101,2025-05-01,7
101,2025-06-01,4
101,2025-07-01,14
101,2025-08-01,10
101,2025-09-01,8
101,2025-10-01,8
101,2025-11-01,10
101,2025-12-01,9
102,2018-01-01,10
102,2018-02-01,8
102,2018-03-01,6
102,2018-04-01,12
102,2018-05-01,7
102,2018-06-01,11
102,2018-07-01,5
102,2018-08-01,11
102,2018-09-01,10
102,2018-10-01,9
102,2018-11-01,4
102,2018-12-01,8
102,2019-01-01,11
102,2019-02-01,11
102,2019-03-01,3
102,2019-04-01,7
102,2019-05-01,6
102,2019-06-01,9
102,2019-07-01,8
102,2019-08-01,12
102,2019-09-01,8
102,2019-10-01,14
102,2019-11-01,9
102,2019-12-01,16
102,2020-01-01,18
102,2020-02-01,9
102,2020-03-01,9
102,2020-04-01,5
102,2020-05-01,4
102,2020-06-01,14
102,2020-07-01,13
102,2020-08-01,14
102,2020-09-01,14
102,2020-10-01,12
102,2020-11-01,10
102,2020-12-01,7
102,2021-01-01,4
102,2021-02-01,7
102,2021-03-01,10
102,2021-04-01,5
102,2021-05-01,14
102,2021-06-01,15
102,2021-07-01,11
102,2021-08-01,9
102,2021-09-01,13
102,2021-10-01,9
102,2021-11-01,11
102,2021-12-01,18
102,2022-01-01,18
102,2022-02-01,20
102,2022-03-01,13
102,2022-04-01,13
102,2022-05-01,23
102,2022-06-01,14
102,2022-07-01,19
102,2022-08-01,21
102,2022-09-01,19
102,2022-10-01,16
102,2022-11-01,15
102,2022-12-01,12
102,2023-01-01,8
102,2023-02-01,8
102,2023-03-01,16
102,2023-04-01,12
102,2023-05-01,19
102,2023-06-01,11
102,2023-07-01,24
102,2023-08-01,17
102,2023-09-01,21
102,2023-10-01,11
102,2023-11-01,16
102,2023-12-01,21
102,2024-01-01,15
102,2024-02-01,15
102,2024-03-01,15
102,2024-04-01,18
102,2024-05-01,13
102,2024-06-01,11
102,2024-07-01,17
102,2024-08-01,11
102,2024-09-01,15
102,2024-10-01,17
102,2024-11-01,14
102,2024-12-01,9
102,2025-01-01,13
102,2025-02-01,8
102,2025-03-01,12
102,2025-04-01,8
102,2025-05-01,13
102,2025-06-01,12
102,2025-07-01,15
102,2025-08-01,10
102,2025-09-01,16
102,2025-10-01,12
102,2025-11-01,8
102,2025-12-01,12
103,2018-01-01,33
103,2018-02-01,27
103,2018-03-01,30
103,2018-04-01,20
103,2018-05-01,30
103,2018-06-01,34
103,2018-07-01,32
103,2018-08-01,29
103,2018-09-01,33
103,2018-10-01,27
103,2018-11-01,23
103,2018-12-01,30
103,2019-01-01,15
103,2019-02-01,21
103,2019-03-01,24
103,2019-04-01,24
103,2019-05-01,27
103,2019-06-01,19
103,2019-07-01,28
103,2019-08-01,23
103,2019-09-01,32
103,2019-10-01,33
103,2019-11-01,32
103,2019-12-01,36
103,2020-01-01,39
103,2020-02-01,31
103,2020-03-01,23
103,2020-04-01,20
103,2020-05-01,24
103,2020-06-01,18
103,2020-07-01,33
103,2020-08-01,46
103,2020-09-01,38
103,2020-10-01,30
103,2020-11-01,26
103,2020-12-01,25
103,2021-01-01,19
103,2021-02-01,15
103,2021-03-01,19
103,2021-04-01,16
103,2021-05-01,32
103,2021-06-01,34
103,2021-07-01,23
103,2021-08-01,28
103,2021-09-01,30
103,2021-10-01,53
103,2021-11-01,38
103,2021-12-01,32
103,2022-01-01,37
103,2022-02-01,21
103,2022-03-01,25
103,2022-04-01,37
103,2022-05-01,43
103,2022-06-01,31
103,2022-07-01,40
103,2022-08-01,35
103,2022-09-01,35
103,2022-10-01,33
103,2022-11-01,27
103,2022-12-01,27
103,2023-01-01,25
103,2023-02-01,28
103,2023-03-01,31
103,2023-04-01,31
103,2023-05-01,22
103,2023-06-01,31
103,2023-07-01,37
103,2023-08-01,37
103,2023-09-01,36
103,2023-10-01,43
103,2023-11-01,26
103,2023-12-01,43
103,2024-01-01,22
103,2024-02-01,24
103,2024-03-01,29
103,2024-04-01,36
103,2024-05-01,47
103,2024-06-01,50
103,2024-07-01,35
103,2024-08-01,45
103,2024-09-01,40
103,2024-10-01,50
103,2024-11-01,28
103,2024-12-01,31
103,2025-01-01,29
103,2025-02-01,21
103,2025-03-01,19
103,2025-04-01,21
103,2025-05-01,47
103,2025-06-01,26
103,2025-07-01,39
103,2025-08-01,38
103,2025-09-01,37
103,2025-10-01,46
103,2025-11-01,29
103,2025-12-01,26
104,2018-01-01,9
104,2018-02-01,5
104,2018-03-01,10
104,2018-04-01,13
104,2018-05-01,12
104,2018-06-01,15
104,2018-07-01,8
104,2018-08-01,16
104,2018-09-01,13
104,2018-10-01,10
104,2018-11-01,17
104,2018-12-01,12
104,2019-01-01,14
104,2019-02-01,8
104,2019-03-01,12
104,2019-04-01,8
104,2019-05-01,11
104,2019-06-01,25
104,2019-07-01,21
104,2019-08-01,25
104,2019-09-01,18
104,2019-10-01,12
104,2019-11-01,15
104,2019-12-01,20
104,2020-01-01,23
104,2020-02-01,24
104,2020-03-01,10
104,2020-04-01,6
104,2020-05-01,8
104,2020-06-01,15
104,2020-07-01,25
104,2020-08-01,13
104,2020-09-01,14
104,2020-10-01,20
104,2020-11-01,10
104,2020-12-01,15
104,2021-01-01,6
104,2021-02-01,10
104,2021-03-01,10
104,2021-04-01,9
104,2021-05-01,14
104,2021-06-01,5
104,2021-07-01,13
104,2021-08-01,10
104,2021-09-01,20
104,2021-10-01,16
104,2021-11-01,15
104,2021-12-01,14
104,2022-01-01,12
104,2022-02-01,16
104,2022-03-01,8
104,2022-04-01,14
104,2022-05-01,18
104,2022-06-01,29
104,2022-07-01,21
104,2022-08-01,15
104,2022-09-01,16
104,2022-10-01,20
104,2022-11-01,24
104,2022-12-01,31
104,2023-01-01,20
104,2023-02-01,15
104,2023-03-01,15
104,2023-04-01,12
104,2023-05-01,20
104,2023-06-01,27
104,2023-07-01,18
104,2023-08-01,18
104,2023-09-01,21
104,2023-10-01,30
104,2023-11-01,10
104,2023-12-01,19
104,2024-01-01,15
104,2024-02-01,20
104,2024-03-01,13
104,2024-04-01,18
104,2024-05-01,18
104,2024-06-01,25
104,2024-07-01,14
104,2024-08-01,18
104,2024-09-01,20
104,2024-10-01,15
104,2024-11-01,11
104,2024-12-01,11
104,2025-01-01,10
104,2025-02-01,5
104,2025-03-01,15
104,2025-04-01,10
104,2025-05-01,16
104,2025-06-01,14
104,2025-07-01,10
104,2025-08-01,17
104,2025-09-01,18
104,2025-10-01,14
104,2025-11-01,14
104,2025-12-01,16
105,2018-01-01,23
105,2018-02-01,12
105,2018-03-01,13
105,2018-04-01,13
105,2018-05-01,16
105,2018-06-01,24
105,2018-07-01,17
105,2018-08-01,21
105,2018-09-01,18
105,2018-10-01,16
105,2018-11-01,14
105,2018-12-01,10
105,2019-01-01,12
105,2019-02-01,14
105,2019-03-01,14
105,2019-04-01,8
105,2019-05-01,14
105,2019-06-01,14
105,2019-07-01,15
105,2019-08-01,18
105,2019-09-01,16
105,2019-10-01,19
105,2019-11-01,17
105,2019-12-01,19
105,2020-01-01,16
105,2020-02-01,12
105,2020-03-01,12
105,2020-04-01,15
105,2020-05-01,12
105,2020-06-01,13
105,2020-07-01,16
105,2020-08-01,16
105,2020-09-01,13
105,2020-10-01,20
105,2020-11-01,15
105,2020-12-01,15
105,2021-01-01,10
105,2021-02-01,8
105,2021-03-01,10
105,2021-04-01,14
105,2021-05-01,12
105,2021-06-01,16
105,2021-07-01,8
105,2021-08-01,13
105,2021-09-01,18
105,2021-10-01,8
105,2021-11-01,14
105,2021-12-01,23
105,2022-01-01,16
105,2022-02-01,13
105,2022-03-01,9
105,2022-04-01,14
105,2022-05-01,15
105,2022-06-01,17
105,2022-07-01,26
105,2022-08-01,16
105,2022-09-01,16
105,2022-10-01,13
105,2022-11-01,10
105,2022-12-01,10
105,2023-01-01,12
105,2023-02-01,10
105,2023-03-01,14
105,2023-04-01,14
105,2023-05-01,17
105,2023-06-01,14
105,2023-07-01,14
105,2023-08-01,20
105,2023-09-01,15
105,2023-10-01,13
105,2023-11-01,16
105,2023-12-01,15
105,2024-01-01,14
105,2024-02-01,13
105,2024-03-01,5
105,2024-04-01,7
105,2024-05-01,9
105,2024-06-01,15
105,2024-07-01,11
105,2024-08-01,16
105,2024-09-01,9
105,2024-10-01,10
105,2024-11-01,5
105,2024-12-01,11
105,2025-01-01,9
105,2025-02-01,6
105,2025-03-01,8
105,2025-04-01,7
105,2025-05-01,6
105,2025-06-01,6
105,2025-07-01,4
105,2025-08-01,9
105,2025-09-01,5
105,2025-10-01,10
105,2025-11-01,5
105,2025-12-01,5
106,2018-01-01,17
106,2018-02-01,12
106,2018-03-01,16
106,2018-04-01,17
106,2018-05-01,9
106,2018-06-01,12
106,2018-07-01,12
106,2018-08-01,19
106,2018-09-01,12
106,2018-10-01,21
106,2018-11-01,23
106,2018-12-01,15
106,2019-01-01,11
106,2019-02-01,5
106,2019-03-01,11
106,2019-04-01,6
106,2019-05-01,12
106,2019-06-01,7
106,2019-07-01,14
106,2019-08-01,16
106,2019-09-01,12
106,2019-10-01,18
106,2019-11-01,9
106,2019-12-01,18
106,2020-01-01,18
106,2020-02-01,19
106,2020-03-01,17
106,2020-04-01,12
106,2020-05-01,9
106,2020-06-01,9
106,2020-07-01,15
106,2020-08-01,11
106,2020-09-01,20
106,2020-10-01,21
106,2020-11-01,13
106,2020-12-01,14
106,2021-01-01,10
106,2021-02-01,14
106,2021-03-01,8
106,2021-04-01,20
106,2021-05-01,19
106,2021-06-01,11
106,2021-07-01,20
106,2021-08-01,23
106,2021-09-01,16
106,2021-10-01,19
106,2021-11-01,16
106,2021-12-01,27
106,2022-01-01,11
106,2022-02-01,23
106,2022-03-01,19
106,2022-04-01,15
106,2022-05-01,13
106,2022-06-01,17
106,2022-07-01,27
106,2022-08-01,24
106,2022-09-01,20
106,2022-10-01,19
106,2022-11-01,22
106,2022-12-01,13
106,2023-01-01,12
106,2023-02-01,25
106,2023-03-01,17
106,2023-04-01,16
106,2023-05-01,13
106,2023-06-01,15
106,2023-07-01,21
106,2023-08-01,14
106,2023-09-01,29
106,2023-10-01,21
106,2023-11-01,13
106,2023-12-01,13
106,2024-01-01,17
106,2024-02-01,16
106,2024-03-01,16
106,2024-04-01,15
106,2024-05-01,19
106,2024-06-01,14
106,2024-07-01,16
106,2024-08-01,21
106,2024-09-01,21
106,2024-10-01,20
106,2024-11-01,11
106,2024-12-01,11
106,2025-01-01,20
106,2025-02-01,10
106,2025-03-01,14
106,2025-04-01,14
106,2025-05-01,13
106,2025-06-01,16
106,2025-07-01,19
106,2025-08-01,17
106,2025-09-01,13
106,2025-10-01,24
106,2025-11-01,21
106,2025-12-01,14
107,2018-01-01,7
107,2018-02-01,14
107,2018-03-01,9
107,2018-04-01,13
107,2018-05-01,16
107,2018-06-01,6
107,2018-07-01,9
107,2018-08-01,15
107,2018-09-01,15
107,2018-10-01,6
107,2018-11-01,12
107,2018-12-01,16
107,2019-01-01,9
107,2019-02-01,8
107,2019-03-01,12
107,2019-04-01,6
107,2019-05-01,17
107,2019-06-01,13
107,2019-07-01,17
107,2019-08-01,10
107,2019-09-01,18
107,2019-10-01,19
107,2019-11-01,9
107,2019-12-01,25
107,2020-01-01,17
107,2020-02-01,16
107,2020-03-01,9
107,2020-04-01,5
107,2020-05-01,9
107,2020-06-01,5
107,2020-07-01,14
107,2020-08-01,15
107,2020-09-01,16
107,2020-10-01,22
107,2020-11-01,13
107,2020-12-01,18
107,2021-01-01,9
107,2021-02-01,6
107,2021-03-01,4
107,2021-04-01,7
107,2021-05-01,12
107,2021-06-01,12
107,2021-07-01,11
107,2021-08-01,14
107,2021-09-01,15
107,2021-10-01,20
107,2021-11-01,20
107,2021-12-01,12
107,2022-01-01,23
107,2022-02-01,12
107,2022-03-01,13
107,2022-04-01,11
107,2022-05-01,11
107,2022-06-01,19
107,2022-07-01,18
107,2022-08-01,19
107,2022-09-01,14
107,2022-10-01,13
107,2022-11-01,15
107,2022-12-01,16
107,2023-01-01,9
107,2023-02-01,10
107,2023-03-01,14
107,2023-04-01,12
107,2023-05-01,11
107,2023-06-01,8
107,2023-07-01,14
107,2023-08-01,17
107,2023-09-01,13
107,2023-10-01,17
107,2023-11-01,9
107,2023-12-01,7
107,2024-01-01,8
107,2024-02-01,12
107,2024-03-01,8
107,2024-04-01,15
107,2024-05-01,10
107,2024-06-01,8
107,2024-07-01,10
107,2024-08-01,10
107,2024-09-01,7
107,2024-10-01,13
107,2024-11-01,8
107,2024-12-01,9
107,2025-01-01,9
107,2025-02-01,10
107,2025-03-01,11
107,2025-04-01,6
107,2025-05-01,7
107,2025-06-01,6
107,2025-07-01,14
107,2025-08-01,7
107,2025-09-01,10
107,2025-10-01,16
107,2025-11-01,9
107,2025-12-01,4
108,2018-01-01,6
108,2018-02-01,5
108,2018-03-01,4
108,2018-04-01,6
108,2018-05-01,17
108,2018-06-01,12
108,2018-07-01,4
108,2018-08-01,7
108,2018-09-01,8
108,2018-10-01,5
108,2018-11-01,11
108,2018-12-01,5
108,2019-01-01,4
108,2019-02-01,16
108,2019-03-01,5
108,2019-04-01,8
108,2019-05-01,6
108,2019-06-01,6
108,2019-07-01,8
108,2019-08-01,7
108,2019-09-01,9
108,2019-10-01,12
108,2019-11-01,10
108,2019-12-01,10
108,2020-01-01,9
108,2020-02-01,13
108,2020-03-01,7
108,2020-04-01,5
108,2020-05-01,6
108,2020-06-01,11
108,2020-07-01,10
108,2020-08-01,20
108,2020-09-01,14
108,2020-10-01,6
108,2020-11-01,9
108,2020-12-01,6
108,2021-01-01,10
108,2021-02-01,4
108,2021-03-01,10
108,2021-04-01,10
108,2021-05-01,18
108,2021-06-01,7
108,2021-07-01,9
108,2021-08-01,10
108,2021-09-01,10
108,2021-10-01,10
108,2021-11-01,17
108,2021-12-01,12
108,2022-01-01,11
108,2022-02-01,19
108,2022-03-01,19
108,2022-04-01,11
108,2022-05-01,20
108,2022-06-01,17
108,2022-07-01,13
108,2022-08-01,23
108,2022-09-01,13
108,2022-10-01,17
108,2022-11-01,15
108,2022-12-01,13
108,2023-01-01,22
108,2023-02-01,21
108,2023-03-01,18
108,2023-04-01,23
108,2023-05-01,26
108,2023-06-01,26
108,2023-07-01,20
108,2023-08-01,23
108,2023-09-01,17
108,2023-10-01,27
108,2023-11-01,18
108,2023-12-01,23
108,2024-01-01,22
108,2024-02-01,14
108,2024-03-01,23
108,2024-04-01,26
108,2024-05-01,23
108,2024-06-01,19
108,2024-07-01,20
108,2024-08-01,20
108,2024-09-01,20
108,2024-10-01,17
108,2024-11-01,13
108,2024-12-01,11
108,2025-01-01,11
108,2025-02-01,13
108,2025-03-01,17
108,2025-04-01,16
108,2025-05-01,13
108,2025-06-01,20
108,2025-07-01,27
108,2025-08-01,17
108,2025-09-01,27
108,2025-10-01,17
108,2025-11-01,19
108,2025-12-01,17
109,2018-01-01,40
109,2018-02-01,13
109,2018-03-01,11
109,2018-04-01,13
109,2018-05-01,10
109,2018-06-01,19
109,2018-07-01,26
109,2018-08-01,9
109,2018-09-01,15
109,2018-10-01,18
109,2018-11-01,19
109,2018-12-01,12
109,2019-01-01,11
109,2019-02-01,14
109,2019-03-01,12
109,2019-04-01,15
109,2019-05-01,25
109,2019-06-01,14
109,2019-07-01,18
109,2019-08-01,21
109,2019-09-01,17
109,2019-10-01,22
109,2019-11-01,22
109,2019-12-01,19
109,2020-01-01,30
109,2020-02-01,16
109,2020-03-01,16
109,2020-04-01,14
109,2020-05-01,11
109,2020-06-01,13
109,2020-07-01,12
109,2020-08-01,18
109,2020-09-01,13
109,2020-10-01,17
109,2020-11-01,15
109,2020-12-01,25
109,2021-01-01,18
109,2021-02-01,13
109,2021-03-01,5
109,2021-04-01,19
109,2021-05-01,12
109,2021-06-01,11
109,2021-07-01,11
109,2021-08-01,9
109,2021-09-01,9
109,2021-10-01,16
109,2021-11-01,12
109,2021-12-01,13
109,2022-01-01,16
109,2022-02-01,18
109,2022-03-01,24
109,2022-04-01,24
109,2022-05-01,12
109,2022-06-01,35
109,2022-07-01,26
109,2022-08-01,30
109,2022-09-01,30
109,2022-10-01,41
109,2022-11-01,29
109,2022-12-01,22
109,2023-01-01,26
109,2023-02-01,41
109,2023-03-01,33
109,2023-04-01,21
109,2023-05-01,25
109,2023-06-01,22
109,2023-07-01,20
109,2023-08-01,21
109,2023-09-01,31
109,2023-10-01,27
109,2023-11-01,30
109,2023-12-01,29
109,2024-01-01,31
109,2024-02-01,26
109,2024-03-01,31
109,2024-04-01,35
109,2024-05-01,28
109,2024-06-01,26
109,2024-07-01,30
109,2024-08-01,18
109,2024-09-01,17
109,2024-10-01,15
109,2024-11-01,22
109,2024-12-01,17
109,2025-01-01,14
109,2025-02-01,20
109,2025-03-01,19
109,2025-04-01,22
109,2025-05-01,27
109,2025-06-01,19
109,2025-07-01,19
109,2025-08-01,17
109,2025-09-01,25
109,2025-10-01,26
109,2025-11-01,21
109,2025-12-01,23
110,2018-01-01,24
110,2018-02-01,21
110,2018-03-01,22
110,2018-04-01,23
110,2018-05-01,29
110,2018-06-01,34
110,2018-07-01,19
110,2018-08-01,26
110,2018-09-01,12
110,2018-10-01,21
110,2018-11-01,19
110,2018-12-01,15
110,2019-01-01,11
110,2019-02-01,21
110,2019-03-01,14
110,2019-04-01,14
110,2019-05-01,22
110,2019-06-01,22
110,2019-07-01,28
110,2019-08-01,32
110,2019-09-01,30
110,2019-10-01,37
110,2019-11-01,18
110,2019-12-01,25
110,2020-01-01,22
110,2020-02-01,27
110,2020-03-01,25
110,2020-04-01,22
110,2020-05-01,13
110,2020-06-01,23
110,2020-07-01,27
110,2020-08-01,25
110,2020-09-01,28
110,2020-10-01,18
110,2020-11-01,22
110,2020-12-01,19
110,2021-01-01,16
110,2021-02-01,15
110,2021-03-01,12
110,2021-04-01,23
110,2021-05-01,16
110,2021-06-01,31
110,2021-07-01,26
110,2021-08-01,20
110,2021-09-01,21
110,2021-10-01,26
110,2021-11-01,23
110,2021-12-01,29
110,2022-01-01,27
110,2022-02-01,20
110,2022-03-01,25
110,2022-04-01,25
110,2022-05-01,43
110,2022-06-01,40
110,2022-07-01,37
110,2022-08-01,41
110,2022-09-01,46
110,2022-10-01,38
110,2022-11-01,36
110,2022-12-01,21
110,2023-01-01,29
110,2023-02-01,32
110,2023-03-01,30
110,2023-04-01,32
110,2023-05-01,31
110,2023-06-01,36
110,2023-07-01,50
110,2023-08-01,61
110,2023-09-01,46
110,2023-10-01,46
110,2023-11-01,29
110,2023-12-01,59
110,2024-01-01,38
110,2024-02-01,45
110,2024-03-01,45
110,2024-04-01,30
110,2024-05-01,47
110,2024-06-01,41
110,2024-07-01,63
110,2024-08-01,32
110,2024-09-01,56
110,2024-10-01,55
110,2024-11-01,45
110,2024-12-01,42
110,2025-01-01,25
110,2025-02-01,20
110,2025-03-01,39
110,2025-04-01,38
110,2025-05-01,36
110,2025-06-01,32
110,2025-07-01,42
110,2025-08-01,36
110,2025-09-01,45
110,2025-10-01,38
110,2025-11-01,42
110,2025-12-01,44
111,2018-01-01,3
111,2018-02-01,4
111,2018-03-01,4
111,2018-04-01,2
111,2018-05-01,2
111,2018-06-01,3
111,2018-07-01,2
111,2018-08-01,4
111,2018-09-01,3
111,2018-10-01,2
111,2018-11-01,3
111,2018-12-01,2
111,2019-01-01,3
111,2019-02-01,3
111,2019-03-01,1
111,2019-04-01,2
111,2019-05-01,2
111,2019-06-01,1
111,2019-07-01,1
111,2019-08-01,2
111,2019-09-01,0
111,2019-10-01,2
111,2019-11-01,3
111,2019-12-01,5
111,2020-01-01,2
111,2020-02-01,4
111,2020-03-01,3
111,2020-04-01,1
111,2020-05-01,0
111,2020-06-01,3
111,2020-07-01,2
111,2020-08-01,3
111,2020-09-01,2
111,2020-10-01,3
111,2020-11-01,1
111,2020-12-01,1
111,2021-01-01,0
111,2021-02-01,3
111,2021-03-01,0
111,2021-04-01,1
111,2021-05-01,5
111,2021-06-01,2
111,2021-07-01,3
111,2021-08-01,1
111,2021-09-01,3
111,2021-10-01,3
111,2021-11-01,5
111,2021-12-01,3
111,2022-01-01,9
111,2022-02-01,9
111,2022-03-01,4
111,2022-04-01,10
111,2022-05-01,3
111,2022-06-01,8
111,2022-07-01,8
111,2022-08-01,9
111,2022-09-01,4
111,2022-10-01,7
111,2022-11-01,7
111,2022-12-01,4
111,2023-01-01,7
111,2023-02-01,6
111,2023-03-01,6
111,2023-04-01,2
111,2023-05-01,4
111,2023-06-01,9
111,2023-07-01,5
111,2023-08-01,7
111,2023-09-01,5
111,2023-10-01,2
111,2023-11-01,2
111,2023-12-01,6
111,2024-01-01,11
111,2024-02-01,3
111,2024-03-01,4
111,2024-04-01,1
111,2024-05-01,5
111,2024-06-01,6
111,2024-07-01,4
111,2024-08-01,6
111,2024-09-01,7
111,2024-10-01,5
111,2024-11-01,4
111,2024-12-01,1
111,2025-01-01,3
111,2025-02-01,0
111,2025-03-01,4
111,2025-04-01,1
111,2025-05-01,3
111,2025-06-01,4
111,2025-07-01,2
111,2025-08-01,9
111,2025-09-01,7
111,2025-10-01,4
111,2025-11-01,2
111,2025-12-01,1
112,2018-01-01,3
112,2018-02-01,4
112,2018-03-01,3
112,2018-04-01,1
112,2018-05-01,7
112,2018-06-01,2
112,2018-07-01,3
112,2018-08-01,7
112,2018-09-01,3
112,2018-10-01,5
112,2018-11-01,1
112,2018-12-01,2
112,2019-01-01,2
112,2019-02-01,5
112,2019-03-01,3
112,2019-04-01,3
112,2019-05-01,2
112,2019-06-01,7
112,2019-07-01,1
112,2019-08-01,1
112,2019-09-01,1
112,2019-10-01,5
112,2019-11-01,1
112,2019-12-01,10
112,2020-01-01,5
112,2020-02-01,7
112,2020-03-01,7
112,2020-04-01,4
112,2020-05-01,2
112,2020-06-01,4
112,2020-07-01,5
112,2020-08-01,5
112,2020-09-01,8
112,2020-10-01,3
112,2020-11-01,3
112,2020-12-01,3
112,2021-01-01,7
112,2021-02-01,2
112,2021-03-01,1
112,2021-04-01,6
112,2021-05-01,4
112,2021-06-01,1
112,2021-07-01,2
112,2021-08-01,3
112,2021-09-01,3
112,2021-10-01,9
112,2021-11-01,12
112,2021-12-01,10
112,2022-01-01,1
112,2022-02-01,5
112,2022-03-01,9
112,2022-04-01,9
112,2022-05-01,9
112,2022-06-01,3
112,2022-07-01,5
112,2022-08-01,20
112,2022-09-01,6
112,2022-10-01,9
112,2022-11-01,9
112,2022-12-01,4
112,2023-01-01,6
112,2023-02-01,4
112,2023-03-01,11
112,2023-04-01,3
112,2023-05-01,9
112,2023-06-01,1
112,2023-07-01,6
112,2023-08-01,5
112,2023-09-01,10
112,2023-10-01,7
112,2023-11-01,6
112,2023-12-01,4
112,2024-01-01,6
112,2024-02-01,5
112,2024-03-01,8
112,2024-04-01,6
112,2024-05-01,8
112,2024-06-01,8
112,2024-07-01,8
112,2024-08-01,8
112,2024-09-01,11
112,2024-10-01,6
112,2024-11-01,4
112,2024-12-01,11
112,2025-01-01,13
112,2025-02-01,3
112,2025-03-01,7
112,2025-04-01,5
112,2025-05-01,6
112,2025-06-01,7
112,2025-07-01,6
112,2025-08-01,5
112,2025-09-01,3
112,2025-10-01,7
112,2025-11-01,10
112,2025-12-01,3
113,2018-01-01,8
113,2018-02-01,10
113,2018-03-01,22
113,2018-04-01,12
113,2018-05-01,12
113,2018-06-01,7
113,2018-07-01,11
113,2018-08-01,17
113,2018-09-01,13
113,2018-10-01,11
113,2018-11-01,14
113,2018-12-01,23
113,2019-01-01,13
113,2019-02-01,14
113,2019-03-01,16
113,2019-04-01,6
113,2019-05-01,9
113,2019-06-01,18
113,2019-07-01,11
113,2019-08-01,19
113,2019-09-01,16
113,2019-10-01,9
113,2019-11-01,15
113,2019-12-01,14
113,2020-01-01,8
113,2020-02-01,12
113,2020-03-01,15
113,2020-04-01,10
113,2020-05-01,9
113,2020-06-01,20
113,2020-07-01,15
113,2020-08-01,25
113,2020-09-01,17
113,2020-10-01,9
113,2020-11-01,12
113,2020-12-01,15
113,2021-01-01,17
113,2021-02-01,9
113,2021-03-01,8
113,2021-04-01,10
113,2021-05-01,13
113,2021-06-01,7
113,2021-07-01,19
113,2021-08-01,7
113,2021-09-01,19
113,2021-10-01,12
113,2021-11-01,19
113,2021-12-01,20
113,2022-01-01,8
113,2022-02-01,9
113,2022-03-01,5
113,2022-04-01,5
113,2022-05-01,13
113,2022-06-01,18
113,2022-07-01,16
113,2022-08-01,18
113,2022-09-01,8
113,2022-10-01,7
113,2022-11-01,12
113,2022-12-01,13
113,2023-01-01,7
113,2023-02-01,13
113,2023-03-01,13
113,2023-04-01,9
113,2023-05-01,14
113,2023-06-01,17
113,2023-07-01,16
113,2023-08-01,9
113,2023-09-01,11
113,2023-10-01,10
113,2023-11-01,14
113,2023-12-01,8
113,2024-01-01,12
113,2024-02-01,6
113,2024-03-01,15
113,2024-04-01,12
113,2024-05-01,16
113,2024-06-01,14
113,2024-07-01,8
113,2024-08-01,10
113,2024-09-01,13
113,2024-10-01,11
113,2024-11-01,12
113,2024-12-01,11
113,2025-01-01,8
113,2025-02-01,9
113,2025-03-01,7
113,2025-04-01,4
113,2025-05-01,8
113,2025-06-01,12
113,2025-07-01,11
113,2025-08-01,9
113,2025-09-01,16
113,2025-10-01,12
113,2025-11-01,8
113,2025-12-01,4
114,2018-01-01,12
114,2018-02-01,15
114,2018-03-01,14
114,2018-04-01,15
114,2018-05-01,12
114,2018-06-01,17
114,2018-07-01,19
114,2018-08-01,15
114,2018-09-01,17
114,2018-10-01,22
114,2018-11-01,17
114,2018-12-01,19
114,2019-01-01,9
114,2019-02-01,15
114,2019-03-01,15
114,2019-04-01,11
114,2019-05-01,12
114,2019-06-01,12
114,2019-07-01,14
114,2019-08-01,17
114,2019-09-01,24
114,2019-10-01,16
114,2019-11-01,19
114,2019-12-01,20
114,2020-01-01,15
114,2020-02-01,15
114,2020-03-01,7
114,2020-04-01,10
114,2020-05-01,15
114,2020-06-01,15
114,2020-07-01,13
114,2020-08-01,13
114,2020-09-01,19
114,2020-10-01,25
114,2020-11-01,22
114,2020-12-01,23
114,2021-01-01,15
114,2021-02-01,7
114,2021-03-01,24
114,2021-04-01,19
114,2021-05-01,18
114,2021-06-01,23
114,2021-07-01,13
114,2021-08-01,16
114,2021-09-01,14
114,2021-10-01,19
114,2021-11-01,19
114,2021-12-01,18
114,2022-01-01,7
114,2022-02-01,23
114,2022-03-01,27
114,2022-04-01,21
114,2022-05-01,15
114,2022-06-01,22
114,2022-07-01,29
114,2022-08-01,15
114,2022-09-01,27
114,2022-10-01,23
114,2022-11-01,41
114,2022-12-01,16
114,2023-01-01,18
114,2023-02-01,20
114,2023-03-01,23
114,2023-04-01,27
114,2023-05-01,22
114,2023-06-01,22
114,2023-07-01,27
114,2023-08-01,18
114,2023-09-01,28
114,2023-10-01,24
114,2023-11-01,23
114,2023-12-01,26
114,2024-01-01,20
114,2024-02-01,33
114,2024-03-01,25
114,2024-04-01,25
114,2024-05-01,30
114,2024-06-01,27
114,2024-07-01,28
114,2024-08-01,21
114,2024-09-01,24
114,2024-10-01,26
114,2024-11-01,23
114,2024-12-01,19
114,2025-01-01,16
114,2025-02-01,10
114,2025-03-01,15
114,2025-04-01,7
114,2025-05-01,20
114,2025-06-01,23
114,2025-07-01,20
114,2025-08-01,16
114,2025-09-01,19
114,2025-10-01,15
114,2025-11-01,21
114,2025-12-01,24
115,2018-01-01,22
115,2018-02-01,13
115,2018-03-01,17
115,2018-04-01,26
115,2018-05-01,30
115,2018-06-01,13
115,2018-07-01,32
115,2018-08-01,29
115,2018-09-01,17
115,2018-10-01,18
115,2018-11-01,18
115,2018-12-01,14
115,2019-01-01,15
115,2019-02-01,16
115,2019-03-01,17
115,2019-04-01,20
115,2019-05-01,12
115,2019-06-01,25
115,2019-07-01,32
115,2019-08-01,30
115,2019-09-01,24
115,2019-10-01,20
115,2019-11-01,28
115,2019-12-01,8
115,2020-01-01,17
115,2020-02-01,14
115,2020-03-01,12
115,2020-04-01,12
115,2020-05-01,20
115,2020-06-01,12
115,2020-07-01,23
115,2020-08-01,24
115,2020-09-01,13
115,2020-10-01,23
115,2020-11-01,28
115,2020-12-01,22
115,2021-01-01,23
115,2021-02-01,18
115,2021-03-01,10
115,2021-04-01,19
115,2021-05-01,18
115,2021-06-01,25
115,2021-07-01,25
115,2021-08-01,22
115,2021-09-01,22
115,2021-10-01,17
115,2021-11-01,24
115,2021-12-01,25
115,2022-01-01,25
115,2022-02-01,22
115,2022-03-01,17
115,2022-04-01,13
115,2022-05-01,27
115,2022-06-01,23
115,2022-07-01,29
115,2022-08-01,32
115,2022-09-01,29
115,2022-10-01,37
115,2022-11-01,34
115,2022-12-01,26
115,2023-01-01,25
115,2023-02-01,19
115,2023-03-01,17
115,2023-04-01,23
115,2023-05-01,32
115,2023-06-01,32
115,2023-07-01,35
115,2023-08-01,35
115,2023-09-01,33
115,2023-10-01,48
115,2023-11-01,29
115,2023-12-01,38
115,2024-01-01,32
115,2024-02-01,28
115,2024-03-01,31
115,2024-04-01,29
115,2024-05-01,33
115,2024-06-01,55
115,2024-07-01,46
115,2024-08-01,42
115,2024-09-01,34
115,2024-10-01,36
115,2024-11-01,34
115,2024-12-01,36
115,2025-01-01,15
115,2025-02-01,21
115,2025-03-01,26
115,2025-04-01,30
115,2025-05-01,28
115,2025-06-01,26
115,2025-07-01,31
115,2025-08-01,33
115,2025-09-01,31
115,2025-10-01,29
115,2025-11-01,10
115,2025-12-01,17
116,2018-01-01,0
116,2018-02-01,0
116,2018-03-01,0
116,2018-04-01,0
116,2018-05-01,0
116,2018-06-01,0
116,2018-07-01,0
116,2018-08-01,0
116,2018-09-01,0
116,2018-10-01,0
116,2018-11-01,0
116,2018-12-01,0
116,2019-01-01,0
116,2019-02-01,0
116,2019-03-01,0
116,2019-04-01,0
116,2019-05-01,0
116,2019-06-01,0
116,2019-07-01,0
116,2019-08-01,0
116,2019-09-01,0
116,2019-10-01,0
116,2019-11-01,0
116,2019-12-01,0
116,2020-01-01,0
116,2020-02-01,0
116,2020-03-01,0
116,2020-04-01,0
116,2020-05-01,0
116,2020-06-01,0
116,2020-07-01,0
116,2020-08-01,0
116,2020-09-01,0
116,2020-10-01,0
116,2020-11-01,0
116,2020-12-01,0
116,2021-01-01,0
116,2021-02-01,0
116,2021-03-01,0
116,2021-04-01,0
116,2021-05-01,0
116,2021-06-01,0
116,2021-07-01,0
116,2021-08-01,0
116,2021-09-01,0
116,2021-10-01,0
116,2021-11-01,0
116,2021-12-01,0
116,2022-01-01,0
116,2022-02-01,0
116,2022-03-01,0
116,2022-04-01,0
116,2022-05-01,0
116,2022-06-01,0
116,2022-07-01,0
116,2022-08-01,0
116,2022-09-01,0
116,2022-10-01,0
116,2022-11-01,0
116,2022-12-01,0
116,2023-01-01,0
116,2023-02-01,0
116,2023-03-01,0
116,2023-04-01,0
116,2023-05-01,0
116,2023-06-01,0
116,2023-07-01,0
116,2023-08-01,0
116,2023-09-01,0
116,2023-10-01,0
116,2023-11-01,0
116,2023-12-01,0
116,2024-01-01,1
116,2024-02-01,0
116,2024-03-01,0
116,2024-04-01,0
116,2024-05-01,0
116,2024-06-01,0
116,2024-07-01,0
116,2024-08-01,0
116,2024-09-01,0
116,2024-10-01,0
116,2024-11-01,0
116,2024-12-01,4
116,2025-01-01,6
116,2025-02-01,4
116,2025-03-01,2
116,2025-04-01,8
116,2025-05-01,6
116,2025-06-01,3
116,2025-07-01,10
116,2025-08-01,5
116,2025-09-01,8
116,2025-10-01,9
116,2025-11-01,11
116,2025-12-01,3
117,2018-01-01,0
117,2018-02-01,0
117,2018-03-01,0
117,2018-04-01,0
117,2018-05-01,0
117,2018-06-01,0
117,2018-07-01,0
117,2018-08-01,0
117,2018-09-01,0
117,2018-10-01,0
117,2018-11-01,0
117,2018-12-01,0
117,2019-01-01,0
117,2019-02-01,0
117,2019-03-01,0
117,2019-04-01,0
117,2019-05-01,0
117,2019-06-01,0
117,2019-07-01,0
117,2019-08-01,0
117,2019-09-01,0
117,2019-10-01,0
117,2019-11-01,0
117,2019-12-01,0
117,2020-01-01,0
117,2020-02-01,0
117,2020-03-01,0
117,2020-04-01,0
117,2020-05-01,0
117,2020-06-01,0
117,2020-07-01,0
117,2020-08-01,0
117,2020-09-01,0
117,2020-10-01,0
117,2020-11-01,0
117,2020-12-01,0
117,2021-01-01,0
117,2021-02-01,0
117,2021-03-01,0
117,2021-04-01,0
117,2021-05-01,0
117,2021-06-01,0
117,2021-07-01,0
117,2021-08-01,0
117,2021-09-01,0
117,2021-10-01,0
117,2021-11-01,0
117,2021-12-01,0
117,2022-01-01,0
117,2022-02-01,0
117,2022-03-01,0
117,2022-04-01,0
117,2022-05-01,0
117,2022-06-01,0
117,2022-07-01,0
117,2022-08-01,0
117,2022-09-01,0
117,2022-10-01,0
117,2022-11-01,0
117,2022-12-01,0
117,2023-01-01,0
117,2023-02-01,0
117,2023-03-01,0
117,2023-04-01,0
117,2023-05-01,0
117,2023-06-01,0
117,2023-07-01,0
117,2023-08-01,0
117,2023-09-01,0
117,2023-10-01,0
117,2023-11-01,0
117,2023-12-01,0
117,2024-01-01,0
117,2024-02-01,0
117,2024-03-01,0
117,2024-04-01,0
117,2024-05-01,0
117,2024-06-01,0
117,2024-07-01,0
117,2024-08-01,0
117,2024-09-01,0
117,2024-10-01,0
117,2024-11-01,0
117,2024-12-01,0
117,2025-01-01,0
117,2025-02-01,0
117,2025-03-01,0
117,2025-04-01,0
117,2025-05-01,0
117,2025-06-01,0
117,2025-07-01,0
117,2025-08-01,0
117,2025-09-01,0
117,2025-10-01,0
117,2025-11-01,0
117,2025-12-01,0
118,2018-01-01,0
118,2018-02-01,0
118,2018-03-01,0
118,2018-04-01,0
118,2018-05-01,0
118,2018-06-01,0
118,2018-07-01,0
118,2018-08-01,0
118,2018-09-01,0
118,2018-10-01,0
118,2018-11-01,0
118,2018-12-01,0
118,2019-01-01,0
118,2019-02-01,0
118,2019-03-01,0
118,2019-04-01,0
118,2019-05-01,0
118,2019-06-01,0
118,2019-07-01,0
118,2019-08-01,0
118,2019-09-01,0
118,2019-10-01,0
118,2019-11-01,0
118,2019-12-01,0
118,2020-01-01,0
118,2020-02-01,0
118,2020-03-01,0
118,2020-04-01,0
118,2020-05-01,0
118,2020-06-01,0
118,2020-07-01,0
118,2020-08-01,0
118,2020-09-01,0
118,2020-10-01,0
118,2020-11-01,0
118,2020-12-01,0
118,2021-01-01,0
118,2021-02-01,0
118,2021-03-01,0
118,2021-04-01,0
118,2021-05-01,0
118,2021-06-01,0
118,2021-07-01,0
118,2021-08-01,0
118,2021-09-01,0
118,2021-10-01,0
118,2021-11-01,0
118,2021-12-01,0
118,2022-01-01,0
118,2022-02-01,0
118,2022-03-01,0
118,2022-04-01,0
118,2022-05-01,0
118,2022-06-01,0
118,2022-07-01,0
118,2022-08-01,0
118,2022-09-01,0
118,2022-10-01,0
118,2022-11-01,0
118,2022-12-01,0
118,2023-01-01,0
118,2023-02-01,0
118,2023-03-01,0
118,2023-04-01,0
118,2023-05-01,0
118,2023-06-01,0
118,2023-07-01,0
118,2023-08-01,0
118,2023-09-01,0
118,2023-10-01,0
118,2023-11-01,0
118,2023-12-01,0
118,2024-01-01,0
118,2024-02-01,0
118,2024-03-01,0
118,2024-04-01,0
118,2024-05-01,0
118,2024-06-01,0
118,2024-07-01,0
118,2024-08-01,0
118,2024-09-01,0
118,2024-10-01,0
118,2024-11-01,0
118,2024-12-01,0
118,2025-01-01,0
118,2025-02-01,0
118,2025-03-01,0
118,2025-04-01,0
118,2025-05-01,0
118,2025-06-01,0
118,2025-07-01,0
118,2025-08-01,0
118,2025-09-01,0
118,2025-10-01,0
118,2025-11-01,0
118,2025-12-01,0
119,2018-01-01,0
119,2018-02-01,0
119,2018-03-01,0
119,2018-04-01,0
119,2018-05-01,0
119,2018-06-01,0
119,2018-07-01,0
119,2018-08-01,0
119,2018-09-01,0
119,2018-10-01,0
119,2018-11-01,0
119,2018-12-01,0
119,2019-01-01,0
119,2019-02-01,0
119,2019-03-01,0
119,2019-04-01,0
119,2019-05-01,0
119,2019-06-01,0
119,2019-07-01,0
119,2019-08-01,0
119,2019-09-01,0
119,2019-10-01,0
119,2019-11-01,0
119,2019-12-01,0
119,2020-01-01,0
119,2020-02-01,0
119,2020-03-01,0
119,2020-04-01,0
119,2020-05-01,0
119,2020-06-01,0
119,2020-07-01,0
119,2020-08-01,0
119,2020-09-01,0
119,2020-10-01,0
119,2020-11-01,0
119,2020-12-01,0
119,2021-01-01,0
119,2021-02-01,0
119,2021-03-01,0
119,2021-04-01,0
119,2021-05-01,0
119,2021-06-01,0
119,2021-07-01,0
119,2021-08-01,0
119,2021-09-01,0
119,2021-10-01,0
119,2021-11-01,0
119,2021-12-01,0
119,2022-01-01,0
119,2022-02-01,0
119,2022-03-01,0
119,2022-04-01,0
119,2022-05-01,0
119,2022-06-01,0
119,2022-07-01,0
119,2022-08-01,0
119,2022-09-01,0
119,2022-10-01,0
119,2022-11-01,0
119,2022-12-01,0
119,2023-01-01,0
119,2023-02-01,0
119,2023-03-01,0
119,2023-04-01,0
119,2023-05-01,0
119,2023-06-01,0
119,2023-07-01,0
119,2023-08-01,0
119,2023-09-01,0
119,2023-10-01,0
119,2023-11-01,0
119,2023-12-01,0
119,2024-01-01,0
119,2024-02-01,0
119,2024-03-01,0
119,2024-04-01,0
119,2024-05-01,0
119,2024-06-01,0
119,2024-07-01,0
119,2024-08-01,0
119,2024-09-01,0
119,2024-10-01,0
119,2024-11-01,0
119,2024-12-01,0
119,2025-01-01,0
119,2025-02-01,0
119,2025-03-01,0
119,2025-04-01,0
119,2025-05-01,0
119,2025-06-01,0
119,2025-07-01,0
119,2025-08-01,0
119,2025-09-01,0
119,2025-10-01,0
119,2025-11-01,0
119,2025-12-01,0
120,2018-01-01,15
120,2018-02-01,7
120,2018-03-01,9
120,2018-04-01,9
120,2018-05-01,15
120,2018-06-01,12
120,2018-07-01,15
120,2018-08-01,13
120,2018-09-01,12
120,2018-10-01,16
120,2018-11-01,11
120,2018-12-01,14
120,2019-01-01,2
120,2019-02-01,6
120,2019-03-01,7
120,2019-04-01,10
120,2019-05-01,10
120,2019-06-01,3
120,2019-07-01,6
120,2019-08-01,5
120,2019-09-01,10
120,2019-10-01,13
120,2019-11-01,12
120,2019-12-01,10
120,2020-01-01,7
120,2020-02-01,12
120,2020-03-01,11
120,2020-04-01,2
120,2020-05-01,9
120,2020-06-01,7
120,2020-07-01,6
120,2020-08-01,9
120,2020-09-01,9
120,2020-10-01,12
120,2020-11-01,7
120,2020-12-01,12
120,2021-01-01,8
120,2021-02-01,9
120,2021-03-01,2
120,2021-04-01,7
120,2021-05-01,6
120,2021-06-01,8
120,2021-07-01,9
120,2021-08-01,7
120,2021-09-01,10
120,2021-10-01,6
120,2021-11-01,9
120,2021-12-01,5
120,2022-01-01,11
120,2022-02-01,5
120,2022-03-01,5
120,2022-04-01,9
120,2022-05-01,7
120,2022-06-01,9
120,2022-07-01,12
120,2022-08-01,16
120,2022-09-01,8
120,2022-10-01,8
120,2022-11-01,15
120,2022-12-01,12
120,2023-01-01,24
120,2023-02-01,14
120,2023-03-01,14
120,2023-04-01,14
120,2023-05-01,6
120,2023-06-01,17
120,2023-07-01,8
120,2023-08-01,11
120,2023-09-01,12
120,2023-10-01,9
120,2023-11-01,23
120,2023-12-01,11
120,2024-01-01,9
120,2024-02-01,9
120,2024-03-01,16
120,2024-04-01,15
120,2024-05-01,12
120,2024-06-01,6
120,2024-07-01,12
120,2024-08-01,12
120,2024-09-01,6
120,2024-10-01,12
120,2024-11-01,14
120,2024-12-01,5
120,2025-01-01,17
120,2025-02-01,13
120,2025-03-01,6
120,2025-04-01,11
120,2025-05-01,10
120,2025-06-01,13
120,2025-07-01,15
120,2025-08-01,15
120,2025-09-01,12
120,2025-10-01,16
120,2025-11-01,12
120,2025-12-01,4
121,2018-01-01,8
121,2018-02-01,10
121,2018-03-01,6
121,2018-04-01,6
121,2018-05-01,15
121,2018-06-01,8
121,2018-07-01,16
121,2018-08-01,8
121,2018-09-01,14
121,2018-10-01,12
121,2018-11-01,15
121,2018-12-01,8
121,2019-01-01,5
121,2019-02-01,6
121,2019-03-01,6
121,2019-04-01,6
121,2019-05-01,4
121,2019-06-01,12
121,2019-07-01,13
121,2019-08-01,2
121,2019-09-01,3
121,2019-10-01,11
121,2019-11-01,8
121,2019-12-01,5
121,2020-01-01,6
121,2020-02-01,8
121,2020-03-01,2
121,2020-04-01,2
121,2020-05-01,5
121,2020-06-01,13
121,2020-07-01,9
121,2020-08-01,8
121,2020-09-01,4
121,2020-10-01,3
121,2020-11-01,15
121,2020-12-01,4
121,2021-01-01,0
121,2021-02-01,7
121,2021-03-01,8
121,2021-04-01,4
121,2021-05-01,4
121,2021-06-01,6
121,2021-07-01,1
121,2021-08-01,11
121,2021-09-01,4
121,2021-10-01,10
121,2021-11-01,5
121,2021-12-01,6
121,2022-01-01,5
121,2022-02-01,10
121,2022-03-01,6
121,2022-04-01,3
121,2022-05-01,4
121,2022-06-01,2
121,2022-07-01,9
121,2022-08-01,3
121,2022-09-01,14
121,2022-10-01,12
121,2022-11-01,7
121,2022-12-01,13
121,2023-01-01,6
121,2023-02-01,5
121,2023-03-01,6
121,2023-04-01,7
121,2023-05-01,5
121,2023-06-01,7
121,2023-07-01,8
121,2023-08-01,12
121,2023-09-01,10
121,2023-10-01,4
121,2023-11-01,4
121,2023-12-01,7
121,2024-01-01,6
121,2024-02-01,6
121,2024-03-01,6
121,2024-04-01,10
121,2024-05-01,8
121,2024-06-01,7
121,2024-07-01,11
121,2024-08-01,5
121,2024-09-01,14
121,2024-10-01,9
121,2024-11-01,5
121,2024-12-01,2
121,2025-01-01,4
121,2025-02-01,6
121,2025-03-01,2
121,2025-04-01,6
121,2025-05-01,14
121,2025-06-01,8
121,2025-07-01,6
121,2025-08-01,5
121,2025-09-01,7
121,2025-10-01,6
121,2025-11-01,12
121,2025-12-01,8
122,2018-01-01,5
122,2018-02-01,5
122,2018-03-01,4
122,2018-04-01,3
122,2018-05-01,4
122,2018-06-01,6
122,2018-07-01,2
122,2018-08-01,2
122,2018-09-01,4
122,2018-10-01,3
122,2018-11-01,0
122,2018-12-01,3
122,2019-01-01,1
122,2019-02-01,2
122,2019-03-01,3
122,2019-04-01,3
122,2019-05-01,3
122,2019-06-01,3
122,2019-07-01,8
122,2019-08-01,8
122,2019-09-01,4
122,2019-10-01,1
122,2019-11-01,3
122,2019-12-01,1
122,2020-01-01,7
122,2020-02-01,10
122,2020-03-01,7
122,2020-04-01,2
122,2020-05-01,1
122,2020-06-01,2
122,2020-07-01,3
122,2020-08-01,4
122,2020-09-01,4
122,2020-10-01,4
122,2020-11-01,4
122,2020-12-01,2
122,2021-01-01,2
122,2021-02-01,3
122,2021-03-01,3
122,2021-04-01,2
122,2021-05-01,6
122,2021-06-01,4
122,2021-07-01,5
122,2021-08-01,3
122,2021-09-01,3
122,2021-10-01,3
122,2021-11-01,5
122,2021-12-01,5
122,2022-01-01,3
122,2022-02-01,5
122,2022-03-01,7
122,2022-04-01,5
122,2022-05-01,3
122,2022-06-01,7
122,2022-07-01,5
122,2022-08-01,3
122,2022-09-01,7
122,2022-10-01,6
122,2022-11-01,6
122,2022-12-01,5
122,2023-01-01,6
122,2023-02-01,6
122,2023-03-01,2
122,2023-04-01,9
122,2023-05-01,2
122,2023-06-01,2
122,2023-07-01,5
122,2023-08-01,5
122,2023-09-01,4
122,2023-10-01,2
122,2023-11-01,4
122,2023-12-01,3
122,2024-01-01,5
122,2024-02-01,7
122,2024-03-01,7
122,2024-04-01,2
122,2024-05-01,5
122,2024-06-01,4
122,2024-07-01,4
122,2024-08-01,2
122,2024-09-01,8
122,2024-10-01,6
122,2024-11-01,1
122,2024-12-01,3
122,2025-01-01,5
122,2025-02-01,1
122,2025-03-01,6
122,2025-04-01,4
122,2025-05-01,5
122,2025-06-01,4
122,2025-07-01,4
122,2025-08-01,5
122,2025-09-01,4
122,2025-10-01,3
122,2025-11-01,6
122,2025-12-01,1
123,2018-01-01,0
123,2018-02-01,0
123,2018-03-01,0
123,2018-04-01,3
123,2018-05-01,1
123,2018-06-01,1
123,2018-07-01,1
123,2018-08-01,0
123,2018-09-01,4
123,2018-10-01,1
123,2018-11-01,0
123,2018-12-01,0
123,2019-01-01,3
123,2019-02-01,0
123,2019-03-01,0
123,2019-04-01,0
123,2019-05-01,2
123,2019-06-01,2
123,2019-07-01,0
123,2019-08-01,1
123,2019-09-01,1
123,2019-10-01,1
123,2019-11-01,1
123,2019-12-01,1
123,2020-01-01,2
123,2020-02-01,1
123,2020-03-01,0
123,2020-04-01,1
123,2020-05-01,0
123,2020-06-01,0
123,2020-07-01,0
123,2020-08-01,1
123,2020-09-01,3
123,2020-10-01,3
123,2020-11-01,0
123,2020-12-01,3
123,2021-01-01,0
123,2021-02-01,0
123,2021-03-01,0
123,2021-04-01,1
123,2021-05-01,2
123,2021-06-01,1
123,2021-07-01,1
123,2021-08-01,0
123,2021-09-01,2
123,2021-10-01,0
123,2021-11-01,3
123,2021-12-01,1
123,2022-01-01,0
123,2022-02-01,0
123,2022-03-01,2
123,2022-04-01,2
123,2022-05-01,0
123,2022-06-01,3
123,2022-07-01,2
123,2022-08-01,4
123,2022-09-01,3
123,2022-10-01,1
123,2022-11-01,1
123,2022-12-01,4
123,2023-01-01,1
123,2023-02-01,2
123,2023-03-01,0
123,2023-04-01,1
123,2023-05-01,1
123,2023-06-01,5
123,2023-07-01,4
123,2023-08-01,0
123,2023-09-01,1
123,2023-10-01,2
123,2023-11-01,2
123,2023-12-01,1
123,2024-01-01,1
123,2024-02-01,2
123,2024-03-01,2
123,2024-04-01,2
123,2024-05-01,2
123,2024-06-01,4
123,2024-07-01,4
123,2024-08-01,0
123,2024-09-01,1
123,2024-10-01,2
123,2024-11-01,5
123,2024-12-01,0
123,2025-01-01,1
123,2025-02-01,3
123,2025-03-01,0
123,2025-04-01,1
123,2025-05-01,5
123,2025-06-01,4
123,2025-07-01,3
123,2025-08-01,2
123,2025-09-01,0
123,2025-10-01,2
123,2025-11-01,3
123,2025-12-01,2
