pct,month_date,shooting_incidents,shots_fired_incidents,gun_violence_count
1,2018-01-01,0,0,0
1,2018-02-01,0,0,0
1,2018-03-01,0,0,0
1,2018-04-01,0,0,0
1,2018-05-01,0,0,0
1,2018-06-01,0,0,0
1,2018-07-01,0,0,0
1,2018-08-01,0,0,0
1,2018-09-01,0,0,0
1,2018-10-01,0,0,0
1,2018-11-01,0,0,0
1,2018-12-01,0,0,0
1,2019-01-01,0,0,0
1,2019-02-01,0,0,0
1,2019-03-01,0,0,0
1,2019-04-01,0,0,0
1,2019-05-01,1,1,2
1,2019-06-01,0,0,0
1,2019-07-01,0,0,0
1,2019-08-01,0,0,0
1,2019-09-01,0,0,0
1,2019-10-01,0,0,0
1,2019-11-01,0,0,0
1,2019-12-01,0,0,0
1,2020-01-01,0,0,0
1,2020-02-01,0,1,1
1,2020-03-01,0,0,0
1,2020-04-01,0,0,0
1,2020-05-01,1,1,2
1,2020-06-01,0,0,0
1,2020-07-01,0,0,0
1,2020-08-01,0,0,0
1,2020-09-01,0,1,1
1,2020-10-01,1,0,1
1,2020-11-01,0,0,0
1,2020-12-01,1,1,2
1,2021-01-01,0,0,0
1,2021-02-01,0,1,1
1,2021-03-01,0,0,0
1,2021-04-01,0,0,0
1,2021-05-01,0,1,1
1,2021-06-01,0,0,0
1,2021-07-01,0,0,0
1,2021-08-01,0,0,0
1,2021-09-01,0,1,1
1,2021-10-01,0,0,0
1,2021-11-01,0,0,0
1,2021-12-01,0,0,0
1,2022-01-01,0,0,0
1,2022-02-01,0,0,0
1,2022-03-01,1,1,2
1,2022-04-01,0,0,0
1,2022-05-01,0,1,1
1,2022-06-01,0,0,0
1,2022-07-01,1,1,2
1,2022-08-01,0,0,0
1,2022-09-01,0,0,0
1,2022-10-01,0,0,0
1,2022-11-01,0,0,0
1,2022-12-01,0,0,0
1,2023-01-01,0,0,0
1,2023-02-01,0,0,0
1,2023-03-01,0,0,0
1,2023-04-01,0,0,0
1,2023-05-01,0,0,0
1,2023-06-01,0,1,1
1,2023-07-01,0,0,0
1,2023-08-01,0,0,0
1,2023-09-01,0,0,0
1,2023-10-01,0,0,0
1,2023-11-01,0,0,0
1,2023-12-01,0,0,0
1,2024-01-01,0,0,0
1,2024-02-01,0,0,0
1,2024-03-01,0,0,0
1,2024-04-01,0,0,0
1,2024-05-01,1,0,1
1,2024-06-01,1,0,1
1,2024-07-01,0,0,0
1,2024-08-01,0,0,0
1,2024-09-01,0,0,0
1,2024-10-01,0,1,1
1,2024-11-01,0,0,0
1,2024-12-01,1,0,1
1,2025-01-01,0,0,0
1,2025-02-01,0,1,1
1,2025-03-01,0,1,1
1,2025-04-01,0,1,1
1,2025-05-01,0,0,0
1,2025-06-01,0,0,0
1,2025-07-01,0,0,0
1,2025-08-01,0,0,0
1,2025-09-01,0,0,0
1,2025-10-01,0,0,0
1,2025-11-01,0,1,1
1,2025-12-01,0,0,0
2,2018-01-01,0,0,0
2,2018-02-01,0,0,0
2,2018-03-01,0,0,0
2,2018-04-01,0,0,0
2,2018-05-01,0,0,0
2,2018-06-01,0,0,0
2,2018-07-01,0,0,0
2,2018-08-01,0,0,0
2,2018-09-01,0,0,0
2,2018-10-01,0,0,0
2,2018-11-01,0,0,0
2,2018-12-01,0,0,0
2,2019-01-01,0,0,0
2,2019-02-01,0,0,0
2,2019-03-01,0,0,0
2,2019-04-01,0,0,0
2,2019-05-01,0,0,0
2,2019-06-01,0,0,0
2,2019-07-01,0,0,0
2,2019-08-01,0,0,0
2,2019-09-01,0,0,0
2,2019-10-01,0,0,0
2,2019-11-01,0,0,0
2,2019-12-01,0,0,0
2,2020-01-01,0,0,0
2,2020-02-01,0,0,0
2,2020-03-01,0,0,0
2,2020-04-01,0,0,0
2,2020-05-01,0,0,0
2,2020-06-01,0,0,0
2,2020-07-01,0,0,0
2,2020-08-01,0,0,0
2,2020-09-01,0,0,0
2,2020-10-01,0,0,0
2,2020-11-01,0,0,0
2,2020-12-01,0,0,0
2,2021-01-01,0,0,0
2,2021-02-01,0,0,0
2,2021-03-01,0,0,0
2,2021-04-01,0,0,0
2,2021-05-01,0,0,0
2,2021-06-01,0,0,0
2,2021-07-01,0,0,0
2,2021-08-01,0,0,0
2,2021-09-01,0,0,0
2,2021-10-01,0,0,0
2,2021-11-01,0,0,0
2,2021-12-01,0,0,0
2,2022-01-01,0,0,0
2,2022-02-01,0,0,0
2,2022-03-01,0,0,0
2,2022-04-01,0,0,0
2,2022-05-01,0,0,0
2,2022-06-01,0,0,0
2,2022-07-01,0,0,0
2,2022-08-01,0,0,0
2,2022-09-01,0,0,0
2,2022-10-01,0,0,0
2,2022-11-01,0,0,0
2,2022-12-01,0,0,0
2,2023-01-01,0,0,0
2,2023-02-01,0,0,0
2,2023-03-01,0,0,0
2,2023-04-01,0,0,0
2,2023-05-01,0,0,0
2,2023-06-01,0,0,0
2,2023-07-01,0,0,0
2,2023-08-01,0,0,0
2,2023-09-01,0,0,0
2,2023-10-01,0,0,0
2,2023-11-01,0,0,0
2,2023-12-01,0,0,0
2,2024-01-01,0,0,0
2,2024-02-01,0,0,0
2,2024-03-01,0,0,0
2,2024-04-01,0,0,0
2,2024-05-01,0,0,0
2,2024-06-01,0,0,0
2,2024-07-01,0,0,0
2,2024-08-01,0,0,0
2,2024-09-01,0,0,0
2,2024-10-01,0,0,0
2,2024-11-01,0,0,0
2,2024-12-01,0,0,0
2,2025-01-01,0,0,0
2,2025-02-01,0,0,0
2,2025-03-01,0,0,0
2,2025-04-01,0,0,0
2,2025-05-01,0,0,0
2,2025-06-01,0,0,0
2,2025-07-01,0,0,0
2,2025-08-01,0,0,0
2,2025-09-01,0,0,0
2,2025-10-01,0,0,0
2,2025-11-01,0,0,0
2,2025-12-01,0,0,0
3,2018-01-01,0,0,0
3,2018-02-01,0,0,0
3,2018-03-01,0,0,0
3,2018-04-01,0,0,0
3,2018-05-01,0,0,0
3,2018-06-01,0,0,0
3,2018-07-01,0,0,0
3,2018-08-01,0,0,0
3,2018-09-01,0,0,0
3,2018-10-01,0,0,0
3,2018-11-01,0,0,0
3,2018-12-01,0,0,0
3,2019-01-01,0,0,0
3,2019-02-01,0,0,0
3,2019-03-01,0,0,0
3,2019-04-01,0,0,0
3,2019-05-01,0,0,0
3,2019-06-01,0,0,0
3,2019-07-01,0,0,0
3,2019-08-01,0,0,0
3,2019-09-01,0,0,0
3,2019-10-01,0,0,0
3,2019-11-01,0,0,0
3,2019-12-01,0,0,0
3,2020-01-01,0,0,0
3,2020-02-01,0,0,0
3,2020-03-01,0,0,0
3,2020-04-01,0,0,0
3,2020-05-01,0,0,0
3,2020-06-01,0,0,0
3,2020-07-01,0,0,0
3,2020-08-01,0,0,0
3,2020-09-01,0,0,0
3,2020-10-01,0,0,0
3,2020-11-01,0,0,0
3,2020-12-01,0,0,0
3,2021-01-01,0,0,0
3,2021-02-01,0,0,0
3,2021-03-01,0,0,0
3,2021-04-01,0,0,0
3,2021-05-01,0,0,0
3,2021-06-01,0,0,0
3,2021-07-01,0,0,0
3,2021-08-01,0,0,0
3,2021-09-01,0,0,0
3,2021-10-01,0,0,0
3,2021-11-01,0,0,0
3,2021-12-01,0,0,0
3,2022-01-01,0,0,0
3,2022-02-01,0,0,0
3,2022-03-01,0,0,0
3,2022-04-01,0,0,0
3,2022-05-01,0,0,0
3,2022-06-01,0,0,0
3,2022-07-01,0,0,0
3,2022-08-01,0,0,0
3,2022-09-01,0,0,0
3,2022-10-01,0,0,0
3,2022-11-01,0,0,0
3,2022-12-01,0,0,0
3,2023-01-01,0,0,0
3,2023-02-01,0,0,0
3,2023-03-01,0,0,0
3,2023-04-01,0,0,0
3,2023-05-01,0,0,0
3,2023-06-01,0,0,0
3,2023-07-01,0,0,0
3,2023-08-01,0,0,0
3,2023-09-01,0,0,0
3,2023-10-01,0,0,0
3,2023-11-01,0,0,0
3,2023-12-01,0,0,0
3,2024-01-01,0,0,0
3,2024-02-01,0,0,0
3,2024-03-01,0,0,0
3,2024-04-01,0,0,0
3,2024-05-01,0,0,0
3,2024-06-01,0,0,0
3,2024-07-01,0,0,0
3,2024-08-01,0,0,0
3,2024-09-01,0,0,0
3,2024-10-01,0,0,0
3,2024-11-01,0,0,0
3,2024-12-01,0,0,0
3,2025-01-01,0,0,0
3,2025-02-01,0,0,0
3,2025-03-01,0,0,0
3,2025-04-01,0,0,0
3,2025-05-01,0,0,0
3,2025-06-01,0,0,0
3,2025-07-01,0,0,0
3,2025-08-01,0,0,0
3,2025-09-01,0,0,0
3,2025-10-01,0,0,0
3,2025-11-01,0,0,0
3,2025-12-01,0,0,0
4,2018-01-01,0,0,0
4,2018-02-01,0,0,0
4,2018-03-01,0,0,0
4,2018-04-01,0,0,0
4,2018-05-01,0,0,0
4,2018-06-01,0,0,0
4,2018-07-01,0,0,0
4,2018-08-01,0,0,0
4,2018-09-01,0,0,0
4,2018-10-01,0,0,0
4,2018-11-01,0,0,0
4,2018-12-01,0,0,0
4,2019-01-01,0,0,0
4,2019-02-01,0,0,0
4,2019-03-01,0,0,0
4,2019-04-01,0,0,0
4,2019-05-01,0,0,0
4,2019-06-01,0,0,0
4,2019-07-01,0,0,0
4,2019-08-01,0,0,0
4,2019-09-01,0,0,0
4,2019-10-01,0,0,0
4,2019-11-01,0,0,0
4,2019-12-01,0,0,0
4,2020-01-01,0,0,0
4,2020-02-01,0,0,0
4,2020-03-01,0,0,0
4,2020-04-01,0,0,0
4,2020-05-01,0,0,0
4,2020-06-01,0,0,0
4,2020-07-01,0,0,0
4,2020-08-01,0,0,0
4,2020-09-01,0,0,0
4,2020-10-01,0,0,0
4,2020-11-01,0,0,0
4,2020-12-01,0,0,0
4,2021-01-01,0,0,0
4,2021-02-01,0,0,0
4,2021-03-01,0,0,0
4,2021-04-01,0,0,0
4,2021-05-01,0,0,0
4,2021-06-01,0,0,0
4,2021-07-01,0,0,0
4,2021-08-01,0,0,0
4,2021-09-01,0,0,0
4,2021-10-01,0,0,0
4,2021-11-01,0,0,0
4,2021-12-01,0,0,0
4,2022-01-01,0,0,0
4,2022-02-01,0,0,0
4,2022-03-01,0,0,0
4,2022-04-01,0,0,0
4,2022-05-01,0,0,0
4,2022-06-01,0,0,0
4,2022-07-01,0,0,0
4,2022-08-01,0,0,0
4,2022-09-01,0,0,0
4,2022-10-01,0,0,0
4,2022-11-01,0,0,0
4,2022-12-01,0,0,0
4,2023-01-01,0,0,0
4,2023-02-01,0,0,0
4,2023-03-01,0,0,0
4,2023-04-01,0,0,0
4,2023-05-01,0,0,0
4,2023-06-01,0,0,0
4,2023-07-01,0,0,0
4,2023-08-01,0,0,0
4,2023-09-01,0,0,0
4,2023-10-01,0,0,0
4,2023-11-01,0,0,0
4,2023-12-01,0,0,0
4,2024-01-01,0,0,0
4,2024-02-01,0,0,0
4,2024-03-01,0,0,0
4,2024-04-01,0,0,0
4,2024-05-01,0,0,0
4,2024-06-01,0,0,0
4,2024-07-01,0,0,0
4,2024-08-01,0,0,0
4,2024-09-01,0,0,0
4,2024-10-01,0,0,0
4,2024-11-01,0,0,0
4,2024-12-01,0,0,0
4,2025-01-01,0,0,0
4,2025-02-01,0,0,0
4,2025-03-01,0,0,0
4,2025-04-01,0,0,0
4,2025-05-01,0,0,0
4,2025-06-01,0,0,0
4,2025-07-01,0,0,0
4,2025-08-01,0,0,0
4,2025-09-01,0,0,0
4,2025-10-01,0,0,0
4,2025-11-01,0,0,0
4,2025-12-01,0,0,0
5,2018-01-01,0,0,0
5,2018-02-01,0,0,0
5,2018-03-01,0,0,0
5,2018-04-01,0,0,0
5,2018-05-01,0,1,1
5,2018-06-01,1,1,2
5,2018-07-01,0,0,0
5,2018-08-01,0,0,0
5,2018-09-01,0,0,0
5,2018-10-01,0,0,0
5,2018-11-01,0,0,0
5,2018-12-01,0,0,0
5,2019-01-01,0,0,0
5,2019-02-01,0,0,0
5,2019-03-01,0,0,0
5,2019-04-01,0,1,1
5,2019-05-01,0,0,0
5,2019-06-01,1,1,2
5,2019-07-01,0,0,0
5,2019-08-01,2,0,2
5,2019-09-01,0,1,1
5,2019-10-01,0,0,0
5,2019-11-01,0,0,0
5,2019-12-01,0,0,0
5,2020-01-01,0,0,0
5,2020-02-01,0,0,0
5,2020-03-01,0,0,0
5,2020-04-01,0,0,0
5,2020-05-01,0,1,1
5,2020-06-01,1,0,1
5,2020-07-01,0,0,0
5,2020-08-01,0,1,1
5,2020-09-01,0,0,0
5,2020-10-01,0,0,0
5,2020-11-01,1,1,2
5,2020-12-01,1,1,2
5,2021-01-01,0,0,0
5,2021-02-01,0,0,0
5,2021-03-01,0,0,0
5,2021-04-01,0,0,0
5,2021-05-01,0,0,0
5,2021-06-01,1,2,3
5,2021-07-01,0,0,0
5,2021-08-01,0,0,0
5,2021-09-01,1,1,2
5,2021-10-01,0,0,0
5,2021-11-01,0,0,0
5,2021-12-01,0,1,1
5,2022-01-01,0,0,0
5,2022-02-01,0,3,3
5,2022-03-01,2,2,4
5,2022-04-01,1,0,1
5,2022-05-01,1,1,2
5,2022-06-01,1,1,2
5,2022-07-01,1,2,3
5,2022-08-01,0,1,1
5,2022-09-01,0,2,2
5,2022-10-01,0,0,0
5,2022-11-01,0,0,0
5,2022-12-01,1,0,1
5,2023-01-01,2,0,2
5,2023-02-01,0,0,0
5,2023-03-01,0,2,2
5,2023-04-01,0,0,0
5,2023-05-01,1,0,1
5,2023-06-01,2,0,2
5,2023-07-01,1,0,1
5,2023-08-01,1,0,1
5,2023-09-01,0,0,0
5,2023-10-01,0,2,2
5,2023-11-01,0,0,0
5,2023-12-01,1,0,1
5,2024-01-01,0,0,0
5,2024-02-01,0,0,0
5,2024-03-01,0,0,0
5,2024-04-01,0,0,0
5,2024-05-01,0,0,0
5,2024-06-01,0,0,0
5,2024-07-01,0,0,0
5,2024-08-01,1,1,2
5,2024-09-01,1,0,1
5,2024-10-01,1,0,1
5,2024-11-01,0,1,1
5,2024-12-01,0,0,0
5,2025-01-01,0,0,0
5,2025-02-01,0,0,0
5,2025-03-01,0,0,0
5,2025-04-01,0,0,0
5,2025-05-01,1,1,2
5,2025-06-01,0,0,0
5,2025-07-01,0,0,0
5,2025-08-01,0,1,1
5,2025-09-01,0,1,1
5,2025-10-01,0,0,0
5,2025-11-01,0,0,0
5,2025-12-01,0,1,1
6,2018-01-01,0,0,0
6,2018-02-01,0,0,0
6,2018-03-01,0,0,0
6,2018-04-01,0,0,0
6,2018-05-01,0,0,0
6,2018-06-01,1,1,2
6,2018-07-01,0,0,0
6,2018-08-01,0,0,0
6,2018-09-01,0,0,0
6,2018-10-01,0,0,0
6,2018-11-01,0,0,0
6,2018-12-01,1,0,1
6,2019-01-01,0,0,0
6,2019-02-01,0,0,0
6,2019-03-01,0,0,0
6,2019-04-01,0,0,0
6,2019-05-01,0,0,0
6,2019-06-01,0,0,0
6,2019-07-01,0,0,0
6,2019-08-01,0,0,0
6,2019-09-01,0,0,0
6,2019-10-01,0,0,0
6,2019-11-01,0,0,0
6,2019-12-01,0,0,0
6,2020-01-01,0,0,0
6,2020-02-01,0,0,0
6,2020-03-01,0,0,0
6,2020-04-01,0,0,0
6,2020-05-01,0,0,0
6,2020-06-01,1,1,2
6,2020-07-01,0,0,0
6,2020-08-01,0,1,1
6,2020-09-01,0,0,0
6,2020-10-01,0,0,0
6,2020-11-01,0,0,0
6,2020-12-01,0,0,0
6,2021-01-01,0,0,0
6,2021-02-01,0,0,0
6,2021-03-01,1,1,2
6,2021-04-01,1,0,1
6,2021-05-01,1,0,1
6,2021-06-01,0,0,0
6,2021-07-01,0,0,0
6,2021-08-01,0,0,0
6,2021-09-01,0,0,0
6,2021-10-01,0,0,0
6,2021-11-01,0,0,0
6,2021-12-01,0,0,0
6,2022-01-01,0,0,0
6,2022-02-01,0,0,0
6,2022-03-01,0,0,0
6,2022-04-01,0,0,0
6,2022-05-01,0,0,0
6,2022-06-01,0,0,0
6,2022-07-01,0,0,0
6,2022-08-01,0,0,0
6,2022-09-01,0,0,0
6,2022-10-01,0,0,0
6,2022-11-01,0,0,0
6,2022-12-01,0,0,0
6,2023-01-01,0,0,0
6,2023-02-01,0,0,0
6,2023-03-01,0,0,0
6,2023-04-01,0,0,0
6,2023-05-01,0,0,0
6,2023-06-01,0,0,0
6,2023-07-01,0,0,0
6,2023-08-01,0,0,0
6,2023-09-01,0,0,0
6,2023-10-01,0,1,1
6,2023-11-01,0,0,0
6,2023-12-01,0,0,0
6,2024-01-01,0,0,0
6,2024-02-01,0,0,0
6,2024-03-01,0,0,0
6,2024-04-01,0,0,0
6,2024-05-01,0,0,0
6,2024-06-01,0,0,0
6,2024-07-01,1,0,1
6,2024-08-01,0,0,0
6,2024-09-01,0,0,0
6,2024-10-01,0,0,0
6,2024-11-01,0,0,0
6,2024-12-01,0,0,0
6,2025-01-01,0,0,0
6,2025-02-01,0,0,0
6,2025-03-01,0,0,0
6,2025-04-01,0,0,0
6,2025-05-01,0,0,0
6,2025-06-01,1,0,1
6,2025-07-01,1,0,1
6,2025-08-01,1,0,1
6,2025-09-01,0,1,1
6,2025-10-01,0,0,0
6,2025-11-01,0,0,0
6,2025-12-01,0,0,0
7,2018-01-01,0,0,0
7,2018-02-01,0,0,0
7,2018-03-01,0,0,0
7,2018-04-01,1,1,2
7,2018-05-01,0,0,0
7,2018-06-01,0,0,0
7,2018-07-01,0,0,0
7,2018-08-01,0,1,1
7,2018-09-01,0,0,0
7,2018-10-01,0,0,0
7,2018-11-01,0,0,0
7,2018-12-01,0,0,0
7,2019-01-01,0,1,1
7,2019-02-01,0,1,1
7,2019-03-01,0,0,0
7,2019-04-01,2,2,4
7,2019-05-01,2,2,4
7,2019-06-01,0,1,1
7,2019-07-01,0,0,0
7,2019-08-01,0,0,0
7,2019-09-01,0,0,0
7,2019-10-01,0,0,0
7,2019-11-01,0,1,1
7,2019-12-01,0,0,0
7,2020-01-01,0,0,0
7,2020-02-01,0,0,0
7,2020-03-01,1,1,2
7,2020-04-01,0,1,1
7,2020-05-01,0,0,0
7,2020-06-01,1,1,2
7,2020-07-01,1,3,4
7,2020-08-01,0,1,1
7,2020-09-01,0,0,0
7,2020-10-01,1,1,2
7,2020-11-01,1,1,2
7,2020-12-01,0,1,1
7,2021-01-01,0,1,1
7,2021-02-01,1,2,3
7,2021-03-01,2,0,2
7,2021-04-01,0,0,0
7,2021-05-01,0,2,2
7,2021-06-01,1,2,3
7,2021-07-01,0,0,0
7,2021-08-01,1,1,2
7,2021-09-01,0,0,0
7,2021-10-01,1,0,1
7,2021-11-01,1,0,1
7,2021-12-01,0,1,1
7,2022-01-01,1,2,3
7,2022-02-01,0,1,1
7,2022-03-01,1,2,3
7,2022-04-01,1,2,3
7,2022-05-01,1,4,5
7,2022-06-01,0,1,1
7,2022-07-01,3,3,6
7,2022-08-01,0,1,1
7,2022-09-01,1,0,1
7,2022-10-01,0,0,0
7,2022-11-01,0,0,0
7,2022-12-01,0,0,0
7,2023-01-01,1,1,2
7,2023-02-01,1,0,1
7,2023-03-01,0,0,0
7,2023-04-01,0,3,3
7,2023-05-01,0,0,0
7,2023-06-01,3,0,3
7,2023-07-01,3,1,4
7,2023-08-01,0,2,2
7,2023-09-01,0,1,1
7,2023-10-01,0,0,0
7,2023-11-01,0,1,1
7,2023-12-01,0,0,0
7,2024-01-01,0,0,0
7,2024-02-01,0,1,1
7,2024-03-01,1,2,3
7,2024-04-01,0,4,4
7,2024-05-01,0,2,2
7,2024-06-01,1,1,2
7,2024-07-01,0,2,2
7,2024-08-01,2,0,2
7,2024-09-01,1,2,3
7,2024-10-01,1,1,2
7,2024-11-01,0,3,3
7,2024-12-01,0,1,1
7,2025-01-01,0,1,1
7,2025-02-01,1,3,4
7,2025-03-01,0,3,3
7,2025-04-01,0,1,1
7,2025-05-01,0,1,1
7,2025-06-01,1,1,2
7,2025-07-01,0,2,2
7,2025-08-01,2,1,3
7,2025-09-01,1,1,2
7,2025-10-01,0,0,0
7,2025-11-01,0,2,2
7,2025-12-01,0,0,0
8,2018-01-01,0,0,0
8,2018-02-01,0,0,0
8,2018-03-01,0,0,0
8,2018-04-01,0,0,0
8,2018-05-01,0,0,0
8,2018-06-01,0,0,0
8,2018-07-01,0,0,0
8,2018-08-01,0,0,0
8,2018-09-01,0,0,0
8,2018-10-01,0,0,0
8,2018-11-01,0,0,0
8,2018-12-01,0,0,0
8,2019-01-01,0,0,0
8,2019-02-01,0,0,0
8,2019-03-01,0,0,0
8,2019-04-01,0,0,0
8,2019-05-01,0,0,0
8,2019-06-01,0,0,0
8,2019-07-01,0,0,0
8,2019-08-01,0,0,0
8,2019-09-01,0,0,0
8,2019-10-01,0,0,0
8,2019-11-01,0,0,0
8,2019-12-01,0,0,0
8,2020-01-01,0,0,0
8,2020-02-01,0,0,0
8,2020-03-01,0,0,0
8,2020-04-01,0,0,0
8,2020-05-01,0,0,0
8,2020-06-01,0,0,0
8,2020-07-01,0,0,0
8,2020-08-01,0,0,0
8,2020-09-01,0,0,0
8,2020-10-01,0,0,0
8,2020-11-01,0,0,0
8,2020-12-01,0,0,0
8,2021-01-01,0,0,0
8,2021-02-01,0,0,0
8,2021-03-01,0,0,0
8,2021-04-01,0,0,0
8,2021-05-01,0,0,0
8,2021-06-01,0,0,0
8,2021-07-01,0,0,0
8,2021-08-01,0,0,0
8,2021-09-01,0,0,0
8,2021-10-01,0,0,0
8,2021-11-01,0,0,0
8,2021-12-01,0,0,0
8,2022-01-01,0,0,0
8,2022-02-01,0,0,0
8,2022-03-01,0,0,0
8,2022-04-01,0,0,0
8,2022-05-01,0,0,0
8,2022-06-01,0,0,0
8,2022-07-01,0,0,0
8,2022-08-01,0,0,0
8,2022-09-01,0,0,0
8,2022-10-01,0,0,0
8,2022-11-01,0,0,0
8,2022-12-01,0,0,0
8,2023-01-01,0,0,0
8,2023-02-01,0,0,0
8,2023-03-01,0,0,0
8,2023-04-01,0,0,0
8,2023-05-01,0,0,0
8,2023-06-01,0,0,0
8,2023-07-01,0,0,0
8,2023-08-01,0,0,0
8,2023-09-01,0,0,0
8,2023-10-01,0,0,0
8,2023-11-01,0,0,0
8,2023-12-01,0,0,0
8,2024-01-01,0,0,0
8,2024-02-01,0,0,0
8,2024-03-01,0,0,0
8,2024-04-01,0,0,0
8,2024-05-01,0,0,0
8,2024-06-01,0,0,0
8,2024-07-01,0,0,0
8,2024-08-01,0,0,0
8,2024-09-01,0,0,0
8,2024-10-01,0,0,0
8,2024-11-01,0,0,0
8,2024-12-01,0,0,0
8,2025-01-01,0,0,0
8,2025-02-01,0,0,0
8,2025-03-01,0,0,0
8,2025-04-01,0,0,0
8,2025-05-01,0,0,0
8,2025-06-01,0,0,0
8,2025-07-01,0,0,0
8,2025-08-01,0,0,0
8,2025-09-01,0,0,0
8,2025-10-01,0,0,0
8,2025-11-01,0,0,0
8,2025-12-01,0,0,0
9,2018-01-01,0,0,0
9,2018-02-01,0,0,0
9,2018-03-01,0,0,0
9,2018-04-01,0,0,0
9,2018-05-01,0,0,0
9,2018-06-01,0,0,0
9,2018-07-01,0,0,0
9,2018-08-01,0,0,0
9,2018-09-01,0,0,0
9,2018-10-01,0,0,0
9,2018-11-01,0,0,0
9,2018-12-01,0,1,1
9,2019-01-01,0,0,0
9,2019-02-01,0,0,0
9,2019-03-01,0,0,0
9,2019-04-01,1,0,1
9,2019-05-01,0,0,0
9,2019-06-01,0,0,0
9,2019-07-01,1,0,1
9,2019-08-01,1,1,2
9,2019-09-01,0,2,2
9,2019-10-01,0,1,1
9,2019-11-01,0,0,0
9,2019-12-01,0,0,0
9,2020-01-01,2,2,4
9,2020-02-01,0,0,0
9,2020-03-01,1,1,2
9,2020-04-01,0,0,0
9,2020-05-01,1,0,1
9,2020-06-01,1,1,2
9,2020-07-01,1,1,2
9,2020-08-01,1,1,2
9,2020-09-01,2,2,4
9,2020-10-01,1,0,1
9,2020-11-01,0,0,0
9,2020-12-01,1,0,1
9,2021-01-01,1,0,1
9,2021-02-01,1,1,2
9,2021-03-01,0,0,0
9,2021-04-01,0,3,3
9,2021-05-01,1,1,2
9,2021-06-01,0,1,1
9,2021-07-01,0,0,0
9,2021-08-01,1,2,3
9,2021-09-01,0,0,0
9,2021-10-01,0,2,2
9,2021-11-01,0,1,1
9,2021-12-01,1,2,3
9,2022-01-01,1,0,1
9,2022-02-01,0,0,0
9,2022-03-01,0,0,0
9,2022-04-01,1,0,1
9,2022-05-01,1,0,1
9,2022-06-01,0,0,0
9,2022-07-01,0,0,0
9,2022-08-01,0,0,0
9,2022-09-01,2,0,2
9,2022-10-01,3,0,3
9,2022-11-01,0,1,1
9,2022-12-01,0,0,0
9,2023-01-01,0,0,0
9,2023-02-01,0,0,0
9,2023-03-01,1,1,2
9,2023-04-01,0,0,0
9,2023-05-01,2,1,3
9,2023-06-01,0,0,0
9,2023-07-01,0,0,0
9,2023-08-01,0,0,0
9,2023-09-01,0,0,0
9,2023-10-01,0,0,0
9,2023-11-01,0,0,0
9,2023-12-01,1,0,1
9,2024-01-01,0,0,0
9,2024-02-01,0,0,0
9,2024-03-01,1,1,2
9,2024-04-01,0,0,0
9,2024-05-01,0,0,0
9,2024-06-01,1,0,1
9,2024-07-01,1,0,1
9,2024-08-01,1,3,4
9,2024-09-01,0,2,2
9,2024-10-01,0,0,0
9,2024-11-01,1,2,3
9,2024-12-01,0,1,1
9,2025-01-01,0,1,1
9,2025-02-01,0,0,0
9,2025-03-01,1,1,2
9,2025-04-01,0,2,2
9,2025-05-01,0,1,1
9,2025-06-01,0,2,2
9,2025-07-01,0,0,0
9,2025-08-01,1,0,1
9,2025-09-01,0,0,0
9,2025-10-01,0,0,0
9,2025-11-01,0,0,0
9,2025-12-01,0,0,0
10,2018-01-01,0,0,0
10,2018-02-01,0,0,0
10,2018-03-01,0,1,1
10,2018-04-01,0,0,0
10,2018-05-01,0,0,0
10,2018-06-01,0,0,0
10,2018-07-01,0,1,1
10,2018-08-01,0,0,0
10,2018-09-01,0,0,0
10,2018-10-01,0,0,0
10,2018-11-01,0,0,0
10,2018-12-01,0,0,0
10,2019-01-01,0,0,0
10,2019-02-01,0,1,1
10,2019-03-01,0,0,0
10,2019-04-01,0,0,0
10,2019-05-01,0,0,0
10,2019-06-01,1,1,2
10,2019-07-01,0,1,1
10,2019-08-01,0,0,0
10,2019-09-01,0,0,0
10,2019-10-01,2,3,5
10,2019-11-01,0,0,0
10,2019-12-01,0,0,0
10,2020-01-01,0,0,0
10,2020-02-01,0,0,0
10,2020-03-01,0,0,0
10,2020-04-01,0,0,0
10,2020-05-01,0,2,2
10,2020-06-01,0,0,0
10,2020-07-01,0,1,1
10,2020-08-01,1,2,3
10,2020-09-01,0,1,1
10,2020-10-01,2,3,5
10,2020-11-01,0,1,1
10,2020-12-01,0,0,0
10,2021-01-01,0,1,1
10,2021-02-01,1,1,2
10,2021-03-01,0,0,0
10,2021-04-01,0,0,0
10,2021-05-01,0,0,0
10,2021-06-01,1,0,1
10,2021-07-01,0,0,0
10,2021-08-01,0,0,0
10,2021-09-01,0,1,1
10,2021-10-01,0,1,1
10,2021-11-01,0,0,0
10,2021-12-01,0,0,0
10,2022-01-01,1,1,2
10,2022-02-01,0,0,0
10,2022-03-01,1,2,3
10,2022-04-01,0,1,1
10,2022-05-01,0,1,1
10,2022-06-01,0,1,1
10,2022-07-01,0,1,1
10,2022-08-01,0,0,0
10,2022-09-01,0,0,0
10,2022-10-01,0,0,0
10,2022-11-01,2,1,3
10,2022-12-01,0,0,0
10,2023-01-01,0,1,1
10,2023-02-01,0,0,0
10,2023-03-01,0,0,0
10,2023-04-01,0,0,0
10,2023-05-01,0,0,0
10,2023-06-01,0,0,0
10,2023-07-01,0,0,0
10,2023-08-01,0,0,0
10,2023-09-01,0,0,0
10,2023-10-01,0,0,0
10,2023-11-01,0,0,0
10,2023-12-01,1,0,1
10,2024-01-01,0,0,0
10,2024-02-01,0,0,0
10,2024-03-01,0,1,1
10,2024-04-01,1,1,2
10,2024-05-01,0,0,0
10,2024-06-01,0,1,1
10,2024-07-01,0,0,0
10,2024-08-01,0,1,1
10,2024-09-01,0,0,0
10,2024-10-01,0,0,0
10,2024-11-01,0,0,0
10,2024-12-01,1,1,2
10,2025-01-01,0,0,0
10,2025-02-01,1,1,2
10,2025-03-01,0,0,0
10,2025-04-01,0,1,1
10,2025-05-01,0,0,0
10,2025-06-01,1,1,2
10,2025-07-01,0,0,0
10,2025-08-01,0,0,0
10,2025-09-01,0,0,0
10,2025-10-01,0,0,0
10,2025-11-01,0,1,1
10,2025-12-01,0,0,0
11,2018-01-01,0,0,0
11,2018-02-01,0,0,0
11,2018-03-01,0,0,0
11,2018-04-01,0,0,0
11,2018-05-01,0,0,0
11,2018-06-01,0,0,0
11,2018-07-01,0,0,0
11,2018-08-01,0,0,0
11,2018-09-01,0,0,0
11,2018-10-01,0,0,0
11,2018-11-01,0,0,0
11,2018-12-01,0,0,0
11,2019-01-01,0,0,0
11,2019-02-01,0,0,0
11,2019-03-01,0,0,0
11,2019-04-01,0,0,0
11,2019-05-01,0,0,0
11,2019-06-01,0,0,0
11,2019-07-01,0,0,0
11,2019-08-01,0,0,0
11,2019-09-01,0,0,0
11,2019-10-01,0,0,0
11,2019-11-01,0,0,0
11,2019-12-01,0,0,0
11,2020-01-01,0,0,0
11,2020-02-01,0,0,0
11,2020-03-01,0,0,0
11,2020-04-01,0,0,0
11,2020-05-01,0,0,0
11,2020-06-01,0,0,0
11,2020-07-01,0,0,0
11,2020-08-01,0,0,0
11,2020-09-01,0,0,0
11,2020-10-01,0,0,0
11,2020-11-01,0,0,0
11,2020-12-01,0,0,0
11,2021-01-01,0,0,0
11,2021-02-01,0,0,0
11,2021-03-01,0,0,0
11,2021-04-01,0,0,0
11,2021-05-01,0,0,0
11,2021-06-01,0,0,0
11,2021-07-01,0,0,0
11,2021-08-01,0,0,0
11,2021-09-01,0,0,0
11,2021-10-01,0,0,0
11,2021-11-01,0,0,0
11,2021-12-01,0,0,0
11,2022-01-01,0,0,0
11,2022-02-01,0,0,0
11,2022-03-01,0,0,0
11,2022-04-01,0,0,0
11,2022-05-01,0,0,0
11,2022-06-01,0,0,0
11,2022-07-01,0,0,0
11,2022-08-01,0,0,0
11,2022-09-01,0,0,0
11,2022-10-01,0,0,0
11,2022-11-01,0,0,0
11,2022-12-01,0,0,0
11,2023-01-01,0,0,0
11,2023-02-01,0,0,0
11,2023-03-01,0,0,0
11,2023-04-01,0,0,0
11,2023-05-01,0,0,0
11,2023-06-01,0,0,0
11,2023-07-01,0,0,0
11,2023-08-01,0,0,0
11,2023-09-01,0,0,0
11,2023-10-01,0,0,0
11,2023-11-01,0,0,0
11,2023-12-01,0,0,0
11,2024-01-01,0,0,0
11,2024-02-01,0,0,0
11,2024-03-01,0,0,0
11,2024-04-01,0,0,0
11,2024-05-01,0,0,0
11,2024-06-01,0,0,0
11,2024-07-01,0,0,0
11,2024-08-01,0,0,0
11,2024-09-01,0,0,0
11,2024-10-01,0,0,0
11,2024-11-01,0,0,0
11,2024-12-01,0,0,0
11,2025-01-01,0,0,0
11,2025-02-01,0,0,0
11,2025-03-01,0,0,0
11,2025-04-01,0,0,0
11,2025-05-01,0,0,0
11,2025-06-01,0,0,0
11,2025-07-01,0,0,0
11,2025-08-01,0,0,0
11,2025-09-01,0,0,0
11,2025-10-01,0,0,0
11,2025-11-01,0,0,0
11,2025-12-01,0,0,0
12,2018-01-01,0,0,0
12,2018-02-01,0,0,0
12,2018-03-01,0,0,0
12,2018-04-01,0,0,0
12,2018-05-01,0,0,0
12,2018-06-01,0,0,0
12,2018-07-01,0,0,0
12,2018-08-01,0,0,0
12,2018-09-01,0,0,0
12,2018-10-01,0,0,0
12,2018-11-01,0,0,0
12,2018-12-01,0,0,0
12,2019-01-01,0,0,0
12,2019-02-01,0,0,0
12,2019-03-01,0,0,0
12,2019-04-01,0,0,0
12,2019-05-01,0,0,0
12,2019-06-01,0,0,0
12,2019-07-01,0,0,0
12,2019-08-01,0,0,0
12,2019-09-01,0,0,0
12,2019-10-01,0,0,0
12,2019-11-01,0,0,0
12,2019-12-01,0,0,0
12,2020-01-01,0,0,0
12,2020-02-01,0,0,0
12,2020-03-01,0,0,0
12,2020-04-01,0,0,0
12,2020-05-01,0,0,0
12,2020-06-01,0,0,0
12,2020-07-01,0,0,0
12,2020-08-01,0,0,0
12,2020-09-01,0,0,0
12,2020-10-01,0,0,0
12,2020-11-01,0,0,0
12,2020-12-01,0,0,0
12,2021-01-01,0,0,0
12,2021-02-01,0,0,0
12,2021-03-01,0,0,0
12,2021-04-01,0,0,0
12,2021-05-01,0,0,0
12,2021-06-01,0,0,0
12,2021-07-01,0,0,0
12,2021-08-01,0,0,0
12,2021-09-01,0,0,0
12,2021-10-01,0,0,0
12,2021-11-01,0,0,0
12,2021-12-01,0,0,0
12,2022-01-01,0,0,0
12,2022-02-01,0,0,0
12,2022-03-01,0,0,0
12,2022-04-01,0,0,0
12,2022-05-01,0,0,0
12,2022-06-01,0,0,0
12,2022-07-01,0,0,0
12,2022-08-01,0,0,0
12,2022-09-01,0,0,0
12,2022-10-01,0,0,0
12,2022-11-01,0,0,0
12,2022-12-01,0,0,0
12,2023-01-01,0,0,0
12,2023-02-01,0,0,0
12,2023-03-01,0,0,0
12,2023-04-01,0,0,0
12,2023-05-01,0,0,0
12,2023-06-01,0,0,0
12,2023-07-01,0,0,0
12,2023-08-01,0,0,0
12,2023-09-01,0,0,0
12,2023-10-01,0,0,0
12,2023-11-01,0,0,0
12,2023-12-01,0,0,0
12,2024-01-01,0,0,0
12,2024-02-01,0,0,0
12,2024-03-01,0,0,0
12,2024-04-01,0,0,0
12,2024-05-01,0,0,0
12,2024-06-01,0,0,0
12,2024-07-01,0,0,0
12,2024-08-01,0,0,0
12,2024-09-01,0,0,0
12,2024-10-01,0,0,0
12,2024-11-01,0,0,0
12,2024-12-01,0,0,0
12,2025-01-01,0,0,0
12,2025-02-01,0,0,0
12,2025-03-01,0,0,0
12,2025-04-01,0,0,0
12,2025-05-01,0,0,0
12,2025-06-01,0,0,0
12,2025-07-01,0,0,0
12,2025-08-01,0,0,0
12,2025-09-01,0,0,0
12,2025-10-01,0,0,0
12,2025-11-01,0,0,0
12,2025-12-01,0,0,0
13,2018-01-01,1,1,2
13,2018-02-01,0,0,0
13,2018-03-01,0,0,0
13,2018-04-01,0,0,0
13,2018-05-01,0,0,0
13,2018-06-01,0,0,0
13,2018-07-01,0,0,0
13,2018-08-01,1,0,1
13,2018-09-01,0,1,1
13,2018-10-01,0,0,0
13,2018-11-01,0,0,0
13,2018-12-01,0,0,0
13,2019-01-01,0,0,0
13,2019-02-01,0,0,0
13,2019-03-01,1,2,3
13,2019-04-01,0,0,0
13,2019-05-01,0,0,0
13,2019-06-01,0,0,0
13,2019-07-01,0,0,0
13,2019-08-01,1,1,2
13,2019-09-01,0,0,0
13,2019-10-01,0,1,1
13,2019-11-01,0,0,0
13,2019-12-01,0,0,0
13,2020-01-01,0,0,0
13,2020-02-01,0,0,0
13,2020-03-01,0,0,0
13,2020-04-01,0,0,0
13,2020-05-01,0,0,0
13,2020-06-01,1,0,1
13,2020-07-01,0,0,0
13,2020-08-01,1,2,3
13,2020-09-01,0,0,0
13,2020-10-01,1,2,3
13,2020-11-01,0,0,0
13,2020-12-01,0,0,0
13,2021-01-01,0,0,0
13,2021-02-01,1,0,1
13,2021-03-01,0,0,0
13,2021-04-01,0,0,0
13,2021-05-01,0,0,0
13,2021-06-01,2,1,3
13,2021-07-01,0,0,0
13,2021-08-01,0,1,1
13,2021-09-01,0,0,0
13,2021-10-01,1,0,1
13,2021-11-01,0,0,0
13,2021-12-01,0,1,1
13,2022-01-01,0,0,0
13,2022-02-01,0,0,0
13,2022-03-01,0,1,1
13,2022-04-01,0,0,0
13,2022-05-01,0,0,0
13,2022-06-01,0,0,0
13,2022-07-01,2,3,5
13,2022-08-01,0,0,0
13,2022-09-01,1,1,2
13,2022-10-01,0,0,0
13,2022-11-01,1,0,1
13,2022-12-01,0,0,0
13,2023-01-01,0,1,1
13,2023-02-01,0,0,0
13,2023-03-01,0,0,0
13,2023-04-01,0,0,0
13,2023-05-01,0,0,0
13,2023-06-01,0,0,0
13,2023-07-01,0,1,1
13,2023-08-01,0,0,0
13,2023-09-01,0,0,0
13,2023-10-01,1,0,1
13,2023-11-01,0,1,1
13,2023-12-01,0,2,2
13,2024-01-01,0,0,0
13,2024-02-01,1,0,1
13,2024-03-01,0,0,0
13,2024-04-01,0,0,0
13,2024-05-01,0,0,0
13,2024-06-01,0,0,0
13,2024-07-01,1,0,1
13,2024-08-01,0,0,0
13,2024-09-01,0,0,0
13,2024-10-01,0,0,0
13,2024-11-01,0,0,0
13,2024-12-01,0,1,1
13,2025-01-01,0,0,0
13,2025-02-01,0,0,0
13,2025-03-01,0,0,0
13,2025-04-01,0,0,0
13,2025-05-01,0,2,2
13,2025-06-01,0,1,1
13,2025-07-01,0,1,1
13,2025-08-01,0,0,0
13,2025-09-01,1,0,1
13,2025-10-01,0,0,0
13,2025-11-01,0,0,0
13,2025-12-01,0,0,0
14,2018-01-01,1,1,2
14,2018-02-01,0,0,0
14,2018-03-01,0,0,0
14,2018-04-01,0,0,0
14,2018-05-01,0,0,0
14,2018-06-01,0,0,0
14,2018-07-01,0,0,0
14,2018-08-01,0,0,0
14,2018-09-01,0,0,0
14,2018-10-01,0,0,0
14,2018-11-01,0,0,0
14,2018-12-01,0,0,0
14,2019-01-01,0,0,0
14,2019-02-01,0,0,0
14,2019-03-01,0,0,0
14,2019-04-01,0,0,0
14,2019-05-01,0,0,0
14,2019-06-01,0,0,0
14,2019-07-01,0,0,0
14,2019-08-01,0,0,0
14,2019-09-01,0,0,0
14,2019-10-01,0,0,0
14,2019-11-01,0,0,0
14,2019-12-01,0,0,0
14,2020-01-01,0,1,1
14,2020-02-01,0,0,0
14,2020-03-01,0,0,0
14,2020-04-01,0,0,0
14,2020-05-01,0,0,0
14,2020-06-01,0,0,0
14,2020-07-01,0,1,1
14,2020-08-01,1,1,2
14,2020-09-01,0,0,0
14,2020-10-01,0,0,0
14,2020-11-01,1,1,2
14,2020-12-01,1,1,2
14,2021-01-01,0,1,1
14,2021-02-01,1,0,1
14,2021-03-01,0,0,0
14,2021-04-01,1,1,2
14,2021-05-01,2,4,6
14,2021-06-01,3,2,5
14,2021-07-01,0,1,1
14,2021-08-01,1,1,2
14,2021-09-01,0,0,0
14,2021-10-01,1,2,3
14,2021-11-01,1,2,3
14,2021-12-01,0,0,0
14,2022-01-01,0,0,0
14,2022-02-01,0,0,0
14,2022-03-01,0,0,0
14,2022-04-01,0,0,0
14,2022-05-01,1,1,2
14,2022-06-01,0,2,2
14,2022-07-01,1,1,2
14,2022-08-01,0,0,0
14,2022-09-01,0,0,0
14,2022-10-01,0,0,0
14,2022-11-01,0,2,2
14,2022-12-01,0,1,1
14,2023-01-01,0,1,1
14,2023-02-01,1,0,1
14,2023-03-01,0,0,0
14,2023-04-01,1,1,2
14,2023-05-01,0,0,0
14,2023-06-01,0,1,1
14,2023-07-01,1,0,1
14,2023-08-01,0,0,0
14,2023-09-01,0,1,1
14,2023-10-01,2,0,2
14,2023-11-01,0,1,1
14,2023-12-01,0,1,1
14,2024-01-01,1,0,1
14,2024-02-01,1,0,1
14,2024-03-01,1,0,1
14,2024-04-01,0,0,0
14,2024-05-01,0,0,0
14,2024-06-01,1,0,1
14,2024-07-01,0,0,0
14,2024-08-01,0,0,0
14,2024-09-01,2,0,2
14,2024-10-01,0,0,0
14,2024-11-01,0,0,0
14,2024-12-01,0,1,1
14,2025-01-01,0,1,1
14,2025-02-01,0,0,0
14,2025-03-01,0,1,1
14,2025-04-01,0,0,0
14,2025-05-01,0,0,0
14,2025-06-01,1,2,3
14,2025-07-01,0,0,0
14,2025-08-01,1,0,1
14,2025-09-01,0,0,0
14,2025-10-01,0,0,0
14,2025-11-01,1,0,1
14,2025-12-01,0,1,1
15,2018-01-01,0,0,0
15,2018-02-01,0,0,0
15,2018-03-01,0,0,0
15,2018-04-01,0,0,0
15,2018-05-01,0,0,0
15,2018-06-01,0,0,0
15,2018-07-01,0,0,0
15,2018-08-01,0,0,0
15,2018-09-01,0,0,0
15,2018-10-01,0,0,0
15,2018-11-01,0,0,0
15,2018-12-01,0,0,0
15,2019-01-01,0,0,0
15,2019-02-01,0,0,0
15,2019-03-01,0,0,0
15,2019-04-01,0,0,0
15,2019-05-01,0,0,0
15,2019-06-01,0,0,0
15,2019-07-01,0,0,0
15,2019-08-01,0,0,0
15,2019-09-01,0,0,0
15,2019-10-01,0,0,0
15,2019-11-01,0,0,0
15,2019-12-01,0,0,0
15,2020-01-01,0,0,0
15,2020-02-01,0,0,0
15,2020-03-01,0,0,0
15,2020-04-01,0,0,0
15,2020-05-01,0,0,0
15,2020-06-01,0,0,0
15,2020-07-01,0,0,0
15,2020-08-01,0,0,0
15,2020-09-01,0,0,0
15,2020-10-01,0,0,0
15,2020-11-01,0,0,0
15,2020-12-01,0,0,0
15,2021-01-01,0,0,0
15,2021-02-01,0,0,0
15,2021-03-01,0,0,0
15,2021-04-01,0,0,0
15,2021-05-01,0,0,0
15,2021-06-01,0,0,0
15,2021-07-01,0,0,0
15,2021-08-01,0,0,0
15,2021-09-01,0,0,0
15,2021-10-01,0,0,0
15,2021-11-01,0,0,0
15,2021-12-01,0,0,0
15,2022-01-01,0,0,0
15,2022-02-01,0,0,0
15,2022-03-01,0,0,0
15,2022-04-01,0,0,0
15,2022-05-01,0,0,0
15,2022-06-01,0,0,0
15,2022-07-01,0,0,0
15,2022-08-01,0,0,0
15,2022-09-01,0,0,0
15,2022-10-01,0,0,0
15,2022-11-01,0,0,0
15,2022-12-01,0,0,0
15,2023-01-01,0,0,0
15,2023-02-01,0,0,0
15,2023-03-01,0,0,0
15,2023-04-01,0,0,0
15,2023-05-01,0,0,0
15,2023-06-01,0,0,0
15,2023-07-01,0,0,0
15,2023-08-01,0,0,0
15,2023-09-01,0,0,0
15,2023-10-01,0,0,0
15,2023-11-01,0,0,0
15,2023-12-01,0,0,0
15,2024-01-01,0,0,0
15,2024-02-01,0,0,0
15,2024-03-01,0,0,0
15,2024-04-01,0,0,0
15,2024-05-01,0,0,0
15,2024-06-01,0,0,0
15,2024-07-01,0,0,0
15,2024-08-01,0,0,0
15,2024-09-01,0,0,0
15,2024-10-01,0,0,0
15,2024-11-01,0,0,0
15,2024-12-01,0,0,0
15,2025-01-01,0,0,0
15,2025-02-01,0,0,0
15,2025-03-01,0,0,0
15,2025-04-01,0,0,0
15,2025-05-01,0,0,0
15,2025-06-01,0,0,0
15,2025-07-01,0,0,0
15,2025-08-01,0,0,0
15,2025-09-01,0,0,0
15,2025-10-01,0,0,0
15,2025-11-01,0,0,0
15,2025-12-01,0,0,0
16,2018-01-01,0,0,0
16,2018-02-01,0,0,0
16,2018-03-01,0,0,0
16,2018-04-01,0,0,0
16,2018-05-01,0,0,0
16,2018-06-01,0,0,0
16,2018-07-01,0,0,0
16,2018-08-01,0,0,0
16,2018-09-01,0,0,0
16,2018-10-01,0,0,0
16,2018-11-01,0,0,0
16,2018-12-01,0,0,0
16,2019-01-01,0,0,0
16,2019-02-01,0,0,0
16,2019-03-01,0,0,0
16,2019-04-01,0,0,0
16,2019-05-01,0,0,0
16,2019-06-01,0,0,0
16,2019-07-01,0,0,0
16,2019-08-01,0,0,0
16,2019-09-01,0,0,0
16,2019-10-01,0,0,0
16,2019-11-01,0,0,0
16,2019-12-01,0,0,0
16,2020-01-01,0,0,0
16,2020-02-01,0,0,0
16,2020-03-01,0,0,0
16,2020-04-01,0,0,0
16,2020-05-01,0,0,0
16,2020-06-01,0,0,0
16,2020-07-01,0,0,0
16,2020-08-01,0,0,0
16,2020-09-01,0,0,0
16,2020-10-01,0,0,0
16,2020-11-01,0,0,0
16,2020-12-01,0,0,0
16,2021-01-01,0,0,0
16,2021-02-01,0,0,0
16,2021-03-01,0,0,0
16,2021-04-01,0,0,0
16,2021-05-01,0,0,0
16,2021-06-01,0,0,0
16,2021-07-01,0,0,0
16,2021-08-01,0,0,0
16,2021-09-01,0,0,0
16,2021-10-01,0,0,0
16,2021-11-01,0,0,0
16,2021-12-01,0,0,0
16,2022-01-01,0,0,0
16,2022-02-01,0,0,0
16,2022-03-01,0,0,0
16,2022-04-01,0,0,0
16,2022-05-01,0,0,0
16,2022-06-01,0,0,0
16,2022-07-01,0,0,0
16,2022-08-01,0,0,0
16,2022-09-01,0,0,0
16,2022-10-01,0,0,0
16,2022-11-01,0,0,0
16,2022-12-01,0,0,0
16,2023-01-01,0,0,0
16,2023-02-01,0,0,0
16,2023-03-01,0,0,0
16,2023-04-01,0,0,0
16,2023-05-01,0,0,0
16,2023-06-01,0,0,0
16,2023-07-01,0,0,0
16,2023-08-01,0,0,0
16,2023-09-01,0,0,0
16,2023-10-01,0,0,0
16,2023-11-01,0,0,0
16,2023-12-01,0,0,0
16,2024-01-01,0,0,0
16,2024-02-01,0,0,0
16,2024-03-01,0,0,0
16,2024-04-01,0,0,0
16,2024-05-01,0,0,0
16,2024-06-01,0,0,0
16,2024-07-01,0,0,0
16,2024-08-01,0,0,0
16,2024-09-01,0,0,0
16,2024-10-01,0,0,0
16,2024-11-01,0,0,0
16,2024-12-01,0,0,0
16,2025-01-01,0,0,0
16,2025-02-01,0,0,0
16,2025-03-01,0,0,0
16,2025-04-01,0,0,0
16,2025-05-01,0,0,0
16,2025-06-01,0,0,0
16,2025-07-01,0,0,0
16,2025-08-01,0,0,0
16,2025-09-01,0,0,0
16,2025-10-01,0,0,0
16,2025-11-01,0,0,0
16,2025-12-01,0,0,0
17,2018-01-01,0,0,0
17,2018-02-01,0,0,0
17,2018-03-01,0,0,0
17,2018-04-01,0,0,0
17,2018-05-01,0,0,0
17,2018-06-01,0,0,0
17,2018-07-01,0,0,0
17,2018-08-01,0,0,0
17,2018-09-01,0,0,0
17,2018-10-01,0,0,0
17,2018-11-01,0,0,0
17,2018-12-01,0,0,0
17,2019-01-01,0,0,0
17,2019-02-01,0,0,0
17,2019-03-01,0,0,0
17,2019-04-01,0,0,0
17,2019-05-01,0,0,0
17,2019-06-01,0,0,0
17,2019-07-01,0,0,0
17,2019-08-01,0,0,0
17,2019-09-01,0,0,0
17,2019-10-01,1,0,1
17,2019-11-01,0,0,0
17,2019-12-01,0,0,0
17,2020-01-01,0,0,0
17,2020-02-01,0,0,0
17,2020-03-01,0,0,0
17,2020-04-01,0,0,0
17,2020-05-01,0,0,0
17,2020-06-01,0,0,0
17,2020-07-01,0,0,0
17,2020-08-01,0,0,0
17,2020-09-01,0,0,0
17,2020-10-01,0,0,0
17,2020-11-01,0,0,0
17,2020-12-01,0,0,0
17,2021-01-01,0,0,0
17,2021-02-01,0,0,0
17,2021-03-01,0,0,0
17,2021-04-01,0,0,0
17,2021-05-01,0,0,0
17,2021-06-01,0,0,0
17,2021-07-01,0,0,0
17,2021-08-01,1,0,1
17,2021-09-01,0,0,0
17,2021-10-01,0,0,0
17,2021-11-01,0,0,0
17,2021-12-01,0,0,0
17,2022-01-01,0,0,0
17,2022-02-01,0,0,0
17,2022-03-01,2,1,3
17,2022-04-01,0,0,0
17,2022-05-01,0,0,0
17,2022-06-01,0,0,0
17,2022-07-01,0,0,0
17,2022-08-01,0,0,0
17,2022-09-01,0,0,0
17,2022-10-01,0,0,0
17,2022-11-01,0,0,0
17,2022-12-01,0,0,0
17,2023-01-01,0,0,0
17,2023-02-01,0,0,0
17,2023-03-01,0,0,0
17,2023-04-01,0,0,0
17,2023-05-01,0,0,0
17,2023-06-01,0,0,0
17,2023-07-01,0,0,0
17,2023-08-01,0,0,0
17,2023-09-01,0,0,0
17,2023-10-01,0,0,0
17,2023-11-01,0,0,0
17,2023-12-01,0,1,1
17,2024-01-01,0,0,0
17,2024-02-01,0,0,0
17,2024-03-01,0,0,0
17,2024-04-01,0,1,1
17,2024-05-01,0,0,0
17,2024-06-01,0,0,0
17,2024-07-01,0,0,0
17,2024-08-01,0,0,0
17,2024-09-01,0,0,0
17,2024-10-01,0,0,0
17,2024-11-01,0,0,0
17,2024-12-01,0,0,0
17,2025-01-01,0,0,0
17,2025-02-01,0,0,0
17,2025-03-01,0,0,0
17,2025-04-01,0,0,0
17,2025-05-01,0,0,0
17,2025-06-01,0,0,0
17,2025-07-01,0,0,0
17,2025-08-01,0,0,0
17,2025-09-01,0,0,0
17,2025-10-01,0,0,0
17,2025-11-01,0,0,0
17,2025-12-01,0,0,0
18,2018-01-01,0,0,0
18,2018-02-01,0,0,0
18,2018-03-01,0,0,0
18,2018-04-01,0,0,0
18,2018-05-01,0,0,0
18,2018-06-01,0,1,1
18,2018-07-01,0,0,0
18,2018-08-01,0,0,0
18,2018-09-01,0,1,1
18,2018-10-01,0,0,0
18,2018-11-01,0,0,0
18,2018-12-01,0,0,0
18,2019-01-01,0,0,0
18,2019-02-01,0,0,0
18,2019-03-01,0,0,0
18,2019-04-01,0,0,0
18,2019-05-01,0,0,0
18,2019-06-01,0,0,0
18,2019-07-01,0,0,0
18,2019-08-01,0,0,0
18,2019-09-01,0,0,0
18,2019-10-01,1,1,2
18,2019-11-01,0,1,1
18,2019-12-01,0,0,0
18,2020-01-01,1,0,1
18,2020-02-01,0,0,0
18,2020-03-01,0,0,0
18,2020-04-01,0,0,0
18,2020-05-01,0,0,0
18,2020-06-01,0,0,0
18,2020-07-01,0,0,0
18,2020-08-01,1,1,2
18,2020-09-01,0,0,0
18,2020-10-01,0,0,0
18,2020-11-01,0,0,0
18,2020-12-01,0,0,0
18,2021-01-01,0,1,1
18,2021-02-01,0,0,0
18,2021-03-01,1,2,3
18,2021-04-01,0,0,0
18,2021-05-01,0,0,0
18,2021-06-01,0,0,0
18,2021-07-01,0,0,0
18,2021-08-01,0,2,2
18,2021-09-01,0,0,0
18,2021-10-01,0,0,0
18,2021-11-01,0,0,0
18,2021-12-01,0,1,1
18,2022-01-01,2,1,3
18,2022-02-01,1,1,2
18,2022-03-01,0,0,0
18,2022-04-01,0,1,1
18,2022-05-01,2,2,4
18,2022-06-01,0,0,0
18,2022-07-01,1,1,2
18,2022-08-01,0,2,2
18,2022-09-01,0,0,0
18,2022-10-01,0,2,2
18,2022-11-01,0,0,0
18,2022-12-01,0,0,0
18,2023-01-01,1,0,1
18,2023-02-01,0,1,1
18,2023-03-01,1,0,1
18,2023-04-01,1,1,2
18,2023-05-01,0,1,1
18,2023-06-01,0,0,0
18,2023-07-01,0,0,0
18,2023-08-01,0,0,0
18,2023-09-01,0,2,2
18,2023-10-01,0,2,2
18,2023-11-01,1,2,3
18,2023-12-01,0,1,1
18,2024-01-01,0,0,0
18,2024-02-01,0,1,1
18,2024-03-01,0,0,0
18,2024-04-01,2,0,2
18,2024-05-01,0,0,0
18,2024-06-01,0,0,0
18,2024-07-01,0,0,0
18,2024-08-01,0,1,1
18,2024-09-01,2,1,3
18,2024-10-01,1,0,1
18,2024-11-01,0,0,0
18,2024-12-01,2,0,2
18,2025-01-01,0,0,0
18,2025-02-01,0,0,0
18,2025-03-01,0,0,0
18,2025-04-01,1,0,1
18,2025-05-01,0,0,0
18,2025-06-01,0,0,0
18,2025-07-01,2,0,2
18,2025-08-01,0,0,0
18,2025-09-01,0,0,0
18,2025-10-01,0,0,0
18,2025-11-01,2,0,2
18,2025-12-01,0,0,0
19,2018-01-01,0,0,0
19,2018-02-01,0,0,0
19,2018-03-01,0,0,0
19,2018-04-01,1,0,1
19,2018-05-01,0,0,0
19,2018-06-01,0,0,0
19,2018-07-01,1,1,2
19,2018-08-01,0,1,1
19,2018-09-01,0,0,0
19,2018-10-01,0,1,1
19,2018-11-01,0,0,0
19,2018-12-01,0,0,0
19,2019-01-01,0,0,0
19,2019-02-01,0,0,0
19,2019-03-01,0,0,0
19,2019-04-01,0,0,0
19,2019-05-01,0,0,0
19,2019-06-01,0,0,0
19,2019-07-01,0,0,0
19,2019-08-01,0,0,0
19,2019-09-01,0,0,0
19,2019-10-01,0,0,0
19,2019-11-01,1,0,1
19,2019-12-01,0,0,0
19,2020-01-01,0,0,0
19,2020-02-01,0,0,0
19,2020-03-01,0,0,0
19,2020-04-01,0,0,0
19,2020-05-01,0,0,0
19,2020-06-01,1,0,1
19,2020-07-01,0,1,1
19,2020-08-01,0,0,0
19,2020-09-01,0,0,0
19,2020-10-01,0,0,0
19,2020-11-01,0,0,0
19,2020-12-01,0,0,0
19,2021-01-01,1,1,2
19,2021-02-01,0,0,0
19,2021-03-01,0,0,0
19,2021-04-01,2,1,3
19,2021-05-01,0,0,0
19,2021-06-01,0,0,0
19,2021-07-01,0,0,0
19,2021-08-01,1,0,1
19,2021-09-01,1,1,2
19,2021-10-01,0,0,0
19,2021-11-01,0,0,0
19,2021-12-01,1,0,1
19,2022-01-01,1,0,1
19,2022-02-01,0,0,0
19,2022-03-01,0,0,0
19,2022-04-01,0,0,0
19,2022-05-01,0,0,0
19,2022-06-01,1,0,1
19,2022-07-01,0,0,0
19,2022-08-01,0,0,0
19,2022-09-01,0,0,0
19,2022-10-01,0,0,0
19,2022-11-01,0,0,0
19,2022-12-01,0,0,0
19,2023-01-01,0,0,0
19,2023-02-01,0,0,0
19,2023-03-01,1,0,1
19,2023-04-01,0,0,0
19,2023-05-01,0,0,0
19,2023-06-01,0,0,0
19,2023-07-01,0,0,0
19,2023-08-01,1,0,1
19,2023-09-01,0,0,0
19,2023-10-01,1,0,1
19,2023-11-01,0,1,1
19,2023-12-01,1,3,4
19,2024-01-01,0,0,0
19,2024-02-01,1,0,1
19,2024-03-01,0,0,0
19,2024-04-01,0,0,0
19,2024-05-01,0,0,0
19,2024-06-01,1,0,1
19,2024-07-01,1,0,1
19,2024-08-01,0,0,0
19,2024-09-01,0,0,0
19,2024-10-01,0,0,0
19,2024-11-01,0,0,0
19,2024-12-01,0,1,1
19,2025-01-01,0,0,0
19,2025-02-01,0,1,1
19,2025-03-01,0,0,0
19,2025-04-01,0,1,1
19,2025-05-01,0,1,1
19,2025-06-01,0,0,0
19,2025-07-01,0,0,0
19,2025-08-01,0,0,0
19,2025-09-01,0,0,0
19,2025-10-01,0,0,0
19,2025-11-01,0,1,1
19,2025-12-01,0,0,0
20,2018-01-01,0,0,0
20,2018-02-01,0,0,0
20,2018-03-01,0,0,0
20,2018-04-01,0,0,0
20,2018-05-01,1,2,3
20,2018-06-01,0,1,1
20,2018-07-01,0,0,0
20,2018-08-01,0,0,0
20,2018-09-01,0,0,0
20,2018-10-01,0,0,0
20,2018-11-01,0,0,0
20,2018-12-01,0,0,0
20,2019-01-01,0,0,0
20,2019-02-01,0,1,1
20,2019-03-01,0,0,0
20,2019-04-01,0,0,0
20,2019-05-01,0,0,0
20,2019-06-01,0,0,0
20,2019-07-01,0,1,1
20,2019-08-01,1,1,2
20,2019-09-01,0,1,1
20,2019-10-01,1,1,2
20,2019-11-01,0,0,0
20,2019-12-01,0,0,0
20,2020-01-01,0,0,0
20,2020-02-01,0,0,0
20,2020-03-01,0,0,0
20,2020-04-01,0,0,0
20,2020-05-01,0,0,0
20,2020-06-01,1,1,2
20,2020-07-01,0,0,0
20,2020-08-01,0,0,0
20,2020-09-01,1,0,1
20,2020-10-01,0,2,2
20,2020-11-01,0,0,0
20,2020-12-01,2,2,4
20,2021-01-01,0,0,0
20,2021-02-01,0,1,1
20,2021-03-01,0,0,0
20,2021-04-01,0,0,0
20,2021-05-01,0,0,0
20,2021-06-01,1,0,1
20,2021-07-01,0,0,0
20,2021-08-01,0,0,0
20,2021-09-01,0,1,1
20,2021-10-01,2,1,3
20,2021-11-01,0,0,0
20,2021-12-01,0,0,0
20,2022-01-01,0,0,0
20,2022-02-01,0,0,0
20,2022-03-01,0,0,0
20,2022-04-01,0,2,2
20,2022-05-01,0,0,0
20,2022-06-01,0,1,1
20,2022-07-01,0,0,0
20,2022-08-01,1,0,1
20,2022-09-01,0,1,1
20,2022-10-01,0,0,0
20,2022-11-01,0,2,2
20,2022-12-01,0,1,1
20,2023-01-01,1,3,4
20,2023-02-01,0,1,1
20,2023-03-01,1,0,1
20,2023-04-01,0,0,0
20,2023-05-01,0,2,2
20,2023-06-01,0,3,3
20,2023-07-01,0,0,0
20,2023-08-01,0,0,0
20,2023-09-01,0,0,0
20,2023-10-01,0,0,0
20,2023-11-01,0,2,2
20,2023-12-01,1,1,2
20,2024-01-01,0,0,0
20,2024-02-01,0,0,0
20,2024-03-01,0,1,1
20,2024-04-01,0,0,0
20,2024-05-01,2,1,3
20,2024-06-01,0,0,0
20,2024-07-01,0,0,0
20,2024-08-01,0,0,0
20,2024-09-01,1,1,2
20,2024-10-01,1,0,1
20,2024-11-01,1,1,2
20,2024-12-01,0,1,1
20,2025-01-01,0,0,0
20,2025-02-01,0,0,0
20,2025-03-01,0,1,1
20,2025-04-01,0,0,0
20,2025-05-01,0,0,0
20,2025-06-01,0,0,0
20,2025-07-01,0,0,0
20,2025-08-01,0,0,0
20,2025-09-01,1,4,5
20,2025-10-01,0,0,0
20,2025-11-01,0,0,0
20,2025-12-01,0,0,0
21,2018-01-01,0,0,0
21,2018-02-01,0,0,0
21,2018-03-01,0,0,0
21,2018-04-01,0,0,0
21,2018-05-01,0,0,0
21,2018-06-01,0,0,0
21,2018-07-01,0,0,0
21,2018-08-01,0,0,0
21,2018-09-01,0,0,0
21,2018-10-01,0,0,0
21,2018-11-01,0,0,0
21,2018-12-01,0,0,0
21,2019-01-01,0,0,0
21,2019-02-01,0,0,0
21,2019-03-01,0,0,0
21,2019-04-01,0,0,0
21,2019-05-01,0,0,0
21,2019-06-01,0,0,0
21,2019-07-01,0,0,0
21,2019-08-01,0,0,0
21,2019-09-01,0,0,0
21,2019-10-01,0,0,0
21,2019-11-01,0,0,0
21,2019-12-01,0,0,0
21,2020-01-01,0,0,0
21,2020-02-01,0,0,0
21,2020-03-01,0,0,0
21,2020-04-01,0,0,0
21,2020-05-01,0,0,0
21,2020-06-01,0,0,0
21,2020-07-01,0,0,0
21,2020-08-01,0,0,0
21,2020-09-01,0,0,0
21,2020-10-01,0,0,0
21,2020-11-01,0,0,0
21,2020-12-01,0,0,0
21,2021-01-01,0,0,0
21,2021-02-01,0,0,0
21,2021-03-01,0,0,0
21,2021-04-01,0,0,0
21,2021-05-01,0,0,0
21,2021-06-01,0,0,0
21,2021-07-01,0,0,0
21,2021-08-01,0,0,0
21,2021-09-01,0,0,0
21,2021-10-01,0,0,0
21,2021-11-01,0,0,0
21,2021-12-01,0,0,0
21,2022-01-01,0,0,0
21,2022-02-01,0,0,0
21,2022-03-01,0,0,0
21,2022-04-01,0,0,0
21,2022-05-01,0,0,0
21,2022-06-01,0,0,0
21,2022-07-01,0,0,0
21,2022-08-01,0,0,0
21,2022-09-01,0,0,0
21,2022-10-01,0,0,0
21,2022-11-01,0,0,0
21,2022-12-01,0,0,0
21,2023-01-01,0,0,0
21,2023-02-01,0,0,0
21,2023-03-01,0,0,0
21,2023-04-01,0,0,0
21,2023-05-01,0,0,0
21,2023-06-01,0,0,0
21,2023-07-01,0,0,0
21,2023-08-01,0,0,0
21,2023-09-01,0,0,0
21,2023-10-01,0,0,0
21,2023-11-01,0,0,0
21,2023-12-01,0,0,0
21,2024-01-01,0,0,0
21,2024-02-01,0,0,0
21,2024-03-01,0,0,0
21,2024-04-01,0,0,0
21,2024-05-01,0,0,0
21,2024-06-01,0,0,0
21,2024-07-01,0,0,0
21,2024-08-01,0,0,0
21,2024-09-01,0,0,0
21,2024-10-01,0,0,0
21,2024-11-01,0,0,0
21,2024-12-01,0,0,0
21,2025-01-01,0,0,0
21,2025-02-01,0,0,0
21,2025-03-01,0,0,0
21,2025-04-01,0,0,0
21,2025-05-01,0,0,0
21,2025-06-01,0,0,0
21,2025-07-01,0,0,0
21,2025-08-01,0,0,0
21,2025-09-01,0,0,0
21,2025-10-01,0,0,0
21,2025-11-01,0,0,0
21,2025-12-01,0,0,0
22,2018-01-01,0,0,0
22,2018-02-01,0,0,0
22,2018-03-01,0,0,0
22,2018-04-01,0,0,0
22,2018-05-01,0,0,0
22,2018-06-01,0,0,0
22,2018-07-01,0,0,0
22,2018-08-01,0,0,0
22,2018-09-01,0,0,0
22,2018-10-01,0,0,0
22,2018-11-01,0,0,0
22,2018-12-01,0,0,0
22,2019-01-01,0,0,0
22,2019-02-01,0,0,0
22,2019-03-01,0,0,0
22,2019-04-01,0,0,0
22,2019-05-01,0,0,0
22,2019-06-01,0,0,0
22,2019-07-01,0,0,0
22,2019-08-01,0,0,0
22,2019-09-01,0,0,0
22,2019-10-01,0,0,0
22,2019-11-01,0,0,0
22,2019-12-01,0,0,0
22,2020-01-01,0,0,0
22,2020-02-01,0,0,0
22,2020-03-01,0,0,0
22,2020-04-01,0,0,0
22,2020-05-01,0,0,0
22,2020-06-01,1,1,2
22,2020-07-01,0,0,0
22,2020-08-01,0,0,0
22,2020-09-01,0,0,0
22,2020-10-01,0,0,0
22,2020-11-01,0,0,0
22,2020-12-01,0,0,0
22,2021-01-01,0,0,0
22,2021-02-01,0,0,0
22,2021-03-01,0,0,0
22,2021-04-01,0,0,0
22,2021-05-01,0,0,0
22,2021-06-01,0,0,0
22,2021-07-01,0,0,0
22,2021-08-01,0,0,0
22,2021-09-01,0,0,0
22,2021-10-01,0,0,0
22,2021-11-01,0,0,0
22,2021-12-01,0,0,0
22,2022-01-01,0,0,0
22,2022-02-01,0,0,0
22,2022-03-01,0,0,0
22,2022-04-01,0,0,0
22,2022-05-01,0,0,0
22,2022-06-01,0,0,0
22,2022-07-01,0,0,0
22,2022-08-01,0,0,0
22,2022-09-01,0,0,0
22,2022-10-01,0,0,0
22,2022-11-01,0,0,0
22,2022-12-01,0,0,0
22,2023-01-01,0,0,0
22,2023-02-01,0,0,0
22,2023-03-01,0,0,0
22,2023-04-01,0,0,0
22,2023-05-01,0,0,0
22,2023-06-01,0,0,0
22,2023-07-01,0,0,0
22,2023-08-01,0,0,0
22,2023-09-01,0,0,0
22,2023-10-01,0,0,0
22,2023-11-01,0,0,0
22,2023-12-01,0,0,0
22,2024-01-01,0,0,0
22,2024-02-01,0,0,0
22,2024-03-01,0,0,0
22,2024-04-01,0,0,0
22,2024-05-01,0,0,0
22,2024-06-01,0,0,0
22,2024-07-01,0,0,0
22,2024-08-01,0,0,0
22,2024-09-01,0,0,0
22,2024-10-01,0,0,0
22,2024-11-01,0,0,0
22,2024-12-01,0,0,0
22,2025-01-01,0,0,0
22,2025-02-01,0,0,0
22,2025-03-01,0,0,0
22,2025-04-01,0,0,0
22,2025-05-01,0,0,0
22,2025-06-01,0,0,0
22,2025-07-01,0,0,0
22,2025-08-01,0,0,0
22,2025-09-01,0,0,0
22,2025-10-01,0,0,0
22,2025-11-01,0,0,0
22,2025-12-01,0,0,0
23,2018-01-01,0,0,0
23,2018-02-01,1,0,1
23,2018-03-01,0,1,1
23,2018-04-01,2,2,4
23,2018-05-01,2,3,5
23,2018-06-01,1,5,6
23,2018-07-01,2,3,5
23,2018-08-01,2,3,5
23,2018-09-01,1,3,4
23,2018-10-01,1,2,3
23,2018-11-01,0,0,0
23,2018-12-01,1,1,2
23,2019-01-01,1,4,5
23,2019-02-01,3,2,5
23,2019-03-01,1,1,2
23,2019-04-01,1,5,6
23,2019-05-01,2,4,6
23,2019-06-01,2,5,7
23,2019-07-01,4,7,11
23,2019-08-01,1,5,6
23,2019-09-01,3,6,9
23,2019-10-01,1,3,4
23,2019-11-01,2,3,5
23,2019-12-01,2,3,5
23,2020-01-01,0,3,3
23,2020-02-01,1,0,1
23,2020-03-01,1,3,4
23,2020-04-01,4,5,9
23,2020-05-01,2,2,4
23,2020-06-01,8,7,15
23,2020-07-01,7,15,22
23,2020-08-01,3,6,9
23,2020-09-01,2,8,10
23,2020-10-01,2,5,7
23,2020-11-01,3,5,8
23,2020-12-01,4,5,9
23,2021-01-01,3,5,8
23,2021-02-01,1,1,2
23,2021-03-01,3,7,10
23,2021-04-01,0,4,4
23,2021-05-01,7,8,15
23,2021-06-01,2,6,8
23,2021-07-01,5,14,19
23,2021-08-01,2,13,15
23,2021-09-01,3,7,10
23,2021-10-01,0,7,7
23,2021-11-01,5,11,16
23,2021-12-01,3,13,16
23,2022-01-01,1,6,7
23,2022-02-01,2,11,13
23,2022-03-01,1,6,7
23,2022-04-01,0,5,5
23,2022-05-01,3,16,19
23,2022-06-01,1,7,8
23,2022-07-01,3,9,12
23,2022-08-01,2,9,11
23,2022-09-01,1,12,13
23,2022-10-01,3,6,9
23,2022-11-01,0,7,7
23,2022-12-01,2,6,8
23,2023-01-01,3,7,10
23,2023-02-01,1,1,2
23,2023-03-01,1,5,6
23,2023-04-01,1,3,4
23,2023-05-01,1,6,7
23,2023-06-01,2,3,5
23,2023-07-01,2,4,6
23,2023-08-01,0,3,3
23,2023-09-01,2,4,6
23,2023-10-01,1,2,3
23,2023-11-01,0,0,0
23,2023-12-01,1,3,4
23,2024-01-01,1,0,1
23,2024-02-01,0,2,2
23,2024-03-01,0,9,9
23,2024-04-01,1,4,5
23,2024-05-01,0,8,8
23,2024-06-01,2,8,10
23,2024-07-01,1,10,11
23,2024-08-01,2,6,8
23,2024-09-01,1,7,8
23,2024-10-01,3,7,10
23,2024-11-01,0,5,5
23,2024-12-01,4,6,10
23,2025-01-01,0,4,4
23,2025-02-01,0,2,2
23,2025-03-01,3,6,9
23,2025-04-01,0,6,6
23,2025-05-01,1,11,12
23,2025-06-01,0,7,7
23,2025-07-01,0,4,4
23,2025-08-01,1,7,8
23,2025-09-01,1,8,9
23,2025-10-01,2,5,7
23,2025-11-01,1,12,13
23,2025-12-01,3,1,4
24,2018-01-01,2,0,2
24,2018-02-01,0,0,0
24,2018-03-01,0,0,0
24,2018-04-01,0,0,0
24,2018-05-01,0,1,1
24,2018-06-01,0,0,0
24,2018-07-01,0,1,1
24,2018-08-01,1,1,2
24,2018-09-01,0,0,0
24,2018-10-01,0,1,1
24,2018-11-01,0,0,0
24,2018-12-01,0,0,0
24,2019-01-01,0,3,3
24,2019-02-01,0,1,1
24,2019-03-01,0,1,1
24,2019-04-01,0,2,2
24,2019-05-01,0,2,2
24,2019-06-01,0,0,0
24,2019-07-01,0,0,0
24,2019-08-01,1,1,2
24,2019-09-01,0,0,0
24,2019-10-01,0,0,0
24,2019-11-01,0,1,1
24,2019-12-01,0,1,1
24,2020-01-01,1,2,3
24,2020-02-01,0,0,0
24,2020-03-01,0,3,3
24,2020-04-01,0,4,4
24,2020-05-01,0,0,0
24,2020-06-01,2,1,3
24,2020-07-01,4,4,8
24,2020-08-01,2,5,7
24,2020-09-01,0,3,3
24,2020-10-01,0,0,0
24,2020-11-01,0,0,0
24,2020-12-01,0,1,1
24,2021-01-01,0,0,0
24,2021-02-01,1,1,2
24,2021-03-01,0,6,6
24,2021-04-01,0,1,1
24,2021-05-01,1,3,4
24,2021-06-01,0,1,1
24,2021-07-01,0,3,3
24,2021-08-01,1,8,9
24,2021-09-01,1,3,4
24,2021-10-01,0,2,2
24,2021-11-01,1,0,1
24,2021-12-01,2,2,4
24,2022-01-01,1,2,3
24,2022-02-01,0,1,1
24,2022-03-01,0,0,0
24,2022-04-01,0,2,2
24,2022-05-01,1,1,2
24,2022-06-01,0,1,1
24,2022-07-01,0,1,1
24,2022-08-01,1,5,6
24,2022-09-01,1,0,1
24,2022-10-01,0,0,0
24,2022-11-01,0,0,0
24,2022-12-01,0,2,2
24,2023-01-01,1,5,6
24,2023-02-01,0,0,0
24,2023-03-01,0,0,0
24,2023-04-01,0,1,1
24,2023-05-01,2,2,4
24,2023-06-01,0,1,1
24,2023-07-01,1,0,1
24,2023-08-01,0,1,1
24,2023-09-01,1,0,1
24,2023-10-01,1,1,2
24,2023-11-01,0,0,0
24,2023-12-01,0,0,0
24,2024-01-01,0,0,0
24,2024-02-01,0,2,2
24,2024-03-01,0,1,1
24,2024-04-01,0,0,0
24,2024-05-01,2,1,3
24,2024-06-01,0,0,0
24,2024-07-01,1,5,6
24,2024-08-01,0,1,1
24,2024-09-01,0,2,2
24,2024-10-01,0,0,0
24,2024-11-01,1,0,1
24,2024-12-01,0,1,1
24,2025-01-01,1,2,3
24,2025-02-01,0,2,2
24,2025-03-01,0,6,6
24,2025-04-01,0,0,0
24,2025-05-01,1,0,1
24,2025-06-01,0,1,1
24,2025-07-01,0,0,0
24,2025-08-01,0,3,3
24,2025-09-01,0,0,0
24,2025-10-01,0,0,0
24,2025-11-01,1,0,1
24,2025-12-01,0,0,0
25,2018-01-01,0,3,3
25,2018-02-01,1,2,3
25,2018-03-01,0,0,0
25,2018-04-01,1,0,1
25,2018-05-01,0,0,0
25,2018-06-01,0,0,0
25,2018-07-01,0,1,1
25,2018-08-01,1,3,4
25,2018-09-01,0,0,0
25,2018-10-01,1,2,3
25,2018-11-01,2,5,7
25,2018-12-01,2,2,4
25,2019-01-01,0,1,1
25,2019-02-01,1,2,3
25,2019-03-01,2,4,6
25,2019-04-01,1,1,2
25,2019-05-01,0,1,1
25,2019-06-01,1,3,4
25,2019-07-01,5,2,7
25,2019-08-01,1,5,6
25,2019-09-01,2,2,4
25,2019-10-01,2,1,3
25,2019-11-01,1,3,4
25,2019-12-01,0,1,1
25,2020-01-01,1,1,2
25,2020-02-01,2,1,3
25,2020-03-01,2,0,2
25,2020-04-01,0,0,0
25,2020-05-01,2,1,3
25,2020-06-01,2,4,6
25,2020-07-01,2,4,6
25,2020-08-01,1,3,4
25,2020-09-01,2,4,6
25,2020-10-01,1,1,2
25,2020-11-01,3,6,9
25,2020-12-01,2,4,6
25,2021-01-01,3,2,5
25,2021-02-01,1,5,6
25,2021-03-01,2,4,6
25,2021-04-01,2,3,5
25,2021-05-01,4,8,12
25,2021-06-01,1,5,6
25,2021-07-01,2,9,11
25,2021-08-01,2,5,7
25,2021-09-01,1,6,7
25,2021-10-01,1,6,7
25,2021-11-01,5,7,12
25,2021-12-01,3,6,9
25,2022-01-01,3,6,9
25,2022-02-01,4,7,11
25,2022-03-01,2,6,8
25,2022-04-01,3,11,14
25,2022-05-01,1,6,7
25,2022-06-01,6,10,16
25,2022-07-01,1,3,4
25,2022-08-01,2,9,11
25,2022-09-01,5,7,12
25,2022-10-01,2,4,6
25,2022-11-01,0,2,2
25,2022-12-01,2,0,2
25,2023-01-01,3,8,11
25,2023-02-01,2,3,5
25,2023-03-01,2,1,3
25,2023-04-01,5,5,10
25,2023-05-01,4,2,6
25,2023-06-01,0,3,3
25,2023-07-01,3,2,5
25,2023-08-01,4,2,6
25,2023-09-01,2,1,3
25,2023-10-01,1,3,4
25,2023-11-01,1,1,2
25,2023-12-01,1,5,6
25,2024-01-01,0,2,2
25,2024-02-01,0,0,0
25,2024-03-01,3,5,8
25,2024-04-01,1,1,2
25,2024-05-01,1,3,4
25,2024-06-01,1,4,5
25,2024-07-01,2,3,5
25,2024-08-01,1,3,4
25,2024-09-01,0,4,4
25,2024-10-01,0,1,1
25,2024-11-01,4,1,5
25,2024-12-01,0,1,1
25,2025-01-01,2,4,6
25,2025-02-01,0,2,2
25,2025-03-01,1,2,3
25,2025-04-01,1,3,4
25,2025-05-01,0,2,2
25,2025-06-01,0,2,2
25,2025-07-01,1,2,3
25,2025-08-01,0,9,9
25,2025-09-01,2,4,6
25,2025-10-01,0,5,5
25,2025-11-01,0,4,4
25,2025-12-01,0,2,2
26,2018-01-01,0,0,0
26,2018-02-01,1,2,3
26,2018-03-01,1,1,2
26,2018-04-01,1,3,4
26,2018-05-01,0,0,0
26,2018-06-01,0,2,2
26,2018-07-01,1,0,1
26,2018-08-01,0,1,1
26,2018-09-01,0,0,0
26,2018-10-01,1,1,2
26,2018-11-01,0,0,0
26,2018-12-01,1,1,2
26,2019-01-01,0,1,1
26,2019-02-01,0,0,0
26,2019-03-01,0,0,0
26,2019-04-01,0,0,0
26,2019-05-01,0,2,2
26,2019-06-01,0,0,0
26,2019-07-01,0,0,0
26,2019-08-01,1,1,2
26,2019-09-01,1,1,2
26,2019-10-01,0,0,0
26,2019-11-01,0,0,0
26,2019-12-01,0,0,0
26,2020-01-01,0,0,0
26,2020-02-01,0,0,0
26,2020-03-01,0,0,0
26,2020-04-01,0,0,0
26,2020-05-01,2,1,3
26,2020-06-01,2,3,5
26,2020-07-01,2,1,3
26,2020-08-01,1,5,6
26,2020-09-01,1,1,2
26,2020-10-01,2,2,4
26,2020-11-01,0,0,0
26,2020-12-01,0,0,0
26,2021-01-01,0,0,0
26,2021-02-01,0,1,1
26,2021-03-01,2,2,4
26,2021-04-01,3,6,9
26,2021-05-01,0,2,2
26,2021-06-01,1,4,5
26,2021-07-01,1,7,8
26,2021-08-01,0,3,3
26,2021-09-01,1,6,7
26,2021-10-01,1,1,2
26,2021-11-01,0,9,9
26,2021-12-01,1,0,1
26,2022-01-01,1,2,3
26,2022-02-01,1,1,2
26,2022-03-01,1,2,3
26,2022-04-01,0,2,2
26,2022-05-01,0,2,2
26,2022-06-01,1,1,2
26,2022-07-01,1,1,2
26,2022-08-01,1,5,6
26,2022-09-01,1,4,5
26,2022-10-01,0,2,2
26,2022-11-01,0,1,1
26,2022-12-01,0,1,1
26,2023-01-01,2,2,4
26,2023-02-01,0,2,2
26,2023-03-01,0,2,2
26,2023-04-01,3,1,4
26,2023-05-01,0,3,3
26,2023-06-01,1,2,3
26,2023-07-01,1,4,5
26,2023-08-01,0,4,4
26,2023-09-01,0,4,4
26,2023-10-01,0,2,2
26,2023-11-01,0,1,1
26,2023-12-01,1,0,1
26,2024-01-01,0,4,4
26,2024-02-01,0,2,2
26,2024-03-01,0,1,1
26,2024-04-01,1,1,2
26,2024-05-01,1,3,4
26,2024-06-01,3,0,3
26,2024-07-01,0,2,2
26,2024-08-01,0,2,2
26,2024-09-01,0,0,0
26,2024-10-01,1,0,1
26,2024-11-01,0,1,1
26,2024-12-01,0,0,0
26,2025-01-01,0,0,0
26,2025-02-01,0,0,0
26,2025-03-01,0,4,4
26,2025-04-01,1,1,2
26,2025-05-01,0,0,0
26,2025-06-01,1,1,2
26,2025-07-01,2,1,3
26,2025-08-01,0,3,3
26,2025-09-01,0,1,1
26,2025-10-01,1,0,1
26,2025-11-01,0,0,0
26,2025-12-01,0,0,0
27,2018-01-01,0,0,0
27,2018-02-01,0,0,0
27,2018-03-01,0,0,0
27,2018-04-01,0,0,0
27,2018-05-01,0,0,0
27,2018-06-01,0,0,0
27,2018-07-01,0,0,0
27,2018-08-01,0,0,0
27,2018-09-01,0,0,0
27,2018-10-01,0,0,0
27,2018-11-01,0,0,0
27,2018-12-01,0,0,0
27,2019-01-01,0,0,0
27,2019-02-01,0,0,0
27,2019-03-01,0,0,0
27,2019-04-01,0,0,0
27,2019-05-01,0,0,0
27,2019-06-01,0,0,0
27,2019-07-01,0,0,0
27,2019-08-01,0,0,0
27,2019-09-01,0,0,0
27,2019-10-01,0,0,0
27,2019-11-01,0,0,0
27,2019-12-01,0,0,0
27,2020-01-01,0,0,0
27,2020-02-01,0,0,0
27,2020-03-01,0,0,0
27,2020-04-01,0,0,0
27,2020-05-01,0,0,0
27,2020-06-01,0,0,0
27,2020-07-01,0,0,0
27,2020-08-01,0,0,0
27,2020-09-01,0,0,0
27,2020-10-01,0,0,0
27,2020-11-01,0,0,0
27,2020-12-01,0,0,0
27,2021-01-01,0,0,0
27,2021-02-01,0,0,0
27,2021-03-01,0,0,0
27,2021-04-01,0,0,0
27,2021-05-01,0,0,0
27,2021-06-01,0,0,0
27,2021-07-01,0,0,0
27,2021-08-01,0,0,0
27,2021-09-01,0,0,0
27,2021-10-01,0,0,0
27,2021-11-01,0,0,0
27,2021-12-01,0,0,0
27,2022-01-01,0,0,0
27,2022-02-01,0,0,0
27,2022-03-01,0,0,0
27,2022-04-01,0,0,0
27,2022-05-01,0,0,0
27,2022-06-01,0,0,0
27,2022-07-01,0,0,0
27,2022-08-01,0,0,0
27,2022-09-01,0,0,0
27,2022-10-01,0,0,0
27,2022-11-01,0,0,0
27,2022-12-01,0,0,0
27,2023-01-01,0,0,0
27,2023-02-01,0,0,0
27,2023-03-01,0,0,0
27,2023-04-01,0,0,0
27,2023-05-01,0,0,0
27,2023-06-01,0,0,0
27,2023-07-01,0,0,0
27,2023-08-01,0,0,0
27,2023-09-01,0,0,0
27,2023-10-01,0,0,0
27,2023-11-01,0,0,0
27,2023-12-01,0,0,0
27,2024-01-01,0,0,0
27,2024-02-01,0,0,0
27,2024-03-01,0,0,0
27,2024-04-01,0,0,0
27,2024-05-01,0,0,0
27,2024-06-01,0,0,0
27,2024-07-01,0,0,0
27,2024-08-01,0,0,0
27,2024-09-01,0,0,0
27,2024-10-01,0,0,0
27,2024-11-01,0,0,0
27,2024-12-01,0,0,0
27,2025-01-01,0,0,0
27,2025-02-01,0,0,0
27,2025-03-01,0,0,0
27,2025-04-01,0,0,0
27,2025-05-01,0,0,0
27,2025-06-01,0,0,0
27,2025-07-01,0,0,0
27,2025-08-01,0,0,0
27,2025-09-01,0,0,0
27,2025-10-01,0,0,0
27,2025-11-01,0,0,0
27,2025-12-01,0,0,0
28,2018-01-01,0,2,2
28,2018-02-01,0,0,0
28,2018-03-01,0,0,0
28,2018-04-01,0,1,1
28,2018-05-01,1,5,6
28,2018-06-01,0,2,2
28,2018-07-01,2,1,3
28,2018-08-01,0,2,2
28,2018-09-01,2,1,3
28,2018-10-01,1,0,1
28,2018-11-01,1,1,2
28,2018-12-01,0,0,0
28,2019-01-01,0,1,1
28,2019-02-01,0,0,0
28,2019-03-01,1,2,3
28,2019-04-01,1,2,3
28,2019-05-01,4,5,9
28,2019-06-01,0,0,0
28,2019-07-01,2,1,3
28,2019-08-01,1,2,3
28,2019-09-01,1,1,2
28,2019-10-01,1,1,2
28,2019-11-01,0,0,0
28,2019-12-01,3,2,5
28,2020-01-01,2,4,6
28,2020-02-01,0,0,0
28,2020-03-01,1,1,2
28,2020-04-01,0,1,1
28,2020-05-01,3,3,6
28,2020-06-01,0,1,1
28,2020-07-01,3,2,5
28,2020-08-01,3,5,8
28,2020-09-01,3,2,5
28,2020-10-01,3,2,5
28,2020-11-01,1,0,1
28,2020-12-01,0,1,1
28,2021-01-01,0,1,1
28,2021-02-01,2,3,5
28,2021-03-01,2,4,6
28,2021-04-01,1,5,6
28,2021-05-01,5,9,14
28,2021-06-01,5,5,10
28,2021-07-01,2,1,3
28,2021-08-01,1,4,5
28,2021-09-01,2,3,5
28,2021-10-01,2,8,10
28,2021-11-01,3,4,7
28,2021-12-01,0,4,4
28,2022-01-01,1,3,4
28,2022-02-01,2,4,6
28,2022-03-01,1,4,5
28,2022-04-01,2,4,6
28,2022-05-01,0,4,4
28,2022-06-01,3,2,5
28,2022-07-01,3,2,5
28,2022-08-01,1,3,4
28,2022-09-01,3,7,10
28,2022-10-01,2,2,4
28,2022-11-01,1,0,1
28,2022-12-01,3,1,4
28,2023-01-01,0,4,4
28,2023-02-01,3,5,8
28,2023-03-01,1,2,3
28,2023-04-01,1,4,5
28,2023-05-01,0,4,4
28,2023-06-01,0,2,2
28,2023-07-01,2,2,4
28,2023-08-01,1,2,3
28,2023-09-01,0,3,3
28,2023-10-01,0,0,0
28,2023-11-01,2,1,3
28,2023-12-01,0,1,1
28,2024-01-01,0,3,3
28,2024-02-01,2,0,2
28,2024-03-01,1,5,6
28,2024-04-01,2,2,4
28,2024-05-01,1,3,4
28,2024-06-01,1,2,3
28,2024-07-01,1,1,2
28,2024-08-01,2,7,9
28,2024-09-01,1,3,4
28,2024-10-01,3,2,5
28,2024-11-01,0,1,1
28,2024-12-01,0,1,1
28,2025-01-01,1,2,3
28,2025-02-01,0,0,0
28,2025-03-01,0,2,2
28,2025-04-01,1,2,3
28,2025-05-01,3,2,5
28,2025-06-01,0,1,1
28,2025-07-01,2,0,2
28,2025-08-01,0,0,0
28,2025-09-01,0,3,3
28,2025-10-01,0,2,2
28,2025-11-01,2,2,4
28,2025-12-01,0,1,1
29,2018-01-01,0,0,0
29,2018-02-01,0,0,0
29,2018-03-01,0,0,0
29,2018-04-01,0,0,0
29,2018-05-01,0,0,0
29,2018-06-01,0,0,0
29,2018-07-01,0,0,0
29,2018-08-01,0,0,0
29,2018-09-01,0,0,0
29,2018-10-01,0,0,0
29,2018-11-01,0,0,0
29,2018-12-01,0,0,0
29,2019-01-01,0,0,0
29,2019-02-01,0,0,0
29,2019-03-01,0,0,0
29,2019-04-01,0,0,0
29,2019-05-01,0,0,0
29,2019-06-01,0,0,0
29,2019-07-01,0,0,0
29,2019-08-01,0,0,0
29,2019-09-01,0,0,0
29,2019-10-01,0,0,0
29,2019-11-01,0,0,0
29,2019-12-01,0,0,0
29,2020-01-01,0,0,0
29,2020-02-01,0,0,0
29,2020-03-01,0,0,0
29,2020-04-01,0,0,0
29,2020-05-01,0,0,0
29,2020-06-01,0,0,0
29,2020-07-01,0,0,0
29,2020-08-01,0,0,0
29,2020-09-01,0,0,0
29,2020-10-01,0,0,0
29,2020-11-01,0,0,0
29,2020-12-01,0,0,0
29,2021-01-01,0,0,0
29,2021-02-01,0,0,0
29,2021-03-01,0,0,0
29,2021-04-01,0,0,0
29,2021-05-01,0,0,0
29,2021-06-01,0,0,0
29,2021-07-01,0,0,0
29,2021-08-01,0,0,0
29,2021-09-01,0,0,0
29,2021-10-01,0,0,0
29,2021-11-01,0,0,0
29,2021-12-01,0,0,0
29,2022-01-01,0,0,0
29,2022-02-01,0,0,0
29,2022-03-01,0,0,0
29,2022-04-01,0,0,0
29,2022-05-01,0,0,0
29,2022-06-01,0,0,0
29,2022-07-01,0,0,0
29,2022-08-01,0,0,0
29,2022-09-01,0,0,0
29,2022-10-01,0,0,0
29,2022-11-01,0,0,0
29,2022-12-01,0,0,0
29,2023-01-01,0,0,0
29,2023-02-01,0,0,0
29,2023-03-01,0,0,0
29,2023-04-01,0,0,0
29,2023-05-01,0,0,0
29,2023-06-01,0,0,0
29,2023-07-01,0,0,0
29,2023-08-01,0,0,0
29,2023-09-01,0,0,0
29,2023-10-01,0,0,0
29,2023-11-01,0,0,0
29,2023-12-01,0,0,0
29,2024-01-01,0,0,0
29,2024-02-01,0,0,0
29,2024-03-01,0,0,0
29,2024-04-01,0,0,0
29,2024-05-01,0,0,0
29,2024-06-01,0,0,0
29,2024-07-01,0,0,0
29,2024-08-01,0,0,0
29,2024-09-01,0,0,0
29,2024-10-01,0,0,0
29,2024-11-01,0,0,0
29,2024-12-01,0,0,0
29,2025-01-01,0,0,0
29,2025-02-01,0,0,0
29,2025-03-01,0,0,0
29,2025-04-01,0,0,0
29,2025-05-01,0,0,0
29,2025-06-01,0,0,0
29,2025-07-01,0,0,0
29,2025-08-01,0,0,0
29,2025-09-01,0,0,0
29,2025-10-01,0,0,0
29,2025-11-01,0,0,0
29,2025-12-01,0,0,0
30,2018-01-01,0,1,1
30,2018-02-01,0,0,0
30,2018-03-01,1,1,2
30,2018-04-01,0,0,0
30,2018-05-01,2,1,3
30,2018-06-01,1,1,2
30,2018-07-01,1,1,2
30,2018-08-01,2,2,4
30,2018-09-01,0,0,0
30,2018-10-01,0,0,0
30,2018-11-01,1,2,3
30,2018-12-01,0,0,0
30,2019-01-01,0,0,0
30,2019-02-01,0,0,0
30,2019-03-01,0,4,4
30,2019-04-01,1,0,1
30,2019-05-01,0,1,1
30,2019-06-01,2,1,3
30,2019-07-01,1,1,2
30,2019-08-01,2,2,4
30,2019-09-01,1,1,2
30,2019-10-01,0,0,0
30,2019-11-01,0,0,0
30,2019-12-01,0,1,1
30,2020-01-01,2,1,3
30,2020-02-01,0,0,0
30,2020-03-01,0,1,1
30,2020-04-01,0,1,1
30,2020-05-01,1,2,3
30,2020-06-01,1,2,3
30,2020-07-01,0,4,4
30,2020-08-01,1,5,6
30,2020-09-01,1,2,3
30,2020-10-01,2,7,9
30,2020-11-01,1,1,2
30,2020-12-01,2,2,4
30,2021-01-01,1,2,3
30,2021-02-01,0,2,2
30,2021-03-01,0,0,0
30,2021-04-01,3,5,8
30,2021-05-01,0,4,4
30,2021-06-01,0,4,4
30,2021-07-01,4,11,15
30,2021-08-01,0,3,3
30,2021-09-01,0,3,3
30,2021-10-01,1,2,3
30,2021-11-01,0,2,2
30,2021-12-01,2,0,2
30,2022-01-01,2,1,3
30,2022-02-01,0,1,1
30,2022-03-01,1,2,3
30,2022-04-01,1,2,3
30,2022-05-01,0,3,3
30,2022-06-01,3,3,6
30,2022-07-01,2,1,3
30,2022-08-01,3,4,7
30,2022-09-01,1,3,4
30,2022-10-01,0,1,1
30,2022-11-01,2,2,4
30,2022-12-01,1,3,4
30,2023-01-01,1,4,5
30,2023-02-01,0,2,2
30,2023-03-01,1,2,3
30,2023-04-01,0,3,3
30,2023-05-01,1,2,3
30,2023-06-01,0,3,3
30,2023-07-01,2,2,4
30,2023-08-01,0,2,2
30,2023-09-01,0,1,1
30,2023-10-01,0,2,2
30,2023-11-01,0,1,1
30,2023-12-01,0,1,1
30,2024-01-01,1,1,2
30,2024-02-01,0,0,0
30,2024-03-01,0,0,0
30,2024-04-01,1,2,3
30,2024-05-01,2,4,6
30,2024-06-01,0,1,1
30,2024-07-01,0,1,1
30,2024-08-01,0,0,0
30,2024-09-01,1,1,2
30,2024-10-01,0,0,0
30,2024-11-01,2,0,2
30,2024-12-01,0,1,1
30,2025-01-01,1,0,1
30,2025-02-01,0,1,1
30,2025-03-01,0,0,0
30,2025-04-01,1,0,1
30,2025-05-01,0,1,1
30,2025-06-01,0,0,0
30,2025-07-01,0,0,0
30,2025-08-01,0,0,0
30,2025-09-01,0,0,0
30,2025-10-01,0,0,0
30,2025-11-01,0,0,0
30,2025-12-01,0,0,0
31,2018-01-01,0,0,0
31,2018-02-01,0,0,0
31,2018-03-01,0,0,0
31,2018-04-01,0,0,0
31,2018-05-01,0,0,0
31,2018-06-01,0,0,0
31,2018-07-01,0,0,0
31,2018-08-01,0,0,0
31,2018-09-01,0,0,0
31,2018-10-01,0,0,0
31,2018-11-01,0,0,0
31,2018-12-01,0,0,0
31,2019-01-01,0,0,0
31,2019-02-01,0,0,0
31,2019-03-01,0,0,0
31,2019-04-01,0,0,0
31,2019-05-01,0,0,0
31,2019-06-01,0,0,0
31,2019-07-01,0,0,0
31,2019-08-01,0,0,0
31,2019-09-01,0,0,0
31,2019-10-01,0,0,0
31,2019-11-01,0,0,0
31,2019-12-01,0,0,0
31,2020-01-01,0,0,0
31,2020-02-01,0,0,0
31,2020-03-01,0,0,0
31,2020-04-01,0,0,0
31,2020-05-01,0,0,0
31,2020-06-01,0,0,0
31,2020-07-01,0,0,0
31,2020-08-01,0,0,0
31,2020-09-01,0,0,0
31,2020-10-01,0,0,0
31,2020-11-01,0,0,0
31,2020-12-01,0,0,0
31,2021-01-01,0,0,0
31,2021-02-01,0,0,0
31,2021-03-01,0,0,0
31,2021-04-01,0,0,0
31,2021-05-01,0,0,0
31,2021-06-01,0,0,0
31,2021-07-01,0,0,0
31,2021-08-01,0,0,0
31,2021-09-01,0,0,0
31,2021-10-01,0,0,0
31,2021-11-01,0,0,0
31,2021-12-01,0,0,0
31,2022-01-01,0,0,0
31,2022-02-01,0,0,0
31,2022-03-01,0,0,0
31,2022-04-01,0,0,0
31,2022-05-01,0,0,0
31,2022-06-01,0,0,0
31,2022-07-01,0,0,0
31,2022-08-01,0,0,0
31,2022-09-01,0,0,0
31,2022-10-01,0,0,0
31,2022-11-01,0,0,0
31,2022-12-01,0,0,0
31,2023-01-01,0,0,0
31,2023-02-01,0,0,0
31,2023-03-01,0,0,0
31,2023-04-01,0,0,0
31,2023-05-01,0,0,0
31,2023-06-01,0,0,0
31,2023-07-01,0,0,0
31,2023-08-01,0,0,0
31,2023-09-01,0,0,0
31,2023-10-01,0,0,0
31,2023-11-01,0,0,0
31,2023-12-01,0,0,0
31,2024-01-01,0,0,0
31,2024-02-01,0,0,0
31,2024-03-01,0,0,0
31,2024-04-01,0,0,0
31,2024-05-01,0,0,0
31,2024-06-01,0,0,0
31,2024-07-01,0,0,0
31,2024-08-01,0,0,0
31,2024-09-01,0,0,0
31,2024-10-01,0,0,0
31,2024-11-01,0,0,0
31,2024-12-01,0,0,0
31,2025-01-01,0,0,0
31,2025-02-01,0,0,0
31,2025-03-01,0,0,0
31,2025-04-01,0,0,0
31,2025-05-01,0,0,0
31,2025-06-01,0,0,0
31,2025-07-01,0,0,0
31,2025-08-01,0,0,0
31,2025-09-01,0,0,0
31,2025-10-01,0,0,0
31,2025-11-01,0,0,0
31,2025-12-01,0,0,0
32,2018-01-01,1,0,1
32,2018-02-01,1,3,4
32,2018-03-01,0,1,1
32,2018-04-01,1,3,4
32,2018-05-01,3,5,8
32,2018-06-01,3,0,3
32,2018-07-01,2,1,3
32,2018-08-01,0,1,1
32,2018-09-01,1,3,4
32,2018-10-01,0,1,1
32,2018-11-01,1,3,4
32,2018-12-01,0,0,0
32,2019-01-01,2,1,3
32,2019-02-01,2,1,3
32,2019-03-01,1,3,4
32,2019-04-01,3,4,7
32,2019-05-01,3,1,4
32,2019-06-01,3,2,5
32,2019-07-01,0,2,2
32,2019-08-01,0,3,3
32,2019-09-01,2,4,6
32,2019-10-01,1,2,3
32,2019-11-01,0,0,0
32,2019-12-01,1,2,3
32,2020-01-01,2,5,7
32,2020-02-01,0,2,2
32,2020-03-01,2,3,5
32,2020-04-01,2,1,3
32,2020-05-01,2,0,2
32,2020-06-01,0,5,5
32,2020-07-01,9,12,21
32,2020-08-01,9,11,20
32,2020-09-01,2,2,4
32,2020-10-01,0,1,1
32,2020-11-01,4,4,8
32,2020-12-01,5,2,7
32,2021-01-01,2,4,6
32,2021-02-01,1,6,7
32,2021-03-01,4,11,15
32,2021-04-01,3,3,6
32,2021-05-01,4,11,15
32,2021-06-01,7,11,18
32,2021-07-01,8,12,20
32,2021-08-01,4,8,12
32,2021-09-01,5,6,11
32,2021-10-01,6,6,12
32,2021-11-01,1,7,8
32,2021-12-01,6,8,14
32,2022-01-01,1,3,4
32,2022-02-01,2,5,7
32,2022-03-01,2,5,7
32,2022-04-01,4,7,11
32,2022-05-01,6,5,11
32,2022-06-01,4,5,9
32,2022-07-01,0,2,2
32,2022-08-01,5,9,14
32,2022-09-01,1,3,4
32,2022-10-01,2,5,7
32,2022-11-01,1,4,5
32,2022-12-01,4,2,6
32,2023-01-01,2,5,7
32,2023-02-01,2,5,7
32,2023-03-01,2,2,4
32,2023-04-01,1,5,6
32,2023-05-01,1,1,2
32,2023-06-01,5,4,9
32,2023-07-01,5,4,9
32,2023-08-01,3,5,8
32,2023-09-01,2,1,3
32,2023-10-01,0,2,2
32,2023-11-01,2,1,3
32,2023-12-01,1,4,5
32,2024-01-01,2,3,5
32,2024-02-01,1,2,3
32,2024-03-01,1,2,3
32,2024-04-01,1,8,9
32,2024-05-01,1,8,9
32,2024-06-01,4,2,6
32,2024-07-01,2,3,5
32,2024-08-01,0,4,4
32,2024-09-01,1,4,5
32,2024-10-01,3,6,9
32,2024-11-01,2,2,4
32,2024-12-01,3,12,15
32,2025-01-01,1,9,10
32,2025-02-01,1,2,3
32,2025-03-01,2,5,7
32,2025-04-01,1,1,2
32,2025-05-01,1,3,4
32,2025-06-01,0,10,10
32,2025-07-01,3,6,9
32,2025-08-01,1,2,3
32,2025-09-01,1,4,5
32,2025-10-01,2,3,5
32,2025-11-01,1,0,1
32,2025-12-01,3,1,4
33,2018-01-01,1,1,2
33,2018-02-01,0,0,0
33,2018-03-01,0,4,4
33,2018-04-01,0,0,0
33,2018-05-01,0,0,0
33,2018-06-01,1,3,4
33,2018-07-01,1,2,3
33,2018-08-01,1,2,3
33,2018-09-01,0,0,0
33,2018-10-01,0,1,1
33,2018-11-01,1,2,3
33,2018-12-01,1,2,3
33,2019-01-01,1,0,1
33,2019-02-01,1,1,2
33,2019-03-01,0,0,0
33,2019-04-01,0,0,0
33,2019-05-01,0,0,0
33,2019-06-01,1,0,1
33,2019-07-01,2,3,5
33,2019-08-01,0,0,0
33,2019-09-01,0,1,1
33,2019-10-01,1,1,2
33,2019-11-01,0,0,0
33,2019-12-01,0,0,0
33,2020-01-01,0,0,0
33,2020-02-01,0,2,2
33,2020-03-01,1,1,2
33,2020-04-01,0,2,2
33,2020-05-01,2,2,4
33,2020-06-01,1,0,1
33,2020-07-01,0,1,1
33,2020-08-01,0,3,3
33,2020-09-01,3,1,4
33,2020-10-01,0,2,2
33,2020-11-01,0,0,0
33,2020-12-01,2,2,4
33,2021-01-01,0,1,1
33,2021-02-01,1,1,2
33,2021-03-01,2,2,4
33,2021-04-01,3,2,5
33,2021-05-01,0,0,0
33,2021-06-01,1,2,3
33,2021-07-01,2,0,2
33,2021-08-01,1,2,3
33,2021-09-01,2,6,8
33,2021-10-01,2,1,3
33,2021-11-01,2,4,6
33,2021-12-01,0,1,1
33,2022-01-01,2,2,4
33,2022-02-01,1,3,4
33,2022-03-01,0,2,2
33,2022-04-01,1,3,4
33,2022-05-01,0,0,0
33,2022-06-01,0,0,0
33,2022-07-01,0,3,3
33,2022-08-01,1,4,5
33,2022-09-01,1,3,4
33,2022-10-01,2,3,5
33,2022-11-01,1,0,1
33,2022-12-01,1,2,3
33,2023-01-01,0,0,0
33,2023-02-01,2,1,3
33,2023-03-01,1,1,2
33,2023-04-01,0,0,0
33,2023-05-01,1,0,1
33,2023-06-01,1,1,2
33,2023-07-01,0,3,3
33,2023-08-01,1,2,3
33,2023-09-01,1,4,5
33,2023-10-01,0,4,4
33,2023-11-01,1,1,2
33,2023-12-01,2,0,2
33,2024-01-01,0,1,1
33,2024-02-01,0,0,0
33,2024-03-01,0,1,1
33,2024-04-01,0,0,0
33,2024-05-01,1,2,3
33,2024-06-01,0,0,0
33,2024-07-01,0,2,2
33,2024-08-01,0,0,0
33,2024-09-01,1,2,3
33,2024-10-01,1,1,2
33,2024-11-01,1,0,1
33,2024-12-01,0,0,0
33,2025-01-01,0,0,0
33,2025-02-01,0,0,0
33,2025-03-01,0,0,0
33,2025-04-01,0,1,1
33,2025-05-01,0,1,1
33,2025-06-01,1,0,1
33,2025-07-01,1,0,1
33,2025-08-01,2,3,5
33,2025-09-01,0,1,1
33,2025-10-01,0,1,1
33,2025-11-01,0,0,0
33,2025-12-01,0,0,0
34,2018-01-01,1,1,2
34,2018-02-01,0,0,0
34,2018-03-01,0,1,1
34,2018-04-01,0,2,2
34,2018-05-01,1,2,3
34,2018-06-01,1,3,4
34,2018-07-01,1,2,3
34,2018-08-01,1,3,4
34,2018-09-01,2,1,3
34,2018-10-01,2,2,4
34,2018-11-01,2,5,7
34,2018-12-01,1,2,3
34,2019-01-01,3,3,6
34,2019-02-01,2,1,3
34,2019-03-01,1,1,2
34,2019-04-01,1,2,3
34,2019-05-01,2,3,5
34,2019-06-01,0,1,1
34,2019-07-01,0,2,2
34,2019-08-01,0,2,2
34,2019-09-01,1,2,3
34,2019-10-01,0,2,2
34,2019-11-01,2,1,3
34,2019-12-01,0,0,0
34,2020-01-01,2,1,3
34,2020-02-01,2,2,4
34,2020-03-01,0,1,1
34,2020-04-01,0,0,0
34,2020-05-01,1,4,5
34,2020-06-01,3,5,8
34,2020-07-01,3,2,5
34,2020-08-01,1,0,1
34,2020-09-01,1,1,2
34,2020-10-01,6,5,11
34,2020-11-01,1,3,4
34,2020-12-01,0,0,0
34,2021-01-01,1,1,2
34,2021-02-01,2,0,2
34,2021-03-01,2,3,5
34,2021-04-01,3,2,5
34,2021-05-01,4,5,9
34,2021-06-01,5,4,9
34,2021-07-01,4,9,13
34,2021-08-01,6,6,12
34,2021-09-01,5,8,13
34,2021-10-01,0,2,2
34,2021-11-01,2,6,8
34,2021-12-01,3,9,12
34,2022-01-01,3,3,6
34,2022-02-01,1,3,4
34,2022-03-01,2,4,6
34,2022-04-01,2,6,8
34,2022-05-01,1,2,3
34,2022-06-01,2,3,5
34,2022-07-01,3,4,7
34,2022-08-01,2,2,4
34,2022-09-01,2,1,3
34,2022-10-01,1,6,7
34,2022-11-01,0,2,2
34,2022-12-01,5,5,10
34,2023-01-01,1,2,3
34,2023-02-01,0,1,1
34,2023-03-01,0,3,3
34,2023-04-01,0,6,6
34,2023-05-01,2,0,2
34,2023-06-01,1,2,3
34,2023-07-01,3,2,5
34,2023-08-01,2,3,5
34,2023-09-01,0,2,2
34,2023-10-01,3,0,3
34,2023-11-01,0,1,1
34,2023-12-01,4,3,7
34,2024-01-01,5,4,9
34,2024-02-01,0,1,1
34,2024-03-01,0,2,2
34,2024-04-01,1,2,3
34,2024-05-01,1,8,9
34,2024-06-01,4,2,6
34,2024-07-01,0,5,5
34,2024-08-01,4,1,5
34,2024-09-01,1,1,2
34,2024-10-01,1,5,6
34,2024-11-01,0,2,2
34,2024-12-01,1,0,1
34,2025-01-01,1,2,3
34,2025-02-01,0,3,3
34,2025-03-01,1,4,5
34,2025-04-01,2,1,3
34,2025-05-01,0,2,2
34,2025-06-01,0,4,4
34,2025-07-01,0,3,3
34,2025-08-01,1,2,3
34,2025-09-01,1,0,1
34,2025-10-01,1,1,2
34,2025-11-01,1,1,2
34,2025-12-01,0,1,1
35,2018-01-01,0,0,0
35,2018-02-01,0,0,0
35,2018-03-01,0,0,0
35,2018-04-01,0,0,0
35,2018-05-01,0,0,0
35,2018-06-01,0,0,0
35,2018-07-01,0,0,0
35,2018-08-01,0,0,0
35,2018-09-01,0,0,0
35,2018-10-01,0,0,0
35,2018-11-01,0,0,0
35,2018-12-01,0,0,0
35,2019-01-01,0,0,0
35,2019-02-01,0,0,0
35,2019-03-01,0,0,0
35,2019-04-01,0,0,0
35,2019-05-01,0,0,0
35,2019-06-01,0,0,0
35,2019-07-01,0,0,0
35,2019-08-01,0,0,0
35,2019-09-01,0,0,0
35,2019-10-01,0,0,0
35,2019-11-01,0,0,0
35,2019-12-01,0,0,0
35,2020-01-01,0,0,0
35,2020-02-01,0,0,0
35,2020-03-01,0,0,0
35,2020-04-01,0,0,0
35,2020-05-01,0,0,0
35,2020-06-01,0,0,0
35,2020-07-01,0,0,0
35,2020-08-01,0,0,0
35,2020-09-01,0,0,0
35,2020-10-01,0,0,0
35,2020-11-01,0,0,0
35,2020-12-01,0,0,0
35,2021-01-01,0,0,0
35,2021-02-01,0,0,0
35,2021-03-01,0,0,0
35,2021-04-01,0,0,0
35,2021-05-01,0,0,0
35,2021-06-01,0,0,0
35,2021-07-01,0,0,0
35,2021-08-01,0,0,0
35,2021-09-01,0,0,0
35,2021-10-01,0,0,0
35,2021-11-01,0,0,0
35,2021-12-01,0,0,0
35,2022-01-01,0,0,0
35,2022-02-01,0,0,0
35,2022-03-01,0,0,0
35,2022-04-01,0,0,0
35,2022-05-01,0,0,0
35,2022-06-01,0,0,0
35,2022-07-01,0,0,0
35,2022-08-01,0,0,0
35,2022-09-01,0,0,0
35,2022-10-01,0,0,0
35,2022-11-01,0,0,0
35,2022-12-01,0,0,0
35,2023-01-01,0,0,0
35,2023-02-01,0,0,0
35,2023-03-01,0,0,0
35,2023-04-01,0,0,0
35,2023-05-01,0,0,0
35,2023-06-01,0,0,0
35,2023-07-01,0,0,0
35,2023-08-01,0,0,0
35,2023-09-01,0,0,0
35,2023-10-01,0,0,0
35,2023-11-01,0,0,0
35,2023-12-01,0,0,0
35,2024-01-01,0,0,0
35,2024-02-01,0,0,0
35,2024-03-01,0,0,0
35,2024-04-01,0,0,0
35,2024-05-01,0,0,0
35,2024-06-01,0,0,0
35,2024-07-01,0,0,0
35,2024-08-01,0,0,0
35,2024-09-01,0,0,0
35,2024-10-01,0,0,0
35,2024-11-01,0,0,0
35,2024-12-01,0,0,0
35,2025-01-01,0,0,0
35,2025-02-01,0,0,0
35,2025-03-01,0,0,0
35,2025-04-01,0,0,0
35,2025-05-01,0,0,0
35,2025-06-01,0,0,0
35,2025-07-01,0,0,0
35,2025-08-01,0,0,0
35,2025-09-01,0,0,0
35,2025-10-01,0,0,0
35,2025-11-01,0,0,0
35,2025-12-01,0,0,0
36,2018-01-01,0,0,0
36,2018-02-01,0,0,0
36,2018-03-01,0,0,0
36,2018-04-01,0,0,0
36,2018-05-01,0,0,0
36,2018-06-01,0,0,0
36,2018-07-01,0,0,0
36,2018-08-01,0,0,0
36,2018-09-01,0,0,0
36,2018-10-01,0,0,0
36,2018-11-01,0,0,0
36,2018-12-01,0,0,0
36,2019-01-01,0,0,0
36,2019-02-01,0,0,0
36,2019-03-01,0,0,0
36,2019-04-01,0,0,0
36,2019-05-01,0,0,0
36,2019-06-01,0,0,0
36,2019-07-01,0,0,0
36,2019-08-01,0,0,0
36,2019-09-01,0,0,0
36,2019-10-01,0,0,0
36,2019-11-01,0,0,0
36,2019-12-01,0,0,0
36,2020-01-01,0,0,0
36,2020-02-01,0,0,0
36,2020-03-01,0,0,0
36,2020-04-01,0,0,0
36,2020-05-01,0,0,0
36,2020-06-01,0,0,0
36,2020-07-01,0,0,0
36,2020-08-01,0,0,0
36,2020-09-01,0,0,0
36,2020-10-01,0,0,0
36,2020-11-01,0,0,0
36,2020-12-01,0,0,0
36,2021-01-01,0,0,0
36,2021-02-01,0,0,0
36,2021-03-01,0,0,0
36,2021-04-01,0,0,0
36,2021-05-01,0,0,0
36,2021-06-01,0,0,0
36,2021-07-01,0,0,0
36,2021-08-01,0,0,0
36,2021-09-01,0,0,0
36,2021-10-01,0,0,0
36,2021-11-01,0,0,0
36,2021-12-01,0,0,0
36,2022-01-01,0,0,0
36,2022-02-01,0,0,0
36,2022-03-01,0,0,0
36,2022-04-01,0,0,0
36,2022-05-01,0,0,0
36,2022-06-01,0,0,0
36,2022-07-01,0,0,0
36,2022-08-01,0,0,0
36,2022-09-01,0,0,0
36,2022-10-01,0,0,0
36,2022-11-01,0,0,0
36,2022-12-01,0,0,0
36,2023-01-01,0,0,0
36,2023-02-01,0,0,0
36,2023-03-01,0,0,0
36,2023-04-01,0,0,0
36,2023-05-01,0,0,0
36,2023-06-01,0,0,0
36,2023-07-01,0,0,0
36,2023-08-01,0,0,0
36,2023-09-01,0,0,0
36,2023-10-01,0,0,0
36,2023-11-01,0,0,0
36,2023-12-01,0,0,0
36,2024-01-01,0,0,0
36,2024-02-01,0,0,0
36,2024-03-01,0,0,0
36,2024-04-01,0,0,0
36,2024-05-01,0,0,0
36,2024-06-01,0,0,0
36,2024-07-01,0,0,0
36,2024-08-01,0,0,0
36,2024-09-01,0,0,0
36,2024-10-01,0,0,0
36,2024-11-01,0,0,0
36,2024-12-01,0,0,0
36,2025-01-01,0,0,0
36,2025-02-01,0,0,0
36,2025-03-01,0,0,0
36,2025-04-01,0,0,0
36,2025-05-01,0,0,0
36,2025-06-01,0,0,0
36,2025-07-01,0,0,0
36,2025-08-01,0,0,0
36,2025-09-01,0,0,0
36,2025-10-01,0,0,0
36,2025-11-01,0,0,0
36,2025-12-01,0,0,0
37,2018-01-01,0,0,0
37,2018-02-01,0,0,0
37,2018-03-01,0,0,0
37,2018-04-01,0,0,0
37,2018-05-01,0,0,0
37,2018-06-01,0,0,0
37,2018-07-01,0,0,0
37,2018-08-01,0,0,0
37,2018-09-01,0,0,0
37,2018-10-01,0,0,0
37,2018-11-01,0,0,0
37,2018-12-01,0,0,0
37,2019-01-01,0,0,0
37,2019-02-01,0,0,0
37,2019-03-01,0,0,0
37,2019-04-01,0,0,0
37,2019-05-01,0,0,0
37,2019-06-01,0,0,0
37,2019-07-01,0,0,0
37,2019-08-01,0,0,0
37,2019-09-01,0,0,0
37,2019-10-01,0,0,0
37,2019-11-01,0,0,0
37,2019-12-01,0,0,0
37,2020-01-01,0,0,0
37,2020-02-01,0,0,0
37,2020-03-01,0,0,0
37,2020-04-01,0,0,0
37,2020-05-01,0,0,0
37,2020-06-01,0,0,0
37,2020-07-01,0,0,0
37,2020-08-01,0,0,0
37,2020-09-01,0,0,0
37,2020-10-01,0,0,0
37,2020-11-01,0,0,0
37,2020-12-01,0,0,0
37,2021-01-01,0,0,0
37,2021-02-01,0,0,0
37,2021-03-01,0,0,0
37,2021-04-01,0,0,0
37,2021-05-01,0,0,0
37,2021-06-01,0,0,0
37,2021-07-01,0,0,0
37,2021-08-01,0,0,0
37,2021-09-01,0,0,0
37,2021-10-01,0,0,0
37,2021-11-01,0,0,0
37,2021-12-01,0,0,0
37,2022-01-01,0,0,0
37,2022-02-01,0,0,0
37,2022-03-01,0,0,0
37,2022-04-01,0,0,0
37,2022-05-01,0,0,0
37,2022-06-01,0,0,0
37,2022-07-01,0,0,0
37,2022-08-01,0,0,0
37,2022-09-01,0,0,0
37,2022-10-01,0,0,0
37,2022-11-01,0,0,0
37,2022-12-01,0,0,0
37,2023-01-01,0,0,0
37,2023-02-01,0,0,0
37,2023-03-01,0,0,0
37,2023-04-01,0,0,0
37,2023-05-01,0,0,0
37,2023-06-01,0,0,0
37,2023-07-01,0,0,0
37,2023-08-01,0,0,0
37,2023-09-01,0,0,0
37,2023-10-01,0,0,0
37,2023-11-01,0,0,0
37,2023-12-01,0,0,0
37,2024-01-01,0,0,0
37,2024-02-01,0,0,0
37,2024-03-01,0,0,0
37,2024-04-01,0,0,0
37,2024-05-01,0,0,0
37,2024-06-01,0,0,0
37,2024-07-01,0,0,0
37,2024-08-01,0,0,0
37,2024-09-01,0,0,0
37,2024-10-01,0,0,0
37,2024-11-01,0,0,0
37,2024-12-01,0,0,0
37,2025-01-01,0,0,0
37,2025-02-01,0,0,0
37,2025-03-01,0,0,0
37,2025-04-01,0,0,0
37,2025-05-01,0,0,0
37,2025-06-01,0,0,0
37,2025-07-01,0,0,0
37,2025-08-01,0,0,0
37,2025-09-01,0,0,0
37,2025-10-01,0,0,0
37,2025-11-01,0,0,0
37,2025-12-01,0,0,0
38,2018-01-01,0,0,0
38,2018-02-01,0,0,0
38,2018-03-01,0,0,0
38,2018-04-01,0,0,0
38,2018-05-01,0,0,0
38,2018-06-01,0,0,0
38,2018-07-01,0,0,0
38,2018-08-01,0,0,0
38,2018-09-01,0,0,0
38,2018-10-01,0,0,0
38,2018-11-01,0,0,0
38,2018-12-01,0,0,0
38,2019-01-01,0,0,0
38,2019-02-01,0,0,0
38,2019-03-01,0,0,0
38,2019-04-01,0,0,0
38,2019-05-01,0,0,0
38,2019-06-01,0,0,0
38,2019-07-01,0,0,0
38,2019-08-01,0,0,0
38,2019-09-01,0,0,0
38,2019-10-01,0,0,0
38,2019-11-01,0,0,0
38,2019-12-01,0,0,0
38,2020-01-01,0,0,0
38,2020-02-01,0,0,0
38,2020-03-01,0,0,0
38,2020-04-01,0,0,0
38,2020-05-01,0,0,0
38,2020-06-01,0,0,0
38,2020-07-01,0,0,0
38,2020-08-01,0,0,0
38,2020-09-01,0,0,0
38,2020-10-01,0,0,0
38,2020-11-01,0,0,0
38,2020-12-01,0,0,0
38,2021-01-01,0,0,0
38,2021-02-01,0,0,0
38,2021-03-01,0,0,0
38,2021-04-01,0,0,0
38,2021-05-01,0,0,0
38,2021-06-01,0,0,0
38,2021-07-01,0,0,0
38,2021-08-01,0,0,0
38,2021-09-01,0,0,0
38,2021-10-01,0,0,0
38,2021-11-01,0,0,0
38,2021-12-01,0,0,0
38,2022-01-01,0,0,0
38,2022-02-01,0,0,0
38,2022-03-01,0,0,0
38,2022-04-01,0,0,0
38,2022-05-01,0,0,0
38,2022-06-01,0,0,0
38,2022-07-01,0,0,0
38,2022-08-01,0,0,0
38,2022-09-01,0,0,0
38,2022-10-01,0,0,0
38,2022-11-01,0,0,0
38,2022-12-01,0,0,0
38,2023-01-01,0,0,0
38,2023-02-01,0,0,0
38,2023-03-01,0,0,0
38,2023-04-01,0,0,0
38,2023-05-01,0,0,0
38,2023-06-01,0,0,0
38,2023-07-01,0,0,0
38,2023-08-01,0,0,0
38,2023-09-01,0,0,0
38,2023-10-01,0,0,0
38,2023-11-01,0,0,0
38,2023-12-01,0,0,0
38,2024-01-01,0,0,0
38,2024-02-01,0,0,0
38,2024-03-01,0,0,0
38,2024-04-01,0,0,0
38,2024-05-01,0,0,0
38,2024-06-01,0,0,0
38,2024-07-01,0,0,0
38,2024-08-01,0,0,0
38,2024-09-01,0,0,0
38,2024-10-01,0,0,0
38,2024-11-01,0,0,0
38,2024-12-01,0,0,0
38,2025-01-01,0,0,0
38,2025-02-01,0,0,0
38,2025-03-01,0,0,0
38,2025-04-01,0,0,0
38,2025-05-01,0,0,0
38,2025-06-01,0,0,0
38,2025-07-01,0,0,0
38,2025-08-01,0,0,0
38,2025-09-01,0,0,0
38,2025-10-01,0,0,0
38,2025-11-01,0,0,0
38,2025-12-01,0,0,0
39,2018-01-01,0,0,0
39,2018-02-01,0,0,0
39,2018-03-01,0,0,0
39,2018-04-01,0,0,0
39,2018-05-01,0,0,0
39,2018-06-01,0,0,0
39,2018-07-01,0,0,0
39,2018-08-01,0,0,0
39,2018-09-01,0,0,0
39,2018-10-01,0,0,0
39,2018-11-01,0,0,0
39,2018-12-01,0,0,0
39,2019-01-01,0,0,0
39,2019-02-01,0,0,0
39,2019-03-01,0,0,0
39,2019-04-01,0,0,0
39,2019-05-01,0,0,0
39,2019-06-01,0,0,0
39,2019-07-01,0,0,0
39,2019-08-01,0,0,0
39,2019-09-01,0,0,0
39,2019-10-01,0,0,0
39,2019-11-01,0,0,0
39,2019-12-01,0,0,0
39,2020-01-01,0,0,0
39,2020-02-01,0,0,0
39,2020-03-01,0,0,0
39,2020-04-01,0,0,0
39,2020-05-01,0,0,0
39,2020-06-01,0,0,0
39,2020-07-01,0,0,0
39,2020-08-01,0,0,0
39,2020-09-01,0,0,0
39,2020-10-01,0,0,0
39,2020-11-01,0,0,0
39,2020-12-01,0,0,0
39,2021-01-01,0,0,0
39,2021-02-01,0,0,0
39,2021-03-01,0,0,0
39,2021-04-01,0,0,0
39,2021-05-01,0,0,0
39,2021-06-01,0,0,0
39,2021-07-01,0,0,0
39,2021-08-01,0,0,0
39,2021-09-01,0,0,0
39,2021-10-01,0,0,0
39,2021-11-01,0,0,0
39,2021-12-01,0,0,0
39,2022-01-01,0,0,0
39,2022-02-01,0,0,0
39,2022-03-01,0,0,0
39,2022-04-01,0,0,0
39,2022-05-01,0,0,0
39,2022-06-01,0,0,0
39,2022-07-01,0,0,0
39,2022-08-01,0,0,0
39,2022-09-01,0,0,0
39,2022-10-01,0,0,0
39,2022-11-01,0,0,0
39,2022-12-01,0,0,0
39,2023-01-01,0,0,0
39,2023-02-01,0,0,0
39,2023-03-01,0,0,0
39,2023-04-01,0,0,0
39,2023-05-01,0,0,0
39,2023-06-01,0,0,0
39,2023-07-01,0,0,0
39,2023-08-01,0,0,0
39,2023-09-01,0,0,0
39,2023-10-01,0,0,0
39,2023-11-01,0,0,0
39,2023-12-01,0,0,0
39,2024-01-01,0,0,0
39,2024-02-01,0,0,0
39,2024-03-01,0,0,0
39,2024-04-01,0,0,0
39,2024-05-01,0,0,0
39,2024-06-01,0,0,0
39,2024-07-01,0,0,0
39,2024-08-01,0,0,0
39,2024-09-01,0,0,0
39,2024-10-01,0,0,0
39,2024-11-01,0,0,0
39,2024-12-01,0,0,0
39,2025-01-01,0,0,0
39,2025-02-01,0,0,0
39,2025-03-01,0,0,0
39,2025-04-01,0,0,0
39,2025-05-01,0,0,0
39,2025-06-01,0,0,0
39,2025-07-01,0,0,0
39,2025-08-01,0,0,0
39,2025-09-01,0,0,0
39,2025-10-01,0,0,0
39,2025-11-01,0,0,0
39,2025-12-01,0,0,0
40,2018-01-01,7,3,10
40,2018-02-01,0,1,1
40,2018-03-01,3,3,6
40,2018-04-01,2,3,5
40,2018-05-01,6,3,9
40,2018-06-01,1,2,3
40,2018-07-01,1,1,2
40,2018-08-01,4,6,10
40,2018-09-01,3,5,8
40,2018-10-01,6,4,10
40,2018-11-01,0,2,2
40,2018-12-01,1,6,7
40,2019-01-01,1,2,3
40,2019-02-01,2,3,5
40,2019-03-01,3,4,7
40,2019-04-01,2,3,5
40,2019-05-01,2,4,6
40,2019-06-01,2,4,6
40,2019-07-01,0,2,2
40,2019-08-01,4,7,11
40,2019-09-01,1,3,4
40,2019-10-01,2,7,9
40,2019-11-01,2,4,6
40,2019-12-01,1,4,5
40,2020-01-01,1,3,4
40,2020-02-01,2,2,4
40,2020-03-01,2,3,5
40,2020-04-01,0,3,3
40,2020-05-01,4,8,12
40,2020-06-01,5,9,14
40,2020-07-01,5,10,15
40,2020-08-01,11,14,25
40,2020-09-01,12,8,20
40,2020-10-01,7,10,17
40,2020-11-01,4,6,10
40,2020-12-01,2,4,6
40,2021-01-01,5,2,7
40,2021-02-01,2,2,4
40,2021-03-01,1,3,4
40,2021-04-01,9,14,23
40,2021-05-01,5,14,19
40,2021-06-01,7,13,20
40,2021-07-01,9,10,19
40,2021-08-01,9,11,20
40,2021-09-01,0,8,8
40,2021-10-01,7,11,18
40,2021-11-01,3,10,13
40,2021-12-01,6,5,11
40,2022-01-01,3,4,7
40,2022-02-01,2,4,6
40,2022-03-01,4,10,14
40,2022-04-01,3,4,7
40,2022-05-01,7,5,12
40,2022-06-01,7,10,17
40,2022-07-01,6,8,14
40,2022-08-01,4,8,12
40,2022-09-01,5,2,7
40,2022-10-01,2,6,8
40,2022-11-01,4,3,7
40,2022-12-01,5,4,9
40,2023-01-01,1,4,5
40,2023-02-01,0,10,10
40,2023-03-01,2,3,5
40,2023-04-01,3,9,12
40,2023-05-01,2,6,8
40,2023-06-01,7,12,19
40,2023-07-01,3,11,14
40,2023-08-01,2,3,5
40,2023-09-01,4,3,7
40,2023-10-01,4,6,10
40,2023-11-01,4,9,13
40,2023-12-01,1,9,10
40,2024-01-01,1,3,4
40,2024-02-01,4,2,6
40,2024-03-01,4,0,4
40,2024-04-01,2,1,3
40,2024-05-01,2,13,15
40,2024-06-01,6,9,15
40,2024-07-01,4,6,10
40,2024-08-01,6,7,13
40,2024-09-01,3,7,10
40,2024-10-01,6,13,19
40,2024-11-01,8,5,13
40,2024-12-01,2,9,11
40,2025-01-01,3,8,11
40,2025-02-01,2,10,12
40,2025-03-01,4,4,8
40,2025-04-01,6,13,19
40,2025-05-01,2,14,16
40,2025-06-01,2,5,7
40,2025-07-01,1,14,15
40,2025-08-01,1,9,10
40,2025-09-01,3,10,13
40,2025-10-01,1,7,8
40,2025-11-01,2,10,12
40,2025-12-01,2,1,3
41,2018-01-01,0,0,0
41,2018-02-01,2,1,3
41,2018-03-01,1,2,3
41,2018-04-01,1,1,2
41,2018-05-01,2,2,4
41,2018-06-01,1,0,1
41,2018-07-01,1,0,1
41,2018-08-01,2,6,8
41,2018-09-01,1,1,2
41,2018-10-01,1,0,1
41,2018-11-01,1,4,5
41,2018-12-01,0,3,3
41,2019-01-01,2,1,3
41,2019-02-01,1,1,2
41,2019-03-01,1,5,6
41,2019-04-01,0,0,0
41,2019-05-01,0,0,0
41,2019-06-01,4,3,7
41,2019-07-01,3,3,6
41,2019-08-01,1,0,1
41,2019-09-01,0,1,1
41,2019-10-01,0,5,5
41,2019-11-01,1,3,4
41,2019-12-01,1,0,1
41,2020-01-01,3,3,6
41,2020-02-01,2,1,3
41,2020-03-01,0,1,1
41,2020-04-01,1,3,4
41,2020-05-01,2,2,4
41,2020-06-01,2,4,6
41,2020-07-01,2,3,5
41,2020-08-01,4,7,11
41,2020-09-01,1,0,1
41,2020-10-01,1,3,4
41,2020-11-01,1,3,4
41,2020-12-01,3,3,6
41,2021-01-01,1,1,2
41,2021-02-01,0,0,0
41,2021-03-01,0,4,4
41,2021-04-01,1,3,4
41,2021-05-01,8,7,15
41,2021-06-01,5,5,10
41,2021-07-01,2,1,3
41,2021-08-01,2,4,6
41,2021-09-01,3,7,10
41,2021-10-01,3,5,8
41,2021-11-01,3,6,9
41,2021-12-01,0,2,2
41,2022-01-01,3,3,6
41,2022-02-01,0,5,5
41,2022-03-01,0,1,1
41,2022-04-01,2,3,5
41,2022-05-01,4,5,9
41,2022-06-01,2,5,7
41,2022-07-01,2,4,6
41,2022-08-01,2,0,2
41,2022-09-01,3,1,4
41,2022-10-01,1,3,4
41,2022-11-01,0,0,0
41,2022-12-01,1,1,2
41,2023-01-01,3,0,3
41,2023-02-01,0,5,5
41,2023-03-01,2,3,5
41,2023-04-01,0,4,4
41,2023-05-01,3,3,6
41,2023-06-01,4,3,7
41,2023-07-01,1,5,6
41,2023-08-01,3,3,6
41,2023-09-01,1,3,4
41,2023-10-01,1,3,4
41,2023-11-01,1,0,1
41,2023-12-01,1,1,2
41,2024-01-01,1,1,2
41,2024-02-01,1,1,2
41,2024-03-01,3,1,4
41,2024-04-01,2,2,4
41,2024-05-01,1,4,5
41,2024-06-01,1,6,7
41,2024-07-01,1,3,4
41,2024-08-01,0,1,1
41,2024-09-01,1,4,5
41,2024-10-01,3,4,7
41,2024-11-01,1,0,1
41,2024-12-01,1,3,4
41,2025-01-01,0,2,2
41,2025-02-01,0,5,5
41,2025-03-01,0,4,4
41,2025-04-01,0,1,1
41,2025-05-01,2,1,3
41,2025-06-01,3,3,6
41,2025-07-01,2,1,3
41,2025-08-01,1,6,7
41,2025-09-01,2,1,3
41,2025-10-01,0,3,3
41,2025-11-01,1,3,4
41,2025-12-01,1,1,2
42,2018-01-01,1,3,4
42,2018-02-01,1,3,4
42,2018-03-01,3,2,5
42,2018-04-01,1,1,2
42,2018-05-01,3,3,6
42,2018-06-01,0,2,2
42,2018-07-01,0,2,2
42,2018-08-01,4,5,9
42,2018-09-01,1,2,3
42,2018-10-01,2,2,4
42,2018-11-01,3,3,6
42,2018-12-01,5,3,8
42,2019-01-01,1,2,3
42,2019-02-01,1,4,5
42,2019-03-01,2,2,4
42,2019-04-01,4,4,8
42,2019-05-01,4,6,10
42,2019-06-01,4,4,8
42,2019-07-01,3,6,9
42,2019-08-01,2,1,3
42,2019-09-01,5,4,9
42,2019-10-01,2,4,6
42,2019-11-01,2,1,3
42,2019-12-01,1,3,4
42,2020-01-01,2,1,3
42,2020-02-01,0,2,2
42,2020-03-01,2,2,4
42,2020-04-01,2,1,3
42,2020-05-01,1,3,4
42,2020-06-01,8,16,24
42,2020-07-01,4,10,14
42,2020-08-01,11,13,24
42,2020-09-01,3,2,5
42,2020-10-01,6,5,11
42,2020-11-01,2,5,7
42,2020-12-01,3,4,7
42,2021-01-01,2,3,5
42,2021-02-01,2,3,5
42,2021-03-01,4,6,10
42,2021-04-01,4,3,7
42,2021-05-01,11,18,29
42,2021-06-01,7,13,20
42,2021-07-01,10,19,29
42,2021-08-01,8,10,18
42,2021-09-01,4,11,15
42,2021-10-01,4,13,17
42,2021-11-01,5,10,15
42,2021-12-01,4,7,11
42,2022-01-01,2,8,10
42,2022-02-01,0,3,3
42,2022-03-01,5,9,14
42,2022-04-01,3,13,16
42,2022-05-01,3,8,11
42,2022-06-01,2,9,11
42,2022-07-01,7,9,16
42,2022-08-01,3,10,13
42,2022-09-01,2,5,7
42,2022-10-01,1,8,9
42,2022-11-01,3,5,8
42,2022-12-01,3,1,4
42,2023-01-01,2,2,4
42,2023-02-01,3,9,12
42,2023-03-01,3,9,12
42,2023-04-01,2,4,6
42,2023-05-01,1,5,6
42,2023-06-01,5,15,20
42,2023-07-01,5,4,9
42,2023-08-01,3,5,8
42,2023-09-01,3,5,8
42,2023-10-01,3,11,14
42,2023-11-01,2,6,8
42,2023-12-01,2,4,6
42,2024-01-01,1,9,10
42,2024-02-01,2,2,4
42,2024-03-01,0,13,13
42,2024-04-01,4,9,13
42,2024-05-01,3,8,11
42,2024-06-01,7,7,14
42,2024-07-01,4,6,10
42,2024-08-01,6,9,15
42,2024-09-01,4,13,17
42,2024-10-01,4,8,12
42,2024-11-01,4,7,11
42,2024-12-01,2,7,9
42,2025-01-01,1,12,13
42,2025-02-01,3,9,12
42,2025-03-01,1,5,6
42,2025-04-01,1,9,10
42,2025-05-01,4,15,19
42,2025-06-01,9,8,17
42,2025-07-01,2,3,5
42,2025-08-01,3,6,9
42,2025-09-01,2,15,17
42,2025-10-01,1,7,8
42,2025-11-01,3,15,18
42,2025-12-01,0,2,2
43,2018-01-01,5,4,9
43,2018-02-01,1,0,1
43,2018-03-01,1,3,4
43,2018-04-01,2,3,5
43,2018-05-01,2,4,6
43,2018-06-01,1,2,3
43,2018-07-01,0,1,1
43,2018-08-01,2,5,7
43,2018-09-01,0,2,2
43,2018-10-01,2,4,6
43,2018-11-01,2,5,7
43,2018-12-01,1,2,3
43,2019-01-01,4,2,6
43,2019-02-01,1,4,5
43,2019-03-01,0,0,0
43,2019-04-01,0,2,2
43,2019-05-01,0,3,3
43,2019-06-01,2,5,7
43,2019-07-01,0,2,2
43,2019-08-01,1,2,3
43,2019-09-01,1,6,7
43,2019-10-01,2,3,5
43,2019-11-01,2,1,3
43,2019-12-01,0,2,2
43,2020-01-01,2,5,7
43,2020-02-01,0,2,2
43,2020-03-01,2,6,8
43,2020-04-01,1,5,6
43,2020-05-01,0,3,3
43,2020-06-01,6,12,18
43,2020-07-01,6,10,16
43,2020-08-01,4,4,8
43,2020-09-01,2,4,6
43,2020-10-01,4,11,15
43,2020-11-01,6,7,13
43,2020-12-01,1,6,7
43,2021-01-01,4,4,8
43,2021-02-01,4,3,7
43,2021-03-01,4,1,5
43,2021-04-01,3,4,7
43,2021-05-01,4,6,10
43,2021-06-01,7,12,19
43,2021-07-01,4,8,12
43,2021-08-01,3,12,15
43,2021-09-01,6,12,18
43,2021-10-01,5,14,19
43,2021-11-01,1,8,9
43,2021-12-01,4,8,12
43,2022-01-01,2,11,13
43,2022-02-01,4,5,9
43,2022-03-01,6,9,15
43,2022-04-01,1,9,10
43,2022-05-01,3,8,11
43,2022-06-01,6,12,18
43,2022-07-01,5,8,13
43,2022-08-01,0,8,8
43,2022-09-01,3,3,6
43,2022-10-01,2,7,9
43,2022-11-01,2,7,9
43,2022-12-01,1,5,6
43,2023-01-01,1,9,10
43,2023-02-01,2,2,4
43,2023-03-01,2,5,7
43,2023-04-01,2,9,11
43,2023-05-01,3,6,9
43,2023-06-01,2,5,7
43,2023-07-01,6,5,11
43,2023-08-01,6,11,17
43,2023-09-01,4,6,10
43,2023-10-01,4,5,9
43,2023-11-01,2,1,3
43,2023-12-01,0,8,8
43,2024-01-01,3,5,8
43,2024-02-01,2,6,8
43,2024-03-01,3,10,13
43,2024-04-01,0,2,2
43,2024-05-01,2,8,10
43,2024-06-01,3,8,11
43,2024-07-01,3,7,10
43,2024-08-01,3,8,11
43,2024-09-01,3,7,10
43,2024-10-01,1,5,6
43,2024-11-01,0,2,2
43,2024-12-01,4,4,8
43,2025-01-01,2,2,4
43,2025-02-01,2,3,5
43,2025-03-01,3,2,5
43,2025-04-01,2,9,11
43,2025-05-01,2,6,8
43,2025-06-01,3,3,6
43,2025-07-01,3,14,17
43,2025-08-01,4,3,7
43,2025-09-01,4,2,6
43,2025-10-01,2,3,5
43,2025-11-01,3,3,6
43,2025-12-01,2,1,3
44,2018-01-01,2,5,7
44,2018-02-01,0,2,2
44,2018-03-01,2,1,3
44,2018-04-01,0,4,4
44,2018-05-01,2,3,5
44,2018-06-01,4,5,9
44,2018-07-01,7,11,18
44,2018-08-01,6,6,12
44,2018-09-01,4,6,10
44,2018-10-01,3,6,9
44,2018-11-01,5,4,9
44,2018-12-01,3,3,6
44,2019-01-01,0,1,1
44,2019-02-01,1,0,1
44,2019-03-01,2,4,6
44,2019-04-01,2,4,6
44,2019-05-01,2,8,10
44,2019-06-01,3,4,7
44,2019-07-01,4,6,10
44,2019-08-01,3,4,7
44,2019-09-01,2,1,3
44,2019-10-01,4,5,9
44,2019-11-01,5,4,9
44,2019-12-01,1,3,4
44,2020-01-01,2,1,3
44,2020-02-01,0,1,1
44,2020-03-01,1,2,3
44,2020-04-01,4,5,9
44,2020-05-01,2,5,7
44,2020-06-01,13,15,28
44,2020-07-01,8,7,15
44,2020-08-01,4,7,11
44,2020-09-01,2,3,5
44,2020-10-01,5,8,13
44,2020-11-01,5,12,17
44,2020-12-01,3,4,7
44,2021-01-01,3,2,5
44,2021-02-01,2,3,5
44,2021-03-01,4,3,7
44,2021-04-01,8,10,18
44,2021-05-01,9,13,22
44,2021-06-01,8,11,19
44,2021-07-01,5,2,7
44,2021-08-01,8,11,19
44,2021-09-01,5,4,9
44,2021-10-01,7,8,15
44,2021-11-01,4,9,13
44,2021-12-01,7,5,12
44,2022-01-01,5,5,10
44,2022-02-01,2,4,6
44,2022-03-01,5,5,10
44,2022-04-01,5,4,9
44,2022-05-01,5,7,12
44,2022-06-01,8,11,19
44,2022-07-01,8,7,15
44,2022-08-01,7,7,14
44,2022-09-01,2,6,8
44,2022-10-01,0,3,3
44,2022-11-01,7,5,12
44,2022-12-01,1,4,5
44,2023-01-01,3,7,10
44,2023-02-01,3,5,8
44,2023-03-01,3,10,13
44,2023-04-01,5,11,16
44,2023-05-01,5,3,8
44,2023-06-01,7,8,15
44,2023-07-01,4,4,8
44,2023-08-01,5,7,12
44,2023-09-01,3,4,7
44,2023-10-01,2,5,7
44,2023-11-01,4,5,9
44,2023-12-01,0,2,2
44,2024-01-01,4,6,10
44,2024-02-01,3,6,9
44,2024-03-01,5,4,9
44,2024-04-01,5,8,13
44,2024-05-01,5,6,11
44,2024-06-01,4,18,22
44,2024-07-01,3,4,7
44,2024-08-01,4,9,13
44,2024-09-01,6,7,13
44,2024-10-01,2,12,14
44,2024-11-01,3,5,8
44,2024-12-01,1,2,3
44,2025-01-01,3,5,8
44,2025-02-01,1,3,4
44,2025-03-01,1,10,11
44,2025-04-01,1,9,10
44,2025-05-01,0,9,9
44,2025-06-01,2,5,7
44,2025-07-01,8,14,22
44,2025-08-01,2,12,14
44,2025-09-01,4,4,8
44,2025-10-01,2,9,11
44,2025-11-01,1,5,6
44,2025-12-01,1,0,1
45,2018-01-01,1,1,2
45,2018-02-01,0,0,0
45,2018-03-01,0,1,1
45,2018-04-01,0,1,1
45,2018-05-01,1,4,5
45,2018-06-01,1,2,3
45,2018-07-01,1,2,3
45,2018-08-01,0,0,0
45,2018-09-01,0,1,1
45,2018-10-01,0,1,1
45,2018-11-01,0,0,0
45,2018-12-01,0,0,0
45,2019-01-01,0,0,0
45,2019-02-01,0,1,1
45,2019-03-01,1,2,3
45,2019-04-01,0,0,0
45,2019-05-01,1,2,3
45,2019-06-01,0,4,4
45,2019-07-01,3,4,7
45,2019-08-01,1,2,3
45,2019-09-01,1,2,3
45,2019-10-01,0,1,1
45,2019-11-01,1,2,3
45,2019-12-01,0,1,1
45,2020-01-01,1,2,3
45,2020-02-01,0,2,2
45,2020-03-01,0,2,2
45,2020-04-01,0,0,0
45,2020-05-01,0,0,0
45,2020-06-01,2,1,3
45,2020-07-01,1,2,3
45,2020-08-01,1,1,2
45,2020-09-01,1,3,4
45,2020-10-01,1,1,2
45,2020-11-01,1,1,2
45,2020-12-01,0,0,0
45,2021-01-01,0,0,0
45,2021-02-01,3,2,5
45,2021-03-01,2,1,3
45,2021-04-01,1,2,3
45,2021-05-01,0,5,5
45,2021-06-01,0,1,1
45,2021-07-01,0,2,2
45,2021-08-01,0,2,2
45,2021-09-01,1,0,1
45,2021-10-01,2,2,4
45,2021-11-01,3,3,6
45,2021-12-01,2,4,6
45,2022-01-01,2,3,5
45,2022-02-01,2,2,4
45,2022-03-01,0,1,1
45,2022-04-01,0,3,3
45,2022-05-01,2,3,5
45,2022-06-01,0,3,3
45,2022-07-01,1,6,7
45,2022-08-01,1,3,4
45,2022-09-01,1,1,2
45,2022-10-01,0,1,1
45,2022-11-01,0,0,0
45,2022-12-01,1,2,3
45,2023-01-01,0,0,0
45,2023-02-01,1,0,1
45,2023-03-01,1,4,5
45,2023-04-01,0,1,1
45,2023-05-01,0,0,0
45,2023-06-01,3,1,4
45,2023-07-01,1,1,2
45,2023-08-01,1,3,4
45,2023-09-01,0,2,2
45,2023-10-01,0,0,0
45,2023-11-01,1,0,1
45,2023-12-01,0,2,2
45,2024-01-01,1,4,5
45,2024-02-01,0,0,0
45,2024-03-01,0,1,1
45,2024-04-01,1,3,4
45,2024-05-01,1,2,3
45,2024-06-01,1,0,1
45,2024-07-01,0,3,3
45,2024-08-01,0,2,2
45,2024-09-01,0,2,2
45,2024-10-01,0,2,2
45,2024-11-01,0,1,1
45,2024-12-01,0,2,2
45,2025-01-01,1,2,3
45,2025-02-01,1,0,1
45,2025-03-01,0,9,9
45,2025-04-01,2,1,3
45,2025-05-01,0,6,6
45,2025-06-01,1,2,3
45,2025-07-01,2,3,5
45,2025-08-01,4,2,6
45,2025-09-01,0,1,1
45,2025-10-01,0,0,0
45,2025-11-01,0,1,1
45,2025-12-01,0,1,1
46,2018-01-01,1,2,3
46,2018-02-01,3,3,6
46,2018-03-01,1,1,2
46,2018-04-01,0,2,2
46,2018-05-01,2,3,5
46,2018-06-01,3,2,5
46,2018-07-01,1,3,4
46,2018-08-01,1,1,2
46,2018-09-01,4,4,8
46,2018-10-01,5,6,11
46,2018-11-01,0,0,0
46,2018-12-01,1,2,3
46,2019-01-01,3,4,7
46,2019-02-01,1,1,2
46,2019-03-01,0,3,3
46,2019-04-01,0,3,3
46,2019-05-01,4,6,10
46,2019-06-01,3,5,8
46,2019-07-01,7,8,15
46,2019-08-01,3,4,7
46,2019-09-01,1,1,2
46,2019-10-01,2,5,7
46,2019-11-01,2,1,3
46,2019-12-01,1,0,1
46,2020-01-01,1,1,2
46,2020-02-01,0,2,2
46,2020-03-01,3,8,11
46,2020-04-01,2,4,6
46,2020-05-01,4,6,10
46,2020-06-01,11,7,18
46,2020-07-01,6,14,20
46,2020-08-01,5,8,13
46,2020-09-01,2,5,7
46,2020-10-01,6,13,19
46,2020-11-01,1,4,5
46,2020-12-01,3,4,7
46,2021-01-01,0,0,0
46,2021-02-01,2,2,4
46,2021-03-01,2,10,12
46,2021-04-01,3,6,9
46,2021-05-01,7,16,23
46,2021-06-01,5,12,17
46,2021-07-01,5,7,12
46,2021-08-01,6,7,13
46,2021-09-01,3,9,12
46,2021-10-01,4,11,15
46,2021-11-01,2,7,9
46,2021-12-01,2,6,8
46,2022-01-01,3,13,16
46,2022-02-01,2,1,3
46,2022-03-01,3,6,9
46,2022-04-01,2,4,6
46,2022-05-01,5,8,13
46,2022-06-01,6,9,15
46,2022-07-01,3,6,9
46,2022-08-01,2,2,4
46,2022-09-01,4,9,13
46,2022-10-01,2,5,7
46,2022-11-01,5,7,12
46,2022-12-01,4,3,7
46,2023-01-01,1,5,6
46,2023-02-01,3,7,10
46,2023-03-01,1,14,15
46,2023-04-01,1,4,5
46,2023-05-01,3,7,10
46,2023-06-01,9,3,12
46,2023-07-01,6,6,12
46,2023-08-01,5,1,6
46,2023-09-01,7,9,16
46,2023-10-01,5,8,13
46,2023-11-01,1,2,3
46,2023-12-01,2,3,5
46,2024-01-01,1,2,3
46,2024-02-01,2,5,7
46,2024-03-01,5,2,7
46,2024-04-01,2,4,6
46,2024-05-01,4,12,16
46,2024-06-01,3,5,8
46,2024-07-01,9,5,14
46,2024-08-01,6,4,10
46,2024-09-01,10,8,18
46,2024-10-01,3,6,9
46,2024-11-01,4,0,4
46,2024-12-01,1,4,5
46,2025-01-01,1,5,6
46,2025-02-01,0,5,5
46,2025-03-01,1,4,5
46,2025-04-01,7,6,13
46,2025-05-01,3,6,9
46,2025-06-01,3,6,9
46,2025-07-01,2,1,3
46,2025-08-01,1,4,5
46,2025-09-01,1,7,8
46,2025-10-01,1,4,5
46,2025-11-01,3,3,6
46,2025-12-01,0,1,1
47,2018-01-01,1,4,5
47,2018-02-01,1,7,8
47,2018-03-01,1,5,6
47,2018-04-01,1,4,5
47,2018-05-01,1,3,4
47,2018-06-01,1,4,5
47,2018-07-01,3,11,14
47,2018-08-01,1,3,4
47,2018-09-01,1,1,2
47,2018-10-01,4,2,6
47,2018-11-01,3,4,7
47,2018-12-01,3,5,8
47,2019-01-01,3,4,7
47,2019-02-01,1,5,6
47,2019-03-01,2,4,6
47,2019-04-01,2,5,7
47,2019-05-01,2,3,5
47,2019-06-01,0,4,4
47,2019-07-01,2,7,9
47,2019-08-01,1,8,9
47,2019-09-01,3,7,10
47,2019-10-01,1,7,8
47,2019-11-01,3,5,8
47,2019-12-01,3,7,10
47,2020-01-01,2,3,5
47,2020-02-01,2,3,5
47,2020-03-01,1,6,7
47,2020-04-01,2,4,6
47,2020-05-01,2,7,9
47,2020-06-01,5,10,15
47,2020-07-01,5,7,12
47,2020-08-01,8,24,32
47,2020-09-01,8,18,26
47,2020-10-01,3,9,12
47,2020-11-01,2,10,12
47,2020-12-01,6,10,16
47,2021-01-01,4,20,24
47,2021-02-01,2,13,15
47,2021-03-01,2,9,11
47,2021-04-01,8,18,26
47,2021-05-01,3,21,24
47,2021-06-01,3,31,34
47,2021-07-01,9,39,48
47,2021-08-01,5,16,21
47,2021-09-01,12,22,34
47,2021-10-01,3,24,27
47,2021-11-01,7,21,28
47,2021-12-01,1,11,12
47,2022-01-01,3,17,20
47,2022-02-01,4,15,19
47,2022-03-01,9,14,23
47,2022-04-01,5,14,19
47,2022-05-01,0,15,15
47,2022-06-01,4,16,20
47,2022-07-01,5,22,27
47,2022-08-01,2,13,15
47,2022-09-01,2,16,18
47,2022-10-01,2,10,12
47,2022-11-01,3,15,18
47,2022-12-01,5,9,14
47,2023-01-01,3,18,21
47,2023-02-01,0,7,7
47,2023-03-01,4,8,12
47,2023-04-01,3,15,18
47,2023-05-01,4,16,20
47,2023-06-01,5,8,13
47,2023-07-01,5,15,20
47,2023-08-01,2,11,13
47,2023-09-01,3,7,10
47,2023-10-01,2,11,13
47,2023-11-01,0,6,6
47,2023-12-01,5,7,12
47,2024-01-01,5,6,11
47,2024-02-01,2,7,9
47,2024-03-01,0,8,8
47,2024-04-01,1,4,5
47,2024-05-01,3,6,9
47,2024-06-01,1,6,7
47,2024-07-01,0,10,10
47,2024-08-01,3,5,8
47,2024-09-01,1,7,8
47,2024-10-01,4,16,20
47,2024-11-01,4,9,13
47,2024-12-01,3,6,9
47,2025-01-01,2,6,8
47,2025-02-01,4,5,9
47,2025-03-01,2,2,4
47,2025-04-01,3,2,5
47,2025-05-01,2,4,6
47,2025-06-01,4,7,11
47,2025-07-01,2,21,23
47,2025-08-01,5,10,15
47,2025-09-01,0,6,6
47,2025-10-01,3,4,7
47,2025-11-01,1,4,5
47,2025-12-01,4,3,7
48,2018-01-01,4,1,5
48,2018-02-01,2,1,3
48,2018-03-01,0,0,0
48,2018-04-01,0,0,0
48,2018-05-01,1,0,1
48,2018-06-01,3,4,7
48,2018-07-01,0,0,0
48,2018-08-01,1,0,1
48,2018-09-01,2,6,8
48,2018-10-01,3,2,5
48,2018-11-01,0,2,2
48,2018-12-01,3,5,8
48,2019-01-01,1,2,3
48,2019-02-01,0,1,1
48,2019-03-01,1,3,4
48,2019-04-01,2,2,4
48,2019-05-01,1,5,6
48,2019-06-01,1,5,6
48,2019-07-01,5,6,11
48,2019-08-01,2,3,5
48,2019-09-01,2,6,8
48,2019-10-01,1,2,3
48,2019-11-01,0,0,0
48,2019-12-01,3,1,4
48,2020-01-01,1,1,2
48,2020-02-01,0,5,5
48,2020-03-01,1,2,3
48,2020-04-01,2,4,6
48,2020-05-01,2,7,9
48,2020-06-01,6,10,16
48,2020-07-01,11,14,25
48,2020-08-01,9,12,21
48,2020-09-01,1,2,3
48,2020-10-01,0,5,5
48,2020-11-01,5,2,7
48,2020-12-01,4,6,10
48,2021-01-01,1,0,1
48,2021-02-01,4,3,7
48,2021-03-01,1,4,5
48,2021-04-01,9,18,27
48,2021-05-01,9,12,21
48,2021-06-01,5,9,14
48,2021-07-01,3,8,11
48,2021-08-01,6,13,19
48,2021-09-01,6,13,19
48,2021-10-01,2,6,8
48,2021-11-01,8,12,20
48,2021-12-01,2,7,9
48,2022-01-01,5,8,13
48,2022-02-01,5,10,15
48,2022-03-01,2,7,9
48,2022-04-01,4,12,16
48,2022-05-01,3,11,14
48,2022-06-01,9,6,15
48,2022-07-01,4,11,15
48,2022-08-01,4,9,13
48,2022-09-01,3,6,9
48,2022-10-01,2,12,14
48,2022-11-01,2,10,12
48,2022-12-01,5,10,15
48,2023-01-01,2,10,12
48,2023-02-01,3,3,6
48,2023-03-01,2,4,6
48,2023-04-01,1,7,8
48,2023-05-01,3,4,7
48,2023-06-01,1,5,6
48,2023-07-01,3,3,6
48,2023-08-01,4,6,10
48,2023-09-01,2,9,11
48,2023-10-01,2,6,8
48,2023-11-01,3,3,6
48,2023-12-01,3,2,5
48,2024-01-01,1,8,9
48,2024-02-01,3,4,7
48,2024-03-01,2,7,9
48,2024-04-01,1,5,6
48,2024-05-01,3,10,13
48,2024-06-01,6,1,7
48,2024-07-01,6,6,12
48,2024-08-01,2,0,2
48,2024-09-01,3,8,11
48,2024-10-01,4,4,8
48,2024-11-01,3,7,10
48,2024-12-01,1,5,6
48,2025-01-01,2,2,4
48,2025-02-01,3,2,5
48,2025-03-01,0,6,6
48,2025-04-01,6,7,13
48,2025-05-01,1,1,2
48,2025-06-01,0,6,6
48,2025-07-01,4,4,8
48,2025-08-01,3,5,8
48,2025-09-01,4,2,6
48,2025-10-01,3,6,9
48,2025-11-01,1,1,2
48,2025-12-01,1,3,4
49,2018-01-01,1,2,3
49,2018-02-01,1,0,1
49,2018-03-01,0,0,0
49,2018-04-01,0,1,1
49,2018-05-01,0,0,0
49,2018-06-01,1,2,3
49,2018-07-01,1,1,2
49,2018-08-01,1,1,2
49,2018-09-01,1,1,2
49,2018-10-01,1,1,2
49,2018-11-01,0,1,1
49,2018-12-01,1,1,2
49,2019-01-01,1,0,1
49,2019-02-01,1,2,3
49,2019-03-01,0,0,0
49,2019-04-01,0,1,1
49,2019-05-01,1,4,5
49,2019-06-01,2,2,4
49,2019-07-01,0,1,1
49,2019-08-01,3,3,6
49,2019-09-01,0,1,1
49,2019-10-01,1,0,1
49,2019-11-01,2,1,3
49,2019-12-01,0,0,0
49,2020-01-01,1,1,2
49,2020-02-01,0,1,1
49,2020-03-01,0,2,2
49,2020-04-01,1,2,3
49,2020-05-01,1,0,1
49,2020-06-01,0,1,1
49,2020-07-01,1,1,2
49,2020-08-01,2,3,5
49,2020-09-01,2,3,5
49,2020-10-01,2,6,8
49,2020-11-01,1,3,4
49,2020-12-01,2,2,4
49,2021-01-01,1,2,3
49,2021-02-01,0,3,3
49,2021-03-01,2,1,3
49,2021-04-01,2,5,7
49,2021-05-01,2,8,10
49,2021-06-01,1,11,12
49,2021-07-01,1,2,3
49,2021-08-01,0,3,3
49,2021-09-01,2,6,8
49,2021-10-01,2,4,6
49,2021-11-01,3,7,10
49,2021-12-01,2,6,8
49,2022-01-01,5,5,10
49,2022-02-01,1,4,5
49,2022-03-01,2,5,7
49,2022-04-01,5,5,10
49,2022-05-01,1,3,4
49,2022-06-01,2,3,5
49,2022-07-01,1,2,3
49,2022-08-01,1,5,6
49,2022-09-01,5,3,8
49,2022-10-01,1,2,3
49,2022-11-01,1,7,8
49,2022-12-01,2,1,3
49,2023-01-01,2,4,6
49,2023-02-01,1,3,4
49,2023-03-01,1,4,5
49,2023-04-01,1,6,7
49,2023-05-01,1,1,2
49,2023-06-01,3,6,9
49,2023-07-01,0,5,5
49,2023-08-01,1,4,5
49,2023-09-01,2,3,5
49,2023-10-01,0,12,12
49,2023-11-01,1,2,3
49,2023-12-01,0,3,3
49,2024-01-01,1,3,4
49,2024-02-01,2,1,3
49,2024-03-01,0,1,1
49,2024-04-01,1,3,4
49,2024-05-01,1,4,5
49,2024-06-01,2,4,6
49,2024-07-01,4,1,5
49,2024-08-01,1,2,3
49,2024-09-01,3,0,3
49,2024-10-01,0,1,1
49,2024-11-01,0,4,4
49,2024-12-01,0,3,3
49,2025-01-01,0,0,0
49,2025-02-01,2,1,3
49,2025-03-01,0,4,4
49,2025-04-01,0,5,5
49,2025-05-01,0,4,4
49,2025-06-01,1,3,4
49,2025-07-01,2,3,5
49,2025-08-01,0,2,2
49,2025-09-01,2,4,6
49,2025-10-01,0,2,2
49,2025-11-01,0,2,2
49,2025-12-01,1,1,2
50,2018-01-01,0,0,0
50,2018-02-01,0,0,0
50,2018-03-01,0,0,0
50,2018-04-01,1,1,2
50,2018-05-01,0,0,0
50,2018-06-01,0,1,1
50,2018-07-01,1,0,1
50,2018-08-01,1,1,2
50,2018-09-01,2,0,2
50,2018-10-01,2,3,5
50,2018-11-01,0,0,0
50,2018-12-01,1,0,1
50,2019-01-01,0,1,1
50,2019-02-01,0,1,1
50,2019-03-01,0,0,0
50,2019-04-01,0,1,1
50,2019-05-01,0,0,0
50,2019-06-01,1,2,3
50,2019-07-01,1,1,2
50,2019-08-01,0,0,0
50,2019-09-01,1,1,2
50,2019-10-01,0,0,0
50,2019-11-01,1,0,1
50,2019-12-01,0,1,1
50,2020-01-01,1,1,2
50,2020-02-01,2,2,4
50,2020-03-01,0,0,0
50,2020-04-01,0,1,1
50,2020-05-01,1,1,2
50,2020-06-01,0,0,0
50,2020-07-01,0,0,0
50,2020-08-01,2,2,4
50,2020-09-01,0,3,3
50,2020-10-01,0,2,2
50,2020-11-01,0,1,1
50,2020-12-01,1,2,3
50,2021-01-01,0,0,0
50,2021-02-01,1,2,3
50,2021-03-01,0,4,4
50,2021-04-01,1,3,4
50,2021-05-01,2,1,3
50,2021-06-01,1,1,2
50,2021-07-01,1,2,3
50,2021-08-01,2,1,3
50,2021-09-01,1,1,2
50,2021-10-01,0,1,1
50,2021-11-01,1,2,3
50,2021-12-01,1,3,4
50,2022-01-01,1,1,2
50,2022-02-01,0,1,1
50,2022-03-01,0,1,1
50,2022-04-01,1,2,3
50,2022-05-01,3,1,4
50,2022-06-01,0,1,1
50,2022-07-01,2,1,3
50,2022-08-01,0,0,0
50,2022-09-01,3,2,5
50,2022-10-01,0,2,2
50,2022-11-01,1,1,2
50,2022-12-01,0,2,2
50,2023-01-01,0,1,1
50,2023-02-01,0,1,1
50,2023-03-01,0,1,1
50,2023-04-01,1,0,1
50,2023-05-01,1,1,2
50,2023-06-01,0,2,2
50,2023-07-01,2,3,5
50,2023-08-01,0,0,0
50,2023-09-01,0,2,2
50,2023-10-01,2,0,2
50,2023-11-01,0,0,0
50,2023-12-01,0,1,1
50,2024-01-01,0,0,0
50,2024-02-01,1,1,2
50,2024-03-01,0,0,0
50,2024-04-01,0,1,1
50,2024-05-01,1,0,1
50,2024-06-01,0,0,0
50,2024-07-01,1,1,2
50,2024-08-01,0,1,1
50,2024-09-01,0,0,0
50,2024-10-01,0,1,1
50,2024-11-01,0,2,2
50,2024-12-01,4,1,5
50,2025-01-01,0,0,0
50,2025-02-01,0,1,1
50,2025-03-01,0,1,1
50,2025-04-01,3,0,3
50,2025-05-01,0,3,3
50,2025-06-01,1,0,1
50,2025-07-01,1,1,2
50,2025-08-01,1,4,5
50,2025-09-01,0,0,0
50,2025-10-01,0,2,2
50,2025-11-01,1,0,1
50,2025-12-01,0,0,0
51,2018-01-01,0,0,0
51,2018-02-01,0,0,0
51,2018-03-01,0,0,0
51,2018-04-01,0,0,0
51,2018-05-01,0,0,0
51,2018-06-01,0,0,0
51,2018-07-01,0,0,0
51,2018-08-01,0,0,0
51,2018-09-01,0,0,0
51,2018-10-01,0,0,0
51,2018-11-01,0,0,0
51,2018-12-01,0,0,0
51,2019-01-01,0,0,0
51,2019-02-01,0,0,0
51,2019-03-01,0,0,0
51,2019-04-01,0,0,0
51,2019-05-01,0,0,0
51,2019-06-01,0,0,0
51,2019-07-01,0,0,0
51,2019-08-01,0,0,0
51,2019-09-01,0,0,0
51,2019-10-01,0,0,0
51,2019-11-01,0,0,0
51,2019-12-01,0,0,0
51,2020-01-01,0,0,0
51,2020-02-01,0,0,0
51,2020-03-01,0,0,0
51,2020-04-01,0,0,0
51,2020-05-01,0,0,0
51,2020-06-01,0,0,0
51,2020-07-01,0,0,0
51,2020-08-01,0,0,0
51,2020-09-01,0,0,0
51,2020-10-01,0,0,0
51,2020-11-01,0,0,0
51,2020-12-01,0,0,0
51,2021-01-01,0,0,0
51,2021-02-01,0,0,0
51,2021-03-01,0,0,0
51,2021-04-01,0,0,0
51,2021-05-01,0,0,0
51,2021-06-01,0,0,0
51,2021-07-01,0,0,0
51,2021-08-01,0,0,0
51,2021-09-01,0,0,0
51,2021-10-01,0,0,0
51,2021-11-01,0,0,0
51,2021-12-01,0,0,0
51,2022-01-01,0,0,0
51,2022-02-01,0,0,0
51,2022-03-01,0,0,0
51,2022-04-01,0,0,0
51,2022-05-01,0,0,0
51,2022-06-01,0,0,0
51,2022-07-01,0,0,0
51,2022-08-01,0,0,0
51,2022-09-01,0,0,0
51,2022-10-01,0,0,0
51,2022-11-01,0,0,0
51,2022-12-01,0,0,0
51,2023-01-01,0,0,0
51,2023-02-01,0,0,0
51,2023-03-01,0,0,0
51,2023-04-01,0,0,0
51,2023-05-01,0,0,0
51,2023-06-01,0,0,0
51,2023-07-01,0,0,0
51,2023-08-01,0,0,0
51,2023-09-01,0,0,0
51,2023-10-01,0,0,0
51,2023-11-01,0,0,0
51,2023-12-01,0,0,0
51,2024-01-01,0,0,0
51,2024-02-01,0,0,0
51,2024-03-01,0,0,0
51,2024-04-01,0,0,0
51,2024-05-01,0,0,0
51,2024-06-01,0,0,0
51,2024-07-01,0,0,0
51,2024-08-01,0,0,0
51,2024-09-01,0,0,0
51,2024-10-01,0,0,0
51,2024-11-01,0,0,0
51,2024-12-01,0,0,0
51,2025-01-01,0,0,0
51,2025-02-01,0,0,0
51,2025-03-01,0,0,0
51,2025-04-01,0,0,0
51,2025-05-01,0,0,0
51,2025-06-01,0,0,0
51,2025-07-01,0,0,0
51,2025-08-01,0,0,0
51,2025-09-01,0,0,0
51,2025-10-01,0,0,0
51,2025-11-01,0,0,0
51,2025-12-01,0,0,0
52,2018-01-01,3,2,5
52,2018-02-01,1,2,3
52,2018-03-01,0,1,1
52,2018-04-01,3,3,6
52,2018-05-01,2,3,5
52,2018-06-01,1,3,4
52,2018-07-01,1,2,3
52,2018-08-01,1,0,1
52,2018-09-01,1,0,1
52,2018-10-01,2,2,4
52,2018-11-01,1,4,5
52,2018-12-01,1,1,2
52,2019-01-01,0,0,0
52,2019-02-01,1,3,4
52,2019-03-01,0,1,1
52,2019-04-01,3,1,4
52,2019-05-01,0,1,1
52,2019-06-01,4,4,8
52,2019-07-01,1,3,4
52,2019-08-01,3,3,6
52,2019-09-01,2,4,6
52,2019-10-01,2,2,4
52,2019-11-01,0,0,0
52,2019-12-01,1,3,4
52,2020-01-01,2,0,2
52,2020-02-01,1,3,4
52,2020-03-01,0,1,1
52,2020-04-01,0,2,2
52,2020-05-01,4,7,11
52,2020-06-01,1,4,5
52,2020-07-01,4,9,13
52,2020-08-01,5,4,9
52,2020-09-01,2,10,12
52,2020-10-01,1,4,5
52,2020-11-01,2,1,3
52,2020-12-01,3,3,6
52,2021-01-01,2,4,6
52,2021-02-01,2,0,2
52,2021-03-01,4,3,7
52,2021-04-01,2,4,6
52,2021-05-01,3,5,8
52,2021-06-01,5,7,12
52,2021-07-01,1,4,5
52,2021-08-01,3,1,4
52,2021-09-01,1,4,5
52,2021-10-01,5,9,14
52,2021-11-01,2,5,7
52,2021-12-01,4,3,7
52,2022-01-01,3,2,5
52,2022-02-01,5,3,8
52,2022-03-01,2,5,7
52,2022-04-01,2,3,5
52,2022-05-01,3,6,9
52,2022-06-01,1,3,4
52,2022-07-01,4,13,17
52,2022-08-01,2,4,6
52,2022-09-01,5,3,8
52,2022-10-01,0,2,2
52,2022-11-01,2,5,7
52,2022-12-01,2,3,5
52,2023-01-01,2,3,5
52,2023-02-01,1,7,8
52,2023-03-01,2,3,5
52,2023-04-01,2,6,8
52,2023-05-01,0,2,2
52,2023-06-01,0,3,3
52,2023-07-01,3,5,8
52,2023-08-01,1,6,7
52,2023-09-01,0,3,3
52,2023-10-01,1,7,8
52,2023-11-01,0,5,5
52,2023-12-01,3,3,6
52,2024-01-01,3,1,4
52,2024-02-01,2,4,6
52,2024-03-01,2,5,7
52,2024-04-01,0,1,1
52,2024-05-01,2,2,4
52,2024-06-01,1,2,3
52,2024-07-01,3,2,5
52,2024-08-01,3,6,9
52,2024-09-01,2,2,4
52,2024-10-01,3,5,8
52,2024-11-01,0,2,2
52,2024-12-01,2,1,3
52,2025-01-01,1,0,1
52,2025-02-01,0,3,3
52,2025-03-01,1,1,2
52,2025-04-01,0,1,1
52,2025-05-01,3,3,6
52,2025-06-01,2,6,8
52,2025-07-01,2,4,6
52,2025-08-01,2,4,6
52,2025-09-01,0,2,2
52,2025-10-01,0,3,3
52,2025-11-01,2,5,7
52,2025-12-01,1,0,1
53,2018-01-01,0,0,0
53,2018-02-01,0,0,0
53,2018-03-01,0,0,0
53,2018-04-01,0,0,0
53,2018-05-01,0,0,0
53,2018-06-01,0,0,0
53,2018-07-01,0,0,0
53,2018-08-01,0,0,0
53,2018-09-01,0,0,0
53,2018-10-01,0,0,0
53,2018-11-01,0,0,0
53,2018-12-01,0,0,0
53,2019-01-01,0,0,0
53,2019-02-01,0,0,0
53,2019-03-01,0,0,0
53,2019-04-01,0,0,0
53,2019-05-01,0,0,0
53,2019-06-01,0,0,0
53,2019-07-01,0,0,0
53,2019-08-01,0,0,0
53,2019-09-01,0,0,0
53,2019-10-01,0,0,0
53,2019-11-01,0,0,0
53,2019-12-01,0,0,0
53,2020-01-01,0,0,0
53,2020-02-01,0,0,0
53,2020-03-01,0,0,0
53,2020-04-01,0,0,0
53,2020-05-01,0,0,0
53,2020-06-01,0,0,0
53,2020-07-01,0,0,0
53,2020-08-01,0,0,0
53,2020-09-01,0,0,0
53,2020-10-01,0,0,0
53,2020-11-01,0,0,0
53,2020-12-01,0,0,0
53,2021-01-01,0,0,0
53,2021-02-01,0,0,0
53,2021-03-01,0,0,0
53,2021-04-01,0,0,0
53,2021-05-01,0,0,0
53,2021-06-01,0,0,0
53,2021-07-01,0,0,0
53,2021-08-01,0,0,0
53,2021-09-01,0,0,0
53,2021-10-01,0,0,0
53,2021-11-01,0,0,0
53,2021-12-01,0,0,0
53,2022-01-01,0,0,0
53,2022-02-01,0,0,0
53,2022-03-01,0,0,0
53,2022-04-01,0,0,0
53,2022-05-01,0,0,0
53,2022-06-01,0,0,0
53,2022-07-01,0,0,0
53,2022-08-01,0,0,0
53,2022-09-01,0,0,0
53,2022-10-01,0,0,0
53,2022-11-01,0,0,0
53,2022-12-01,0,0,0
53,2023-01-01,0,0,0
53,2023-02-01,0,0,0
53,2023-03-01,0,0,0
53,2023-04-01,0,0,0
53,2023-05-01,0,0,0
53,2023-06-01,0,0,0
53,2023-07-01,0,0,0
53,2023-08-01,0,0,0
53,2023-09-01,0,0,0
53,2023-10-01,0,0,0
53,2023-11-01,0,0,0
53,2023-12-01,0,0,0
53,2024-01-01,0,0,0
53,2024-02-01,0,0,0
53,2024-03-01,0,0,0
53,2024-04-01,0,0,0
53,2024-05-01,0,0,0
53,2024-06-01,0,0,0
53,2024-07-01,0,0,0
53,2024-08-01,0,0,0
53,2024-09-01,0,0,0
53,2024-10-01,0,0,0
53,2024-11-01,0,0,0
53,2024-12-01,0,0,0
53,2025-01-01,0,0,0
53,2025-02-01,0,0,0
53,2025-03-01,0,0,0
53,2025-04-01,0,0,0
53,2025-05-01,0,0,0
53,2025-06-01,0,0,0
53,2025-07-01,0,0,0
53,2025-08-01,0,0,0
53,2025-09-01,0,0,0
53,2025-10-01,0,0,0
53,2025-11-01,0,0,0
53,2025-12-01,0,0,0
54,2018-01-01,0,0,0
54,2018-02-01,0,0,0
54,2018-03-01,0,0,0
54,2018-04-01,0,0,0
54,2018-05-01,0,0,0
54,2018-06-01,0,0,0
54,2018-07-01,0,0,0
54,2018-08-01,0,0,0
54,2018-09-01,0,0,0
54,2018-10-01,0,0,0
54,2018-11-01,0,0,0
54,2018-12-01,0,0,0
54,2019-01-01,0,0,0
54,2019-02-01,0,0,0
54,2019-03-01,0,0,0
54,2019-04-01,0,0,0
54,2019-05-01,0,0,0
54,2019-06-01,0,0,0
54,2019-07-01,0,0,0
54,2019-08-01,0,0,0
54,2019-09-01,0,0,0
54,2019-10-01,0,0,0
54,2019-11-01,0,0,0
54,2019-12-01,0,0,0
54,2020-01-01,0,0,0
54,2020-02-01,0,0,0
54,2020-03-01,0,0,0
54,2020-04-01,0,0,0
54,2020-05-01,0,0,0
54,2020-06-01,0,0,0
54,2020-07-01,0,0,0
54,2020-08-01,0,0,0
54,2020-09-01,0,0,0
54,2020-10-01,0,0,0
54,2020-11-01,0,0,0
54,2020-12-01,0,0,0
54,2021-01-01,0,0,0
54,2021-02-01,0,0,0
54,2021-03-01,0,0,0
54,2021-04-01,0,0,0
54,2021-05-01,0,0,0
54,2021-06-01,0,0,0
54,2021-07-01,0,0,0
54,2021-08-01,0,0,0
54,2021-09-01,0,0,0
54,2021-10-01,0,0,0
54,2021-11-01,0,0,0
54,2021-12-01,0,0,0
54,2022-01-01,0,0,0
54,2022-02-01,0,0,0
54,2022-03-01,0,0,0
54,2022-04-01,0,0,0
54,2022-05-01,0,0,0
54,2022-06-01,0,0,0
54,2022-07-01,0,0,0
54,2022-08-01,0,0,0
54,2022-09-01,0,0,0
54,2022-10-01,0,0,0
54,2022-11-01,0,0,0
54,2022-12-01,0,0,0
54,2023-01-01,0,0,0
54,2023-02-01,0,0,0
54,2023-03-01,0,0,0
54,2023-04-01,0,0,0
54,2023-05-01,0,0,0
54,2023-06-01,0,0,0
54,2023-07-01,0,0,0
54,2023-08-01,0,0,0
54,2023-09-01,0,0,0
54,2023-10-01,0,0,0
54,2023-11-01,0,0,0
54,2023-12-01,0,0,0
54,2024-01-01,0,0,0
54,2024-02-01,0,0,0
54,2024-03-01,0,0,0
54,2024-04-01,0,0,0
54,2024-05-01,0,0,0
54,2024-06-01,0,0,0
54,2024-07-01,0,0,0
54,2024-08-01,0,0,0
54,2024-09-01,0,0,0
54,2024-10-01,0,0,0
54,2024-11-01,0,0,0
54,2024-12-01,0,0,0
54,2025-01-01,0,0,0
54,2025-02-01,0,0,0
54,2025-03-01,0,0,0
54,2025-04-01,0,0,0
54,2025-05-01,0,0,0
54,2025-06-01,0,0,0
54,2025-07-01,0,0,0
54,2025-08-01,0,0,0
54,2025-09-01,0,0,0
54,2025-10-01,0,0,0
54,2025-11-01,0,0,0
54,2025-12-01,0,0,0
55,2018-01-01,0,0,0
55,2018-02-01,0,0,0
55,2018-03-01,0,0,0
55,2018-04-01,0,0,0
55,2018-05-01,0,0,0
55,2018-06-01,0,0,0
55,2018-07-01,0,0,0
55,2018-08-01,0,0,0
55,2018-09-01,0,0,0
55,2018-10-01,0,0,0
55,2018-11-01,0,0,0
55,2018-12-01,0,0,0
55,2019-01-01,0,0,0
55,2019-02-01,0,0,0
55,2019-03-01,0,0,0
55,2019-04-01,0,0,0
55,2019-05-01,0,0,0
55,2019-06-01,0,0,0
55,2019-07-01,0,0,0
55,2019-08-01,0,0,0
55,2019-09-01,0,0,0
55,2019-10-01,0,0,0
55,2019-11-01,0,0,0
55,2019-12-01,0,0,0
55,2020-01-01,0,0,0
55,2020-02-01,0,0,0
55,2020-03-01,0,0,0
55,2020-04-01,0,0,0
55,2020-05-01,0,0,0
55,2020-06-01,0,0,0
55,2020-07-01,0,0,0
55,2020-08-01,0,0,0
55,2020-09-01,0,0,0
55,2020-10-01,0,0,0
55,2020-11-01,0,0,0
55,2020-12-01,0,0,0
55,2021-01-01,0,0,0
55,2021-02-01,0,0,0
55,2021-03-01,0,0,0
55,2021-04-01,0,0,0
55,2021-05-01,0,0,0
55,2021-06-01,0,0,0
55,2021-07-01,0,0,0
55,2021-08-01,0,0,0
55,2021-09-01,0,0,0
55,2021-10-01,0,0,0
55,2021-11-01,0,0,0
55,2021-12-01,0,0,0
55,2022-01-01,0,0,0
55,2022-02-01,0,0,0
55,2022-03-01,0,0,0
55,2022-04-01,0,0,0
55,2022-05-01,0,0,0
55,2022-06-01,0,0,0
55,2022-07-01,0,0,0
55,2022-08-01,0,0,0
55,2022-09-01,0,0,0
55,2022-10-01,0,0,0
55,2022-11-01,0,0,0
55,2022-12-01,0,0,0
55,2023-01-01,0,0,0
55,2023-02-01,0,0,0
55,2023-03-01,0,0,0
55,2023-04-01,0,0,0
55,2023-05-01,0,0,0
55,2023-06-01,0,0,0
55,2023-07-01,0,0,0
55,2023-08-01,0,0,0
55,2023-09-01,0,0,0
55,2023-10-01,0,0,0
55,2023-11-01,0,0,0
55,2023-12-01,0,0,0
55,2024-01-01,0,0,0
55,2024-02-01,0,0,0
55,2024-03-01,0,0,0
55,2024-04-01,0,0,0
55,2024-05-01,0,0,0
55,2024-06-01,0,0,0
55,2024-07-01,0,0,0
55,2024-08-01,0,0,0
55,2024-09-01,0,0,0
55,2024-10-01,0,0,0
55,2024-11-01,0,0,0
55,2024-12-01,0,0,0
55,2025-01-01,0,0,0
55,2025-02-01,0,0,0
55,2025-03-01,0,0,0
55,2025-04-01,0,0,0
55,2025-05-01,0,0,0
55,2025-06-01,0,0,0
55,2025-07-01,0,0,0
55,2025-08-01,0,0,0
55,2025-09-01,0,0,0
55,2025-10-01,0,0,0
55,2025-11-01,0,0,0
55,2025-12-01,0,0,0
56,2018-01-01,0,0,0
56,2018-02-01,0,0,0
56,2018-03-01,0,0,0
56,2018-04-01,0,0,0
56,2018-05-01,0,0,0
56,2018-06-01,0,0,0
56,2018-07-01,0,0,0
56,2018-08-01,0,0,0
56,2018-09-01,0,0,0
56,2018-10-01,0,0,0
56,2018-11-01,0,0,0
56,2018-12-01,0,0,0
56,2019-01-01,0,0,0
56,2019-02-01,0,0,0
56,2019-03-01,0,0,0
56,2019-04-01,0,0,0
56,2019-05-01,0,0,0
56,2019-06-01,0,0,0
56,2019-07-01,0,0,0
56,2019-08-01,0,0,0
56,2019-09-01,0,0,0
56,2019-10-01,0,0,0
56,2019-11-01,0,0,0
56,2019-12-01,0,0,0
56,2020-01-01,0,0,0
56,2020-02-01,0,0,0
56,2020-03-01,0,0,0
56,2020-04-01,0,0,0
56,2020-05-01,0,0,0
56,2020-06-01,0,0,0
56,2020-07-01,0,0,0
56,2020-08-01,0,0,0
56,2020-09-01,0,0,0
56,2020-10-01,0,0,0
56,2020-11-01,0,0,0
56,2020-12-01,0,0,0
56,2021-01-01,0,0,0
56,2021-02-01,0,0,0
56,2021-03-01,0,0,0
56,2021-04-01,0,0,0
56,2021-05-01,0,0,0
56,2021-06-01,0,0,0
56,2021-07-01,0,0,0
56,2021-08-01,0,0,0
56,2021-09-01,0,0,0
56,2021-10-01,0,0,0
56,2021-11-01,0,0,0
56,2021-12-01,0,0,0
56,2022-01-01,0,0,0
56,2022-02-01,0,0,0
56,2022-03-01,0,0,0
56,2022-04-01,0,0,0
56,2022-05-01,0,0,0
56,2022-06-01,0,0,0
56,2022-07-01,0,0,0
56,2022-08-01,0,0,0
56,2022-09-01,0,0,0
56,2022-10-01,0,0,0
56,2022-11-01,0,0,0
56,2022-12-01,0,0,0
56,2023-01-01,0,0,0
56,2023-02-01,0,0,0
56,2023-03-01,0,0,0
56,2023-04-01,0,0,0
56,2023-05-01,0,0,0
56,2023-06-01,0,0,0
56,2023-07-01,0,0,0
56,2023-08-01,0,0,0
56,2023-09-01,0,0,0
56,2023-10-01,0,0,0
56,2023-11-01,0,0,0
56,2023-12-01,0,0,0
56,2024-01-01,0,0,0
56,2024-02-01,0,0,0
56,2024-03-01,0,0,0
56,2024-04-01,0,0,0
56,2024-05-01,0,0,0
56,2024-06-01,0,0,0
56,2024-07-01,0,0,0
56,2024-08-01,0,0,0
56,2024-09-01,0,0,0
56,2024-10-01,0,0,0
56,2024-11-01,0,0,0
56,2024-12-01,0,0,0
56,2025-01-01,0,0,0
56,2025-02-01,0,0,0
56,2025-03-01,0,0,0
56,2025-04-01,0,0,0
56,2025-05-01,0,0,0
56,2025-06-01,0,0,0
56,2025-07-01,0,0,0
56,2025-08-01,0,0,0
56,2025-09-01,0,0,0
56,2025-10-01,0,0,0
56,2025-11-01,0,0,0
56,2025-12-01,0,0,0
57,2018-01-01,0,0,0
57,2018-02-01,0,0,0
57,2018-03-01,0,0,0
57,2018-04-01,0,0,0
57,2018-05-01,0,0,0
57,2018-06-01,0,0,0
57,2018-07-01,0,0,0
57,2018-08-01,0,0,0
57,2018-09-01,0,0,0
57,2018-10-01,0,0,0
57,2018-11-01,0,0,0
57,2018-12-01,0,0,0
57,2019-01-01,0,0,0
57,2019-02-01,0,0,0
57,2019-03-01,0,0,0
57,2019-04-01,0,0,0
57,2019-05-01,0,0,0
57,2019-06-01,0,0,0
57,2019-07-01,0,0,0
57,2019-08-01,0,0,0
57,2019-09-01,0,0,0
57,2019-10-01,0,0,0
57,2019-11-01,0,0,0
57,2019-12-01,0,0,0
57,2020-01-01,0,0,0
57,2020-02-01,0,0,0
57,2020-03-01,0,0,0
57,2020-04-01,0,0,0
57,2020-05-01,0,0,0
57,2020-06-01,0,0,0
57,2020-07-01,0,0,0
57,2020-08-01,0,0,0
57,2020-09-01,0,0,0
57,2020-10-01,0,0,0
57,2020-11-01,0,0,0
57,2020-12-01,0,0,0
57,2021-01-01,0,0,0
57,2021-02-01,0,0,0
57,2021-03-01,0,0,0
57,2021-04-01,0,0,0
57,2021-05-01,0,0,0
57,2021-06-01,0,0,0
57,2021-07-01,0,0,0
57,2021-08-01,0,0,0
57,2021-09-01,0,0,0
57,2021-10-01,0,0,0
57,2021-11-01,0,0,0
57,2021-12-01,0,0,0
57,2022-01-01,0,0,0
57,2022-02-01,0,0,0
57,2022-03-01,0,0,0
57,2022-04-01,0,0,0
57,2022-05-01,0,0,0
57,2022-06-01,0,0,0
57,2022-07-01,0,0,0
57,2022-08-01,0,0,0
57,2022-09-01,0,0,0
57,2022-10-01,0,0,0
57,2022-11-01,0,0,0
57,2022-12-01,0,0,0
57,2023-01-01,0,0,0
57,2023-02-01,0,0,0
57,2023-03-01,0,0,0
57,2023-04-01,0,0,0
57,2023-05-01,0,0,0
57,2023-06-01,0,0,0
57,2023-07-01,0,0,0
57,2023-08-01,0,0,0
57,2023-09-01,0,0,0
57,2023-10-01,0,0,0
57,2023-11-01,0,0,0
57,2023-12-01,0,0,0
57,2024-01-01,0,0,0
57,2024-02-01,0,0,0
57,2024-03-01,0,0,0
57,2024-04-01,0,0,0
57,2024-05-01,0,0,0
57,2024-06-01,0,0,0
57,2024-07-01,0,0,0
57,2024-08-01,0,0,0
57,2024-09-01,0,0,0
57,2024-10-01,0,0,0
57,2024-11-01,0,0,0
57,2024-12-01,0,0,0
57,2025-01-01,0,0,0
57,2025-02-01,0,0,0
57,2025-03-01,0,0,0
57,2025-04-01,0,0,0
57,2025-05-01,0,0,0
57,2025-06-01,0,0,0
57,2025-07-01,0,0,0
57,2025-08-01,0,0,0
57,2025-09-01,0,0,0
57,2025-10-01,0,0,0
57,2025-11-01,0,0,0
57,2025-12-01,0,0,0
58,2018-01-01,0,0,0
58,2018-02-01,0,0,0
58,2018-03-01,0,0,0
58,2018-04-01,0,0,0
58,2018-05-01,0,0,0
58,2018-06-01,0,0,0
58,2018-07-01,0,0,0
58,2018-08-01,0,0,0
58,2018-09-01,0,0,0
58,2018-10-01,0,0,0
58,2018-11-01,0,0,0
58,2018-12-01,0,0,0
58,2019-01-01,0,0,0
58,2019-02-01,0,0,0
58,2019-03-01,0,0,0
58,2019-04-01,0,0,0
58,2019-05-01,0,0,0
58,2019-06-01,0,0,0
58,2019-07-01,0,0,0
58,2019-08-01,0,0,0
58,2019-09-01,0,0,0
58,2019-10-01,0,0,0
58,2019-11-01,0,0,0
58,2019-12-01,0,0,0
58,2020-01-01,0,0,0
58,2020-02-01,0,0,0
58,2020-03-01,0,0,0
58,2020-04-01,0,0,0
58,2020-05-01,0,0,0
58,2020-06-01,0,0,0
58,2020-07-01,0,0,0
58,2020-08-01,0,0,0
58,2020-09-01,0,0,0
58,2020-10-01,0,0,0
58,2020-11-01,0,0,0
58,2020-12-01,0,0,0
58,2021-01-01,0,0,0
58,2021-02-01,0,0,0
58,2021-03-01,0,0,0
58,2021-04-01,0,0,0
58,2021-05-01,0,0,0
58,2021-06-01,0,0,0
58,2021-07-01,0,0,0
58,2021-08-01,0,0,0
58,2021-09-01,0,0,0
58,2021-10-01,0,0,0
58,2021-11-01,0,0,0
58,2021-12-01,0,0,0
58,2022-01-01,0,0,0
58,2022-02-01,0,0,0
58,2022-03-01,0,0,0
58,2022-04-01,0,0,0
58,2022-05-01,0,0,0
58,2022-06-01,0,0,0
58,2022-07-01,0,0,0
58,2022-08-01,0,0,0
58,2022-09-01,0,0,0
58,2022-10-01,0,0,0
58,2022-11-01,0,0,0
58,2022-12-01,0,0,0
58,2023-01-01,0,0,0
58,2023-02-01,0,0,0
58,2023-03-01,0,0,0
58,2023-04-01,0,0,0
58,2023-05-01,0,0,0
58,2023-06-01,0,0,0
58,2023-07-01,0,0,0
58,2023-08-01,0,0,0
58,2023-09-01,0,0,0
58,2023-10-01,0,0,0
58,2023-11-01,0,0,0
58,2023-12-01,0,0,0
58,2024-01-01,0,0,0
58,2024-02-01,0,0,0
58,2024-03-01,0,0,0
58,2024-04-01,0,0,0
58,2024-05-01,0,0,0
58,2024-06-01,0,0,0
58,2024-07-01,0,0,0
58,2024-08-01,0,0,0
58,2024-09-01,0,0,0
58,2024-10-01,0,0,0
58,2024-11-01,0,0,0
58,2024-12-01,0,0,0
58,2025-01-01,0,0,0
58,2025-02-01,0,0,0
58,2025-03-01,0,0,0
58,2025-04-01,0,0,0
58,2025-05-01,0,0,0
58,2025-06-01,0,0,0
58,2025-07-01,0,0,0
58,2025-08-01,0,0,0
58,2025-09-01,0,0,0
58,2025-10-01,0,0,0
58,2025-11-01,0,0,0
58,2025-12-01,0,0,0
59,2018-01-01,0,0,0
59,2018-02-01,0,0,0
59,2018-03-01,0,0,0
59,2018-04-01,0,0,0
59,2018-05-01,0,0,0
59,2018-06-01,0,0,0
59,2018-07-01,0,0,0
59,2018-08-01,0,0,0
59,2018-09-01,0,0,0
59,2018-10-01,0,0,0
59,2018-11-01,0,0,0
59,2018-12-01,0,0,0
59,2019-01-01,0,0,0
59,2019-02-01,0,0,0
59,2019-03-01,0,0,0
59,2019-04-01,0,0,0
59,2019-05-01,0,0,0
59,2019-06-01,0,0,0
59,2019-07-01,0,0,0
59,2019-08-01,0,0,0
59,2019-09-01,0,0,0
59,2019-10-01,0,0,0
59,2019-11-01,0,0,0
59,2019-12-01,0,0,0
59,2020-01-01,0,0,0
59,2020-02-01,0,0,0
59,2020-03-01,0,0,0
59,2020-04-01,0,0,0
59,2020-05-01,0,0,0
59,2020-06-01,0,0,0
59,2020-07-01,0,0,0
59,2020-08-01,0,0,0
59,2020-09-01,0,0,0
59,2020-10-01,0,0,0
59,2020-11-01,0,0,0
59,2020-12-01,0,0,0
59,2021-01-01,0,0,0
59,2021-02-01,0,0,0
59,2021-03-01,0,0,0
59,2021-04-01,0,0,0
59,2021-05-01,0,0,0
59,2021-06-01,0,0,0
59,2021-07-01,0,0,0
59,2021-08-01,0,0,0
59,2021-09-01,0,0,0
59,2021-10-01,0,0,0
59,2021-11-01,0,0,0
59,2021-12-01,0,0,0
59,2022-01-01,0,0,0
59,2022-02-01,0,0,0
59,2022-03-01,0,0,0
59,2022-04-01,0,0,0
59,2022-05-01,0,0,0
59,2022-06-01,0,0,0
59,2022-07-01,0,0,0
59,2022-08-01,0,0,0
59,2022-09-01,0,0,0
59,2022-10-01,0,0,0
59,2022-11-01,0,0,0
59,2022-12-01,0,0,0
59,2023-01-01,0,0,0
59,2023-02-01,0,0,0
59,2023-03-01,0,0,0
59,2023-04-01,0,0,0
59,2023-05-01,0,0,0
59,2023-06-01,0,0,0
59,2023-07-01,0,0,0
59,2023-08-01,0,0,0
59,2023-09-01,0,0,0
59,2023-10-01,0,0,0
59,2023-11-01,0,0,0
59,2023-12-01,0,0,0
59,2024-01-01,0,0,0
59,2024-02-01,0,0,0
59,2024-03-01,0,0,0
59,2024-04-01,0,0,0
59,2024-05-01,0,0,0
59,2024-06-01,0,0,0
59,2024-07-01,0,0,0
59,2024-08-01,0,0,0
59,2024-09-01,0,0,0
59,2024-10-01,0,0,0
59,2024-11-01,0,0,0
59,2024-12-01,0,0,0
59,2025-01-01,0,0,0
59,2025-02-01,0,0,0
59,2025-03-01,0,0,0
59,2025-04-01,0,0,0
59,2025-05-01,0,0,0
59,2025-06-01,0,0,0
59,2025-07-01,0,0,0
59,2025-08-01,0,0,0
59,2025-09-01,0,0,0
59,2025-10-01,0,0,0
59,2025-11-01,0,0,0
59,2025-12-01,0,0,0
60,2018-01-01,1,1,2
60,2018-02-01,0,1,1
60,2018-03-01,0,1,1
60,2018-04-01,0,1,1
60,2018-05-01,0,1,1
60,2018-06-01,0,3,3
60,2018-07-01,2,3,5
60,2018-08-01,0,0,0
60,2018-09-01,0,1,1
60,2018-10-01,0,1,1
60,2018-11-01,0,1,1
60,2018-12-01,0,1,1
60,2019-01-01,2,2,4
60,2019-02-01,2,2,4
60,2019-03-01,0,0,0
60,2019-04-01,1,4,5
60,2019-05-01,1,1,2
60,2019-06-01,1,2,3
60,2019-07-01,2,5,7
60,2019-08-01,2,4,6
60,2019-09-01,0,4,4
60,2019-10-01,1,4,5
60,2019-11-01,0,2,2
60,2019-12-01,2,1,3
60,2020-01-01,0,0,0
60,2020-02-01,0,2,2
60,2020-03-01,0,2,2
60,2020-04-01,1,4,5
60,2020-05-01,1,1,2
60,2020-06-01,1,5,6
60,2020-07-01,0,2,2
60,2020-08-01,4,6,10
60,2020-09-01,2,3,5
60,2020-10-01,2,3,5
60,2020-11-01,1,4,5
60,2020-12-01,0,3,3
60,2021-01-01,2,3,5
60,2021-02-01,2,3,5
60,2021-03-01,1,2,3
60,2021-04-01,0,1,1
60,2021-05-01,0,7,7
60,2021-06-01,1,1,2
60,2021-07-01,0,0,0
60,2021-08-01,3,8,11
60,2021-09-01,1,5,6
60,2021-10-01,1,6,7
60,2021-11-01,1,2,3
60,2021-12-01,3,3,6
60,2022-01-01,0,3,3
60,2022-02-01,0,2,2
60,2022-03-01,5,9,14
60,2022-04-01,1,9,10
60,2022-05-01,2,6,8
60,2022-06-01,2,3,5
60,2022-07-01,4,8,12
60,2022-08-01,1,5,6
60,2022-09-01,2,7,9
60,2022-10-01,0,2,2
60,2022-11-01,0,0,0
60,2022-12-01,1,1,2
60,2023-01-01,0,3,3
60,2023-02-01,1,1,2
60,2023-03-01,0,1,1
60,2023-04-01,0,1,1
60,2023-05-01,0,3,3
60,2023-06-01,0,2,2
60,2023-07-01,1,4,5
60,2023-08-01,1,1,2
60,2023-09-01,1,4,5
60,2023-10-01,0,1,1
60,2023-11-01,1,0,1
60,2023-12-01,3,1,4
60,2024-01-01,0,4,4
60,2024-02-01,0,0,0
60,2024-03-01,0,0,0
60,2024-04-01,1,1,2
60,2024-05-01,0,0,0
60,2024-06-01,0,5,5
60,2024-07-01,0,0,0
60,2024-08-01,0,3,3
60,2024-09-01,0,1,1
60,2024-10-01,1,1,2
60,2024-11-01,1,10,11
60,2024-12-01,1,3,4
60,2025-01-01,2,0,2
60,2025-02-01,0,2,2
60,2025-03-01,0,3,3
60,2025-04-01,2,0,2
60,2025-05-01,1,6,7
60,2025-06-01,0,3,3
60,2025-07-01,0,0,0
60,2025-08-01,1,1,2
60,2025-09-01,3,0,3
60,2025-10-01,0,2,2
60,2025-11-01,0,3,3
60,2025-12-01,1,0,1
61,2018-01-01,0,0,0
61,2018-02-01,0,0,0
61,2018-03-01,0,0,0
61,2018-04-01,0,0,0
61,2018-05-01,1,2,3
61,2018-06-01,0,0,0
61,2018-07-01,1,1,2
61,2018-08-01,0,1,1
61,2018-09-01,0,1,1
61,2018-10-01,3,2,5
61,2018-11-01,0,0,0
61,2018-12-01,0,0,0
61,2019-01-01,1,1,2
61,2019-02-01,0,0,0
61,2019-03-01,0,0,0
61,2019-04-01,0,0,0
61,2019-05-01,0,0,0
61,2019-06-01,2,2,4
61,2019-07-01,0,0,0
61,2019-08-01,0,0,0
61,2019-09-01,0,1,1
61,2019-10-01,0,0,0
61,2019-11-01,0,0,0
61,2019-12-01,0,0,0
61,2020-01-01,0,1,1
61,2020-02-01,0,0,0
61,2020-03-01,0,0,0
61,2020-04-01,0,1,1
61,2020-05-01,1,1,2
61,2020-06-01,0,1,1
61,2020-07-01,2,4,6
61,2020-08-01,1,0,1
61,2020-09-01,0,0,0
61,2020-10-01,0,1,1
61,2020-11-01,1,1,2
61,2020-12-01,0,2,2
61,2021-01-01,0,0,0
61,2021-02-01,0,1,1
61,2021-03-01,0,0,0
61,2021-04-01,2,2,4
61,2021-05-01,0,0,0
61,2021-06-01,0,0,0
61,2021-07-01,0,0,0
61,2021-08-01,0,2,2
61,2021-09-01,1,2,3
61,2021-10-01,0,1,1
61,2021-11-01,0,2,2
61,2021-12-01,0,1,1
61,2022-01-01,0,1,1
61,2022-02-01,2,2,4
61,2022-03-01,0,3,3
61,2022-04-01,0,1,1
61,2022-05-01,1,2,3
61,2022-06-01,0,2,2
61,2022-07-01,3,6,9
61,2022-08-01,1,5,6
61,2022-09-01,1,0,1
61,2022-10-01,2,2,4
61,2022-11-01,2,3,5
61,2022-12-01,2,1,3
61,2023-01-01,1,1,2
61,2023-02-01,0,1,1
61,2023-03-01,2,1,3
61,2023-04-01,0,0,0
61,2023-05-01,0,1,1
61,2023-06-01,0,0,0
61,2023-07-01,0,1,1
61,2023-08-01,0,0,0
61,2023-09-01,1,1,2
61,2023-10-01,0,0,0
61,2023-11-01,0,0,0
61,2023-12-01,0,1,1
61,2024-01-01,0,1,1
61,2024-02-01,1,1,2
61,2024-03-01,0,1,1
61,2024-04-01,0,2,2
61,2024-05-01,0,1,1
61,2024-06-01,1,0,1
61,2024-07-01,1,2,3
61,2024-08-01,0,0,0
61,2024-09-01,1,3,4
61,2024-10-01,0,2,2
61,2024-11-01,0,1,1
61,2024-12-01,2,0,2
61,2025-01-01,0,4,4
61,2025-02-01,0,0,0
61,2025-03-01,0,0,0
61,2025-04-01,1,2,3
61,2025-05-01,0,0,0
61,2025-06-01,0,0,0
61,2025-07-01,0,3,3
61,2025-08-01,1,2,3
61,2025-09-01,1,3,4
61,2025-10-01,1,1,2
61,2025-11-01,0,0,0
61,2025-12-01,1,0,1
62,2018-01-01,0,0,0
62,2018-02-01,0,0,0
62,2018-03-01,0,1,1
62,2018-04-01,0,0,0
62,2018-05-01,0,0,0
62,2018-06-01,0,0,0
62,2018-07-01,0,0,0
62,2018-08-01,0,0,0
62,2018-09-01,0,0,0
62,2018-10-01,0,1,1
62,2018-11-01,0,0,0
62,2018-12-01,1,0,1
62,2019-01-01,0,0,0
62,2019-02-01,0,0,0
62,2019-03-01,1,0,1
62,2019-04-01,0,0,0
62,2019-05-01,0,0,0
62,2019-06-01,0,0,0
62,2019-07-01,0,0,0
62,2019-08-01,2,0,2
62,2019-09-01,0,0,0
62,2019-10-01,0,0,0
62,2019-11-01,0,0,0
62,2019-12-01,0,0,0
62,2020-01-01,0,0,0
62,2020-02-01,0,1,1
62,2020-03-01,0,0,0
62,2020-04-01,0,0,0
62,2020-05-01,0,0,0
62,2020-06-01,0,0,0
62,2020-07-01,1,1,2
62,2020-08-01,0,0,0
62,2020-09-01,1,0,1
62,2020-10-01,1,0,1
62,2020-11-01,0,0,0
62,2020-12-01,0,0,0
62,2021-01-01,0,0,0
62,2021-02-01,0,0,0
62,2021-03-01,0,0,0
62,2021-04-01,0,1,1
62,2021-05-01,1,1,2
62,2021-06-01,0,2,2
62,2021-07-01,0,0,0
62,2021-08-01,0,1,1
62,2021-09-01,0,0,0
62,2021-10-01,1,1,2
62,2021-11-01,0,0,0
62,2021-12-01,1,1,2
62,2022-01-01,0,0,0
62,2022-02-01,0,0,0
62,2022-03-01,1,0,1
62,2022-04-01,0,1,1
62,2022-05-01,0,0,0
62,2022-06-01,0,1,1
62,2022-07-01,1,1,2
62,2022-08-01,1,1,2
62,2022-09-01,2,0,2
62,2022-10-01,0,0,0
62,2022-11-01,0,0,0
62,2022-12-01,0,0,0
62,2023-01-01,1,0,1
62,2023-02-01,0,0,0
62,2023-03-01,0,0,0
62,2023-04-01,0,1,1
62,2023-05-01,0,0,0
62,2023-06-01,0,0,0
62,2023-07-01,1,0,1
62,2023-08-01,0,1,1
62,2023-09-01,0,0,0
62,2023-10-01,0,0,0
62,2023-11-01,0,1,1
62,2023-12-01,0,1,1
62,2024-01-01,0,0,0
62,2024-02-01,0,0,0
62,2024-03-01,1,0,1
62,2024-04-01,0,0,0
62,2024-05-01,0,0,0
62,2024-06-01,0,0,0
62,2024-07-01,0,0,0
62,2024-08-01,0,0,0
62,2024-09-01,0,0,0
62,2024-10-01,0,0,0
62,2024-11-01,0,0,0
62,2024-12-01,0,0,0
62,2025-01-01,1,0,1
62,2025-02-01,0,0,0
62,2025-03-01,0,0,0
62,2025-04-01,0,0,0
62,2025-05-01,0,0,0
62,2025-06-01,0,0,0
62,2025-07-01,1,1,2
62,2025-08-01,0,0,0
62,2025-09-01,0,0,0
62,2025-10-01,0,0,0
62,2025-11-01,0,1,1
62,2025-12-01,0,0,0
63,2018-01-01,0,1,1
63,2018-02-01,0,0,0
63,2018-03-01,3,1,4
63,2018-04-01,1,0,1
63,2018-05-01,0,4,4
63,2018-06-01,0,0,0
63,2018-07-01,0,2,2
63,2018-08-01,1,3,4
63,2018-09-01,1,4,5
63,2018-10-01,0,3,3
63,2018-11-01,0,0,0
63,2018-12-01,0,0,0
63,2019-01-01,0,4,4
63,2019-02-01,1,1,2
63,2019-03-01,1,2,3
63,2019-04-01,0,2,2
63,2019-05-01,0,3,3
63,2019-06-01,1,2,3
63,2019-07-01,0,2,2
63,2019-08-01,2,5,7
63,2019-09-01,0,0,0
63,2019-10-01,1,3,4
63,2019-11-01,1,1,2
63,2019-12-01,0,1,1
63,2020-01-01,1,2,3
63,2020-02-01,1,0,1
63,2020-03-01,0,3,3
63,2020-04-01,0,1,1
63,2020-05-01,2,6,8
63,2020-06-01,3,5,8
63,2020-07-01,3,8,11
63,2020-08-01,0,10,10
63,2020-09-01,2,7,9
63,2020-10-01,3,4,7
63,2020-11-01,0,1,1
63,2020-12-01,1,5,6
63,2021-01-01,3,8,11
63,2021-02-01,1,6,7
63,2021-03-01,1,3,4
63,2021-04-01,1,6,7
63,2021-05-01,0,2,2
63,2021-06-01,0,6,6
63,2021-07-01,2,4,6
63,2021-08-01,1,5,6
63,2021-09-01,3,3,6
63,2021-10-01,2,7,9
63,2021-11-01,1,3,4
63,2021-12-01,0,2,2
63,2022-01-01,1,3,4
63,2022-02-01,1,2,3
63,2022-03-01,1,2,3
63,2022-04-01,1,1,2
63,2022-05-01,0,3,3
63,2022-06-01,0,3,3
63,2022-07-01,0,2,2
63,2022-08-01,3,2,5
63,2022-09-01,0,5,5
63,2022-10-01,3,4,7
63,2022-11-01,0,3,3
63,2022-12-01,0,0,0
63,2023-01-01,2,1,3
63,2023-02-01,1,2,3
63,2023-03-01,0,2,2
63,2023-04-01,1,2,3
63,2023-05-01,0,1,1
63,2023-06-01,0,1,1
63,2023-07-01,0,0,0
63,2023-08-01,1,2,3
63,2023-09-01,1,0,1
63,2023-10-01,0,1,1
63,2023-11-01,0,2,2
63,2023-12-01,1,2,3
63,2024-01-01,1,1,2
63,2024-02-01,0,0,0
63,2024-03-01,1,0,1
63,2024-04-01,0,3,3
63,2024-05-01,0,1,1
63,2024-06-01,0,2,2
63,2024-07-01,0,1,1
63,2024-08-01,0,1,1
63,2024-09-01,1,2,3
63,2024-10-01,0,1,1
63,2024-11-01,0,2,2
63,2024-12-01,0,0,0
63,2025-01-01,1,1,2
63,2025-02-01,0,1,1
63,2025-03-01,1,1,2
63,2025-04-01,0,2,2
63,2025-05-01,1,1,2
63,2025-06-01,2,3,5
63,2025-07-01,0,1,1
63,2025-08-01,0,1,1
63,2025-09-01,0,0,0
63,2025-10-01,0,2,2
63,2025-11-01,1,2,3
63,2025-12-01,0,0,0
64,2018-01-01,0,0,0
64,2018-02-01,0,0,0
64,2018-03-01,0,0,0
64,2018-04-01,0,0,0
64,2018-05-01,0,0,0
64,2018-06-01,0,0,0
64,2018-07-01,0,0,0
64,2018-08-01,0,0,0
64,2018-09-01,0,0,0
64,2018-10-01,0,0,0
64,2018-11-01,0,0,0
64,2018-12-01,0,0,0
64,2019-01-01,0,0,0
64,2019-02-01,0,0,0
64,2019-03-01,0,0,0
64,2019-04-01,0,0,0
64,2019-05-01,0,0,0
64,2019-06-01,0,0,0
64,2019-07-01,0,0,0
64,2019-08-01,0,0,0
64,2019-09-01,0,0,0
64,2019-10-01,0,0,0
64,2019-11-01,0,0,0
64,2019-12-01,0,0,0
64,2020-01-01,0,0,0
64,2020-02-01,0,0,0
64,2020-03-01,0,0,0
64,2020-04-01,0,0,0
64,2020-05-01,0,0,0
64,2020-06-01,0,0,0
64,2020-07-01,0,0,0
64,2020-08-01,0,0,0
64,2020-09-01,0,0,0
64,2020-10-01,0,0,0
64,2020-11-01,0,0,0
64,2020-12-01,0,0,0
64,2021-01-01,0,0,0
64,2021-02-01,0,0,0
64,2021-03-01,0,0,0
64,2021-04-01,0,0,0
64,2021-05-01,0,0,0
64,2021-06-01,0,0,0
64,2021-07-01,0,0,0
64,2021-08-01,0,0,0
64,2021-09-01,0,0,0
64,2021-10-01,0,0,0
64,2021-11-01,0,0,0
64,2021-12-01,0,0,0
64,2022-01-01,0,0,0
64,2022-02-01,0,0,0
64,2022-03-01,0,0,0
64,2022-04-01,0,0,0
64,2022-05-01,0,0,0
64,2022-06-01,0,0,0
64,2022-07-01,0,0,0
64,2022-08-01,0,0,0
64,2022-09-01,0,0,0
64,2022-10-01,0,0,0
64,2022-11-01,0,0,0
64,2022-12-01,0,0,0
64,2023-01-01,0,0,0
64,2023-02-01,0,0,0
64,2023-03-01,0,0,0
64,2023-04-01,0,0,0
64,2023-05-01,0,0,0
64,2023-06-01,0,0,0
64,2023-07-01,0,0,0
64,2023-08-01,0,0,0
64,2023-09-01,0,0,0
64,2023-10-01,0,0,0
64,2023-11-01,0,0,0
64,2023-12-01,0,0,0
64,2024-01-01,0,0,0
64,2024-02-01,0,0,0
64,2024-03-01,0,0,0
64,2024-04-01,0,0,0
64,2024-05-01,0,0,0
64,2024-06-01,0,0,0
64,2024-07-01,0,0,0
64,2024-08-01,0,0,0
64,2024-09-01,0,0,0
64,2024-10-01,0,0,0
64,2024-11-01,0,0,0
64,2024-12-01,0,0,0
64,2025-01-01,0,0,0
64,2025-02-01,0,0,0
64,2025-03-01,0,0,0
64,2025-04-01,0,0,0
64,2025-05-01,0,0,0
64,2025-06-01,0,0,0
64,2025-07-01,0,0,0
64,2025-08-01,0,0,0
64,2025-09-01,0,0,0
64,2025-10-01,0,0,0
64,2025-11-01,0,0,0
64,2025-12-01,0,0,0
65,2018-01-01,0,0,0
65,2018-02-01,0,0,0
65,2018-03-01,0,0,0
65,2018-04-01,0,0,0
65,2018-05-01,0,0,0
65,2018-06-01,0,0,0
65,2018-07-01,0,0,0
65,2018-08-01,0,0,0
65,2018-09-01,0,0,0
65,2018-10-01,0,0,0
65,2018-11-01,0,0,0
65,2018-12-01,0,0,0
65,2019-01-01,0,0,0
65,2019-02-01,0,0,0
65,2019-03-01,0,0,0
65,2019-04-01,0,0,0
65,2019-05-01,0,0,0
65,2019-06-01,0,0,0
65,2019-07-01,0,0,0
65,2019-08-01,0,0,0
65,2019-09-01,0,0,0
65,2019-10-01,0,0,0
65,2019-11-01,0,0,0
65,2019-12-01,0,0,0
65,2020-01-01,0,0,0
65,2020-02-01,0,0,0
65,2020-03-01,0,0,0
65,2020-04-01,0,0,0
65,2020-05-01,0,0,0
65,2020-06-01,0,0,0
65,2020-07-01,0,0,0
65,2020-08-01,0,0,0
65,2020-09-01,0,0,0
65,2020-10-01,0,0,0
65,2020-11-01,0,0,0
65,2020-12-01,0,0,0
65,2021-01-01,0,0,0
65,2021-02-01,0,0,0
65,2021-03-01,0,0,0
65,2021-04-01,0,0,0
65,2021-05-01,0,0,0
65,2021-06-01,0,0,0
65,2021-07-01,0,0,0
65,2021-08-01,0,0,0
65,2021-09-01,0,0,0
65,2021-10-01,0,0,0
65,2021-11-01,0,0,0
65,2021-12-01,0,0,0
65,2022-01-01,0,0,0
65,2022-02-01,0,0,0
65,2022-03-01,0,0,0
65,2022-04-01,0,0,0
65,2022-05-01,0,0,0
65,2022-06-01,0,0,0
65,2022-07-01,0,0,0
65,2022-08-01,0,0,0
65,2022-09-01,0,0,0
65,2022-10-01,0,0,0
65,2022-11-01,0,0,0
65,2022-12-01,0,0,0
65,2023-01-01,0,0,0
65,2023-02-01,0,0,0
65,2023-03-01,0,0,0
65,2023-04-01,0,0,0
65,2023-05-01,0,0,0
65,2023-06-01,0,0,0
65,2023-07-01,0,0,0
65,2023-08-01,0,0,0
65,2023-09-01,0,0,0
65,2023-10-01,0,0,0
65,2023-11-01,0,0,0
65,2023-12-01,0,0,0
65,2024-01-01,0,0,0
65,2024-02-01,0,0,0
65,2024-03-01,0,0,0
65,2024-04-01,0,0,0
65,2024-05-01,0,0,0
65,2024-06-01,0,0,0
65,2024-07-01,0,0,0
65,2024-08-01,0,0,0
65,2024-09-01,0,0,0
65,2024-10-01,0,0,0
65,2024-11-01,0,0,0
65,2024-12-01,0,0,0
65,2025-01-01,0,0,0
65,2025-02-01,0,0,0
65,2025-03-01,0,0,0
65,2025-04-01,0,0,0
65,2025-05-01,0,0,0
65,2025-06-01,0,0,0
65,2025-07-01,0,0,0
65,2025-08-01,0,0,0
65,2025-09-01,0,0,0
65,2025-10-01,0,0,0
65,2025-11-01,0,0,0
65,2025-12-01,0,0,0
66,2018-01-01,0,0,0
66,2018-02-01,0,1,1
66,2018-03-01,0,0,0
66,2018-04-01,0,0,0
66,2018-05-01,1,1,2
66,2018-06-01,1,1,2
66,2018-07-01,0,0,0
66,2018-08-01,0,0,0
66,2018-09-01,0,0,0
66,2018-10-01,0,0,0
66,2018-11-01,0,1,1
66,2018-12-01,0,0,0
66,2019-01-01,0,0,0
66,2019-02-01,0,1,1
66,2019-03-01,0,0,0
66,2019-04-01,0,0,0
66,2019-05-01,0,0,0
66,2019-06-01,0,0,0
66,2019-07-01,0,0,0
66,2019-08-01,0,0,0
66,2019-09-01,0,0,0
66,2019-10-01,0,0,0
66,2019-11-01,0,0,0
66,2019-12-01,0,0,0
66,2020-01-01,0,0,0
66,2020-02-01,0,0,0
66,2020-03-01,0,0,0
66,2020-04-01,0,0,0
66,2020-05-01,0,0,0
66,2020-06-01,0,0,0
66,2020-07-01,0,0,0
66,2020-08-01,0,0,0
66,2020-09-01,0,0,0
66,2020-10-01,0,0,0
66,2020-11-01,0,0,0
66,2020-12-01,3,1,4
66,2021-01-01,0,0,0
66,2021-02-01,0,0,0
66,2021-03-01,0,0,0
66,2021-04-01,0,1,1
66,2021-05-01,0,1,1
66,2021-06-01,1,2,3
66,2021-07-01,0,0,0
66,2021-08-01,0,0,0
66,2021-09-01,0,0,0
66,2021-10-01,0,0,0
66,2021-11-01,0,0,0
66,2021-12-01,0,0,0
66,2022-01-01,0,1,1
66,2022-02-01,0,0,0
66,2022-03-01,0,0,0
66,2022-04-01,0,0,0
66,2022-05-01,1,1,2
66,2022-06-01,0,0,0
66,2022-07-01,0,0,0
66,2022-08-01,0,2,2
66,2022-09-01,0,1,1
66,2022-10-01,1,1,2
66,2022-11-01,0,0,0
66,2022-12-01,1,0,1
66,2023-01-01,0,0,0
66,2023-02-01,0,1,1
66,2023-03-01,1,1,2
66,2023-04-01,1,1,2
66,2023-05-01,0,0,0
66,2023-06-01,1,1,2
66,2023-07-01,1,0,1
66,2023-08-01,0,0,0
66,2023-09-01,0,1,1
66,2023-10-01,1,2,3
66,2023-11-01,1,0,1
66,2023-12-01,0,0,0
66,2024-01-01,0,0,0
66,2024-02-01,0,0,0
66,2024-03-01,0,0,0
66,2024-04-01,0,0,0
66,2024-05-01,0,0,0
66,2024-06-01,0,0,0
66,2024-07-01,0,1,1
66,2024-08-01,0,1,1
66,2024-09-01,0,2,2
66,2024-10-01,0,2,2
66,2024-11-01,0,0,0
66,2024-12-01,0,0,0
66,2025-01-01,0,2,2
66,2025-02-01,0,0,0
66,2025-03-01,0,1,1
66,2025-04-01,0,2,2
66,2025-05-01,0,0,0
66,2025-06-01,0,1,1
66,2025-07-01,0,0,0
66,2025-08-01,0,0,0
66,2025-09-01,0,0,0
66,2025-10-01,0,0,0
66,2025-11-01,0,0,0
66,2025-12-01,0,0,0
67,2018-01-01,0,7,7
67,2018-02-01,5,8,13
67,2018-03-01,3,3,6
67,2018-04-01,6,12,18
67,2018-05-01,3,4,7
67,2018-06-01,2,6,8
67,2018-07-01,6,10,16
67,2018-08-01,4,9,13
67,2018-09-01,6,9,15
67,2018-10-01,2,10,12
67,2018-11-01,0,3,3
67,2018-12-01,2,6,8
67,2019-01-01,0,5,5
67,2019-02-01,2,2,4
67,2019-03-01,0,4,4
67,2019-04-01,4,5,9
67,2019-05-01,5,14,19
67,2019-06-01,0,4,4
67,2019-07-01,4,10,14
67,2019-08-01,3,7,10
67,2019-09-01,4,4,8
67,2019-10-01,2,6,8
67,2019-11-01,0,6,6
67,2019-12-01,5,5,10
67,2020-01-01,2,4,6
67,2020-02-01,1,3,4
67,2020-03-01,2,6,8
67,2020-04-01,3,8,11
67,2020-05-01,6,13,19
67,2020-06-01,8,19,27
67,2020-07-01,4,22,26
67,2020-08-01,14,36,50
67,2020-09-01,3,16,19
67,2020-10-01,7,22,29
67,2020-11-01,8,14,22
67,2020-12-01,2,10,12
67,2021-01-01,0,14,14
67,2021-02-01,2,7,9
67,2021-03-01,4,10,14
67,2021-04-01,3,14,17
67,2021-05-01,11,15,26
67,2021-06-01,6,13,19
67,2021-07-01,8,12,20
67,2021-08-01,4,14,18
67,2021-09-01,4,15,19
67,2021-10-01,3,8,11
67,2021-11-01,5,16,21
67,2021-12-01,5,5,10
67,2022-01-01,4,16,20
67,2022-02-01,1,4,5
67,2022-03-01,5,8,13
67,2022-04-01,2,7,9
67,2022-05-01,3,8,11
67,2022-06-01,1,12,13
67,2022-07-01,7,7,14
67,2022-08-01,3,9,12
67,2022-09-01,7,7,14
67,2022-10-01,6,15,21
67,2022-11-01,1,5,6
67,2022-12-01,1,8,9
67,2023-01-01,4,10,14
67,2023-02-01,2,5,7
67,2023-03-01,3,6,9
67,2023-04-01,3,6,9
67,2023-05-01,4,8,12
67,2023-06-01,3,5,8
67,2023-07-01,6,9,15
67,2023-08-01,2,10,12
67,2023-09-01,2,6,8
67,2023-10-01,2,8,10
67,2023-11-01,2,5,7
67,2023-12-01,2,5,7
67,2024-01-01,1,6,7
67,2024-02-01,0,6,6
67,2024-03-01,3,3,6
67,2024-04-01,5,11,16
67,2024-05-01,2,9,11
67,2024-06-01,6,6,12
67,2024-07-01,2,2,4
67,2024-08-01,2,4,6
67,2024-09-01,1,3,4
67,2024-10-01,1,2,3
67,2024-11-01,2,8,10
67,2024-12-01,3,10,13
67,2025-01-01,3,7,10
67,2025-02-01,2,4,6
67,2025-03-01,1,8,9
67,2025-04-01,5,7,12
67,2025-05-01,3,7,10
67,2025-06-01,3,8,11
67,2025-07-01,3,4,7
67,2025-08-01,4,4,8
67,2025-09-01,2,9,11
67,2025-10-01,0,4,4
67,2025-11-01,3,2,5
67,2025-12-01,0,2,2
68,2018-01-01,0,0,0
68,2018-02-01,0,2,2
68,2018-03-01,0,0,0
68,2018-04-01,1,0,1
68,2018-05-01,0,0,0
68,2018-06-01,0,0,0
68,2018-07-01,0,0,0
68,2018-08-01,0,0,0
68,2018-09-01,0,0,0
68,2018-10-01,0,0,0
68,2018-11-01,0,0,0
68,2018-12-01,0,0,0
68,2019-01-01,0,1,1
68,2019-02-01,0,0,0
68,2019-03-01,0,0,0
68,2019-04-01,0,0,0
68,2019-05-01,0,0,0
68,2019-06-01,0,0,0
68,2019-07-01,0,0,0
68,2019-08-01,0,0,0
68,2019-09-01,0,0,0
68,2019-10-01,0,0,0
68,2019-11-01,0,0,0
68,2019-12-01,0,0,0
68,2020-01-01,0,0,0
68,2020-02-01,0,2,2
68,2020-03-01,0,0,0
68,2020-04-01,0,1,1
68,2020-05-01,0,0,0
68,2020-06-01,0,0,0
68,2020-07-01,0,0,0
68,2020-08-01,0,0,0
68,2020-09-01,2,0,2
68,2020-10-01,0,1,1
68,2020-11-01,0,0,0
68,2020-12-01,0,0,0
68,2021-01-01,0,0,0
68,2021-02-01,0,0,0
68,2021-03-01,0,0,0
68,2021-04-01,0,0,0
68,2021-05-01,0,0,0
68,2021-06-01,0,0,0
68,2021-07-01,0,1,1
68,2021-08-01,0,0,0
68,2021-09-01,0,1,1
68,2021-10-01,0,1,1
68,2021-11-01,0,0,0
68,2021-12-01,1,3,4
68,2022-01-01,0,0,0
68,2022-02-01,0,0,0
68,2022-03-01,1,2,3
68,2022-04-01,1,1,2
68,2022-05-01,0,0,0
68,2022-06-01,0,0,0
68,2022-07-01,1,1,2
68,2022-08-01,1,2,3
68,2022-09-01,0,0,0
68,2022-10-01,0,0,0
68,2022-11-01,0,0,0
68,2022-12-01,0,0,0
68,2023-01-01,0,1,1
68,2023-02-01,0,1,1
68,2023-03-01,0,0,0
68,2023-04-01,0,1,1
68,2023-05-01,0,0,0
68,2023-06-01,2,0,2
68,2023-07-01,0,0,0
68,2023-08-01,1,0,1
68,2023-09-01,0,0,0
68,2023-10-01,0,1,1
68,2023-11-01,0,0,0
68,2023-12-01,0,0,0
68,2024-01-01,0,1,1
68,2024-02-01,0,0,0
68,2024-03-01,0,0,0
68,2024-04-01,0,0,0
68,2024-05-01,0,0,0
68,2024-06-01,0,1,1
68,2024-07-01,0,0,0
68,2024-08-01,0,1,1
68,2024-09-01,0,0,0
68,2024-10-01,0,0,0
68,2024-11-01,0,1,1
68,2024-12-01,0,0,0
68,2025-01-01,0,1,1
68,2025-02-01,0,0,0
68,2025-03-01,0,0,0
68,2025-04-01,0,0,0
68,2025-05-01,0,0,0
68,2025-06-01,0,0,0
68,2025-07-01,0,0,0
68,2025-08-01,0,0,0
68,2025-09-01,0,0,0
68,2025-10-01,0,0,0
68,2025-11-01,0,0,0
68,2025-12-01,0,0,0
69,2018-01-01,1,0,1
69,2018-02-01,1,1,2
69,2018-03-01,1,1,2
69,2018-04-01,1,2,3
69,2018-05-01,2,2,4
69,2018-06-01,2,1,3
69,2018-07-01,0,2,2
69,2018-08-01,0,1,1
69,2018-09-01,0,3,3
69,2018-10-01,2,2,4
69,2018-11-01,2,1,3
69,2018-12-01,2,3,5
69,2019-01-01,1,5,6
69,2019-02-01,0,2,2
69,2019-03-01,0,1,1
69,2019-04-01,0,2,2
69,2019-05-01,1,3,4
69,2019-06-01,1,6,7
69,2019-07-01,3,7,10
69,2019-08-01,0,6,6
69,2019-09-01,1,4,5
69,2019-10-01,1,2,3
69,2019-11-01,2,5,7
69,2019-12-01,0,4,4
69,2020-01-01,1,2,3
69,2020-02-01,0,4,4
69,2020-03-01,1,5,6
69,2020-04-01,1,3,4
69,2020-05-01,2,2,4
69,2020-06-01,2,3,5
69,2020-07-01,13,18,31
69,2020-08-01,9,18,27
69,2020-09-01,1,6,7
69,2020-10-01,4,10,14
69,2020-11-01,4,13,17
69,2020-12-01,1,5,6
69,2021-01-01,3,7,10
69,2021-02-01,2,2,4
69,2021-03-01,2,6,8
69,2021-04-01,2,12,14
69,2021-05-01,1,7,8
69,2021-06-01,1,10,11
69,2021-07-01,3,4,7
69,2021-08-01,4,7,11
69,2021-09-01,2,10,12
69,2021-10-01,2,14,16
69,2021-11-01,0,6,6
69,2021-12-01,3,3,6
69,2022-01-01,3,9,12
69,2022-02-01,2,5,7
69,2022-03-01,2,4,6
69,2022-04-01,3,7,10
69,2022-05-01,1,5,6
69,2022-06-01,2,5,7
69,2022-07-01,2,6,8
69,2022-08-01,3,6,9
69,2022-09-01,0,2,2
69,2022-10-01,1,4,5
69,2022-11-01,1,10,11
69,2022-12-01,0,4,4
69,2023-01-01,2,4,6
69,2023-02-01,2,3,5
69,2023-03-01,0,4,4
69,2023-04-01,3,7,10
69,2023-05-01,1,3,4
69,2023-06-01,0,2,2
69,2023-07-01,3,6,9
69,2023-08-01,1,3,4
69,2023-09-01,1,2,3
69,2023-10-01,1,3,4
69,2023-11-01,1,3,4
69,2023-12-01,3,4,7
69,2024-01-01,1,3,4
69,2024-02-01,1,3,4
69,2024-03-01,2,1,3
69,2024-04-01,1,2,3
69,2024-05-01,1,2,3
69,2024-06-01,2,6,8
69,2024-07-01,1,1,2
69,2024-08-01,2,2,4
69,2024-09-01,2,2,4
69,2024-10-01,2,4,6
69,2024-11-01,0,5,5
69,2024-12-01,2,5,7
69,2025-01-01,1,2,3
69,2025-02-01,0,2,2
69,2025-03-01,2,4,6
69,2025-04-01,0,2,2
69,2025-05-01,1,4,5
69,2025-06-01,2,4,6
69,2025-07-01,1,4,5
69,2025-08-01,0,1,1
69,2025-09-01,2,3,5
69,2025-10-01,2,7,9
69,2025-11-01,0,6,6
69,2025-12-01,0,1,1
70,2018-01-01,1,1,2
70,2018-02-01,2,1,3
70,2018-03-01,2,0,2
70,2018-04-01,3,7,10
70,2018-05-01,0,1,1
70,2018-06-01,1,3,4
70,2018-07-01,1,1,2
70,2018-08-01,0,0,0
70,2018-09-01,0,1,1
70,2018-10-01,3,2,5
70,2018-11-01,3,2,5
70,2018-12-01,1,1,2
70,2019-01-01,1,0,1
70,2019-02-01,1,1,2
70,2019-03-01,1,1,2
70,2019-04-01,0,3,3
70,2019-05-01,1,1,2
70,2019-06-01,2,4,6
70,2019-07-01,0,0,0
70,2019-08-01,0,3,3
70,2019-09-01,2,2,4
70,2019-10-01,0,2,2
70,2019-11-01,0,2,2
70,2019-12-01,2,4,6
70,2020-01-01,0,2,2
70,2020-02-01,0,1,1
70,2020-03-01,1,2,3
70,2020-04-01,0,1,1
70,2020-05-01,2,2,4
70,2020-06-01,3,7,10
70,2020-07-01,5,7,12
70,2020-08-01,11,14,25
70,2020-09-01,2,6,8
70,2020-10-01,1,4,5
70,2020-11-01,4,8,12
70,2020-12-01,4,8,12
70,2021-01-01,0,1,1
70,2021-02-01,1,1,2
70,2021-03-01,4,8,12
70,2021-04-01,3,5,8
70,2021-05-01,1,2,3
70,2021-06-01,0,3,3
70,2021-07-01,2,7,9
70,2021-08-01,1,5,6
70,2021-09-01,0,1,1
70,2021-10-01,2,5,7
70,2021-11-01,0,2,2
70,2021-12-01,2,1,3
70,2022-01-01,1,3,4
70,2022-02-01,1,2,3
70,2022-03-01,1,4,5
70,2022-04-01,1,4,5
70,2022-05-01,1,1,2
70,2022-06-01,1,2,3
70,2022-07-01,1,2,3
70,2022-08-01,2,5,7
70,2022-09-01,1,0,1
70,2022-10-01,2,0,2
70,2022-11-01,1,2,3
70,2022-12-01,1,2,3
70,2023-01-01,0,3,3
70,2023-02-01,1,3,4
70,2023-03-01,1,0,1
70,2023-04-01,1,4,5
70,2023-05-01,1,2,3
70,2023-06-01,2,1,3
70,2023-07-01,2,1,3
70,2023-08-01,0,3,3
70,2023-09-01,0,1,1
70,2023-10-01,2,2,4
70,2023-11-01,1,1,2
70,2023-12-01,3,2,5
70,2024-01-01,0,3,3
70,2024-02-01,0,1,1
70,2024-03-01,0,1,1
70,2024-04-01,1,4,5
70,2024-05-01,2,2,4
70,2024-06-01,1,2,3
70,2024-07-01,3,1,4
70,2024-08-01,1,3,4
70,2024-09-01,0,3,3
70,2024-10-01,1,0,1
70,2024-11-01,1,1,2
70,2024-12-01,0,3,3
70,2025-01-01,0,0,0
70,2025-02-01,1,0,1
70,2025-03-01,1,2,3
70,2025-04-01,1,2,3
70,2025-05-01,0,1,1
70,2025-06-01,0,3,3
70,2025-07-01,1,3,4
70,2025-08-01,1,1,2
70,2025-09-01,2,0,2
70,2025-10-01,2,3,5
70,2025-11-01,2,0,2
70,2025-12-01,1,1,2
71,2018-01-01,1,5,6
71,2018-02-01,1,1,2
71,2018-03-01,0,0,0
71,2018-04-01,3,2,5
71,2018-05-01,2,5,7
71,2018-06-01,4,5,9
71,2018-07-01,3,3,6
71,2018-08-01,2,2,4
71,2018-09-01,3,2,5
71,2018-10-01,1,1,2
71,2018-11-01,2,2,4
71,2018-12-01,1,2,3
71,2019-01-01,0,1,1
71,2019-02-01,0,1,1
71,2019-03-01,1,3,4
71,2019-04-01,2,1,3
71,2019-05-01,1,0,1
71,2019-06-01,1,7,8
71,2019-07-01,3,7,10
71,2019-08-01,1,4,5
71,2019-09-01,1,2,3
71,2019-10-01,1,3,4
71,2019-11-01,1,5,6
71,2019-12-01,1,2,3
71,2020-01-01,0,2,2
71,2020-02-01,1,2,3
71,2020-03-01,1,7,8
71,2020-04-01,0,0,0
71,2020-05-01,2,4,6
71,2020-06-01,8,10,18
71,2020-07-01,5,7,12
71,2020-08-01,3,15,18
71,2020-09-01,3,6,9
71,2020-10-01,2,4,6
71,2020-11-01,2,4,6
71,2020-12-01,2,4,6
71,2021-01-01,0,1,1
71,2021-02-01,1,2,3
71,2021-03-01,3,5,8
71,2021-04-01,3,3,6
71,2021-05-01,5,11,16
71,2021-06-01,2,2,4
71,2021-07-01,1,1,2
71,2021-08-01,1,5,6
71,2021-09-01,2,3,5
71,2021-10-01,2,4,6
71,2021-11-01,4,2,6
71,2021-12-01,3,6,9
71,2022-01-01,6,9,15
71,2022-02-01,0,3,3
71,2022-03-01,0,1,1
71,2022-04-01,1,4,5
71,2022-05-01,0,3,3
71,2022-06-01,2,4,6
71,2022-07-01,6,9,15
71,2022-08-01,0,4,4
71,2022-09-01,0,3,3
71,2022-10-01,4,2,6
71,2022-11-01,1,4,5
71,2022-12-01,0,2,2
71,2023-01-01,0,2,2
71,2023-02-01,1,1,2
71,2023-03-01,2,2,4
71,2023-04-01,1,2,3
71,2023-05-01,1,3,4
71,2023-06-01,0,3,3
71,2023-07-01,2,5,7
71,2023-08-01,2,4,6
71,2023-09-01,2,1,3
71,2023-10-01,1,1,2
71,2023-11-01,1,2,3
71,2023-12-01,1,2,3
71,2024-01-01,3,3,6
71,2024-02-01,1,0,1
71,2024-03-01,0,2,2
71,2024-04-01,0,2,2
71,2024-05-01,1,3,4
71,2024-06-01,0,2,2
71,2024-07-01,2,5,7
71,2024-08-01,2,3,5
71,2024-09-01,0,2,2
71,2024-10-01,0,2,2
71,2024-11-01,2,3,5
71,2024-12-01,1,2,3
71,2025-01-01,1,2,3
71,2025-02-01,0,2,2
71,2025-03-01,0,1,1
71,2025-04-01,0,2,2
71,2025-05-01,1,1,2
71,2025-06-01,1,5,6
71,2025-07-01,0,1,1
71,2025-08-01,1,2,3
71,2025-09-01,4,1,5
71,2025-10-01,0,0,0
71,2025-11-01,2,0,2
71,2025-12-01,1,1,2
72,2018-01-01,1,0,1
72,2018-02-01,0,0,0
72,2018-03-01,0,0,0
72,2018-04-01,0,0,0
72,2018-05-01,0,1,1
72,2018-06-01,0,0,0
72,2018-07-01,0,0,0
72,2018-08-01,0,0,0
72,2018-09-01,0,0,0
72,2018-10-01,0,0,0
72,2018-11-01,0,0,0
72,2018-12-01,0,0,0
72,2019-01-01,0,1,1
72,2019-02-01,0,0,0
72,2019-03-01,0,0,0
72,2019-04-01,0,0,0
72,2019-05-01,0,1,1
72,2019-06-01,1,0,1
72,2019-07-01,0,0,0
72,2019-08-01,1,1,2
72,2019-09-01,0,0,0
72,2019-10-01,0,0,0
72,2019-11-01,2,1,3
72,2019-12-01,0,0,0
72,2020-01-01,3,2,5
72,2020-02-01,0,0,0
72,2020-03-01,1,0,1
72,2020-04-01,0,1,1
72,2020-05-01,0,0,0
72,2020-06-01,2,1,3
72,2020-07-01,1,1,2
72,2020-08-01,0,1,1
72,2020-09-01,2,2,4
72,2020-10-01,0,0,0
72,2020-11-01,1,2,3
72,2020-12-01,0,1,1
72,2021-01-01,1,1,2
72,2021-02-01,0,0,0
72,2021-03-01,0,1,1
72,2021-04-01,0,0,0
72,2021-05-01,0,0,0
72,2021-06-01,3,3,6
72,2021-07-01,1,1,2
72,2021-08-01,0,0,0
72,2021-09-01,0,0,0
72,2021-10-01,1,0,1
72,2021-11-01,1,3,4
72,2021-12-01,0,1,1
72,2022-01-01,1,2,3
72,2022-02-01,0,1,1
72,2022-03-01,0,0,0
72,2022-04-01,1,3,4
72,2022-05-01,0,1,1
72,2022-06-01,0,1,1
72,2022-07-01,0,0,0
72,2022-08-01,0,0,0
72,2022-09-01,1,1,2
72,2022-10-01,0,1,1
72,2022-11-01,0,2,2
72,2022-12-01,0,0,0
72,2023-01-01,1,0,1
72,2023-02-01,1,2,3
72,2023-03-01,2,1,3
72,2023-04-01,0,1,1
72,2023-05-01,0,0,0
72,2023-06-01,1,0,1
72,2023-07-01,1,2,3
72,2023-08-01,0,2,2
72,2023-09-01,1,0,1
72,2023-10-01,0,1,1
72,2023-11-01,0,0,0
72,2023-12-01,0,0,0
72,2024-01-01,1,0,1
72,2024-02-01,1,0,1
72,2024-03-01,0,1,1
72,2024-04-01,0,2,2
72,2024-05-01,0,1,1
72,2024-06-01,0,0,0
72,2024-07-01,0,1,1
72,2024-08-01,0,2,2
72,2024-09-01,0,0,0
72,2024-10-01,0,0,0
72,2024-11-01,0,0,0
72,2024-12-01,0,0,0
72,2025-01-01,0,0,0
72,2025-02-01,0,0,0
72,2025-03-01,0,0,0
72,2025-04-01,0,0,0
72,2025-05-01,0,0,0
72,2025-06-01,0,0,0
72,2025-07-01,0,0,0
72,2025-08-01,3,1,4
72,2025-09-01,0,0,0
72,2025-10-01,0,0,0
72,2025-11-01,1,0,1
72,2025-12-01,0,0,0
73,2018-01-01,1,5,6
73,2018-02-01,0,5,5
73,2018-03-01,6,5,11
73,2018-04-01,2,10,12
73,2018-05-01,7,11,18
73,2018-06-01,4,10,14
73,2018-07-01,5,4,9
73,2018-08-01,4,9,13
73,2018-09-01,6,4,10
73,2018-10-01,2,9,11
73,2018-11-01,6,9,15
73,2018-12-01,4,6,10
73,2019-01-01,2,4,6
73,2019-02-01,1,5,6
73,2019-03-01,2,6,8
73,2019-04-01,1,5,6
73,2019-05-01,0,3,3
73,2019-06-01,7,9,16
73,2019-07-01,5,9,14
73,2019-08-01,7,8,15
73,2019-09-01,2,6,8
73,2019-10-01,3,7,10
73,2019-11-01,0,3,3
73,2019-12-01,4,3,7
73,2020-01-01,2,5,7
73,2020-02-01,1,2,3
73,2020-03-01,4,9,13
73,2020-04-01,4,4,8
73,2020-05-01,5,10,15
73,2020-06-01,15,13,28
73,2020-07-01,20,33,53
73,2020-08-01,17,32,49
73,2020-09-01,10,19,29
73,2020-10-01,7,14,21
73,2020-11-01,5,11,16
73,2020-12-01,6,10,16
73,2021-01-01,3,5,8
73,2021-02-01,5,5,10
73,2021-03-01,5,16,21
73,2021-04-01,5,17,22
73,2021-05-01,8,26,34
73,2021-06-01,7,10,17
73,2021-07-01,5,5,10
73,2021-08-01,9,14,23
73,2021-09-01,6,15,21
73,2021-10-01,11,16,27
73,2021-11-01,7,19,26
73,2021-12-01,8,12,20
73,2022-01-01,2,6,8
73,2022-02-01,6,16,22
73,2022-03-01,6,11,17
73,2022-04-01,3,11,14
73,2022-05-01,6,8,14
73,2022-06-01,6,13,19
73,2022-07-01,12,22,34
73,2022-08-01,5,12,17
73,2022-09-01,6,8,14
73,2022-10-01,5,12,17
73,2022-11-01,1,13,14
73,2022-12-01,5,4,9
73,2023-01-01,6,6,12
73,2023-02-01,0,4,4
73,2023-03-01,4,6,10
73,2023-04-01,2,9,11
73,2023-05-01,4,6,10
73,2023-06-01,2,4,6
73,2023-07-01,8,10,18
73,2023-08-01,4,15,19
73,2023-09-01,0,7,7
73,2023-10-01,7,12,19
73,2023-11-01,3,9,12
73,2023-12-01,4,8,12
73,2024-01-01,7,11,18
73,2024-02-01,2,8,10
73,2024-03-01,4,4,8
73,2024-04-01,3,13,16
73,2024-05-01,8,8,16
73,2024-06-01,7,14,21
73,2024-07-01,2,9,11
73,2024-08-01,3,14,17
73,2024-09-01,4,2,6
73,2024-10-01,2,1,3
73,2024-11-01,2,7,9
73,2024-12-01,6,10,16
73,2025-01-01,1,4,5
73,2025-02-01,3,2,5
73,2025-03-01,3,5,8
73,2025-04-01,3,11,14
73,2025-05-01,2,10,12
73,2025-06-01,6,5,11
73,2025-07-01,1,7,8
73,2025-08-01,3,7,10
73,2025-09-01,1,5,6
73,2025-10-01,2,5,7
73,2025-11-01,4,5,9
73,2025-12-01,5,0,5
74,2018-01-01,0,0,0
74,2018-02-01,0,0,0
74,2018-03-01,0,0,0
74,2018-04-01,0,0,0
74,2018-05-01,0,0,0
74,2018-06-01,0,0,0
74,2018-07-01,0,0,0
74,2018-08-01,0,0,0
74,2018-09-01,0,0,0
74,2018-10-01,0,0,0
74,2018-11-01,0,0,0
74,2018-12-01,0,0,0
74,2019-01-01,0,0,0
74,2019-02-01,0,0,0
74,2019-03-01,0,0,0
74,2019-04-01,0,0,0
74,2019-05-01,0,0,0
74,2019-06-01,0,0,0
74,2019-07-01,0,0,0
74,2019-08-01,0,0,0
74,2019-09-01,0,0,0
74,2019-10-01,0,0,0
74,2019-11-01,0,0,0
74,2019-12-01,0,0,0
74,2020-01-01,0,0,0
74,2020-02-01,0,0,0
74,2020-03-01,0,0,0
74,2020-04-01,0,0,0
74,2020-05-01,0,0,0
74,2020-06-01,0,0,0
74,2020-07-01,0,0,0
74,2020-08-01,0,0,0
74,2020-09-01,0,0,0
74,2020-10-01,0,0,0
74,2020-11-01,0,0,0
74,2020-12-01,0,0,0
74,2021-01-01,0,0,0
74,2021-02-01,0,0,0
74,2021-03-01,0,0,0
74,2021-04-01,0,0,0
74,2021-05-01,0,0,0
74,2021-06-01,0,0,0
74,2021-07-01,0,0,0
74,2021-08-01,0,0,0
74,2021-09-01,0,0,0
74,2021-10-01,0,0,0
74,2021-11-01,0,0,0
74,2021-12-01,0,0,0
74,2022-01-01,0,0,0
74,2022-02-01,0,0,0
74,2022-03-01,0,0,0
74,2022-04-01,0,0,0
74,2022-05-01,0,0,0
74,2022-06-01,0,0,0
74,2022-07-01,0,0,0
74,2022-08-01,0,0,0
74,2022-09-01,0,0,0
74,2022-10-01,0,0,0
74,2022-11-01,0,0,0
74,2022-12-01,0,0,0
74,2023-01-01,0,0,0
74,2023-02-01,0,0,0
74,2023-03-01,0,0,0
74,2023-04-01,0,0,0
74,2023-05-01,0,0,0
74,2023-06-01,0,0,0
74,2023-07-01,0,0,0
74,2023-08-01,0,0,0
74,2023-09-01,0,0,0
74,2023-10-01,0,0,0
74,2023-11-01,0,0,0
74,2023-12-01,0,0,0
74,2024-01-01,0,0,0
74,2024-02-01,0,0,0
74,2024-03-01,0,0,0
74,2024-04-01,0,0,0
74,2024-05-01,0,0,0
74,2024-06-01,0,0,0
74,2024-07-01,0,0,0
74,2024-08-01,0,0,0
74,2024-09-01,0,0,0
74,2024-10-01,0,0,0
74,2024-11-01,0,0,0
74,2024-12-01,0,0,0
74,2025-01-01,0,0,0
74,2025-02-01,0,0,0
74,2025-03-01,0,0,0
74,2025-04-01,0,0,0
74,2025-05-01,0,0,0
74,2025-06-01,0,0,0
74,2025-07-01,0,0,0
74,2025-08-01,0,0,0
74,2025-09-01,0,0,0
74,2025-10-01,0,0,0
74,2025-11-01,0,0,0
74,2025-12-01,0,0,0
75,2018-01-01,1,4,5
75,2018-02-01,2,4,6
75,2018-03-01,1,4,5
75,2018-04-01,2,5,7
75,2018-05-01,4,7,11
75,2018-06-01,5,12,17
75,2018-07-01,3,7,10
75,2018-08-01,3,6,9
75,2018-09-01,5,5,10
75,2018-10-01,2,4,6
75,2018-11-01,3,5,8
75,2018-12-01,1,4,5
75,2019-01-01,3,10,13
75,2019-02-01,2,5,7
75,2019-03-01,7,11,18
75,2019-04-01,3,10,13
75,2019-05-01,9,8,17
75,2019-06-01,6,13,19
75,2019-07-01,4,5,9
75,2019-08-01,8,15,23
75,2019-09-01,3,10,13
75,2019-10-01,2,8,10
75,2019-11-01,2,8,10
75,2019-12-01,2,5,7
75,2020-01-01,2,7,9
75,2020-02-01,3,10,13
75,2020-03-01,4,6,10
75,2020-04-01,6,12,18
75,2020-05-01,4,12,16
75,2020-06-01,12,23,35
75,2020-07-01,26,41,67
75,2020-08-01,14,38,52
75,2020-09-01,12,25,37
75,2020-10-01,4,18,22
75,2020-11-01,7,19,26
75,2020-12-01,8,13,21
75,2021-01-01,8,17,25
75,2021-02-01,2,8,10
75,2021-03-01,6,4,10
75,2021-04-01,5,16,21
75,2021-05-01,7,28,35
75,2021-06-01,6,8,14
75,2021-07-01,6,18,24
75,2021-08-01,8,23,31
75,2021-09-01,8,17,25
75,2021-10-01,3,27,30
75,2021-11-01,6,19,25
75,2021-12-01,6,19,25
75,2022-01-01,5,12,17
75,2022-02-01,1,12,13
75,2022-03-01,6,19,25
75,2022-04-01,12,17,29
75,2022-05-01,7,25,32
75,2022-06-01,8,17,25
75,2022-07-01,13,19,32
75,2022-08-01,6,18,24
75,2022-09-01,7,15,22
75,2022-10-01,3,11,14
75,2022-11-01,8,12,20
75,2022-12-01,3,7,10
75,2023-01-01,1,13,14
75,2023-02-01,6,12,18
75,2023-03-01,10,9,19
75,2023-04-01,6,20,26
75,2023-05-01,6,9,15
75,2023-06-01,4,6,10
75,2023-07-01,3,11,14
75,2023-08-01,6,6,12
75,2023-09-01,0,9,9
75,2023-10-01,3,13,16
75,2023-11-01,7,10,17
75,2023-12-01,3,13,16
75,2024-01-01,5,14,19
75,2024-02-01,6,5,11
75,2024-03-01,4,16,20
75,2024-04-01,1,8,9
75,2024-05-01,6,9,15
75,2024-06-01,7,11,18
75,2024-07-01,4,11,15
75,2024-08-01,1,14,15
75,2024-09-01,4,3,7
75,2024-10-01,8,13,21
75,2024-11-01,4,4,8
75,2024-12-01,1,1,2
75,2025-01-01,5,7,12
75,2025-02-01,3,13,16
75,2025-03-01,2,7,9
75,2025-04-01,3,9,12
75,2025-05-01,3,16,19
75,2025-06-01,4,11,15
75,2025-07-01,6,10,16
75,2025-08-01,2,9,11
75,2025-09-01,2,16,18
75,2025-10-01,4,4,8
75,2025-11-01,1,3,4
75,2025-12-01,1,1,2
76,2018-01-01,0,0,0
76,2018-02-01,0,1,1
76,2018-03-01,0,0,0
76,2018-04-01,0,0,0
76,2018-05-01,0,2,2
76,2018-06-01,0,0,0
76,2018-07-01,0,3,3
76,2018-08-01,0,1,1
76,2018-09-01,1,0,1
76,2018-10-01,1,0,1
76,2018-11-01,0,0,0
76,2018-12-01,0,0,0
76,2019-01-01,0,0,0
76,2019-02-01,0,0,0
76,2019-03-01,0,2,2
76,2019-04-01,0,0,0
76,2019-05-01,0,0,0
76,2019-06-01,0,0,0
76,2019-07-01,0,2,2
76,2019-08-01,0,2,2
76,2019-09-01,0,0,0
76,2019-10-01,0,2,2
76,2019-11-01,0,0,0
76,2019-12-01,0,0,0
76,2020-01-01,0,0,0
76,2020-02-01,1,0,1
76,2020-03-01,0,2,2
76,2020-04-01,1,1,2
76,2020-05-01,1,1,2
76,2020-06-01,2,2,4
76,2020-07-01,1,3,4
76,2020-08-01,1,2,3
76,2020-09-01,3,2,5
76,2020-10-01,1,2,3
76,2020-11-01,2,4,6
76,2020-12-01,3,1,4
76,2021-01-01,0,1,1
76,2021-02-01,2,1,3
76,2021-03-01,0,2,2
76,2021-04-01,4,9,13
76,2021-05-01,0,0,0
76,2021-06-01,0,3,3
76,2021-07-01,0,3,3
76,2021-08-01,0,3,3
76,2021-09-01,4,6,10
76,2021-10-01,0,3,3
76,2021-11-01,1,3,4
76,2021-12-01,2,3,5
76,2022-01-01,0,0,0
76,2022-02-01,0,1,1
76,2022-03-01,1,0,1
76,2022-04-01,0,2,2
76,2022-05-01,0,4,4
76,2022-06-01,0,1,1
76,2022-07-01,1,3,4
76,2022-08-01,1,3,4
76,2022-09-01,1,0,1
76,2022-10-01,0,0,0
76,2022-11-01,0,0,0
76,2022-12-01,1,1,2
76,2023-01-01,0,2,2
76,2023-02-01,1,1,2
76,2023-03-01,0,0,0
76,2023-04-01,2,3,5
76,2023-05-01,0,1,1
76,2023-06-01,1,1,2
76,2023-07-01,0,2,2
76,2023-08-01,1,0,1
76,2023-09-01,2,2,4
76,2023-10-01,0,2,2
76,2023-11-01,1,0,1
76,2023-12-01,3,1,4
76,2024-01-01,0,1,1
76,2024-02-01,1,0,1
76,2024-03-01,0,0,0
76,2024-04-01,1,1,2
76,2024-05-01,1,2,3
76,2024-06-01,1,3,4
76,2024-07-01,0,1,1
76,2024-08-01,0,1,1
76,2024-09-01,0,0,0
76,2024-10-01,0,0,0
76,2024-11-01,0,2,2
76,2024-12-01,0,0,0
76,2025-01-01,0,0,0
76,2025-02-01,0,0,0
76,2025-03-01,1,4,5
76,2025-04-01,0,0,0
76,2025-05-01,1,3,4
76,2025-06-01,0,1,1
76,2025-07-01,0,0,0
76,2025-08-01,0,2,2
76,2025-09-01,0,1,1
76,2025-10-01,1,2,3
76,2025-11-01,0,2,2
76,2025-12-01,0,0,0
77,2018-01-01,1,2,3
77,2018-02-01,1,0,1
77,2018-03-01,1,1,2
77,2018-04-01,2,0,2
77,2018-05-01,2,3,5
77,2018-06-01,0,4,4
77,2018-07-01,1,0,1
77,2018-08-01,2,5,7
77,2018-09-01,4,5,9
77,2018-10-01,2,5,7
77,2018-11-01,3,3,6
77,2018-12-01,1,1,2
77,2019-01-01,1,3,4
77,2019-02-01,0,0,0
77,2019-03-01,4,9,13
77,2019-04-01,2,6,8
77,2019-05-01,3,5,8
77,2019-06-01,4,6,10
77,2019-07-01,1,2,3
77,2019-08-01,1,3,4
77,2019-09-01,3,7,10
77,2019-10-01,2,3,5
77,2019-11-01,1,4,5
77,2019-12-01,3,6,9
77,2020-01-01,2,4,6
77,2020-02-01,1,1,2
77,2020-03-01,1,1,2
77,2020-04-01,5,4,9
77,2020-05-01,3,4,7
77,2020-06-01,6,9,15
77,2020-07-01,15,18,33
77,2020-08-01,8,13,21
77,2020-09-01,2,7,9
77,2020-10-01,4,14,18
77,2020-11-01,3,8,11
77,2020-12-01,4,2,6
77,2021-01-01,1,2,3
77,2021-02-01,2,7,9
77,2021-03-01,4,6,10
77,2021-04-01,5,9,14
77,2021-05-01,7,17,24
77,2021-06-01,3,11,14
77,2021-07-01,5,6,11
77,2021-08-01,8,7,15
77,2021-09-01,3,8,11
77,2021-10-01,3,2,5
77,2021-11-01,0,3,3
77,2021-12-01,1,2,3
77,2022-01-01,0,3,3
77,2022-02-01,0,1,1
77,2022-03-01,2,6,8
77,2022-04-01,2,1,3
77,2022-05-01,4,9,13
77,2022-06-01,3,5,8
77,2022-07-01,5,11,16
77,2022-08-01,7,11,18
77,2022-09-01,1,2,3
77,2022-10-01,5,5,10
77,2022-11-01,4,1,5
77,2022-12-01,3,6,9
77,2023-01-01,0,5,5
77,2023-02-01,1,2,3
77,2023-03-01,2,2,4
77,2023-04-01,3,4,7
77,2023-05-01,3,3,6
77,2023-06-01,1,8,9
77,2023-07-01,2,2,4
77,2023-08-01,2,6,8
77,2023-09-01,3,5,8
77,2023-10-01,3,4,7
77,2023-11-01,1,4,5
77,2023-12-01,3,5,8
77,2024-01-01,0,3,3
77,2024-02-01,2,1,3
77,2024-03-01,1,2,3
77,2024-04-01,1,4,5
77,2024-05-01,4,1,5
77,2024-06-01,3,4,7
77,2024-07-01,5,8,13
77,2024-08-01,2,8,10
77,2024-09-01,4,4,8
77,2024-10-01,2,3,5
77,2024-11-01,0,4,4
77,2024-12-01,0,2,2
77,2025-01-01,1,2,3
77,2025-02-01,0,10,10
77,2025-03-01,1,3,4
77,2025-04-01,0,3,3
77,2025-05-01,2,5,7
77,2025-06-01,2,7,9
77,2025-07-01,2,6,8
77,2025-08-01,1,6,7
77,2025-09-01,3,1,4
77,2025-10-01,1,6,7
77,2025-11-01,0,6,6
77,2025-12-01,1,1,2
78,2018-01-01,0,0,0
78,2018-02-01,0,1,1
78,2018-03-01,0,0,0
78,2018-04-01,0,0,0
78,2018-05-01,0,0,0
78,2018-06-01,0,1,1
78,2018-07-01,0,0,0
78,2018-08-01,0,0,0
78,2018-09-01,1,1,2
78,2018-10-01,1,2,3
78,2018-11-01,0,0,0
78,2018-12-01,0,0,0
78,2019-01-01,0,0,0
78,2019-02-01,0,0,0
78,2019-03-01,0,0,0
78,2019-04-01,0,0,0
78,2019-05-01,0,0,0
78,2019-06-01,0,0,0
78,2019-07-01,0,1,1
78,2019-08-01,0,1,1
78,2019-09-01,0,0,0
78,2019-10-01,0,0,0
78,2019-11-01,0,0,0
78,2019-12-01,1,1,2
78,2020-01-01,0,0,0
78,2020-02-01,0,0,0
78,2020-03-01,1,0,1
78,2020-04-01,0,1,1
78,2020-05-01,0,1,1
78,2020-06-01,0,2,2
78,2020-07-01,1,1,2
78,2020-08-01,3,5,8
78,2020-09-01,0,1,1
78,2020-10-01,0,0,0
78,2020-11-01,1,0,1
78,2020-12-01,1,1,2
78,2021-01-01,0,0,0
78,2021-02-01,0,0,0
78,2021-03-01,1,1,2
78,2021-04-01,1,0,1
78,2021-05-01,0,1,1
78,2021-06-01,0,0,0
78,2021-07-01,0,2,2
78,2021-08-01,0,2,2
78,2021-09-01,0,3,3
78,2021-10-01,1,0,1
78,2021-11-01,0,0,0
78,2021-12-01,0,0,0
78,2022-01-01,0,0,0
78,2022-02-01,0,0,0
78,2022-03-01,0,1,1
78,2022-04-01,1,2,3
78,2022-05-01,1,0,1
78,2022-06-01,2,2,4
78,2022-07-01,0,0,0
78,2022-08-01,0,1,1
78,2022-09-01,1,1,2
78,2022-10-01,0,0,0
78,2022-11-01,0,1,1
78,2022-12-01,0,0,0
78,2023-01-01,0,1,1
78,2023-02-01,0,0,0
78,2023-03-01,0,2,2
78,2023-04-01,1,1,2
78,2023-05-01,0,1,1
78,2023-06-01,0,0,0
78,2023-07-01,1,0,1
78,2023-08-01,0,2,2
78,2023-09-01,0,0,0
78,2023-10-01,0,0,0
78,2023-11-01,1,1,2
78,2023-12-01,0,1,1
78,2024-01-01,1,1,2
78,2024-02-01,0,1,1
78,2024-03-01,1,0,1
78,2024-04-01,1,0,1
78,2024-05-01,0,0,0
78,2024-06-01,0,0,0
78,2024-07-01,0,0,0
78,2024-08-01,1,0,1
78,2024-09-01,0,1,1
78,2024-10-01,1,1,2
78,2024-11-01,0,0,0
78,2024-12-01,1,0,1
78,2025-01-01,0,1,1
78,2025-02-01,0,1,1
78,2025-03-01,0,1,1
78,2025-04-01,0,4,4
78,2025-05-01,1,0,1
78,2025-06-01,1,0,1
78,2025-07-01,0,0,0
78,2025-08-01,0,0,0
78,2025-09-01,0,0,0
78,2025-10-01,2,0,2
78,2025-11-01,1,0,1
78,2025-12-01,0,1,1
79,2018-01-01,2,2,4
79,2018-02-01,0,0,0
79,2018-03-01,2,2,4
79,2018-04-01,3,2,5
79,2018-05-01,1,4,5
79,2018-06-01,4,11,15
79,2018-07-01,7,7,14
79,2018-08-01,6,3,9
79,2018-09-01,2,2,4
79,2018-10-01,0,4,4
79,2018-11-01,2,3,5
79,2018-12-01,1,4,5
79,2019-01-01,4,5,9
79,2019-02-01,1,4,5
79,2019-03-01,5,6,11
79,2019-04-01,1,6,7
79,2019-05-01,3,9,12
79,2019-06-01,4,10,14
79,2019-07-01,2,3,5
79,2019-08-01,1,7,8
79,2019-09-01,2,6,8
79,2019-10-01,4,9,13
79,2019-11-01,2,2,4
79,2019-12-01,1,3,4
79,2020-01-01,3,5,8
79,2020-02-01,1,1,2
79,2020-03-01,3,9,12
79,2020-04-01,3,5,8
79,2020-05-01,3,9,12
79,2020-06-01,7,8,15
79,2020-07-01,11,12,23
79,2020-08-01,10,13,23
79,2020-09-01,5,7,12
79,2020-10-01,3,10,13
79,2020-11-01,7,15,22
79,2020-12-01,5,10,15
79,2021-01-01,3,4,7
79,2021-02-01,1,2,3
79,2021-03-01,2,9,11
79,2021-04-01,6,14,20
79,2021-05-01,5,7,12
79,2021-06-01,5,14,19
79,2021-07-01,5,8,13
79,2021-08-01,5,10,15
79,2021-09-01,7,8,15
79,2021-10-01,4,4,8
79,2021-11-01,3,3,6
79,2021-12-01,1,5,6
79,2022-01-01,2,1,3
79,2022-02-01,0,3,3
79,2022-03-01,3,4,7
79,2022-04-01,2,4,6
79,2022-05-01,5,8,13
79,2022-06-01,3,4,7
79,2022-07-01,1,4,5
79,2022-08-01,4,8,12
79,2022-09-01,1,8,9
79,2022-10-01,2,7,9
79,2022-11-01,1,4,5
79,2022-12-01,3,5,8
79,2023-01-01,0,6,6
79,2023-02-01,0,5,5
79,2023-03-01,3,4,7
79,2023-04-01,0,4,4
79,2023-05-01,3,3,6
79,2023-06-01,6,3,9
79,2023-07-01,0,8,8
79,2023-08-01,4,8,12
79,2023-09-01,6,6,12
79,2023-10-01,1,7,8
79,2023-11-01,2,6,8
79,2023-12-01,0,3,3
79,2024-01-01,1,5,6
79,2024-02-01,1,2,3
79,2024-03-01,2,8,10
79,2024-04-01,3,5,8
79,2024-05-01,3,8,11
79,2024-06-01,1,6,7
79,2024-07-01,2,4,6
79,2024-08-01,1,4,5
79,2024-09-01,2,6,8
79,2024-10-01,4,9,13
79,2024-11-01,2,4,6
79,2024-12-01,1,4,5
79,2025-01-01,1,6,7
79,2025-02-01,1,4,5
79,2025-03-01,1,2,3
79,2025-04-01,2,2,4
79,2025-05-01,2,4,6
79,2025-06-01,1,3,4
79,2025-07-01,3,1,4
79,2025-08-01,2,7,9
79,2025-09-01,2,6,8
79,2025-10-01,1,4,5
79,2025-11-01,0,4,4
79,2025-12-01,0,0,0
80,2018-01-01,0,0,0
80,2018-02-01,0,0,0
80,2018-03-01,0,0,0
80,2018-04-01,0,0,0
80,2018-05-01,0,0,0
80,2018-06-01,0,0,0
80,2018-07-01,0,0,0
80,2018-08-01,0,0,0
80,2018-09-01,0,0,0
80,2018-10-01,0,0,0
80,2018-11-01,0,0,0
80,2018-12-01,0,0,0
80,2019-01-01,0,0,0
80,2019-02-01,0,0,0
80,2019-03-01,0,0,0
80,2019-04-01,0,0,0
80,2019-05-01,0,0,0
80,2019-06-01,0,0,0
80,2019-07-01,0,0,0
80,2019-08-01,0,0,0
80,2019-09-01,0,0,0
80,2019-10-01,0,0,0
80,2019-11-01,0,0,0
80,2019-12-01,0,0,0
80,2020-01-01,0,0,0
80,2020-02-01,0,0,0
80,2020-03-01,0,0,0
80,2020-04-01,0,0,0
80,2020-05-01,0,0,0
80,2020-06-01,0,0,0
80,2020-07-01,0,0,0
80,2020-08-01,0,0,0
80,2020-09-01,0,0,0
80,2020-10-01,0,0,0
80,2020-11-01,0,0,0
80,2020-12-01,0,0,0
80,2021-01-01,0,0,0
80,2021-02-01,0,0,0
80,2021-03-01,0,0,0
80,2021-04-01,0,0,0
80,2021-05-01,0,0,0
80,2021-06-01,0,0,0
80,2021-07-01,0,0,0
80,2021-08-01,0,0,0
80,2021-09-01,0,0,0
80,2021-10-01,0,0,0
80,2021-11-01,0,0,0
80,2021-12-01,0,0,0
80,2022-01-01,0,0,0
80,2022-02-01,0,0,0
80,2022-03-01,0,0,0
80,2022-04-01,0,0,0
80,2022-05-01,0,0,0
80,2022-06-01,0,0,0
80,2022-07-01,0,0,0
80,2022-08-01,0,0,0
80,2022-09-01,0,0,0
80,2022-10-01,0,0,0
80,2022-11-01,0,0,0
80,2022-12-01,0,0,0
80,2023-01-01,0,0,0
80,2023-02-01,0,0,0
80,2023-03-01,0,0,0
80,2023-04-01,0,0,0
80,2023-05-01,0,0,0
80,2023-06-01,0,0,0
80,2023-07-01,0,0,0
80,2023-08-01,0,0,0
80,2023-09-01,0,0,0
80,2023-10-01,0,0,0
80,2023-11-01,0,0,0
80,2023-12-01,0,0,0
80,2024-01-01,0,0,0
80,2024-02-01,0,0,0
80,2024-03-01,0,0,0
80,2024-04-01,0,0,0
80,2024-05-01,0,0,0
80,2024-06-01,0,0,0
80,2024-07-01,0,0,0
80,2024-08-01,0,0,0
80,2024-09-01,0,0,0
80,2024-10-01,0,0,0
80,2024-11-01,0,0,0
80,2024-12-01,0,0,0
80,2025-01-01,0,0,0
80,2025-02-01,0,0,0
80,2025-03-01,0,0,0
80,2025-04-01,0,0,0
80,2025-05-01,0,0,0
80,2025-06-01,0,0,0
80,2025-07-01,0,0,0
80,2025-08-01,0,0,0
80,2025-09-01,0,0,0
80,2025-10-01,0,0,0
80,2025-11-01,0,0,0
80,2025-12-01,0,0,0
81,2018-01-01,2,1,3
81,2018-02-01,0,2,2
81,2018-03-01,1,1,2
81,2018-04-01,1,2,3
81,2018-05-01,2,2,4
81,2018-06-01,2,2,4
81,2018-07-01,4,4,8
81,2018-08-01,2,5,7
81,2018-09-01,1,2,3
81,2018-10-01,2,2,4
81,2018-11-01,1,2,3
81,2018-12-01,5,3,8
81,2019-01-01,0,1,1
81,2019-02-01,2,2,4
81,2019-03-01,3,3,6
81,2019-04-01,1,1,2
81,2019-05-01,0,0,0
81,2019-06-01,3,5,8
81,2019-07-01,3,5,8
81,2019-08-01,1,5,6
81,2019-09-01,1,5,6
81,2019-10-01,2,5,7
81,2019-11-01,2,3,5
81,2019-12-01,3,3,6
81,2020-01-01,1,3,4
81,2020-02-01,0,1,1
81,2020-03-01,4,2,6
81,2020-04-01,1,5,6
81,2020-05-01,3,3,6
81,2020-06-01,7,13,20
81,2020-07-01,6,12,18
81,2020-08-01,5,14,19
81,2020-09-01,7,13,20
81,2020-10-01,6,5,11
81,2020-11-01,2,7,9
81,2020-12-01,0,5,5
81,2021-01-01,0,2,2
81,2021-02-01,2,2,4
81,2021-03-01,0,7,7
81,2021-04-01,7,12,19
81,2021-05-01,6,6,12
81,2021-06-01,1,6,7
81,2021-07-01,0,1,1
81,2021-08-01,3,5,8
81,2021-09-01,5,9,14
81,2021-10-01,3,6,9
81,2021-11-01,3,5,8
81,2021-12-01,2,4,6
81,2022-01-01,2,5,7
81,2022-02-01,2,3,5
81,2022-03-01,2,2,4
81,2022-04-01,2,3,5
81,2022-05-01,5,5,10
81,2022-06-01,4,6,10
81,2022-07-01,3,7,10
81,2022-08-01,3,6,9
81,2022-09-01,3,4,7
81,2022-10-01,0,3,3
81,2022-11-01,1,1,2
81,2022-12-01,3,1,4
81,2023-01-01,3,6,9
81,2023-02-01,0,1,1
81,2023-03-01,2,2,4
81,2023-04-01,0,0,0
81,2023-05-01,0,4,4
81,2023-06-01,1,0,1
81,2023-07-01,1,2,3
81,2023-08-01,2,1,3
81,2023-09-01,1,0,1
81,2023-10-01,2,2,4
81,2023-11-01,2,2,4
81,2023-12-01,2,6,8
81,2024-01-01,0,2,2
81,2024-02-01,0,1,1
81,2024-03-01,2,2,4
81,2024-04-01,1,5,6
81,2024-05-01,1,4,5
81,2024-06-01,7,6,13
81,2024-07-01,2,7,9
81,2024-08-01,1,3,4
81,2024-09-01,0,0,0
81,2024-10-01,1,3,4
81,2024-11-01,1,3,4
81,2024-12-01,0,1,1
81,2025-01-01,1,4,5
81,2025-02-01,0,0,0
81,2025-03-01,2,7,9
81,2025-04-01,2,4,6
81,2025-05-01,1,3,4
81,2025-06-01,1,4,5
81,2025-07-01,2,0,2
81,2025-08-01,1,6,7
81,2025-09-01,1,3,4
81,2025-10-01,1,3,4
81,2025-11-01,1,3,4
81,2025-12-01,0,0,0
82,2018-01-01,0,0,0
82,2018-02-01,0,0,0
82,2018-03-01,0,0,0
82,2018-04-01,0,0,0
82,2018-05-01,0,0,0
82,2018-06-01,0,0,0
82,2018-07-01,0,0,0
82,2018-08-01,0,0,0
82,2018-09-01,0,0,0
82,2018-10-01,0,0,0
82,2018-11-01,0,0,0
82,2018-12-01,0,0,0
82,2019-01-01,0,0,0
82,2019-02-01,0,0,0
82,2019-03-01,0,0,0
82,2019-04-01,0,0,0
82,2019-05-01,0,0,0
82,2019-06-01,0,0,0
82,2019-07-01,0,0,0
82,2019-08-01,0,0,0
82,2019-09-01,0,0,0
82,2019-10-01,0,0,0
82,2019-11-01,0,0,0
82,2019-12-01,0,0,0
82,2020-01-01,0,0,0
82,2020-02-01,0,0,0
82,2020-03-01,0,0,0
82,2020-04-01,0,0,0
82,2020-05-01,0,0,0
82,2020-06-01,0,0,0
82,2020-07-01,0,0,0
82,2020-08-01,0,0,0
82,2020-09-01,0,0,0
82,2020-10-01,0,0,0
82,2020-11-01,0,0,0
82,2020-12-01,0,0,0
82,2021-01-01,0,0,0
82,2021-02-01,0,0,0
82,2021-03-01,0,0,0
82,2021-04-01,0,0,0
82,2021-05-01,0,0,0
82,2021-06-01,0,0,0
82,2021-07-01,0,0,0
82,2021-08-01,0,0,0
82,2021-09-01,0,0,0
82,2021-10-01,0,0,0
82,2021-11-01,0,0,0
82,2021-12-01,0,0,0
82,2022-01-01,0,0,0
82,2022-02-01,0,0,0
82,2022-03-01,0,0,0
82,2022-04-01,0,0,0
82,2022-05-01,0,0,0
82,2022-06-01,0,0,0
82,2022-07-01,0,0,0
82,2022-08-01,0,0,0
82,2022-09-01,0,0,0
82,2022-10-01,0,0,0
82,2022-11-01,0,0,0
82,2022-12-01,0,0,0
82,2023-01-01,0,0,0
82,2023-02-01,0,0,0
82,2023-03-01,0,0,0
82,2023-04-01,0,0,0
82,2023-05-01,0,0,0
82,2023-06-01,0,0,0
82,2023-07-01,0,0,0
82,2023-08-01,0,0,0
82,2023-09-01,0,0,0
82,2023-10-01,0,0,0
82,2023-11-01,0,0,0
82,2023-12-01,0,0,0
82,2024-01-01,0,0,0
82,2024-02-01,0,0,0
82,2024-03-01,0,0,0
82,2024-04-01,0,0,0
82,2024-05-01,0,0,0
82,2024-06-01,0,0,0
82,2024-07-01,0,0,0
82,2024-08-01,0,0,0
82,2024-09-01,0,0,0
82,2024-10-01,0,0,0
82,2024-11-01,0,0,0
82,2024-12-01,0,0,0
82,2025-01-01,0,0,0
82,2025-02-01,0,0,0
82,2025-03-01,0,0,0
82,2025-04-01,0,0,0
82,2025-05-01,0,0,0
82,2025-06-01,0,0,0
82,2025-07-01,0,0,0
82,2025-08-01,0,0,0
82,2025-09-01,0,0,0
82,2025-10-01,0,0,0
82,2025-11-01,0,0,0
82,2025-12-01,0,0,0
83,2018-01-01,0,1,1
83,2018-02-01,1,2,3
83,2018-03-01,1,1,2
83,2018-04-01,0,3,3
83,2018-05-01,2,5,7
83,2018-06-01,2,0,2
83,2018-07-01,2,2,4
83,2018-08-01,1,2,3
83,2018-09-01,1,1,2
83,2018-10-01,1,2,3
83,2018-11-01,2,0,2
83,2018-12-01,0,0,0
83,2019-01-01,1,3,4
83,2019-02-01,0,1,1
83,2019-03-01,0,2,2
83,2019-04-01,0,1,1
83,2019-05-01,0,3,3
83,2019-06-01,3,4,7
83,2019-07-01,1,2,3
83,2019-08-01,3,4,7
83,2019-09-01,3,1,4
83,2019-10-01,1,3,4
83,2019-11-01,0,2,2
83,2019-12-01,0,0,0
83,2020-01-01,1,3,4
83,2020-02-01,1,2,3
83,2020-03-01,1,2,3
83,2020-04-01,0,3,3
83,2020-05-01,1,2,3
83,2020-06-01,3,5,8
83,2020-07-01,1,5,6
83,2020-08-01,1,7,8
83,2020-09-01,1,4,5
83,2020-10-01,1,5,6
83,2020-11-01,0,5,5
83,2020-12-01,1,4,5
83,2021-01-01,1,4,5
83,2021-02-01,0,2,2
83,2021-03-01,3,3,6
83,2021-04-01,2,9,11
83,2021-05-01,4,7,11
83,2021-06-01,2,4,6
83,2021-07-01,6,7,13
83,2021-08-01,5,5,10
83,2021-09-01,0,3,3
83,2021-10-01,3,4,7
83,2021-11-01,1,1,2
83,2021-12-01,1,3,4
83,2022-01-01,1,2,3
83,2022-02-01,1,3,4
83,2022-03-01,2,3,5
83,2022-04-01,0,3,3
83,2022-05-01,0,0,0
83,2022-06-01,2,2,4
83,2022-07-01,3,4,7
83,2022-08-01,1,4,5
83,2022-09-01,1,1,2
83,2022-10-01,3,1,4
83,2022-11-01,1,3,4
83,2022-12-01,1,6,7
83,2023-01-01,1,2,3
83,2023-02-01,1,3,4
83,2023-03-01,0,0,0
83,2023-04-01,0,3,3
83,2023-05-01,2,5,7
83,2023-06-01,1,3,4
83,2023-07-01,1,2,3
83,2023-08-01,2,7,9
83,2023-09-01,3,2,5
83,2023-10-01,1,4,5
83,2023-11-01,2,1,3
83,2023-12-01,0,0,0
83,2024-01-01,0,0,0
83,2024-02-01,0,0,0
83,2024-03-01,0,1,1
83,2024-04-01,0,3,3
83,2024-05-01,2,2,4
83,2024-06-01,0,4,4
83,2024-07-01,1,3,4
83,2024-08-01,1,2,3
83,2024-09-01,1,1,2
83,2024-10-01,1,2,3
83,2024-11-01,1,1,2
83,2024-12-01,1,2,3
83,2025-01-01,0,1,1
83,2025-02-01,2,1,3
83,2025-03-01,3,4,7
83,2025-04-01,1,3,4
83,2025-05-01,0,2,2
83,2025-06-01,2,3,5
83,2025-07-01,1,3,4
83,2025-08-01,2,4,6
83,2025-09-01,0,2,2
83,2025-10-01,0,5,5
83,2025-11-01,1,1,2
83,2025-12-01,1,0,1
84,2018-01-01,0,0,0
84,2018-02-01,0,1,1
84,2018-03-01,0,0,0
84,2018-04-01,0,0,0
84,2018-05-01,2,1,3
84,2018-06-01,0,0,0
84,2018-07-01,1,1,2
84,2018-08-01,2,3,5
84,2018-09-01,0,0,0
84,2018-10-01,1,1,2
84,2018-11-01,0,1,1
84,2018-12-01,0,1,1
84,2019-01-01,0,0,0
84,2019-02-01,0,0,0
84,2019-03-01,0,0,0
84,2019-04-01,1,1,2
84,2019-05-01,0,0,0
84,2019-06-01,0,1,1
84,2019-07-01,0,2,2
84,2019-08-01,0,1,1
84,2019-09-01,1,3,4
84,2019-10-01,1,2,3
84,2019-11-01,2,1,3
84,2019-12-01,0,0,0
84,2020-01-01,0,1,1
84,2020-02-01,2,1,3
84,2020-03-01,0,1,1
84,2020-04-01,0,0,0
84,2020-05-01,0,1,1
84,2020-06-01,0,2,2
84,2020-07-01,1,2,3
84,2020-08-01,3,8,11
84,2020-09-01,0,3,3
84,2020-10-01,1,0,1
84,2020-11-01,0,0,0
84,2020-12-01,0,0,0
84,2021-01-01,1,1,2
84,2021-02-01,1,2,3
84,2021-03-01,0,0,0
84,2021-04-01,1,7,8
84,2021-05-01,0,2,2
84,2021-06-01,1,1,2
84,2021-07-01,1,2,3
84,2021-08-01,1,1,2
84,2021-09-01,2,2,4
84,2021-10-01,1,2,3
84,2021-11-01,0,1,1
84,2021-12-01,1,1,2
84,2022-01-01,0,0,0
84,2022-02-01,0,1,1
84,2022-03-01,0,2,2
84,2022-04-01,0,2,2
84,2022-05-01,1,1,2
84,2022-06-01,0,1,1
84,2022-07-01,2,1,3
84,2022-08-01,1,1,2
84,2022-09-01,1,1,2
84,2022-10-01,2,1,3
84,2022-11-01,1,1,2
84,2022-12-01,0,0,0
84,2023-01-01,2,1,3
84,2023-02-01,1,0,1
84,2023-03-01,0,0,0
84,2023-04-01,0,0,0
84,2023-05-01,1,0,1
84,2023-06-01,1,0,1
84,2023-07-01,0,0,0
84,2023-08-01,0,0,0
84,2023-09-01,0,1,1
84,2023-10-01,1,0,1
84,2023-11-01,0,2,2
84,2023-12-01,0,0,0
84,2024-01-01,1,0,1
84,2024-02-01,0,0,0
84,2024-03-01,0,0,0
84,2024-04-01,0,1,1
84,2024-05-01,1,0,1
84,2024-06-01,0,0,0
84,2024-07-01,0,3,3
84,2024-08-01,0,2,2
84,2024-09-01,0,6,6
84,2024-10-01,0,1,1
84,2024-11-01,0,1,1
84,2024-12-01,0,2,2
84,2025-01-01,0,1,1
84,2025-02-01,0,0,0
84,2025-03-01,1,1,2
84,2025-04-01,0,0,0
84,2025-05-01,0,0,0
84,2025-06-01,0,0,0
84,2025-07-01,1,0,1
84,2025-08-01,1,0,1
84,2025-09-01,0,1,1
84,2025-10-01,0,0,0
84,2025-11-01,1,0,1
84,2025-12-01,0,1,1
85,2018-01-01,0,0,0
85,2018-02-01,0,0,0
85,2018-03-01,0,0,0
85,2018-04-01,0,0,0
85,2018-05-01,0,0,0
85,2018-06-01,0,0,0
85,2018-07-01,0,0,0
85,2018-08-01,0,0,0
85,2018-09-01,0,0,0
85,2018-10-01,0,0,0
85,2018-11-01,0,0,0
85,2018-12-01,0,0,0
85,2019-01-01,0,0,0
85,2019-02-01,0,0,0
85,2019-03-01,0,0,0
85,2019-04-01,0,0,0
85,2019-05-01,0,0,0
85,2019-06-01,0,0,0
85,2019-07-01,0,0,0
85,2019-08-01,0,0,0
85,2019-09-01,0,0,0
85,2019-10-01,0,0,0
85,2019-11-01,0,0,0
85,2019-12-01,0,0,0
85,2020-01-01,0,0,0
85,2020-02-01,0,0,0
85,2020-03-01,0,0,0
85,2020-04-01,0,0,0
85,2020-05-01,0,0,0
85,2020-06-01,0,0,0
85,2020-07-01,0,0,0
85,2020-08-01,0,0,0
85,2020-09-01,0,0,0
85,2020-10-01,0,0,0
85,2020-11-01,0,0,0
85,2020-12-01,0,0,0
85,2021-01-01,0,0,0
85,2021-02-01,0,0,0
85,2021-03-01,0,0,0
85,2021-04-01,0,0,0
85,2021-05-01,0,0,0
85,2021-06-01,0,0,0
85,2021-07-01,0,0,0
85,2021-08-01,0,0,0
85,2021-09-01,0,0,0
85,2021-10-01,0,0,0
85,2021-11-01,0,0,0
85,2021-12-01,0,0,0
85,2022-01-01,0,0,0
85,2022-02-01,0,0,0
85,2022-03-01,0,0,0
85,2022-04-01,0,0,0
85,2022-05-01,0,0,0
85,2022-06-01,0,0,0
85,2022-07-01,0,0,0
85,2022-08-01,0,0,0
85,2022-09-01,0,0,0
85,2022-10-01,0,0,0
85,2022-11-01,0,0,0
85,2022-12-01,0,0,0
85,2023-01-01,0,0,0
85,2023-02-01,0,0,0
85,2023-03-01,0,0,0
85,2023-04-01,0,0,0
85,2023-05-01,0,0,0
85,2023-06-01,0,0,0
85,2023-07-01,0,0,0
85,2023-08-01,0,0,0
85,2023-09-01,0,0,0
85,2023-10-01,0,0,0
85,2023-11-01,0,0,0
85,2023-12-01,0,0,0
85,2024-01-01,0,0,0
85,2024-02-01,0,0,0
85,2024-03-01,0,0,0
85,2024-04-01,0,0,0
85,2024-05-01,0,0,0
85,2024-06-01,0,0,0
85,2024-07-01,0,0,0
85,2024-08-01,0,0,0
85,2024-09-01,0,0,0
85,2024-10-01,0,0,0
85,2024-11-01,0,0,0
85,2024-12-01,0,0,0
85,2025-01-01,0,0,0
85,2025-02-01,0,0,0
85,2025-03-01,0,0,0
85,2025-04-01,0,0,0
85,2025-05-01,0,0,0
85,2025-06-01,0,0,0
85,2025-07-01,0,0,0
85,2025-08-01,0,0,0
85,2025-09-01,0,0,0
85,2025-10-01,0,0,0
85,2025-11-01,0,0,0
85,2025-12-01,0,0,0
86,2018-01-01,0,0,0
86,2018-02-01,0,0,0
86,2018-03-01,0,0,0
86,2018-04-01,0,0,0
86,2018-05-01,0,0,0
86,2018-06-01,0,0,0
86,2018-07-01,0,0,0
86,2018-08-01,0,0,0
86,2018-09-01,0,0,0
86,2018-10-01,0,0,0
86,2018-11-01,0,0,0
86,2018-12-01,0,0,0
86,2019-01-01,0,0,0
86,2019-02-01,0,0,0
86,2019-03-01,0,0,0
86,2019-04-01,0,0,0
86,2019-05-01,0,0,0
86,2019-06-01,0,0,0
86,2019-07-01,0,0,0
86,2019-08-01,0,0,0
86,2019-09-01,0,0,0
86,2019-10-01,0,0,0
86,2019-11-01,0,0,0
86,2019-12-01,0,0,0
86,2020-01-01,0,0,0
86,2020-02-01,0,0,0
86,2020-03-01,0,0,0
86,2020-04-01,0,0,0
86,2020-05-01,0,0,0
86,2020-06-01,0,0,0
86,2020-07-01,0,0,0
86,2020-08-01,0,0,0
86,2020-09-01,0,0,0
86,2020-10-01,0,0,0
86,2020-11-01,0,0,0
86,2020-12-01,0,0,0
86,2021-01-01,0,0,0
86,2021-02-01,0,0,0
86,2021-03-01,0,0,0
86,2021-04-01,0,0,0
86,2021-05-01,0,0,0
86,2021-06-01,0,0,0
86,2021-07-01,0,0,0
86,2021-08-01,0,0,0
86,2021-09-01,0,0,0
86,2021-10-01,0,0,0
86,2021-11-01,0,0,0
86,2021-12-01,0,0,0
86,2022-01-01,0,0,0
86,2022-02-01,0,0,0
86,2022-03-01,0,0,0
86,2022-04-01,0,0,0
86,2022-05-01,0,0,0
86,2022-06-01,0,0,0
86,2022-07-01,0,0,0
86,2022-08-01,0,0,0
86,2022-09-01,0,0,0
86,2022-10-01,0,0,0
86,2022-11-01,0,0,0
86,2022-12-01,0,0,0
86,2023-01-01,0,0,0
86,2023-02-01,0,0,0
86,2023-03-01,0,0,0
86,2023-04-01,0,0,0
86,2023-05-01,0,0,0
86,2023-06-01,0,0,0
86,2023-07-01,0,0,0
86,2023-08-01,0,0,0
86,2023-09-01,0,0,0
86,2023-10-01,0,0,0
86,2023-11-01,0,0,0
86,2023-12-01,0,0,0
86,2024-01-01,0,0,0
86,2024-02-01,0,0,0
86,2024-03-01,0,0,0
86,2024-04-01,0,0,0
86,2024-05-01,0,0,0
86,2024-06-01,0,0,0
86,2024-07-01,0,0,0
86,2024-08-01,0,0,0
86,2024-09-01,0,0,0
86,2024-10-01,0,0,0
86,2024-11-01,0,0,0
86,2024-12-01,0,0,0
86,2025-01-01,0,0,0
86,2025-02-01,0,0,0
86,2025-03-01,0,0,0
86,2025-04-01,0,0,0
86,2025-05-01,0,0,0
86,2025-06-01,0,0,0
86,2025-07-01,0,0,0
86,2025-08-01,0,0,0
86,2025-09-01,0,0,0
86,2025-10-01,0,0,0
86,2025-11-01,0,0,0
86,2025-12-01,0,0,0
87,2018-01-01,0,0,0
87,2018-02-01,0,0,0
87,2018-03-01,0,0,0
87,2018-04-01,0,0,0
87,2018-05-01,0,0,0
87,2018-06-01,0,0,0
87,2018-07-01,0,0,0
87,2018-08-01,0,0,0
87,2018-09-01,0,0,0
87,2018-10-01,0,0,0
87,2018-11-01,0,0,0
87,2018-12-01,0,0,0
87,2019-01-01,0,0,0
87,2019-02-01,0,0,0
87,2019-03-01,0,0,0
87,2019-04-01,0,0,0
87,2019-05-01,0,0,0
87,2019-06-01,0,0,0
87,2019-07-01,0,0,0
87,2019-08-01,0,0,0
87,2019-09-01,0,0,0
87,2019-10-01,0,0,0
87,2019-11-01,0,0,0
87,2019-12-01,0,0,0
87,2020-01-01,0,0,0
87,2020-02-01,0,0,0
87,2020-03-01,0,0,0
87,2020-04-01,0,0,0
87,2020-05-01,0,0,0
87,2020-06-01,0,0,0
87,2020-07-01,0,0,0
87,2020-08-01,0,0,0
87,2020-09-01,0,0,0
87,2020-10-01,0,0,0
87,2020-11-01,0,0,0
87,2020-12-01,0,0,0
87,2021-01-01,0,0,0
87,2021-02-01,0,0,0
87,2021-03-01,0,0,0
87,2021-04-01,0,0,0
87,2021-05-01,0,0,0
87,2021-06-01,0,0,0
87,2021-07-01,0,0,0
87,2021-08-01,0,0,0
87,2021-09-01,0,0,0
87,2021-10-01,0,0,0
87,2021-11-01,0,0,0
87,2021-12-01,0,0,0
87,2022-01-01,0,0,0
87,2022-02-01,0,0,0
87,2022-03-01,0,0,0
87,2022-04-01,0,0,0
87,2022-05-01,0,0,0
87,2022-06-01,0,0,0
87,2022-07-01,0,0,0
87,2022-08-01,0,0,0
87,2022-09-01,0,0,0
87,2022-10-01,0,0,0
87,2022-11-01,0,0,0
87,2022-12-01,0,0,0
87,2023-01-01,0,0,0
87,2023-02-01,0,0,0
87,2023-03-01,0,0,0
87,2023-04-01,0,0,0
87,2023-05-01,0,0,0
87,2023-06-01,0,0,0
87,2023-07-01,0,0,0
87,2023-08-01,0,0,0
87,2023-09-01,0,0,0
87,2023-10-01,0,0,0
87,2023-11-01,0,0,0
87,2023-12-01,0,0,0
87,2024-01-01,0,0,0
87,2024-02-01,0,0,0
87,2024-03-01,0,0,0
87,2024-04-01,0,0,0
87,2024-05-01,0,0,0
87,2024-06-01,0,0,0
87,2024-07-01,0,0,0
87,2024-08-01,0,0,0
87,2024-09-01,0,0,0
87,2024-10-01,0,0,0
87,2024-11-01,0,0,0
87,2024-12-01,0,0,0
87,2025-01-01,0,0,0
87,2025-02-01,0,0,0
87,2025-03-01,0,0,0
87,2025-04-01,0,0,0
87,2025-05-01,0,0,0
87,2025-06-01,0,0,0
87,2025-07-01,0,0,0
87,2025-08-01,0,0,0
87,2025-09-01,0,0,0
87,2025-10-01,0,0,0
87,2025-11-01,0,0,0
87,2025-12-01,0,0,0
88,2018-01-01,0,1,1
88,2018-02-01,0,1,1
88,2018-03-01,0,0,0
88,2018-04-01,0,1,1
88,2018-05-01,0,1,1
88,2018-06-01,1,1,2
88,2018-07-01,3,4,7
88,2018-08-01,0,0,0
88,2018-09-01,0,0,0
88,2018-10-01,0,0,0
88,2018-11-01,2,2,4
88,2018-12-01,0,1,1
88,2019-01-01,1,3,4
88,2019-02-01,0,0,0
88,2019-03-01,1,3,4
88,2019-04-01,2,3,5
88,2019-05-01,0,1,1
88,2019-06-01,2,2,4
88,2019-07-01,0,2,2
88,2019-08-01,0,4,4
88,2019-09-01,2,3,5
88,2019-10-01,0,3,3
88,2019-11-01,1,1,2
88,2019-12-01,0,2,2
88,2020-01-01,2,7,9
88,2020-02-01,0,2,2
88,2020-03-01,1,5,6
88,2020-04-01,0,0,0
88,2020-05-01,1,3,4
88,2020-06-01,2,3,5
88,2020-07-01,2,7,9
88,2020-08-01,3,10,13
88,2020-09-01,3,4,7
88,2020-10-01,1,2,3
88,2020-11-01,0,3,3
88,2020-12-01,1,1,2
88,2021-01-01,1,4,5
88,2021-02-01,0,1,1
88,2021-03-01,1,1,2
88,2021-04-01,3,3,6
88,2021-05-01,0,2,2
88,2021-06-01,0,1,1
88,2021-07-01,1,2,3
88,2021-08-01,2,3,5
88,2021-09-01,0,2,2
88,2021-10-01,2,2,4
88,2021-11-01,0,1,1
88,2021-12-01,0,2,2
88,2022-01-01,0,3,3
88,2022-02-01,0,1,1
88,2022-03-01,0,1,1
88,2022-04-01,3,4,7
88,2022-05-01,0,0,0
88,2022-06-01,0,2,2
88,2022-07-01,2,4,6
88,2022-08-01,1,3,4
88,2022-09-01,0,1,1
88,2022-10-01,2,1,3
88,2022-11-01,0,0,0
88,2022-12-01,1,2,3
88,2023-01-01,0,3,3
88,2023-02-01,1,0,1
88,2023-03-01,1,2,3
88,2023-04-01,2,4,6
88,2023-05-01,1,2,3
88,2023-06-01,1,2,3
88,2023-07-01,0,0,0
88,2023-08-01,0,1,1
88,2023-09-01,0,0,0
88,2023-10-01,1,2,3
88,2023-11-01,3,2,5
88,2023-12-01,1,3,4
88,2024-01-01,0,1,1
88,2024-02-01,0,0,0
88,2024-03-01,0,2,2
88,2024-04-01,0,0,0
88,2024-05-01,1,2,3
88,2024-06-01,0,0,0
88,2024-07-01,4,0,4
88,2024-08-01,1,1,2
88,2024-09-01,1,3,4
88,2024-10-01,2,3,5
88,2024-11-01,0,2,2
88,2024-12-01,0,1,1
88,2025-01-01,1,1,2
88,2025-02-01,1,0,1
88,2025-03-01,0,3,3
88,2025-04-01,1,2,3
88,2025-05-01,2,2,4
88,2025-06-01,1,0,1
88,2025-07-01,0,3,3
88,2025-08-01,2,4,6
88,2025-09-01,0,0,0
88,2025-10-01,0,3,3
88,2025-11-01,0,4,4
88,2025-12-01,0,1,1
89,2018-01-01,0,0,0
89,2018-02-01,0,0,0
89,2018-03-01,0,0,0
89,2018-04-01,0,0,0
89,2018-05-01,0,0,0
89,2018-06-01,0,0,0
89,2018-07-01,0,0,0
89,2018-08-01,0,0,0
89,2018-09-01,0,0,0
89,2018-10-01,0,0,0
89,2018-11-01,0,0,0
89,2018-12-01,0,0,0
89,2019-01-01,0,0,0
89,2019-02-01,0,0,0
89,2019-03-01,0,0,0
89,2019-04-01,0,0,0
89,2019-05-01,0,0,0
89,2019-06-01,0,0,0
89,2019-07-01,0,0,0
89,2019-08-01,0,0,0
89,2019-09-01,0,0,0
89,2019-10-01,0,0,0
89,2019-11-01,0,0,0
89,2019-12-01,0,0,0
89,2020-01-01,0,0,0
89,2020-02-01,0,0,0
89,2020-03-01,0,0,0
89,2020-04-01,0,0,0
89,2020-05-01,0,0,0
89,2020-06-01,0,0,0
89,2020-07-01,0,0,0
89,2020-08-01,0,0,0
89,2020-09-01,0,0,0
89,2020-10-01,0,0,0
89,2020-11-01,0,0,0
89,2020-12-01,0,0,0
89,2021-01-01,0,0,0
89,2021-02-01,0,0,0
89,2021-03-01,0,0,0
89,2021-04-01,0,0,0
89,2021-05-01,0,0,0
89,2021-06-01,0,0,0
89,2021-07-01,0,0,0
89,2021-08-01,0,0,0
89,2021-09-01,0,0,0
89,2021-10-01,0,0,0
89,2021-11-01,0,0,0
89,2021-12-01,0,0,0
89,2022-01-01,0,0,0
89,2022-02-01,0,0,0
89,2022-03-01,0,0,0
89,2022-04-01,0,0,0
89,2022-05-01,0,0,0
89,2022-06-01,0,0,0
89,2022-07-01,0,0,0
89,2022-08-01,0,0,0
89,2022-09-01,0,0,0
89,2022-10-01,0,0,0
89,2022-11-01,0,0,0
89,2022-12-01,0,0,0
89,2023-01-01,0,0,0
89,2023-02-01,0,0,0
89,2023-03-01,0,0,0
89,2023-04-01,0,0,0
89,2023-05-01,0,0,0
89,2023-06-01,0,0,0
89,2023-07-01,0,0,0
89,2023-08-01,0,0,0
89,2023-09-01,0,0,0
89,2023-10-01,0,0,0
89,2023-11-01,0,0,0
89,2023-12-01,0,0,0
89,2024-01-01,0,0,0
89,2024-02-01,0,0,0
89,2024-03-01,0,0,0
89,2024-04-01,0,0,0
89,2024-05-01,0,0,0
89,2024-06-01,0,0,0
89,2024-07-01,0,0,0
89,2024-08-01,0,0,0
89,2024-09-01,0,0,0
89,2024-10-01,0,0,0
89,2024-11-01,0,0,0
89,2024-12-01,0,0,0
89,2025-01-01,0,0,0
89,2025-02-01,0,0,0
89,2025-03-01,0,0,0
89,2025-04-01,0,0,0
89,2025-05-01,0,0,0
89,2025-06-01,0,0,0
89,2025-07-01,0,0,0
89,2025-08-01,0,0,0
89,2025-09-01,0,0,0
89,2025-10-01,0,0,0
89,2025-11-01,0,0,0
89,2025-12-01,0,0,0
90,2018-01-01,1,1,2
90,2018-02-01,0,1,1
90,2018-03-01,0,0,0
90,2018-04-01,1,1,2
90,2018-05-01,4,2,6
90,2018-06-01,1,2,3
90,2018-07-01,4,4,8
90,2018-08-01,0,0,0
90,2018-09-01,2,1,3
90,2018-10-01,0,2,2
90,2018-11-01,0,3,3
90,2018-12-01,2,2,4
90,2019-01-01,1,2,3
90,2019-02-01,1,2,3
90,2019-03-01,0,0,0
90,2019-04-01,1,2,3
90,2019-05-01,0,4,4
90,2019-06-01,1,3,4
90,2019-07-01,1,1,2
90,2019-08-01,0,1,1
90,2019-09-01,0,1,1
90,2019-10-01,0,3,3
90,2019-11-01,1,0,1
90,2019-12-01,1,3,4
90,2020-01-01,1,1,2
90,2020-02-01,0,1,1
90,2020-03-01,1,2,3
90,2020-04-01,0,2,2
90,2020-05-01,3,2,5
90,2020-06-01,4,6,10
90,2020-07-01,3,5,8
90,2020-08-01,1,4,5
90,2020-09-01,2,4,6
90,2020-10-01,2,7,9
90,2020-11-01,1,2,3
90,2020-12-01,4,5,9
90,2021-01-01,0,1,1
90,2021-02-01,0,2,2
90,2021-03-01,2,3,5
90,2021-04-01,1,1,2
90,2021-05-01,1,6,7
90,2021-06-01,2,4,6
90,2021-07-01,2,3,5
90,2021-08-01,1,5,6
90,2021-09-01,1,2,3
90,2021-10-01,0,3,3
90,2021-11-01,0,1,1
90,2021-12-01,1,4,5
90,2022-01-01,1,2,3
90,2022-02-01,1,2,3
90,2022-03-01,0,1,1
90,2022-04-01,0,2,2
90,2022-05-01,2,6,8
90,2022-06-01,0,0,0
90,2022-07-01,3,3,6
90,2022-08-01,0,0,0
90,2022-09-01,3,2,5
90,2022-10-01,0,1,1
90,2022-11-01,0,3,3
90,2022-12-01,1,2,3
90,2023-01-01,0,0,0
90,2023-02-01,2,1,3
90,2023-03-01,0,1,1
90,2023-04-01,0,0,0
90,2023-05-01,0,2,2
90,2023-06-01,1,0,1
90,2023-07-01,2,1,3
90,2023-08-01,2,5,7
90,2023-09-01,2,1,3
90,2023-10-01,0,3,3
90,2023-11-01,0,3,3
90,2023-12-01,1,6,7
90,2024-01-01,0,3,3
90,2024-02-01,0,0,0
90,2024-03-01,0,1,1
90,2024-04-01,2,1,3
90,2024-05-01,3,3,6
90,2024-06-01,0,3,3
90,2024-07-01,1,1,2
90,2024-08-01,1,0,1
90,2024-09-01,0,2,2
90,2024-10-01,0,1,1
90,2024-11-01,1,2,3
90,2024-12-01,1,0,1
90,2025-01-01,0,2,2
90,2025-02-01,1,1,2
90,2025-03-01,1,3,4
90,2025-04-01,0,3,3
90,2025-05-01,0,4,4
90,2025-06-01,0,0,0
90,2025-07-01,0,1,1
90,2025-08-01,2,2,4
90,2025-09-01,1,2,3
90,2025-10-01,0,0,0
90,2025-11-01,0,0,0
90,2025-12-01,0,0,0
91,2018-01-01,0,0,0
91,2018-02-01,0,0,0
91,2018-03-01,0,0,0
91,2018-04-01,0,0,0
91,2018-05-01,0,0,0
91,2018-06-01,0,0,0
91,2018-07-01,0,0,0
91,2018-08-01,0,0,0
91,2018-09-01,0,0,0
91,2018-10-01,0,0,0
91,2018-11-01,0,0,0
91,2018-12-01,0,0,0
91,2019-01-01,0,0,0
91,2019-02-01,0,0,0
91,2019-03-01,0,0,0
91,2019-04-01,0,0,0
91,2019-05-01,0,0,0
91,2019-06-01,0,0,0
91,2019-07-01,0,0,0
91,2019-08-01,0,0,0
91,2019-09-01,0,0,0
91,2019-10-01,0,0,0
91,2019-11-01,0,0,0
91,2019-12-01,0,0,0
91,2020-01-01,0,0,0
91,2020-02-01,0,0,0
91,2020-03-01,0,0,0
91,2020-04-01,0,0,0
91,2020-05-01,0,0,0
91,2020-06-01,0,0,0
91,2020-07-01,0,0,0
91,2020-08-01,0,0,0
91,2020-09-01,0,0,0
91,2020-10-01,0,0,0
91,2020-11-01,0,0,0
91,2020-12-01,0,0,0
91,2021-01-01,0,0,0
91,2021-02-01,0,0,0
91,2021-03-01,0,0,0
91,2021-04-01,0,0,0
91,2021-05-01,0,0,0
91,2021-06-01,0,0,0
91,2021-07-01,0,0,0
91,2021-08-01,0,0,0
91,2021-09-01,0,0,0
91,2021-10-01,0,0,0
91,2021-11-01,0,0,0
91,2021-12-01,0,0,0
91,2022-01-01,0,0,0
91,2022-02-01,0,0,0
91,2022-03-01,0,0,0
91,2022-04-01,0,0,0
91,2022-05-01,0,0,0
91,2022-06-01,0,0,0
91,2022-07-01,0,0,0
91,2022-08-01,0,0,0
91,2022-09-01,0,0,0
91,2022-10-01,0,0,0
91,2022-11-01,0,0,0
91,2022-12-01,0,0,0
91,2023-01-01,0,0,0
91,2023-02-01,0,0,0
91,2023-03-01,0,0,0
91,2023-04-01,0,0,0
91,2023-05-01,0,0,0
91,2023-06-01,0,0,0
91,2023-07-01,0,0,0
91,2023-08-01,0,0,0
91,2023-09-01,0,0,0
91,2023-10-01,0,0,0
91,2023-11-01,0,0,0
91,2023-12-01,0,0,0
91,2024-01-01,0,0,0
91,2024-02-01,0,0,0
91,2024-03-01,0,0,0
91,2024-04-01,0,0,0
91,2024-05-01,0,0,0
91,2024-06-01,0,0,0
91,2024-07-01,0,0,0
91,2024-08-01,0,0,0
91,2024-09-01,0,0,0
91,2024-10-01,0,0,0
91,2024-11-01,0,0,0
91,2024-12-01,0,0,0
91,2025-01-01,0,0,0
91,2025-02-01,0,0,0
91,2025-03-01,0,0,0
91,2025-04-01,0,0,0
91,2025-05-01,0,0,0
91,2025-06-01,0,0,0
91,2025-07-01,0,0,0
91,2025-08-01,0,0,0
91,2025-09-01,0,0,0
91,2025-10-01,0,0,0
91,2025-11-01,0,0,0
91,2025-12-01,0,0,0
92,2018-01-01,0,0,0
92,2018-02-01,0,0,0
92,2018-03-01,0,0,0
92,2018-04-01,0,0,0
92,2018-05-01,0,0,0
92,2018-06-01,0,0,0
92,2018-07-01,0,0,0
92,2018-08-01,0,0,0
92,2018-09-01,0,0,0
92,2018-10-01,0,0,0
92,2018-11-01,0,0,0
92,2018-12-01,0,0,0
92,2019-01-01,0,0,0
92,2019-02-01,0,0,0
92,2019-03-01,0,0,0
92,2019-04-01,0,0,0
92,2019-05-01,0,0,0
92,2019-06-01,0,0,0
92,2019-07-01,0,0,0
92,2019-08-01,0,0,0
92,2019-09-01,0,0,0
92,2019-10-01,0,0,0
92,2019-11-01,0,0,0
92,2019-12-01,0,0,0
92,2020-01-01,0,0,0
92,2020-02-01,0,0,0
92,2020-03-01,0,0,0
92,2020-04-01,0,0,0
92,2020-05-01,0,0,0
92,2020-06-01,0,0,0
92,2020-07-01,0,0,0
92,2020-08-01,0,0,0
92,2020-09-01,0,0,0
92,2020-10-01,0,0,0
92,2020-11-01,0,0,0
92,2020-12-01,0,0,0
92,2021-01-01,0,0,0
92,2021-02-01,0,0,0
92,2021-03-01,0,0,0
92,2021-04-01,0,0,0
92,2021-05-01,0,0,0
92,2021-06-01,0,0,0
92,2021-07-01,0,0,0
92,2021-08-01,0,0,0
92,2021-09-01,0,0,0
92,2021-10-01,0,0,0
92,2021-11-01,0,0,0
92,2021-12-01,0,0,0
92,2022-01-01,0,0,0
92,2022-02-01,0,0,0
92,2022-03-01,0,0,0
92,2022-04-01,0,0,0
92,2022-05-01,0,0,0
92,2022-06-01,0,0,0
92,2022-07-01,0,0,0
92,2022-08-01,0,0,0
92,2022-09-01,0,0,0
92,2022-10-01,0,0,0
92,2022-11-01,0,0,0
92,2022-12-01,0,0,0
92,2023-01-01,0,0,0
92,2023-02-01,0,0,0
92,2023-03-01,0,0,0
92,2023-04-01,0,0,0
92,2023-05-01,0,0,0
92,2023-06-01,0,0,0
92,2023-07-01,0,0,0
92,2023-08-01,0,0,0
92,2023-09-01,0,0,0
92,2023-10-01,0,0,0
92,2023-11-01,0,0,0
92,2023-12-01,0,0,0
92,2024-01-01,0,0,0
92,2024-02-01,0,0,0
92,2024-03-01,0,0,0
92,2024-04-01,0,0,0
92,2024-05-01,0,0,0
92,2024-06-01,0,0,0
92,2024-07-01,0,0,0
92,2024-08-01,0,0,0
92,2024-09-01,0,0,0
92,2024-10-01,0,0,0
92,2024-11-01,0,0,0
92,2024-12-01,0,0,0
92,2025-01-01,0,0,0
92,2025-02-01,0,0,0
92,2025-03-01,0,0,0
92,2025-04-01,0,0,0
92,2025-05-01,0,0,0
92,2025-06-01,0,0,0
92,2025-07-01,0,0,0
92,2025-08-01,0,0,0
92,2025-09-01,0,0,0
92,2025-10-01,0,0,0
92,2025-11-01,0,0,0
92,2025-12-01,0,0,0
93,2018-01-01,0,0,0
93,2018-02-01,0,0,0
93,2018-03-01,0,0,0
93,2018-04-01,0,0,0
93,2018-05-01,0,0,0
93,2018-06-01,0,0,0
93,2018-07-01,0,0,0
93,2018-08-01,0,0,0
93,2018-09-01,0,0,0
93,2018-10-01,0,0,0
93,2018-11-01,0,0,0
93,2018-12-01,0,0,0
93,2019-01-01,0,0,0
93,2019-02-01,0,0,0
93,2019-03-01,0,0,0
93,2019-04-01,0,0,0
93,2019-05-01,0,0,0
93,2019-06-01,0,0,0
93,2019-07-01,0,0,0
93,2019-08-01,0,0,0
93,2019-09-01,0,0,0
93,2019-10-01,0,0,0
93,2019-11-01,0,0,0
93,2019-12-01,0,0,0
93,2020-01-01,0,0,0
93,2020-02-01,0,0,0
93,2020-03-01,0,0,0
93,2020-04-01,0,0,0
93,2020-05-01,0,0,0
93,2020-06-01,0,0,0
93,2020-07-01,0,0,0
93,2020-08-01,0,0,0
93,2020-09-01,0,0,0
93,2020-10-01,0,0,0
93,2020-11-01,0,0,0
93,2020-12-01,0,0,0
93,2021-01-01,0,0,0
93,2021-02-01,0,0,0
93,2021-03-01,0,0,0
93,2021-04-01,0,0,0
93,2021-05-01,0,0,0
93,2021-06-01,0,0,0
93,2021-07-01,0,0,0
93,2021-08-01,0,0,0
93,2021-09-01,0,0,0
93,2021-10-01,0,0,0
93,2021-11-01,0,0,0
93,2021-12-01,0,0,0
93,2022-01-01,0,0,0
93,2022-02-01,0,0,0
93,2022-03-01,0,0,0
93,2022-04-01,0,0,0
93,2022-05-01,0,0,0
93,2022-06-01,0,0,0
93,2022-07-01,0,0,0
93,2022-08-01,0,0,0
93,2022-09-01,0,0,0
93,2022-10-01,0,0,0
93,2022-11-01,0,0,0
93,2022-12-01,0,0,0
93,2023-01-01,0,0,0
93,2023-02-01,0,0,0
93,2023-03-01,0,0,0
93,2023-04-01,0,0,0
93,2023-05-01,0,0,0
93,2023-06-01,0,0,0
93,2023-07-01,0,0,0
93,2023-08-01,0,0,0
93,2023-09-01,0,0,0
93,2023-10-01,0,0,0
93,2023-11-01,0,0,0
93,2023-12-01,0,0,0
93,2024-01-01,0,0,0
93,2024-02-01,0,0,0
93,2024-03-01,0,0,0
93,2024-04-01,0,0,0
93,2024-05-01,0,0,0
93,2024-06-01,0,0,0
93,2024-07-01,0,0,0
93,2024-08-01,0,0,0
93,2024-09-01,0,0,0
93,2024-10-01,0,0,0
93,2024-11-01,0,0,0
93,2024-12-01,0,0,0
93,2025-01-01,0,0,0
93,2025-02-01,0,0,0
93,2025-03-01,0,0,0
93,2025-04-01,0,0,0
93,2025-05-01,0,0,0
93,2025-06-01,0,0,0
93,2025-07-01,0,0,0
93,2025-08-01,0,0,0
93,2025-09-01,0,0,0
93,2025-10-01,0,0,0
93,2025-11-01,0,0,0
93,2025-12-01,0,0,0
94,2018-01-01,0,0,0
94,2018-02-01,0,0,0
94,2018-03-01,1,1,2
94,2018-04-01,0,0,0
94,2018-05-01,0,0,0
94,2018-06-01,0,0,0
94,2018-07-01,0,0,0
94,2018-08-01,1,1,2
94,2018-09-01,1,1,2
94,2018-10-01,0,0,0
94,2018-11-01,0,0,0
94,2018-12-01,0,2,2
94,2019-01-01,1,0,1
94,2019-02-01,0,0,0
94,2019-03-01,0,0,0
94,2019-04-01,0,0,0
94,2019-05-01,0,0,0
94,2019-06-01,1,0,1
94,2019-07-01,0,0,0
94,2019-08-01,0,0,0
94,2019-09-01,0,0,0
94,2019-10-01,0,0,0
94,2019-11-01,0,0,0
94,2019-12-01,0,0,0
94,2020-01-01,0,0,0
94,2020-02-01,0,0,0
94,2020-03-01,0,1,1
94,2020-04-01,0,0,0
94,2020-05-01,0,0,0
94,2020-06-01,1,1,2
94,2020-07-01,2,1,3
94,2020-08-01,1,1,2
94,2020-09-01,1,1,2
94,2020-10-01,0,0,0
94,2020-11-01,0,0,0
94,2020-12-01,0,0,0
94,2021-01-01,0,0,0
94,2021-02-01,0,0,0
94,2021-03-01,1,1,2
94,2021-04-01,0,0,0
94,2021-05-01,0,0,0
94,2021-06-01,1,1,2
94,2021-07-01,0,0,0
94,2021-08-01,1,0,1
94,2021-09-01,2,4,6
94,2021-10-01,0,0,0
94,2021-11-01,0,1,1
94,2021-12-01,0,0,0
94,2022-01-01,1,0,1
94,2022-02-01,1,1,2
94,2022-03-01,0,1,1
94,2022-04-01,0,1,1
94,2022-05-01,0,2,2
94,2022-06-01,0,1,1
94,2022-07-01,1,0,1
94,2022-08-01,3,3,6
94,2022-09-01,1,2,3
94,2022-10-01,1,0,1
94,2022-11-01,0,0,0
94,2022-12-01,0,0,0
94,2023-01-01,0,0,0
94,2023-02-01,0,3,3
94,2023-03-01,0,2,2
94,2023-04-01,0,0,0
94,2023-05-01,0,0,0
94,2023-06-01,0,0,0
94,2023-07-01,0,2,2
94,2023-08-01,0,0,0
94,2023-09-01,1,0,1
94,2023-10-01,0,0,0
94,2023-11-01,0,1,1
94,2023-12-01,0,0,0
94,2024-01-01,0,0,0
94,2024-02-01,0,0,0
94,2024-03-01,0,1,1
94,2024-04-01,0,0,0
94,2024-05-01,0,0,0
94,2024-06-01,0,0,0
94,2024-07-01,1,2,3
94,2024-08-01,0,0,0
94,2024-09-01,1,1,2
94,2024-10-01,0,0,0
94,2024-11-01,0,0,0
94,2024-12-01,0,1,1
94,2025-01-01,0,0,0
94,2025-02-01,0,0,0
94,2025-03-01,0,0,0
94,2025-04-01,2,0,2
94,2025-05-01,0,0,0
94,2025-06-01,0,2,2
94,2025-07-01,1,1,2
94,2025-08-01,0,0,0
94,2025-09-01,0,0,0
94,2025-10-01,1,1,2
94,2025-11-01,0,0,0
94,2025-12-01,0,0,0
95,2018-01-01,0,0,0
95,2018-02-01,0,0,0
95,2018-03-01,0,0,0
95,2018-04-01,0,0,0
95,2018-05-01,0,0,0
95,2018-06-01,0,0,0
95,2018-07-01,0,0,0
95,2018-08-01,0,0,0
95,2018-09-01,0,0,0
95,2018-10-01,0,0,0
95,2018-11-01,0,0,0
95,2018-12-01,0,0,0
95,2019-01-01,0,0,0
95,2019-02-01,0,0,0
95,2019-03-01,0,0,0
95,2019-04-01,0,0,0
95,2019-05-01,0,0,0
95,2019-06-01,0,0,0
95,2019-07-01,0,0,0
95,2019-08-01,0,0,0
95,2019-09-01,0,0,0
95,2019-10-01,0,0,0
95,2019-11-01,0,0,0
95,2019-12-01,0,0,0
95,2020-01-01,0,0,0
95,2020-02-01,0,0,0
95,2020-03-01,0,0,0
95,2020-04-01,0,0,0
95,2020-05-01,0,0,0
95,2020-06-01,0,0,0
95,2020-07-01,0,0,0
95,2020-08-01,0,0,0
95,2020-09-01,0,0,0
95,2020-10-01,0,0,0
95,2020-11-01,0,0,0
95,2020-12-01,0,0,0
95,2021-01-01,0,0,0
95,2021-02-01,0,0,0
95,2021-03-01,0,0,0
95,2021-04-01,0,0,0
95,2021-05-01,0,0,0
95,2021-06-01,0,0,0
95,2021-07-01,0,0,0
95,2021-08-01,0,0,0
95,2021-09-01,0,0,0
95,2021-10-01,0,0,0
95,2021-11-01,0,0,0
95,2021-12-01,0,0,0
95,2022-01-01,0,0,0
95,2022-02-01,0,0,0
95,2022-03-01,0,0,0
95,2022-04-01,0,0,0
95,2022-05-01,0,0,0
95,2022-06-01,0,0,0
95,2022-07-01,0,0,0
95,2022-08-01,0,0,0
95,2022-09-01,0,0,0
95,2022-10-01,0,0,0
95,2022-11-01,0,0,0
95,2022-12-01,0,0,0
95,2023-01-01,0,0,0
95,2023-02-01,0,0,0
95,2023-03-01,0,0,0
95,2023-04-01,0,0,0
95,2023-05-01,0,0,0
95,2023-06-01,0,0,0
95,2023-07-01,0,0,0
95,2023-08-01,0,0,0
95,2023-09-01,0,0,0
95,2023-10-01,0,0,0
95,2023-11-01,0,0,0
95,2023-12-01,0,0,0
95,2024-01-01,0,0,0
95,2024-02-01,0,0,0
95,2024-03-01,0,0,0
95,2024-04-01,0,0,0
95,2024-05-01,0,0,0
95,2024-06-01,0,0,0
95,2024-07-01,0,0,0
95,2024-08-01,0,0,0
95,2024-09-01,0,0,0
95,2024-10-01,0,0,0
95,2024-11-01,0,0,0
95,2024-12-01,0,0,0
95,2025-01-01,0,0,0
95,2025-02-01,0,0,0
95,2025-03-01,0,0,0
95,2025-04-01,0,0,0
95,2025-05-01,0,0,0
95,2025-06-01,0,0,0
95,2025-07-01,0,0,0
95,2025-08-01,0,0,0
95,2025-09-01,0,0,0
95,2025-10-01,0,0,0
95,2025-11-01,0,0,0
95,2025-12-01,0,0,0
96,2018-01-01,0,0,0
96,2018-02-01,0,0,0
96,2018-03-01,0,0,0
96,2018-04-01,0,0,0
96,2018-05-01,0,0,0
96,2018-06-01,0,0,0
96,2018-07-01,0,0,0
96,2018-08-01,0,0,0
96,2018-09-01,0,0,0
96,2018-10-01,0,0,0
96,2018-11-01,0,0,0
96,2018-12-01,0,0,0
96,2019-01-01,0,0,0
96,2019-02-01,0,0,0
96,2019-03-01,0,0,0
96,2019-04-01,0,0,0
96,2019-05-01,0,0,0
96,2019-06-01,0,0,0
96,2019-07-01,0,0,0
96,2019-08-01,0,0,0
96,2019-09-01,0,0,0
96,2019-10-01,0,0,0
96,2019-11-01,0,0,0
96,2019-12-01,0,0,0
96,2020-01-01,0,0,0
96,2020-02-01,0,0,0
96,2020-03-01,0,0,0
96,2020-04-01,0,0,0
96,2020-05-01,0,0,0
96,2020-06-01,0,0,0
96,2020-07-01,0,0,0
96,2020-08-01,0,0,0
96,2020-09-01,0,0,0
96,2020-10-01,0,0,0
96,2020-11-01,0,0,0
96,2020-12-01,0,0,0
96,2021-01-01,0,0,0
96,2021-02-01,0,0,0
96,2021-03-01,0,0,0
96,2021-04-01,0,0,0
96,2021-05-01,0,0,0
96,2021-06-01,0,0,0
96,2021-07-01,0,0,0
96,2021-08-01,0,0,0
96,2021-09-01,0,0,0
96,2021-10-01,0,0,0
96,2021-11-01,0,0,0
96,2021-12-01,0,0,0
96,2022-01-01,0,0,0
96,2022-02-01,0,0,0
96,2022-03-01,0,0,0
96,2022-04-01,0,0,0
96,2022-05-01,0,0,0
96,2022-06-01,0,0,0
96,2022-07-01,0,0,0
96,2022-08-01,0,0,0
96,2022-09-01,0,0,0
96,2022-10-01,0,0,0
96,2022-11-01,0,0,0
96,2022-12-01,0,0,0
96,2023-01-01,0,0,0
96,2023-02-01,0,0,0
96,2023-03-01,0,0,0
96,2023-04-01,0,0,0
96,2023-05-01,0,0,0
96,2023-06-01,0,0,0
96,2023-07-01,0,0,0
96,2023-08-01,0,0,0
96,2023-09-01,0,0,0
96,2023-10-01,0,0,0
96,2023-11-01,0,0,0
96,2023-12-01,0,0,0
96,2024-01-01,0,0,0
96,2024-02-01,0,0,0
96,2024-03-01,0,0,0
96,2024-04-01,0,0,0
96,2024-05-01,0,0,0
96,2024-06-01,0,0,0
96,2024-07-01,0,0,0
96,2024-08-01,0,0,0
96,2024-09-01,0,0,0
96,2024-10-01,0,0,0
96,2024-11-01,0,0,0
96,2024-12-01,0,0,0
96,2025-01-01,0,0,0
96,2025-02-01,0,0,0
96,2025-03-01,0,0,0
96,2025-04-01,0,0,0
96,2025-05-01,0,0,0
96,2025-06-01,0,0,0
96,2025-07-01,0,0,0
96,2025-08-01,0,0,0
96,2025-09-01,0,0,0
96,2025-10-01,0,0,0
96,2025-11-01,0,0,0
96,2025-12-01,0,0,0
97,2018-01-01,0,0,0
97,2018-02-01,0,0,0
97,2018-03-01,0,0,0
97,2018-04-01,0,0,0
97,2018-05-01,0,0,0
97,2018-06-01,0,0,0
97,2018-07-01,0,0,0
97,2018-08-01,0,0,0
97,2018-09-01,0,0,0
97,2018-10-01,0,0,0
97,2018-11-01,0,0,0
97,2018-12-01,0,0,0
97,2019-01-01,0,0,0
97,2019-02-01,0,0,0
97,2019-03-01,0,0,0
97,2019-04-01,0,0,0
97,2019-05-01,0,0,0
97,2019-06-01,0,0,0
97,2019-07-01,0,0,0
97,2019-08-01,0,0,0
97,2019-09-01,0,0,0
97,2019-10-01,0,0,0
97,2019-11-01,0,0,0
97,2019-12-01,0,0,0
97,2020-01-01,0,0,0
97,2020-02-01,0,0,0
97,2020-03-01,0,0,0
97,2020-04-01,0,0,0
97,2020-05-01,0,0,0
97,2020-06-01,0,0,0
97,2020-07-01,0,0,0
97,2020-08-01,0,0,0
97,2020-09-01,0,0,0
97,2020-10-01,0,0,0
97,2020-11-01,0,0,0
97,2020-12-01,0,0,0
97,2021-01-01,0,0,0
97,2021-02-01,0,0,0
97,2021-03-01,0,0,0
97,2021-04-01,0,0,0
97,2021-05-01,0,0,0
97,2021-06-01,0,0,0
97,2021-07-01,0,0,0
97,2021-08-01,0,0,0
97,2021-09-01,0,0,0
97,2021-10-01,0,0,0
97,2021-11-01,0,0,0
97,2021-12-01,0,0,0
97,2022-01-01,0,0,0
97,2022-02-01,0,0,0
97,2022-03-01,0,0,0
97,2022-04-01,0,0,0
97,2022-05-01,0,0,0
97,2022-06-01,0,0,0
97,2022-07-01,0,0,0
97,2022-08-01,0,0,0
97,2022-09-01,0,0,0
97,2022-10-01,0,0,0
97,2022-11-01,0,0,0
97,2022-12-01,0,0,0
97,2023-01-01,0,0,0
97,2023-02-01,0,0,0
97,2023-03-01,0,0,0
97,2023-04-01,0,0,0
97,2023-05-01,0,0,0
97,2023-06-01,0,0,0
97,2023-07-01,0,0,0
97,2023-08-01,0,0,0
97,2023-09-01,0,0,0
97,2023-10-01,0,0,0
97,2023-11-01,0,0,0
97,2023-12-01,0,0,0
97,2024-01-01,0,0,0
97,2024-02-01,0,0,0
97,2024-03-01,0,0,0
97,2024-04-01,0,0,0
97,2024-05-01,0,0,0
97,2024-06-01,0,0,0
97,2024-07-01,0,0,0
97,2024-08-01,0,0,0
97,2024-09-01,0,0,0
97,2024-10-01,0,0,0
97,2024-11-01,0,0,0
97,2024-12-01,0,0,0
97,2025-01-01,0,0,0
97,2025-02-01,0,0,0
97,2025-03-01,0,0,0
97,2025-04-01,0,0,0
97,2025-05-01,0,0,0
97,2025-06-01,0,0,0
97,2025-07-01,0,0,0
97,2025-08-01,0,0,0
97,2025-09-01,0,0,0
97,2025-10-01,0,0,0
97,2025-11-01,0,0,0
97,2025-12-01,0,0,0
98,2018-01-01,0,0,0
98,2018-02-01,0,0,0
98,2018-03-01,0,0,0
98,2018-04-01,0,0,0
98,2018-05-01,0,0,0
98,2018-06-01,0,0,0
98,2018-07-01,0,0,0
98,2018-08-01,0,0,0
98,2018-09-01,0,0,0
98,2018-10-01,0,0,0
98,2018-11-01,0,0,0
98,2018-12-01,0,0,0
98,2019-01-01,0,0,0
98,2019-02-01,0,0,0
98,2019-03-01,0,0,0
98,2019-04-01,0,0,0
98,2019-05-01,0,0,0
98,2019-06-01,0,0,0
98,2019-07-01,0,0,0
98,2019-08-01,0,0,0
98,2019-09-01,0,0,0
98,2019-10-01,0,0,0
98,2019-11-01,0,0,0
98,2019-12-01,0,0,0
98,2020-01-01,0,0,0
98,2020-02-01,0,0,0
98,2020-03-01,0,0,0
98,2020-04-01,0,0,0
98,2020-05-01,0,0,0
98,2020-06-01,0,0,0
98,2020-07-01,0,0,0
98,2020-08-01,0,0,0
98,2020-09-01,0,0,0
98,2020-10-01,0,0,0
98,2020-11-01,0,0,0
98,2020-12-01,0,0,0
98,2021-01-01,0,0,0
98,2021-02-01,0,0,0
98,2021-03-01,0,0,0
98,2021-04-01,0,0,0
98,2021-05-01,0,0,0
98,2021-06-01,0,0,0
98,2021-07-01,0,0,0
98,2021-08-01,0,0,0
98,2021-09-01,0,0,0
98,2021-10-01,0,0,0
98,2021-11-01,0,0,0
98,2021-12-01,0,0,0
98,2022-01-01,0,0,0
98,2022-02-01,0,0,0
98,2022-03-01,0,0,0
98,2022-04-01,0,0,0
98,2022-05-01,0,0,0
98,2022-06-01,0,0,0
98,2022-07-01,0,0,0
98,2022-08-01,0,0,0
98,2022-09-01,0,0,0
98,2022-10-01,0,0,0
98,2022-11-01,0,0,0
98,2022-12-01,0,0,0
98,2023-01-01,0,0,0
98,2023-02-01,0,0,0
98,2023-03-01,0,0,0
98,2023-04-01,0,0,0
98,2023-05-01,0,0,0
98,2023-06-01,0,0,0
98,2023-07-01,0,0,0
98,2023-08-01,0,0,0
98,2023-09-01,0,0,0
98,2023-10-01,0,0,0
98,2023-11-01,0,0,0
98,2023-12-01,0,0,0
98,2024-01-01,0,0,0
98,2024-02-01,0,0,0
98,2024-03-01,0,0,0
98,2024-04-01,0,0,0
98,2024-05-01,0,0,0
98,2024-06-01,0,0,0
98,2024-07-01,0,0,0
98,2024-08-01,0,0,0
98,2024-09-01,0,0,0
98,2024-10-01,0,0,0
98,2024-11-01,0,0,0
98,2024-12-01,0,0,0
98,2025-01-01,0,0,0
98,2025-02-01,0,0,0
98,2025-03-01,0,0,0
98,2025-04-01,0,0,0
98,2025-05-01,0,0,0
98,2025-06-01,0,0,0
98,2025-07-01,0,0,0
98,2025-08-01,0,0,0
98,2025-09-01,0,0,0
98,2025-10-01,0,0,0
98,2025-11-01,0,0,0
98,2025-12-01,0,0,0
99,2018-01-01,0,0,0
99,2018-02-01,0,0,0
99,2018-03-01,0,0,0
99,2018-04-01,0,0,0
99,2018-05-01,0,0,0
99,2018-06-01,0,0,0
99,2018-07-01,0,0,0
99,2018-08-01,0,0,0
99,2018-09-01,0,0,0
99,2018-10-01,0,0,0
99,2018-11-01,0,0,0
99,2018-12-01,0,0,0
99,2019-01-01,0,0,0
99,2019-02-01,0,0,0
99,2019-03-01,0,0,0
99,2019-04-01,0,0,0
99,2019-05-01,0,0,0
99,2019-06-01,0,0,0
99,2019-07-01,0,0,0
99,2019-08-01,0,0,0
99,2019-09-01,0,0,0
99,2019-10-01,0,0,0
99,2019-11-01,0,0,0
99,2019-12-01,0,0,0
99,2020-01-01,0,0,0
99,2020-02-01,0,0,0
99,2020-03-01,0,0,0
99,2020-04-01,0,0,0
99,2020-05-01,0,0,0
99,2020-06-01,0,0,0
99,2020-07-01,0,0,0
99,2020-08-01,0,0,0
99,2020-09-01,0,0,0
99,2020-10-01,0,0,0
99,2020-11-01,0,0,0
99,2020-12-01,0,0,0
99,2021-01-01,0,0,0
99,2021-02-01,0,0,0
99,2021-03-01,0,0,0
99,2021-04-01,0,0,0
99,2021-05-01,0,0,0
99,2021-06-01,0,0,0
99,2021-07-01,0,0,0
99,2021-08-01,0,0,0
99,2021-09-01,0,0,0
99,2021-10-01,0,0,0
99,2021-11-01,0,0,0
99,2021-12-01,0,0,0
99,2022-01-01,0,0,0
99,2022-02-01,0,0,0
99,2022-03-01,0,0,0
99,2022-04-01,0,0,0
99,2022-05-01,0,0,0
99,2022-06-01,0,0,0
99,2022-07-01,0,0,0
99,2022-08-01,0,0,0
99,2022-09-01,0,0,0
99,2022-10-01,0,0,0
99,2022-11-01,0,0,0
99,2022-12-01,0,0,0
99,2023-01-01,0,0,0
99,2023-02-01,0,0,0
99,2023-03-01,0,0,0
99,2023-04-01,0,0,0
99,2023-05-01,0,0,0
99,2023-06-01,0,0,0
99,2023-07-01,0,0,0
99,2023-08-01,0,0,0
99,2023-09-01,0,0,0
99,2023-10-01,0,0,0
99,2023-11-01,0,0,0
99,2023-12-01,0,0,0
99,2024-01-01,0,0,0
99,2024-02-01,0,0,0
99,2024-03-01,0,0,0
99,2024-04-01,0,0,0
99,2024-05-01,0,0,0
99,2024-06-01,0,0,0
99,2024-07-01,0,0,0
99,2024-08-01,0,0,0
99,2024-09-01,0,0,0
99,2024-10-01,0,0,0
99,2024-11-01,0,0,0
99,2024-12-01,0,0,0
99,2025-01-01,0,0,0
99,2025-02-01,0,0,0
99,2025-03-01,0,0,0
99,2025-04-01,0,0,0
99,2025-05-01,0,0,0
99,2025-06-01,0,0,0
99,2025-07-01,0,0,0
99,2025-08-01,0,0,0
99,2025-09-01,0,0,0
99,2025-10-01,0,0,0
99,2025-11-01,0,0,0
99,2025-12-01,0,0,0
100,2018-01-01,0,0,0
100,2018-02-01,0,0,0
100,2018-03-01,0,0,0
100,2018-04-01,1,0,1
100,2018-05-01,1,1,2
100,2018-06-01,0,0,0
100,2018-07-01,0,1,1
100,2018-08-01,0,1,1
100,2018-09-01,0,1,1
100,2018-10-01,0,0,0
100,2018-11-01,0,3,3
100,2018-12-01,0,2,2
100,2019-01-01,0,0,0
100,2019-02-01,0,1,1
100,2019-03-01,0,2,2
100,2019-04-01,0,0,0
100,2019-05-01,1,1,2
100,2019-06-01,0,0,0
100,2019-07-01,0,2,2
100,2019-08-01,0,0,0
100,2019-09-01,0,1,1
100,2019-10-01,1,1,2
100,2019-11-01,0,1,1
100,2019-12-01,1,1,2
100,2020-01-01,2,3,5
100,2020-02-01,0,0,0
100,2020-03-01,1,0,1
100,2020-04-01,0,0,0
100,2020-05-01,1,2,3
100,2020-06-01,3,2,5
100,2020-07-01,0,1,1
100,2020-08-01,1,3,4
100,2020-09-01,2,4,6
100,2020-10-01,2,3,5
100,2020-11-01,1,4,5
100,2020-12-01,0,1,1
100,2021-01-01,0,2,2
100,2021-02-01,1,1,2
100,2021-03-01,2,5,7
100,2021-04-01,0,4,4
100,2021-05-01,2,1,3
100,2021-06-01,1,2,3
100,2021-07-01,1,2,3
100,2021-08-01,1,0,1
100,2021-09-01,0,2,2
100,2021-10-01,2,3,5
100,2021-11-01,0,2,2
100,2021-12-01,0,1,1
100,2022-01-01,0,0,0
100,2022-02-01,1,0,1
100,2022-03-01,0,1,1
100,2022-04-01,1,5,6
100,2022-05-01,0,2,2
100,2022-06-01,1,4,5
100,2022-07-01,1,0,1
100,2022-08-01,1,2,3
100,2022-09-01,0,0,0
100,2022-10-01,0,0,0
100,2022-11-01,2,3,5
100,2022-12-01,0,0,0
100,2023-01-01,1,1,2
100,2023-02-01,1,0,1
100,2023-03-01,0,1,1
100,2023-04-01,0,1,1
100,2023-05-01,0,0,0
100,2023-06-01,3,2,5
100,2023-07-01,0,2,2
100,2023-08-01,0,1,1
100,2023-09-01,0,1,1
100,2023-10-01,0,0,0
100,2023-11-01,0,1,1
100,2023-12-01,0,1,1
100,2024-01-01,0,1,1
100,2024-02-01,1,2,3
100,2024-03-01,1,0,1
100,2024-04-01,0,2,2
100,2024-05-01,1,2,3
100,2024-06-01,2,1,3
100,2024-07-01,0,1,1
100,2024-08-01,0,1,1
100,2024-09-01,0,1,1
100,2024-10-01,0,1,1
100,2024-11-01,0,1,1
100,2024-12-01,0,3,3
100,2025-01-01,0,3,3
100,2025-02-01,0,0,0
100,2025-03-01,0,0,0
100,2025-04-01,0,1,1
100,2025-05-01,0,0,0
100,2025-06-01,2,3,5
100,2025-07-01,0,0,0
100,2025-08-01,3,6,9
100,2025-09-01,0,0,0
100,2025-10-01,0,1,1
100,2025-11-01,0,0,0
100,2025-12-01,0,0,0
101,2018-01-01,4,2,6
101,2018-02-01,1,0,1
101,2018-03-01,0,1,1
101,2018-04-01,2,5,7
101,2018-05-01,0,3,3
101,2018-06-01,0,2,2
101,2018-07-01,0,2,2
101,2018-08-01,4,2,6
101,2018-09-01,0,0,0
101,2018-10-01,0,2,2
101,2018-11-01,0,0,0
101,2018-12-01,1,0,1
101,2019-01-01,0,1,1
101,2019-02-01,2,4,6
101,2019-03-01,1,1,2
101,2019-04-01,0,0,0
101,2019-05-01,0,2,2
101,2019-06-01,3,5,8
101,2019-07-01,0,0,0
101,2019-08-01,0,5,5
101,2019-09-01,3,8,11
101,2019-10-01,0,3,3
101,2019-11-01,1,2,3
101,2019-12-01,0,0,0
101,2020-01-01,1,3,4
101,2020-02-01,6,5,11
101,2020-03-01,0,3,3
101,2020-04-01,3,4,7
101,2020-05-01,2,3,5
101,2020-06-01,2,15,17
101,2020-07-01,9,7,16
101,2020-08-01,5,7,12
101,2020-09-01,4,4,8
101,2020-10-01,1,10,11
101,2020-11-01,3,12,15
101,2020-12-01,3,6,9
101,2021-01-01,1,5,6
101,2021-02-01,2,5,7
101,2021-03-01,1,12,13
101,2021-04-01,0,4,4
101,2021-05-01,4,9,13
101,2021-06-01,3,8,11
101,2021-07-01,3,12,15
101,2021-08-01,5,6,11
101,2021-09-01,2,3,5
101,2021-10-01,3,3,6
101,2021-11-01,1,3,4
101,2021-12-01,1,4,5
101,2022-01-01,0,5,5
101,2022-02-01,4,8,12
101,2022-03-01,3,5,8
101,2022-04-01,2,8,10
101,2022-05-01,0,4,4
101,2022-06-01,0,6,6
101,2022-07-01,7,10,17
101,2022-08-01,2,2,4
101,2022-09-01,0,3,3
101,2022-10-01,1,4,5
101,2022-11-01,0,3,3
101,2022-12-01,2,3,5
101,2023-01-01,2,4,6
101,2023-02-01,1,1,2
101,2023-03-01,0,5,5
101,2023-04-01,1,2,3
101,2023-05-01,1,5,6
101,2023-06-01,0,5,5
101,2023-07-01,1,5,6
101,2023-08-01,0,3,3
101,2023-09-01,1,1,2
101,2023-10-01,3,4,7
101,2023-11-01,2,2,4
101,2023-12-01,0,3,3
101,2024-01-01,1,3,4
101,2024-02-01,0,1,1
101,2024-03-01,1,0,1
101,2024-04-01,2,2,4
101,2024-05-01,1,2,3
101,2024-06-01,0,7,7
101,2024-07-01,2,8,10
101,2024-08-01,2,4,6
101,2024-09-01,3,2,5
101,2024-10-01,2,4,6
101,2024-11-01,2,1,3
101,2024-12-01,0,4,4
101,2025-01-01,0,2,2
101,2025-02-01,0,2,2
101,2025-03-01,0,3,3
101,2025-04-01,1,3,4
101,2025-05-01,3,3,6
101,2025-06-01,1,8,9
101,2025-07-01,1,4,5
101,2025-08-01,4,0,4
101,2025-09-01,0,1,1
101,2025-10-01,0,5,5
101,2025-11-01,1,3,4
101,2025-12-01,1,0,1
102,2018-01-01,0,0,0
102,2018-02-01,0,0,0
102,2018-03-01,1,1,2
102,2018-04-01,1,2,3
102,2018-05-01,0,0,0
102,2018-06-01,0,0,0
102,2018-07-01,0,0,0
102,2018-08-01,1,1,2
102,2018-09-01,0,0,0
102,2018-10-01,1,1,2
102,2018-11-01,0,0,0
102,2018-12-01,1,1,2
102,2019-01-01,0,0,0
102,2019-02-01,1,0,1
102,2019-03-01,0,0,0
102,2019-04-01,0,0,0
102,2019-05-01,0,0,0
102,2019-06-01,0,0,0
102,2019-07-01,1,0,1
102,2019-08-01,0,1,1
102,2019-09-01,1,0,1
102,2019-10-01,1,0,1
102,2019-11-01,0,0,0
102,2019-12-01,0,2,2
102,2020-01-01,1,0,1
102,2020-02-01,0,1,1
102,2020-03-01,0,0,0
102,2020-04-01,0,2,2
102,2020-05-01,0,0,0
102,2020-06-01,0,1,1
102,2020-07-01,2,1,3
102,2020-08-01,2,2,4
102,2020-09-01,0,0,0
102,2020-10-01,0,3,3
102,2020-11-01,0,0,0
102,2020-12-01,0,1,1
102,2021-01-01,1,0,1
102,2021-02-01,1,0,1
102,2021-03-01,1,1,2
102,2021-04-01,0,1,1
102,2021-05-01,1,1,2
102,2021-06-01,3,2,5
102,2021-07-01,0,0,0
102,2021-08-01,4,1,5
102,2021-09-01,2,2,4
102,2021-10-01,0,1,1
102,2021-11-01,0,1,1
102,2021-12-01,0,1,1
102,2022-01-01,0,2,2
102,2022-02-01,1,3,4
102,2022-03-01,3,3,6
102,2022-04-01,1,2,3
102,2022-05-01,1,3,4
102,2022-06-01,0,2,2
102,2022-07-01,1,2,3
102,2022-08-01,0,7,7
102,2022-09-01,2,1,3
102,2022-10-01,1,0,1
102,2022-11-01,0,0,0
102,2022-12-01,0,3,3
102,2023-01-01,0,1,1
102,2023-02-01,0,2,2
102,2023-03-01,4,0,4
102,2023-04-01,0,2,2
102,2023-05-01,0,1,1
102,2023-06-01,0,2,2
102,2023-07-01,1,2,3
102,2023-08-01,0,2,2
102,2023-09-01,3,2,5
102,2023-10-01,0,1,1
102,2023-11-01,0,2,2
102,2023-12-01,1,0,1
102,2024-01-01,0,1,1
102,2024-02-01,1,1,2
102,2024-03-01,0,1,1
102,2024-04-01,0,1,1
102,2024-05-01,3,0,3
102,2024-06-01,3,1,4
102,2024-07-01,0,1,1
102,2024-08-01,1,1,2
102,2024-09-01,0,0,0
102,2024-10-01,1,0,1
102,2024-11-01,0,1,1
102,2024-12-01,1,2,3
102,2025-01-01,0,1,1
102,2025-02-01,1,1,2
102,2025-03-01,0,0,0
102,2025-04-01,0,1,1
102,2025-05-01,0,0,0
102,2025-06-01,0,0,0
102,2025-07-01,0,1,1
102,2025-08-01,1,1,2
102,2025-09-01,1,1,2
102,2025-10-01,0,0,0
102,2025-11-01,0,0,0
102,2025-12-01,0,1,1
103,2018-01-01,2,2,4
103,2018-02-01,0,1,1
103,2018-03-01,1,0,1
103,2018-04-01,0,3,3
103,2018-05-01,1,3,4
103,2018-06-01,4,3,7
103,2018-07-01,2,2,4
103,2018-08-01,3,5,8
103,2018-09-01,0,1,1
103,2018-10-01,2,2,4
103,2018-11-01,1,0,1
103,2018-12-01,1,2,3
103,2019-01-01,0,1,1
103,2019-02-01,1,1,2
103,2019-03-01,0,1,1
103,2019-04-01,1,2,3
103,2019-05-01,1,2,3
103,2019-06-01,1,1,2
103,2019-07-01,0,1,1
103,2019-08-01,5,5,10
103,2019-09-01,0,1,1
103,2019-10-01,3,3,6
103,2019-11-01,0,1,1
103,2019-12-01,0,1,1
103,2020-01-01,2,4,6
103,2020-02-01,3,3,6
103,2020-03-01,1,5,6
103,2020-04-01,1,4,5
103,2020-05-01,2,3,5
103,2020-06-01,4,9,13
103,2020-07-01,1,3,4
103,2020-08-01,9,9,18
103,2020-09-01,5,7,12
103,2020-10-01,5,8,13
103,2020-11-01,2,5,7
103,2020-12-01,6,5,11
103,2021-01-01,1,4,5
103,2021-02-01,0,1,1
103,2021-03-01,1,3,4
103,2021-04-01,4,8,12
103,2021-05-01,3,6,9
103,2021-06-01,2,7,9
103,2021-07-01,3,4,7
103,2021-08-01,7,12,19
103,2021-09-01,1,6,7
103,2021-10-01,2,6,8
103,2021-11-01,2,5,7
103,2021-12-01,4,6,10
103,2022-01-01,2,3,5
103,2022-02-01,2,2,4
103,2022-03-01,5,8,13
103,2022-04-01,2,0,2
103,2022-05-01,2,4,6
103,2022-06-01,0,4,4
103,2022-07-01,0,7,7
103,2022-08-01,5,8,13
103,2022-09-01,1,2,3
103,2022-10-01,5,3,8
103,2022-11-01,1,1,2
103,2022-12-01,3,3,6
103,2023-01-01,1,3,4
103,2023-02-01,1,5,6
103,2023-03-01,1,2,3
103,2023-04-01,1,4,5
103,2023-05-01,1,1,2
103,2023-06-01,1,4,5
103,2023-07-01,0,5,5
103,2023-08-01,1,1,2
103,2023-09-01,3,5,8
103,2023-10-01,1,1,2
103,2023-11-01,0,1,1
103,2023-12-01,1,9,10
103,2024-01-01,5,2,7
103,2024-02-01,0,2,2
103,2024-03-01,2,3,5
103,2024-04-01,2,4,6
103,2024-05-01,1,4,5
103,2024-06-01,1,2,3
103,2024-07-01,0,2,2
103,2024-08-01,2,1,3
103,2024-09-01,3,2,5
103,2024-10-01,1,6,7
103,2024-11-01,3,3,6
103,2024-12-01,0,0,0
103,2025-01-01,1,0,1
103,2025-02-01,0,1,1
103,2025-03-01,1,2,3
103,2025-04-01,1,1,2
103,2025-05-01,0,7,7
103,2025-06-01,1,1,2
103,2025-07-01,2,6,8
103,2025-08-01,0,4,4
103,2025-09-01,0,2,2
103,2025-10-01,2,0,2
103,2025-11-01,1,2,3
103,2025-12-01,0,0,0
104,2018-01-01,0,0,0
104,2018-02-01,0,0,0
104,2018-03-01,0,1,1
104,2018-04-01,0,1,1
104,2018-05-01,0,1,1
104,2018-06-01,0,0,0
104,2018-07-01,0,1,1
104,2018-08-01,0,3,3
104,2018-09-01,0,0,0
104,2018-10-01,0,0,0
104,2018-11-01,0,0,0
104,2018-12-01,0,0,0
104,2019-01-01,0,0,0
104,2019-02-01,0,0,0
104,2019-03-01,0,0,0
104,2019-04-01,0,0,0
104,2019-05-01,0,0,0
104,2019-06-01,0,0,0
104,2019-07-01,0,2,2
104,2019-08-01,1,0,1
104,2019-09-01,0,0,0
104,2019-10-01,0,1,1
104,2019-11-01,0,1,1
104,2019-12-01,0,1,1
104,2020-01-01,0,0,0
104,2020-02-01,0,0,0
104,2020-03-01,1,0,1
104,2020-04-01,0,0,0
104,2020-05-01,0,1,1
104,2020-06-01,0,1,1
104,2020-07-01,0,0,0
104,2020-08-01,1,1,2
104,2020-09-01,0,1,1
104,2020-10-01,2,1,3
104,2020-11-01,0,0,0
104,2020-12-01,1,1,2
104,2021-01-01,0,1,1
104,2021-02-01,0,0,0
104,2021-03-01,0,0,0
104,2021-04-01,0,0,0
104,2021-05-01,0,1,1
104,2021-06-01,0,0,0
104,2021-07-01,0,1,1
104,2021-08-01,1,1,2
104,2021-09-01,2,1,3
104,2021-10-01,0,0,0
104,2021-11-01,0,0,0
104,2021-12-01,0,0,0
104,2022-01-01,0,1,1
104,2022-02-01,1,3,4
104,2022-03-01,0,1,1
104,2022-04-01,1,1,2
104,2022-05-01,3,1,4
104,2022-06-01,2,3,5
104,2022-07-01,0,0,0
104,2022-08-01,0,0,0
104,2022-09-01,0,3,3
104,2022-10-01,0,0,0
104,2022-11-01,2,0,2
104,2022-12-01,0,0,0
104,2023-01-01,1,0,1
104,2023-02-01,0,5,5
104,2023-03-01,0,2,2
104,2023-04-01,1,0,1
104,2023-05-01,0,0,0
104,2023-06-01,0,0,0
104,2023-07-01,1,0,1
104,2023-08-01,0,0,0
104,2023-09-01,1,1,2
104,2023-10-01,1,0,1
104,2023-11-01,0,0,0
104,2023-12-01,0,0,0
104,2024-01-01,0,0,0
104,2024-02-01,1,1,2
104,2024-03-01,0,0,0
104,2024-04-01,0,1,1
104,2024-05-01,0,2,2
104,2024-06-01,0,1,1
104,2024-07-01,0,0,0
104,2024-08-01,1,0,1
104,2024-09-01,0,2,2
104,2024-10-01,0,1,1
104,2024-11-01,1,0,1
104,2024-12-01,0,0,0
104,2025-01-01,0,0,0
104,2025-02-01,1,0,1
104,2025-03-01,0,0,0
104,2025-04-01,1,1,2
104,2025-05-01,0,2,2
104,2025-06-01,1,0,1
104,2025-07-01,0,0,0
104,2025-08-01,1,1,2
104,2025-09-01,0,0,0
104,2025-10-01,0,2,2
104,2025-11-01,0,0,0
104,2025-12-01,0,0,0
105,2018-01-01,2,2,4
105,2018-02-01,1,1,2
105,2018-03-01,1,2,3
105,2018-04-01,0,4,4
105,2018-05-01,1,3,4
105,2018-06-01,4,6,10
105,2018-07-01,3,3,6
105,2018-08-01,0,1,1
105,2018-09-01,3,1,4
105,2018-10-01,0,1,1
105,2018-11-01,0,0,0
105,2018-12-01,2,4,6
105,2019-01-01,1,1,2
105,2019-02-01,0,0,0
105,2019-03-01,2,1,3
105,2019-04-01,4,3,7
105,2019-05-01,0,2,2
105,2019-06-01,1,2,3
105,2019-07-01,1,3,4
105,2019-08-01,4,5,9
105,2019-09-01,1,1,2
105,2019-10-01,3,1,4
105,2019-11-01,0,1,1
105,2019-12-01,1,2,3
105,2020-01-01,2,5,7
105,2020-02-01,0,6,6
105,2020-03-01,0,1,1
105,2020-04-01,1,3,4
105,2020-05-01,4,7,11
105,2020-06-01,3,10,13
105,2020-07-01,1,3,4
105,2020-08-01,7,6,13
105,2020-09-01,2,5,7
105,2020-10-01,4,7,11
105,2020-11-01,4,3,7
105,2020-12-01,1,3,4
105,2021-01-01,2,8,10
105,2021-02-01,0,3,3
105,2021-03-01,1,5,6
105,2021-04-01,4,7,11
105,2021-05-01,4,11,15
105,2021-06-01,5,14,19
105,2021-07-01,5,10,15
105,2021-08-01,2,5,7
105,2021-09-01,1,7,8
105,2021-10-01,3,9,12
105,2021-11-01,2,10,12
105,2021-12-01,3,6,9
105,2022-01-01,0,4,4
105,2022-02-01,0,3,3
105,2022-03-01,1,2,3
105,2022-04-01,2,2,4
105,2022-05-01,3,8,11
105,2022-06-01,1,8,9
105,2022-07-01,5,14,19
105,2022-08-01,2,3,5
105,2022-09-01,2,9,11
105,2022-10-01,2,4,6
105,2022-11-01,2,1,3
105,2022-12-01,1,2,3
105,2023-01-01,1,3,4
105,2023-02-01,0,2,2
105,2023-03-01,1,1,2
105,2023-04-01,1,1,2
105,2023-05-01,2,5,7
105,2023-06-01,1,1,2
105,2023-07-01,0,4,4
105,2023-08-01,0,1,1
105,2023-09-01,0,2,2
105,2023-10-01,1,1,2
105,2023-11-01,0,1,1
105,2023-12-01,0,2,2
105,2024-01-01,1,4,5
105,2024-02-01,1,1,2
105,2024-03-01,1,2,3
105,2024-04-01,1,3,4
105,2024-05-01,1,3,4
105,2024-06-01,1,4,5
105,2024-07-01,4,5,9
105,2024-08-01,0,5,5
105,2024-09-01,3,4,7
105,2024-10-01,1,2,3
105,2024-11-01,0,2,2
105,2024-12-01,2,1,3
105,2025-01-01,0,1,1
105,2025-02-01,0,0,0
105,2025-03-01,0,1,1
105,2025-04-01,0,2,2
105,2025-05-01,0,0,0
105,2025-06-01,0,1,1
105,2025-07-01,0,1,1
105,2025-08-01,0,1,1
105,2025-09-01,1,0,1
105,2025-10-01,0,0,0
105,2025-11-01,0,1,1
105,2025-12-01,0,0,0
106,2018-01-01,2,0,2
106,2018-02-01,0,0,0
106,2018-03-01,2,3,5
106,2018-04-01,0,0,0
106,2018-05-01,1,1,2
106,2018-06-01,0,1,1
106,2018-07-01,2,2,4
106,2018-08-01,0,0,0
106,2018-09-01,2,1,3
106,2018-10-01,0,1,1
106,2018-11-01,0,1,1
106,2018-12-01,0,0,0
106,2019-01-01,1,0,1
106,2019-02-01,0,0,0
106,2019-03-01,1,2,3
106,2019-04-01,1,1,2
106,2019-05-01,0,0,0
106,2019-06-01,0,0,0
106,2019-07-01,1,1,2
106,2019-08-01,1,0,1
106,2019-09-01,0,0,0
106,2019-10-01,0,1,1
106,2019-11-01,0,0,0
106,2019-12-01,0,0,0
106,2020-01-01,0,1,1
106,2020-02-01,0,0,0
106,2020-03-01,0,0,0
106,2020-04-01,0,0,0
106,2020-05-01,0,0,0
106,2020-06-01,2,3,5
106,2020-07-01,0,2,2
106,2020-08-01,1,1,2
106,2020-09-01,0,2,2
106,2020-10-01,2,0,2
106,2020-11-01,0,1,1
106,2020-12-01,1,1,2
106,2021-01-01,1,2,3
106,2021-02-01,0,1,1
106,2021-03-01,0,2,2
106,2021-04-01,1,2,3
106,2021-05-01,1,1,2
106,2021-06-01,4,3,7
106,2021-07-01,0,0,0
106,2021-08-01,3,3,6
106,2021-09-01,2,2,4
106,2021-10-01,2,2,4
106,2021-11-01,1,1,2
106,2021-12-01,0,4,4
106,2022-01-01,1,1,2
106,2022-02-01,1,2,3
106,2022-03-01,0,1,1
106,2022-04-01,1,2,3
106,2022-05-01,3,6,9
106,2022-06-01,4,4,8
106,2022-07-01,0,1,1
106,2022-08-01,1,2,3
106,2022-09-01,0,3,3
106,2022-10-01,1,4,5
106,2022-11-01,0,0,0
106,2022-12-01,0,0,0
106,2023-01-01,1,1,2
106,2023-02-01,1,0,1
106,2023-03-01,0,2,2
106,2023-04-01,0,1,1
106,2023-05-01,0,1,1
106,2023-06-01,0,1,1
106,2023-07-01,1,2,3
106,2023-08-01,0,0,0
106,2023-09-01,0,0,0
106,2023-10-01,0,0,0
106,2023-11-01,0,1,1
106,2023-12-01,2,1,3
106,2024-01-01,0,1,1
106,2024-02-01,0,0,0
106,2024-03-01,0,0,0
106,2024-04-01,1,3,4
106,2024-05-01,2,2,4
106,2024-06-01,0,0,0
106,2024-07-01,0,3,3
106,2024-08-01,0,1,1
106,2024-09-01,0,1,1
106,2024-10-01,0,1,1
106,2024-11-01,0,1,1
106,2024-12-01,1,3,4
106,2025-01-01,0,0,0
106,2025-02-01,0,0,0
106,2025-03-01,0,1,1
106,2025-04-01,0,1,1
106,2025-05-01,0,0,0
106,2025-06-01,1,1,2
106,2025-07-01,1,1,2
106,2025-08-01,1,3,4
106,2025-09-01,1,3,4
106,2025-10-01,0,1,1
106,2025-11-01,1,0,1
106,2025-12-01,0,0,0
107,2018-01-01,0,0,0
107,2018-02-01,2,0,2
107,2018-03-01,0,0,0
107,2018-04-01,0,0,0
107,2018-05-01,0,0,0
107,2018-06-01,2,2,4
107,2018-07-01,0,1,1
107,2018-08-01,0,0,0
107,2018-09-01,0,2,2
107,2018-10-01,0,2,2
107,2018-11-01,0,0,0
107,2018-12-01,0,0,0
107,2019-01-01,1,1,2
107,2019-02-01,0,0,0
107,2019-03-01,0,1,1
107,2019-04-01,0,1,1
107,2019-05-01,1,0,1
107,2019-06-01,0,0,0
107,2019-07-01,0,0,0
107,2019-08-01,0,1,1
107,2019-09-01,0,1,1
107,2019-10-01,0,0,0
107,2019-11-01,0,0,0
107,2019-12-01,0,1,1
107,2020-01-01,0,2,2
107,2020-02-01,0,0,0
107,2020-03-01,0,1,1
107,2020-04-01,0,1,1
107,2020-05-01,0,0,0
107,2020-06-01,0,1,1
107,2020-07-01,1,1,2
107,2020-08-01,0,0,0
107,2020-09-01,0,0,0
107,2020-10-01,1,1,2
107,2020-11-01,0,1,1
107,2020-12-01,2,2,4
107,2021-01-01,0,1,1
107,2021-02-01,2,1,3
107,2021-03-01,1,1,2
107,2021-04-01,0,0,0
107,2021-05-01,0,2,2
107,2021-06-01,1,2,3
107,2021-07-01,0,0,0
107,2021-08-01,0,0,0
107,2021-09-01,0,1,1
107,2021-10-01,1,1,2
107,2021-11-01,1,0,1
107,2021-12-01,0,0,0
107,2022-01-01,0,0,0
107,2022-02-01,0,0,0
107,2022-03-01,0,0,0
107,2022-04-01,2,2,4
107,2022-05-01,2,1,3
107,2022-06-01,0,0,0
107,2022-07-01,2,2,4
107,2022-08-01,0,0,0
107,2022-09-01,1,0,1
107,2022-10-01,0,0,0
107,2022-11-01,2,1,3
107,2022-12-01,0,0,0
107,2023-01-01,0,0,0
107,2023-02-01,1,0,1
107,2023-03-01,0,0,0
107,2023-04-01,0,0,0
107,2023-05-01,0,0,0
107,2023-06-01,0,0,0
107,2023-07-01,0,0,0
107,2023-08-01,0,0,0
107,2023-09-01,1,1,2
107,2023-10-01,1,0,1
107,2023-11-01,0,1,1
107,2023-12-01,0,1,1
107,2024-01-01,0,0,0
107,2024-02-01,1,1,2
107,2024-03-01,0,1,1
107,2024-04-01,1,0,1
107,2024-05-01,0,0,0
107,2024-06-01,1,1,2
107,2024-07-01,0,2,2
107,2024-08-01,0,1,1
107,2024-09-01,0,0,0
107,2024-10-01,1,0,1
107,2024-11-01,1,1,2
107,2024-12-01,0,0,0
107,2025-01-01,1,0,1
107,2025-02-01,1,1,2
107,2025-03-01,0,1,1
107,2025-04-01,0,0,0
107,2025-05-01,0,0,0
107,2025-06-01,0,3,3
107,2025-07-01,0,0,0
107,2025-08-01,1,0,1
107,2025-09-01,1,1,2
107,2025-10-01,0,0,0
107,2025-11-01,0,0,0
107,2025-12-01,0,1,1
108,2018-01-01,0,0,0
108,2018-02-01,0,0,0
108,2018-03-01,0,0,0
108,2018-04-01,0,0,0
108,2018-05-01,0,0,0
108,2018-06-01,0,0,0
108,2018-07-01,1,1,2
108,2018-08-01,0,0,0
108,2018-09-01,0,0,0
108,2018-10-01,0,0,0
108,2018-11-01,1,0,1
108,2018-12-01,0,0,0
108,2019-01-01,0,0,0
108,2019-02-01,0,0,0
108,2019-03-01,1,1,2
108,2019-04-01,1,0,1
108,2019-05-01,1,1,2
108,2019-06-01,1,0,1
108,2019-07-01,0,0,0
108,2019-08-01,0,0,0
108,2019-09-01,1,1,2
108,2019-10-01,0,0,0
108,2019-11-01,0,0,0
108,2019-12-01,0,1,1
108,2020-01-01,0,0,0
108,2020-02-01,1,1,2
108,2020-03-01,0,0,0
108,2020-04-01,0,1,1
108,2020-05-01,0,0,0
108,2020-06-01,0,0,0
108,2020-07-01,3,2,5
108,2020-08-01,0,0,0
108,2020-09-01,1,0,1
108,2020-10-01,0,0,0
108,2020-11-01,1,1,2
108,2020-12-01,0,1,1
108,2021-01-01,3,4,7
108,2021-02-01,0,0,0
108,2021-03-01,0,0,0
108,2021-04-01,0,0,0
108,2021-05-01,0,0,0
108,2021-06-01,1,0,1
108,2021-07-01,1,2,3
108,2021-08-01,1,1,2
108,2021-09-01,0,0,0
108,2021-10-01,0,0,0
108,2021-11-01,1,1,2
108,2021-12-01,1,0,1
108,2022-01-01,0,0,0
108,2022-02-01,0,0,0
108,2022-03-01,0,1,1
108,2022-04-01,1,1,2
108,2022-05-01,0,0,0
108,2022-06-01,2,1,3
108,2022-07-01,0,0,0
108,2022-08-01,0,1,1
108,2022-09-01,1,0,1
108,2022-10-01,0,0,0
108,2022-11-01,1,0,1
108,2022-12-01,0,0,0
108,2023-01-01,0,0,0
108,2023-02-01,0,0,0
108,2023-03-01,0,2,2
108,2023-04-01,1,1,2
108,2023-05-01,2,0,2
108,2023-06-01,1,0,1
108,2023-07-01,0,1,1
108,2023-08-01,1,0,1
108,2023-09-01,0,2,2
108,2023-10-01,1,0,1
108,2023-11-01,0,0,0
108,2023-12-01,0,0,0
108,2024-01-01,0,1,1
108,2024-02-01,0,1,1
108,2024-03-01,0,2,2
108,2024-04-01,1,0,1
108,2024-05-01,0,1,1
108,2024-06-01,1,0,1
108,2024-07-01,0,0,0
108,2024-08-01,0,0,0
108,2024-09-01,1,2,3
108,2024-10-01,2,1,3
108,2024-11-01,0,1,1
108,2024-12-01,0,0,0
108,2025-01-01,0,0,0
108,2025-02-01,0,0,0
108,2025-03-01,0,0,0
108,2025-04-01,1,0,1
108,2025-05-01,0,1,1
108,2025-06-01,0,0,0
108,2025-07-01,0,1,1
108,2025-08-01,0,1,1
108,2025-09-01,0,0,0
108,2025-10-01,0,0,0
108,2025-11-01,0,0,0
108,2025-12-01,0,0,0
109,2018-01-01,0,0,0
109,2018-02-01,0,0,0
109,2018-03-01,0,0,0
109,2018-04-01,0,0,0
109,2018-05-01,0,0,0
109,2018-06-01,0,0,0
109,2018-07-01,0,1,1
109,2018-08-01,0,0,0
109,2018-09-01,0,0,0
109,2018-10-01,1,0,1
109,2018-11-01,1,0,1
109,2018-12-01,0,0,0
109,2019-01-01,2,3,5
109,2019-02-01,2,1,3
109,2019-03-01,1,2,3
109,2019-04-01,0,0,0
109,2019-05-01,0,1,1
109,2019-06-01,1,0,1
109,2019-07-01,2,2,4
109,2019-08-01,0,0,0
109,2019-09-01,0,0,0
109,2019-10-01,0,1,1
109,2019-11-01,0,0,0
109,2019-12-01,0,1,1
109,2020-01-01,0,2,2
109,2020-02-01,1,0,1
109,2020-03-01,0,0,0
109,2020-04-01,0,0,0
109,2020-05-01,1,2,3
109,2020-06-01,1,1,2
109,2020-07-01,0,0,0
109,2020-08-01,0,5,5
109,2020-09-01,4,2,6
109,2020-10-01,0,0,0
109,2020-11-01,0,1,1
109,2020-12-01,0,0,0
109,2021-01-01,0,1,1
109,2021-02-01,0,0,0
109,2021-03-01,0,0,0
109,2021-04-01,1,2,3
109,2021-05-01,0,0,0
109,2021-06-01,0,0,0
109,2021-07-01,2,0,2
109,2021-08-01,1,1,2
109,2021-09-01,1,0,1
109,2021-10-01,0,0,0
109,2021-11-01,1,2,3
109,2021-12-01,0,0,0
109,2022-01-01,1,2,3
109,2022-02-01,0,1,1
109,2022-03-01,1,1,2
109,2022-04-01,1,1,2
109,2022-05-01,0,0,0
109,2022-06-01,1,1,2
109,2022-07-01,0,3,3
109,2022-08-01,1,1,2
109,2022-09-01,0,2,2
109,2022-10-01,0,2,2
109,2022-11-01,3,1,4
109,2022-12-01,0,2,2
109,2023-01-01,1,0,1
109,2023-02-01,0,0,0
109,2023-03-01,2,1,3
109,2023-04-01,0,2,2
109,2023-05-01,0,1,1
109,2023-06-01,2,3,5
109,2023-07-01,1,0,1
109,2023-08-01,0,1,1
109,2023-09-01,0,0,0
109,2023-10-01,2,1,3
109,2023-11-01,0,1,1
109,2023-12-01,0,1,1
109,2024-01-01,0,1,1
109,2024-02-01,0,1,1
109,2024-03-01,0,0,0
109,2024-04-01,0,1,1
109,2024-05-01,0,0,0
109,2024-06-01,0,1,1
109,2024-07-01,0,1,1
109,2024-08-01,0,0,0
109,2024-09-01,0,0,0
109,2024-10-01,1,0,1
109,2024-11-01,0,0,0
109,2024-12-01,3,1,4
109,2025-01-01,0,0,0
109,2025-02-01,1,2,3
109,2025-03-01,0,1,1
109,2025-04-01,1,2,3
109,2025-05-01,0,0,0
109,2025-06-01,2,0,2
109,2025-07-01,1,1,2
109,2025-08-01,0,1,1
109,2025-09-01,0,0,0
109,2025-10-01,1,0,1
109,2025-11-01,2,0,2
109,2025-12-01,0,0,0
110,2018-01-01,0,0,0
110,2018-02-01,0,0,0
110,2018-03-01,1,0,1
110,2018-04-01,0,0,0
110,2018-05-01,0,0,0
110,2018-06-01,0,0,0
110,2018-07-01,0,0,0
110,2018-08-01,0,0,0
110,2018-09-01,0,0,0
110,2018-10-01,0,0,0
110,2018-11-01,1,1,2
110,2018-12-01,0,1,1
110,2019-01-01,0,0,0
110,2019-02-01,0,0,0
110,2019-03-01,0,0,0
110,2019-04-01,2,1,3
110,2019-05-01,0,0,0
110,2019-06-01,1,0,1
110,2019-07-01,0,0,0
110,2019-08-01,2,1,3
110,2019-09-01,0,1,1
110,2019-10-01,0,0,0
110,2019-11-01,0,0,0
110,2019-12-01,1,0,1
110,2020-01-01,0,0,0
110,2020-02-01,0,0,0
110,2020-03-01,0,0,0
110,2020-04-01,1,1,2
110,2020-05-01,0,1,1
110,2020-06-01,3,2,5
110,2020-07-01,1,1,2
110,2020-08-01,2,2,4
110,2020-09-01,1,0,1
110,2020-10-01,3,3,6
110,2020-11-01,1,1,2
110,2020-12-01,2,3,5
110,2021-01-01,1,2,3
110,2021-02-01,0,0,0
110,2021-03-01,0,0,0
110,2021-04-01,1,3,4
110,2021-05-01,0,1,1
110,2021-06-01,2,3,5
110,2021-07-01,2,1,3
110,2021-08-01,0,1,1
110,2021-09-01,0,1,1
110,2021-10-01,0,1,1
110,2021-11-01,1,2,3
110,2021-12-01,1,2,3
110,2022-01-01,0,3,3
110,2022-02-01,1,2,3
110,2022-03-01,0,2,2
110,2022-04-01,0,0,0
110,2022-05-01,0,0,0
110,2022-06-01,0,0,0
110,2022-07-01,1,2,3
110,2022-08-01,1,2,3
110,2022-09-01,5,2,7
110,2022-10-01,0,1,1
110,2022-11-01,1,4,5
110,2022-12-01,1,0,1
110,2023-01-01,1,3,4
110,2023-02-01,1,5,6
110,2023-03-01,0,1,1
110,2023-04-01,0,2,2
110,2023-05-01,1,2,3
110,2023-06-01,0,0,0
110,2023-07-01,1,0,1
110,2023-08-01,1,3,4
110,2023-09-01,2,0,2
110,2023-10-01,1,1,2
110,2023-11-01,1,1,2
110,2023-12-01,1,0,1
110,2024-01-01,0,0,0
110,2024-02-01,0,0,0
110,2024-03-01,0,0,0
110,2024-04-01,0,0,0
110,2024-05-01,0,1,1
110,2024-06-01,1,1,2
110,2024-07-01,1,0,1
110,2024-08-01,0,0,0
110,2024-09-01,0,1,1
110,2024-10-01,0,2,2
110,2024-11-01,0,1,1
110,2024-12-01,0,0,0
110,2025-01-01,0,0,0
110,2025-02-01,0,0,0
110,2025-03-01,1,0,1
110,2025-04-01,0,0,0
110,2025-05-01,2,1,3
110,2025-06-01,0,0,0
110,2025-07-01,0,0,0
110,2025-08-01,1,0,1
110,2025-09-01,0,1,1
110,2025-10-01,1,0,1
110,2025-11-01,1,0,1
110,2025-12-01,2,0,2
111,2018-01-01,1,0,1
111,2018-02-01,0,0,0
111,2018-03-01,0,0,0
111,2018-04-01,0,0,0
111,2018-05-01,0,1,1
111,2018-06-01,0,0,0
111,2018-07-01,0,0,0
111,2018-08-01,0,0,0
111,2018-09-01,0,0,0
111,2018-10-01,0,0,0
111,2018-11-01,0,1,1
111,2018-12-01,0,0,0
111,2019-01-01,0,0,0
111,2019-02-01,0,0,0
111,2019-03-01,0,0,0
111,2019-04-01,0,0,0
111,2019-05-01,0,0,0
111,2019-06-01,0,0,0
111,2019-07-01,0,0,0
111,2019-08-01,0,0,0
111,2019-09-01,0,0,0
111,2019-10-01,0,0,0
111,2019-11-01,0,0,0
111,2019-12-01,0,0,0
111,2020-01-01,0,0,0
111,2020-02-01,1,1,2
111,2020-03-01,0,0,0
111,2020-04-01,0,0,0
111,2020-05-01,0,0,0
111,2020-06-01,0,0,0
111,2020-07-01,0,0,0
111,2020-08-01,0,0,0
111,2020-09-01,0,0,0
111,2020-10-01,0,0,0
111,2020-11-01,0,0,0
111,2020-12-01,0,0,0
111,2021-01-01,0,0,0
111,2021-02-01,0,0,0
111,2021-03-01,0,0,0
111,2021-04-01,0,0,0
111,2021-05-01,0,1,1
111,2021-06-01,0,0,0
111,2021-07-01,0,0,0
111,2021-08-01,0,0,0
111,2021-09-01,0,0,0
111,2021-10-01,0,0,0
111,2021-11-01,1,0,1
111,2021-12-01,0,0,0
111,2022-01-01,0,0,0
111,2022-02-01,0,0,0
111,2022-03-01,2,2,4
111,2022-04-01,0,0,0
111,2022-05-01,0,0,0
111,2022-06-01,0,0,0
111,2022-07-01,0,0,0
111,2022-08-01,0,1,1
111,2022-09-01,0,0,0
111,2022-10-01,1,0,1
111,2022-11-01,0,0,0
111,2022-12-01,0,0,0
111,2023-01-01,0,1,1
111,2023-02-01,0,0,0
111,2023-03-01,1,0,1
111,2023-04-01,0,0,0
111,2023-05-01,0,0,0
111,2023-06-01,0,0,0
111,2023-07-01,0,0,0
111,2023-08-01,0,0,0
111,2023-09-01,0,1,1
111,2023-10-01,0,0,0
111,2023-11-01,0,0,0
111,2023-12-01,0,0,0
111,2024-01-01,0,1,1
111,2024-02-01,0,1,1
111,2024-03-01,0,1,1
111,2024-04-01,0,1,1
111,2024-05-01,0,1,1
111,2024-06-01,0,0,0
111,2024-07-01,1,0,1
111,2024-08-01,0,0,0
111,2024-09-01,0,1,1
111,2024-10-01,0,2,2
111,2024-11-01,0,0,0
111,2024-12-01,0,0,0
111,2025-01-01,0,0,0
111,2025-02-01,0,0,0
111,2025-03-01,1,1,2
111,2025-04-01,1,1,2
111,2025-05-01,0,0,0
111,2025-06-01,0,0,0
111,2025-07-01,0,1,1
111,2025-08-01,0,1,1
111,2025-09-01,0,1,1
111,2025-10-01,1,0,1
111,2025-11-01,0,0,0
111,2025-12-01,0,0,0
112,2018-01-01,0,0,0
112,2018-02-01,0,0,0
112,2018-03-01,0,0,0
112,2018-04-01,0,0,0
112,2018-05-01,0,0,0
112,2018-06-01,0,0,0
112,2018-07-01,0,0,0
112,2018-08-01,0,0,0
112,2018-09-01,0,0,0
112,2018-10-01,0,0,0
112,2018-11-01,0,0,0
112,2018-12-01,0,0,0
112,2019-01-01,0,0,0
112,2019-02-01,1,1,2
112,2019-03-01,1,0,1
112,2019-04-01,0,0,0
112,2019-05-01,0,0,0
112,2019-06-01,0,0,0
112,2019-07-01,0,0,0
112,2019-08-01,0,0,0
112,2019-09-01,0,0,0
112,2019-10-01,0,0,0
112,2019-11-01,0,0,0
112,2019-12-01,0,0,0
112,2020-01-01,0,0,0
112,2020-02-01,0,0,0
112,2020-03-01,0,0,0
112,2020-04-01,0,0,0
112,2020-05-01,0,0,0
112,2020-06-01,0,0,0
112,2020-07-01,0,0,0
112,2020-08-01,0,0,0
112,2020-09-01,0,1,1
112,2020-10-01,0,0,0
112,2020-11-01,0,0,0
112,2020-12-01,0,1,1
112,2021-01-01,0,0,0
112,2021-02-01,0,0,0
112,2021-03-01,0,0,0
112,2021-04-01,0,0,0
112,2021-05-01,0,0,0
112,2021-06-01,0,0,0
112,2021-07-01,0,2,2
112,2021-08-01,0,1,1
112,2021-09-01,0,2,2
112,2021-10-01,0,0,0
112,2021-11-01,0,0,0
112,2021-12-01,1,0,1
112,2022-01-01,1,0,1
112,2022-02-01,0,0,0
112,2022-03-01,0,0,0
112,2022-04-01,2,1,3
112,2022-05-01,0,1,1
112,2022-06-01,0,1,1
112,2022-07-01,0,0,0
112,2022-08-01,0,0,0
112,2022-09-01,0,0,0
112,2022-10-01,0,0,0
112,2022-11-01,0,0,0
112,2022-12-01,0,1,1
112,2023-01-01,0,0,0
112,2023-02-01,0,0,0
112,2023-03-01,0,0,0
112,2023-04-01,0,0,0
112,2023-05-01,0,0,0
112,2023-06-01,0,0,0
112,2023-07-01,0,0,0
112,2023-08-01,0,0,0
112,2023-09-01,0,0,0
112,2023-10-01,0,1,1
112,2023-11-01,0,0,0
112,2023-12-01,0,0,0
112,2024-01-01,0,0,0
112,2024-02-01,0,0,0
112,2024-03-01,0,1,1
112,2024-04-01,0,0,0
112,2024-05-01,0,1,1
112,2024-06-01,0,0,0
112,2024-07-01,0,0,0
112,2024-08-01,0,0,0
112,2024-09-01,0,0,0
112,2024-10-01,0,0,0
112,2024-11-01,0,0,0
112,2024-12-01,0,1,1
112,2025-01-01,0,0,0
112,2025-02-01,0,0,0
112,2025-03-01,0,0,0
112,2025-04-01,0,0,0
112,2025-05-01,0,0,0
112,2025-06-01,0,0,0
112,2025-07-01,0,0,0
112,2025-08-01,0,0,0
112,2025-09-01,1,0,1
112,2025-10-01,0,0,0
112,2025-11-01,0,0,0
112,2025-12-01,0,0,0
113,2018-01-01,0,2,2
113,2018-02-01,0,3,3
113,2018-03-01,1,5,6
113,2018-04-01,0,2,2
113,2018-05-01,4,4,8
113,2018-06-01,0,6,6
113,2018-07-01,4,6,10
113,2018-08-01,1,1,2
113,2018-09-01,2,3,5
113,2018-10-01,1,3,4
113,2018-11-01,0,0,0
113,2018-12-01,1,2,3
113,2019-01-01,2,2,4
113,2019-02-01,1,1,2
113,2019-03-01,3,5,8
113,2019-04-01,2,6,8
113,2019-05-01,1,6,7
113,2019-06-01,0,2,2
113,2019-07-01,3,7,10
113,2019-08-01,4,2,6
113,2019-09-01,3,6,9
113,2019-10-01,4,7,11
113,2019-11-01,2,4,6
113,2019-12-01,2,2,4
113,2020-01-01,2,8,10
113,2020-02-01,3,5,8
113,2020-03-01,2,7,9
113,2020-04-01,1,10,11
113,2020-05-01,4,9,13
113,2020-06-01,5,12,17
113,2020-07-01,4,12,16
113,2020-08-01,5,8,13
113,2020-09-01,3,19,22
113,2020-10-01,3,11,14
113,2020-11-01,2,9,11
113,2020-12-01,3,11,14
113,2021-01-01,1,7,8
113,2021-02-01,5,9,14
113,2021-03-01,0,3,3
113,2021-04-01,2,10,12
113,2021-05-01,3,14,17
113,2021-06-01,8,14,22
113,2021-07-01,7,17,24
113,2021-08-01,7,12,19
113,2021-09-01,2,23,25
113,2021-10-01,0,8,8
113,2021-11-01,3,10,13
113,2021-12-01,6,21,27
113,2022-01-01,1,12,13
113,2022-02-01,2,8,10
113,2022-03-01,0,8,8
113,2022-04-01,3,8,11
113,2022-05-01,2,10,12
113,2022-06-01,2,9,11
113,2022-07-01,7,19,26
113,2022-08-01,3,8,11
113,2022-09-01,2,7,9
113,2022-10-01,2,4,6
113,2022-11-01,1,2,3
113,2022-12-01,0,5,5
113,2023-01-01,1,6,7
113,2023-02-01,2,10,12
113,2023-03-01,1,4,5
113,2023-04-01,1,7,8
113,2023-05-01,4,2,6
113,2023-06-01,0,7,7
113,2023-07-01,1,8,9
113,2023-08-01,1,3,4
113,2023-09-01,0,5,5
113,2023-10-01,1,4,5
113,2023-11-01,2,2,4
113,2023-12-01,4,7,11
113,2024-01-01,1,5,6
113,2024-02-01,1,4,5
113,2024-03-01,3,4,7
113,2024-04-01,0,4,4
113,2024-05-01,1,9,10
113,2024-06-01,2,6,8
113,2024-07-01,1,7,8
113,2024-08-01,0,5,5
113,2024-09-01,4,4,8
113,2024-10-01,0,4,4
113,2024-11-01,2,4,6
113,2024-12-01,0,1,1
113,2025-01-01,3,6,9
113,2025-02-01,0,1,1
113,2025-03-01,1,2,3
113,2025-04-01,0,0,0
113,2025-05-01,1,1,2
113,2025-06-01,2,2,4
113,2025-07-01,1,3,4
113,2025-08-01,0,0,0
113,2025-09-01,1,5,6
113,2025-10-01,1,3,4
113,2025-11-01,1,1,2
113,2025-12-01,0,0,0
114,2018-01-01,1,3,4
114,2018-02-01,1,3,4
114,2018-03-01,2,2,4
114,2018-04-01,0,0,0
114,2018-05-01,2,4,6
114,2018-06-01,3,3,6
114,2018-07-01,5,3,8
114,2018-08-01,2,2,4
114,2018-09-01,2,1,3
114,2018-10-01,0,0,0
114,2018-11-01,2,1,3
114,2018-12-01,1,1,2
114,2019-01-01,1,4,5
114,2019-02-01,1,2,3
114,2019-03-01,0,3,3
114,2019-04-01,2,4,6
114,2019-05-01,0,0,0
114,2019-06-01,1,4,5
114,2019-07-01,4,8,12
114,2019-08-01,2,5,7
114,2019-09-01,0,1,1
114,2019-10-01,0,1,1
114,2019-11-01,2,2,4
114,2019-12-01,2,2,4
114,2020-01-01,1,4,5
114,2020-02-01,0,1,1
114,2020-03-01,0,3,3
114,2020-04-01,1,4,5
114,2020-05-01,3,3,6
114,2020-06-01,6,9,15
114,2020-07-01,3,7,10
114,2020-08-01,4,8,12
114,2020-09-01,3,8,11
114,2020-10-01,2,3,5
114,2020-11-01,1,10,11
114,2020-12-01,0,1,1
114,2021-01-01,1,4,5
114,2021-02-01,2,5,7
114,2021-03-01,3,2,5
114,2021-04-01,2,5,7
114,2021-05-01,1,6,7
114,2021-06-01,2,5,7
114,2021-07-01,2,11,13
114,2021-08-01,1,4,5
114,2021-09-01,3,2,5
114,2021-10-01,4,5,9
114,2021-11-01,2,6,8
114,2021-12-01,2,1,3
114,2022-01-01,1,2,3
114,2022-02-01,1,1,2
114,2022-03-01,1,1,2
114,2022-04-01,0,2,2
114,2022-05-01,1,5,6
114,2022-06-01,2,4,6
114,2022-07-01,5,6,11
114,2022-08-01,2,8,10
114,2022-09-01,2,9,11
114,2022-10-01,1,5,6
114,2022-11-01,2,5,7
114,2022-12-01,0,1,1
114,2023-01-01,1,2,3
114,2023-02-01,2,2,4
114,2023-03-01,5,5,10
114,2023-04-01,2,8,10
114,2023-05-01,3,5,8
114,2023-06-01,2,4,6
114,2023-07-01,1,5,6
114,2023-08-01,3,3,6
114,2023-09-01,2,4,6
114,2023-10-01,1,4,5
114,2023-11-01,3,1,4
114,2023-12-01,0,4,4
114,2024-01-01,1,4,5
114,2024-02-01,0,3,3
114,2024-03-01,1,1,2
114,2024-04-01,0,3,3
114,2024-05-01,1,3,4
114,2024-06-01,1,6,7
114,2024-07-01,0,3,3
114,2024-08-01,1,2,3
114,2024-09-01,0,1,1
114,2024-10-01,0,5,5
114,2024-11-01,1,8,9
114,2024-12-01,1,2,3
114,2025-01-01,3,1,4
114,2025-02-01,2,2,4
114,2025-03-01,0,4,4
114,2025-04-01,2,2,4
114,2025-05-01,0,1,1
114,2025-06-01,0,4,4
114,2025-07-01,1,4,5
114,2025-08-01,1,5,6
114,2025-09-01,0,1,1
114,2025-10-01,0,3,3
114,2025-11-01,2,5,7
114,2025-12-01,1,1,2
115,2018-01-01,0,0,0
115,2018-02-01,1,1,2
115,2018-03-01,0,0,0
115,2018-04-01,0,1,1
115,2018-05-01,0,0,0
115,2018-06-01,0,1,1
115,2018-07-01,0,0,0
115,2018-08-01,0,0,0
115,2018-09-01,1,0,1
115,2018-10-01,0,0,0
115,2018-11-01,0,0,0
115,2018-12-01,0,0,0
115,2019-01-01,0,0,0
115,2019-02-01,1,1,2
115,2019-03-01,0,2,2
115,2019-04-01,2,2,4
115,2019-05-01,0,0,0
115,2019-06-01,0,0,0
115,2019-07-01,2,2,4
115,2019-08-01,1,2,3
115,2019-09-01,0,0,0
115,2019-10-01,0,0,0
115,2019-11-01,0,0,0
115,2019-12-01,1,1,2
115,2020-01-01,1,0,1
115,2020-02-01,1,0,1
115,2020-03-01,1,1,2
115,2020-04-01,0,0,0
115,2020-05-01,0,0,0
115,2020-06-01,0,2,2
115,2020-07-01,0,0,0
115,2020-08-01,1,1,2
115,2020-09-01,2,1,3
115,2020-10-01,1,2,3
115,2020-11-01,0,0,0
115,2020-12-01,0,0,0
115,2021-01-01,1,0,1
115,2021-02-01,0,1,1
115,2021-03-01,0,2,2
115,2021-04-01,0,2,2
115,2021-05-01,1,1,2
115,2021-06-01,0,1,1
115,2021-07-01,3,1,4
115,2021-08-01,0,3,3
115,2021-09-01,0,2,2
115,2021-10-01,0,1,1
115,2021-11-01,2,4,6
115,2021-12-01,2,1,3
115,2022-01-01,1,0,1
115,2022-02-01,1,0,1
115,2022-03-01,3,0,3
115,2022-04-01,0,2,2
115,2022-05-01,0,0,0
115,2022-06-01,0,1,1
115,2022-07-01,0,1,1
115,2022-08-01,2,2,4
115,2022-09-01,0,0,0
115,2022-10-01,0,0,0
115,2022-11-01,0,2,2
115,2022-12-01,2,0,2
115,2023-01-01,1,0,1
115,2023-02-01,0,0,0
115,2023-03-01,0,2,2
115,2023-04-01,1,1,2
115,2023-05-01,0,0,0
115,2023-06-01,0,0,0
115,2023-07-01,2,2,4
115,2023-08-01,0,1,1
115,2023-09-01,0,0,0
115,2023-10-01,0,2,2
115,2023-11-01,0,1,1
115,2023-12-01,1,0,1
115,2024-01-01,0,1,1
115,2024-02-01,0,0,0
115,2024-03-01,0,0,0
115,2024-04-01,0,1,1
115,2024-05-01,0,1,1
115,2024-06-01,1,1,2
115,2024-07-01,0,1,1
115,2024-08-01,1,0,1
115,2024-09-01,3,0,3
115,2024-10-01,0,0,0
115,2024-11-01,1,1,2
115,2024-12-01,0,0,0
115,2025-01-01,0,1,1
115,2025-02-01,0,1,1
115,2025-03-01,0,0,0
115,2025-04-01,0,2,2
115,2025-05-01,0,2,2
115,2025-06-01,0,1,1
115,2025-07-01,0,0,0
115,2025-08-01,0,0,0
115,2025-09-01,1,0,1
115,2025-10-01,0,1,1
115,2025-11-01,0,1,1
115,2025-12-01,0,0,0
116,2018-01-01,0,0,0
116,2018-02-01,0,0,0
116,2018-03-01,0,0,0
116,2018-04-01,0,0,0
116,2018-05-01,0,0,0
116,2018-06-01,0,0,0
116,2018-07-01,0,0,0
116,2018-08-01,0,0,0
116,2018-09-01,0,0,0
116,2018-10-01,0,0,0
116,2018-11-01,0,0,0
116,2018-12-01,0,0,0
116,2019-01-01,0,0,0
116,2019-02-01,0,0,0
116,2019-03-01,0,0,0
116,2019-04-01,0,0,0
116,2019-05-01,0,0,0
116,2019-06-01,0,0,0
116,2019-07-01,0,0,0
116,2019-08-01,0,0,0
116,2019-09-01,0,0,0
116,2019-10-01,0,0,0
116,2019-11-01,0,0,0
116,2019-12-01,0,0,0
116,2020-01-01,0,0,0
116,2020-02-01,0,0,0
116,2020-03-01,0,0,0
116,2020-04-01,0,0,0
116,2020-05-01,0,0,0
116,2020-06-01,0,0,0
116,2020-07-01,0,0,0
116,2020-08-01,0,0,0
116,2020-09-01,0,0,0
116,2020-10-01,0,0,0
116,2020-11-01,0,0,0
116,2020-12-01,0,0,0
116,2021-01-01,0,0,0
116,2021-02-01,0,0,0
116,2021-03-01,0,0,0
116,2021-04-01,0,0,0
116,2021-05-01,0,0,0
116,2021-06-01,0,0,0
116,2021-07-01,0,0,0
116,2021-08-01,0,0,0
116,2021-09-01,0,0,0
116,2021-10-01,0,0,0
116,2021-11-01,0,0,0
116,2021-12-01,0,0,0
116,2022-01-01,0,0,0
116,2022-02-01,0,0,0
116,2022-03-01,0,0,0
116,2022-04-01,0,0,0
116,2022-05-01,0,0,0
116,2022-06-01,0,0,0
116,2022-07-01,0,0,0
116,2022-08-01,0,0,0
116,2022-09-01,0,0,0
116,2022-10-01,0,0,0
116,2022-11-01,0,0,0
116,2022-12-01,0,0,0
116,2023-01-01,0,0,0
116,2023-02-01,0,0,0
116,2023-03-01,0,0,0
116,2023-04-01,0,0,0
116,2023-05-01,0,0,0
116,2023-06-01,0,0,0
116,2023-07-01,0,0,0
116,2023-08-01,0,0,0
116,2023-09-01,0,0,0
116,2023-10-01,0,0,0
116,2023-11-01,0,0,0
116,2023-12-01,0,0,0
116,2024-01-01,0,0,0
116,2024-02-01,0,0,0
116,2024-03-01,0,0,0
116,2024-04-01,0,0,0
116,2024-05-01,0,0,0
116,2024-06-01,0,0,0
116,2024-07-01,0,0,0
116,2024-08-01,0,0,0
116,2024-09-01,0,0,0
116,2024-10-01,0,0,0
116,2024-11-01,0,0,0
116,2024-12-01,0,0,0
116,2025-01-01,0,3,3
116,2025-02-01,0,2,2
116,2025-03-01,0,1,1
116,2025-04-01,0,1,1
116,2025-05-01,0,1,1
116,2025-06-01,1,0,1
116,2025-07-01,0,3,3
116,2025-08-01,0,2,2
116,2025-09-01,1,1,2
116,2025-10-01,0,1,1
116,2025-11-01,0,2,2
116,2025-12-01,0,0,0
117,2018-01-01,0,0,0
117,2018-02-01,0,0,0
117,2018-03-01,0,0,0
117,2018-04-01,0,0,0
117,2018-05-01,0,0,0
117,2018-06-01,0,0,0
117,2018-07-01,0,0,0
117,2018-08-01,0,0,0
117,2018-09-01,0,0,0
117,2018-10-01,0,0,0
117,2018-11-01,0,0,0
117,2018-12-01,0,0,0
117,2019-01-01,0,0,0
117,2019-02-01,0,0,0
117,2019-03-01,0,0,0
117,2019-04-01,0,0,0
117,2019-05-01,0,0,0
117,2019-06-01,0,0,0
117,2019-07-01,0,0,0
117,2019-08-01,0,0,0
117,2019-09-01,0,0,0
117,2019-10-01,0,0,0
117,2019-11-01,0,0,0
117,2019-12-01,0,0,0
117,2020-01-01,0,0,0
117,2020-02-01,0,0,0
117,2020-03-01,0,0,0
117,2020-04-01,0,0,0
117,2020-05-01,0,0,0
117,2020-06-01,0,0,0
117,2020-07-01,0,0,0
117,2020-08-01,0,0,0
117,2020-09-01,0,0,0
117,2020-10-01,0,0,0
117,2020-11-01,0,0,0
117,2020-12-01,0,0,0
117,2021-01-01,0,0,0
117,2021-02-01,0,0,0
117,2021-03-01,0,0,0
117,2021-04-01,0,0,0
117,2021-05-01,0,0,0
117,2021-06-01,0,0,0
117,2021-07-01,0,0,0
117,2021-08-01,0,0,0
117,2021-09-01,0,0,0
117,2021-10-01,0,0,0
117,2021-11-01,0,0,0
117,2021-12-01,0,0,0
117,2022-01-01,0,0,0
117,2022-02-01,0,0,0
117,2022-03-01,0,0,0
117,2022-04-01,0,0,0
117,2022-05-01,0,0,0
117,2022-06-01,0,0,0
117,2022-07-01,0,0,0
117,2022-08-01,0,0,0
117,2022-09-01,0,0,0
117,2022-10-01,0,0,0
117,2022-11-01,0,0,0
117,2022-12-01,0,0,0
117,2023-01-01,0,0,0
117,2023-02-01,0,0,0
117,2023-03-01,0,0,0
117,2023-04-01,0,0,0
117,2023-05-01,0,0,0
117,2023-06-01,0,0,0
117,2023-07-01,0,0,0
117,2023-08-01,0,0,0
117,2023-09-01,0,0,0
117,2023-10-01,0,0,0
117,2023-11-01,0,0,0
117,2023-12-01,0,0,0
117,2024-01-01,0,0,0
117,2024-02-01,0,0,0
117,2024-03-01,0,0,0
117,2024-04-01,0,0,0
117,2024-05-01,0,0,0
117,2024-06-01,0,0,0
117,2024-07-01,0,0,0
117,2024-08-01,0,0,0
117,2024-09-01,0,0,0
117,2024-10-01,0,0,0
117,2024-11-01,0,0,0
117,2024-12-01,0,0,0
117,2025-01-01,0,0,0
117,2025-02-01,0,0,0
117,2025-03-01,0,0,0
117,2025-04-01,0,0,0
117,2025-05-01,0,0,0
117,2025-06-01,0,0,0
117,2025-07-01,0,0,0
117,2025-08-01,0,0,0
117,2025-09-01,0,0,0
117,2025-10-01,0,0,0
117,2025-11-01,0,0,0
117,2025-12-01,0,0,0
118,2018-01-01,0,0,0
118,2018-02-01,0,0,0
118,2018-03-01,0,0,0
118,2018-04-01,0,0,0
118,2018-05-01,0,0,0
118,2018-06-01,0,0,0
118,2018-07-01,0,0,0
118,2018-08-01,0,0,0
118,2018-09-01,0,0,0
118,2018-10-01,0,0,0
118,2018-11-01,0,0,0
118,2018-12-01,0,0,0
118,2019-01-01,0,0,0
118,2019-02-01,0,0,0
118,2019-03-01,0,0,0
118,2019-04-01,0,0,0
118,2019-05-01,0,0,0
118,2019-06-01,0,0,0
118,2019-07-01,0,0,0
118,2019-08-01,0,0,0
118,2019-09-01,0,0,0
118,2019-10-01,0,0,0
118,2019-11-01,0,0,0
118,2019-12-01,0,0,0
118,2020-01-01,0,0,0
118,2020-02-01,0,0,0
118,2020-03-01,0,0,0
118,2020-04-01,0,0,0
118,2020-05-01,0,0,0
118,2020-06-01,0,0,0
118,2020-07-01,0,0,0
118,2020-08-01,0,0,0
118,2020-09-01,0,0,0
118,2020-10-01,0,0,0
118,2020-11-01,0,0,0
118,2020-12-01,0,0,0
118,2021-01-01,0,0,0
118,2021-02-01,0,0,0
118,2021-03-01,0,0,0
118,2021-04-01,0,0,0
118,2021-05-01,0,0,0
118,2021-06-01,0,0,0
118,2021-07-01,0,0,0
118,2021-08-01,0,0,0
118,2021-09-01,0,0,0
118,2021-10-01,0,0,0
118,2021-11-01,0,0,0
118,2021-12-01,0,0,0
118,2022-01-01,0,0,0
118,2022-02-01,0,0,0
118,2022-03-01,0,0,0
118,2022-04-01,0,0,0
118,2022-05-01,0,0,0
118,2022-06-01,0,0,0
118,2022-07-01,0,0,0
118,2022-08-01,0,0,0
118,2022-09-01,0,0,0
118,2022-10-01,0,0,0
118,2022-11-01,0,0,0
118,2022-12-01,0,0,0
118,2023-01-01,0,0,0
118,2023-02-01,0,0,0
118,2023-03-01,0,0,0
118,2023-04-01,0,0,0
118,2023-05-01,0,0,0
118,2023-06-01,0,0,0
118,2023-07-01,0,0,0
118,2023-08-01,0,0,0
118,2023-09-01,0,0,0
118,2023-10-01,0,0,0
118,2023-11-01,0,0,0
118,2023-12-01,0,0,0
118,2024-01-01,0,0,0
118,2024-02-01,0,0,0
118,2024-03-01,0,0,0
118,2024-04-01,0,0,0
118,2024-05-01,0,0,0
118,2024-06-01,0,0,0
118,2024-07-01,0,0,0
118,2024-08-01,0,0,0
118,2024-09-01,0,0,0
118,2024-10-01,0,0,0
118,2024-11-01,0,0,0
118,2024-12-01,0,0,0
118,2025-01-01,0,0,0
118,2025-02-01,0,0,0
118,2025-03-01,0,0,0
118,2025-04-01,0,0,0
118,2025-05-01,0,0,0
118,2025-06-01,0,0,0
118,2025-07-01,0,0,0
118,2025-08-01,0,0,0
118,2025-09-01,0,0,0
118,2025-10-01,0,0,0
118,2025-11-01,0,0,0
118,2025-12-01,0,0,0
119,2018-01-01,0,0,0
119,2018-02-01,0,0,0
119,2018-03-01,0,0,0
119,2018-04-01,0,0,0
119,2018-05-01,0,0,0
119,2018-06-01,0,0,0
119,2018-07-01,0,0,0
119,2018-08-01,0,0,0
119,2018-09-01,0,0,0
119,2018-10-01,0,0,0
119,2018-11-01,0,0,0
119,2018-12-01,0,0,0
119,2019-01-01,0,0,0
119,2019-02-01,0,0,0
119,2019-03-01,0,0,0
119,2019-04-01,0,0,0
119,2019-05-01,0,0,0
119,2019-06-01,0,0,0
119,2019-07-01,0,0,0
119,2019-08-01,0,0,0
119,2019-09-01,0,0,0
119,2019-10-01,0,0,0
119,2019-11-01,0,0,0
119,2019-12-01,0,0,0
119,2020-01-01,0,0,0
119,2020-02-01,0,0,0
119,2020-03-01,0,0,0
119,2020-04-01,0,0,0
119,2020-05-01,0,0,0
119,2020-06-01,0,0,0
119,2020-07-01,0,0,0
119,2020-08-01,0,0,0
119,2020-09-01,0,0,0
119,2020-10-01,0,0,0
119,2020-11-01,0,0,0
119,2020-12-01,0,0,0
119,2021-01-01,0,0,0
119,2021-02-01,0,0,0
119,2021-03-01,0,0,0
119,2021-04-01,0,0,0
119,2021-05-01,0,0,0
119,2021-06-01,0,0,0
119,2021-07-01,0,0,0
119,2021-08-01,0,0,0
119,2021-09-01,0,0,0
119,2021-10-01,0,0,0
119,2021-11-01,0,0,0
119,2021-12-01,0,0,0
119,2022-01-01,0,0,0
119,2022-02-01,0,0,0
119,2022-03-01,0,0,0
119,2022-04-01,0,0,0
119,2022-05-01,0,0,0
119,2022-06-01,0,0,0
119,2022-07-01,0,0,0
119,2022-08-01,0,0,0
119,2022-09-01,0,0,0
119,2022-10-01,0,0,0
119,2022-11-01,0,0,0
119,2022-12-01,0,0,0
119,2023-01-01,0,0,0
119,2023-02-01,0,0,0
119,2023-03-01,0,0,0
119,2023-04-01,0,0,0
119,2023-05-01,0,0,0
119,2023-06-01,0,0,0
119,2023-07-01,0,0,0
119,2023-08-01,0,0,0
119,2023-09-01,0,0,0
119,2023-10-01,0,0,0
119,2023-11-01,0,0,0
119,2023-12-01,0,0,0
119,2024-01-01,0,0,0
119,2024-02-01,0,0,0
119,2024-03-01,0,0,0
119,2024-04-01,0,0,0
119,2024-05-01,0,0,0
119,2024-06-01,0,0,0
119,2024-07-01,0,0,0
119,2024-08-01,0,0,0
119,2024-09-01,0,0,0
119,2024-10-01,0,0,0
119,2024-11-01,0,0,0
119,2024-12-01,0,0,0
119,2025-01-01,0,0,0
119,2025-02-01,0,0,0
119,2025-03-01,0,0,0
119,2025-04-01,0,0,0
119,2025-05-01,0,0,0
119,2025-06-01,0,0,0
119,2025-07-01,0,0,0
119,2025-08-01,0,0,0
119,2025-09-01,0,0,0
119,2025-10-01,0,0,0
119,2025-11-01,0,0,0
119,2025-12-01,0,0,0
120,2018-01-01,0,0,0
120,2018-02-01,1,2,3
120,2018-03-01,0,2,2
120,2018-04-01,1,2,3
120,2018-05-01,1,5,6
120,2018-06-01,2,4,6
120,2018-07-01,1,2,3
120,2018-08-01,4,6,10
120,2018-09-01,0,6,6
120,2018-10-01,2,4,6
120,2018-11-01,0,0,0
120,2018-12-01,3,4,7
120,2019-01-01,1,2,3
120,2019-02-01,0,3,3
120,2019-03-01,0,4,4
120,2019-04-01,1,2,3
120,2019-05-01,0,1,1
120,2019-06-01,2,3,5
120,2019-07-01,1,2,3
120,2019-08-01,2,4,6
120,2019-09-01,2,1,3
120,2019-10-01,0,0,0
120,2019-11-01,1,1,2
120,2019-12-01,2,1,3
120,2020-01-01,0,5,5
120,2020-02-01,2,2,4
120,2020-03-01,2,2,4
120,2020-04-01,1,5,6
120,2020-05-01,2,3,5
120,2020-06-01,3,5,8
120,2020-07-01,7,7,14
120,2020-08-01,1,6,7
120,2020-09-01,1,10,11
120,2020-10-01,0,6,6
120,2020-11-01,3,2,5
120,2020-12-01,2,9,11
120,2021-01-01,1,2,3
120,2021-02-01,2,3,5
120,2021-03-01,2,4,6
120,2021-04-01,5,9,14
120,2021-05-01,2,5,7
120,2021-06-01,6,6,12
120,2021-07-01,1,2,3
120,2021-08-01,1,8,9
120,2021-09-01,1,4,5
120,2021-10-01,2,5,7
120,2021-11-01,3,1,4
120,2021-12-01,0,3,3
120,2022-01-01,2,4,6
120,2022-02-01,0,1,1
120,2022-03-01,1,7,8
120,2022-04-01,1,2,3
120,2022-05-01,2,6,8
120,2022-06-01,4,3,7
120,2022-07-01,4,8,12
120,2022-08-01,0,8,8
120,2022-09-01,3,8,11
120,2022-10-01,0,5,5
120,2022-11-01,2,5,7
120,2022-12-01,0,4,4
120,2023-01-01,0,4,4
120,2023-02-01,1,5,6
120,2023-03-01,1,3,4
120,2023-04-01,2,7,9
120,2023-05-01,2,1,3
120,2023-06-01,5,1,6
120,2023-07-01,4,1,5
120,2023-08-01,2,3,5
120,2023-09-01,0,2,2
120,2023-10-01,2,2,4
120,2023-11-01,2,1,3
120,2023-12-01,0,8,8
120,2024-01-01,2,6,8
120,2024-02-01,1,1,2
120,2024-03-01,1,4,5
120,2024-04-01,1,5,6
120,2024-05-01,0,0,0
120,2024-06-01,1,1,2
120,2024-07-01,0,2,2
120,2024-08-01,0,5,5
120,2024-09-01,3,6,9
120,2024-10-01,1,5,6
120,2024-11-01,1,1,2
120,2024-12-01,0,5,5
120,2025-01-01,0,4,4
120,2025-02-01,1,3,4
120,2025-03-01,1,3,4
120,2025-04-01,0,2,2
120,2025-05-01,0,1,1
120,2025-06-01,0,1,1
120,2025-07-01,2,4,6
120,2025-08-01,0,0,0
120,2025-09-01,2,3,5
120,2025-10-01,2,2,4
120,2025-11-01,1,5,6
120,2025-12-01,0,1,1
121,2018-01-01,0,0,0
121,2018-02-01,0,0,0
121,2018-03-01,0,0,0
121,2018-04-01,0,1,1
121,2018-05-01,1,0,1
121,2018-06-01,0,3,3
121,2018-07-01,0,0,0
121,2018-08-01,0,1,1
121,2018-09-01,1,1,2
121,2018-10-01,0,2,2
121,2018-11-01,0,0,0
121,2018-12-01,0,0,0
121,2019-01-01,1,0,1
121,2019-02-01,0,0,0
121,2019-03-01,0,0,0
121,2019-04-01,1,1,2
121,2019-05-01,1,3,4
121,2019-06-01,1,2,3
121,2019-07-01,0,0,0
121,2019-08-01,1,3,4
121,2019-09-01,0,3,3
121,2019-10-01,1,1,2
121,2019-11-01,0,1,1
121,2019-12-01,1,3,4
121,2020-01-01,1,3,4
121,2020-02-01,0,0,0
121,2020-03-01,1,2,3
121,2020-04-01,1,1,2
121,2020-05-01,1,1,2
121,2020-06-01,0,4,4
121,2020-07-01,3,5,8
121,2020-08-01,1,4,5
121,2020-09-01,3,2,5
121,2020-10-01,0,0,0
121,2020-11-01,2,5,7
121,2020-12-01,0,0,0
121,2021-01-01,0,1,1
121,2021-02-01,0,0,0
121,2021-03-01,0,1,1
121,2021-04-01,1,3,4
121,2021-05-01,1,2,3
121,2021-06-01,0,0,0
121,2021-07-01,1,2,3
121,2021-08-01,0,0,0
121,2021-09-01,1,1,2
121,2021-10-01,1,4,5
121,2021-11-01,0,2,2
121,2021-12-01,0,0,0
121,2022-01-01,1,0,1
121,2022-02-01,0,3,3
121,2022-03-01,2,4,6
121,2022-04-01,0,2,2
121,2022-05-01,1,5,6
121,2022-06-01,1,0,1
121,2022-07-01,0,3,3
121,2022-08-01,1,3,4
121,2022-09-01,0,2,2
121,2022-10-01,0,3,3
121,2022-11-01,0,3,3
121,2022-12-01,0,1,1
121,2023-01-01,0,0,0
121,2023-02-01,1,2,3
121,2023-03-01,1,2,3
121,2023-04-01,0,3,3
121,2023-05-01,0,1,1
121,2023-06-01,0,2,2
121,2023-07-01,0,2,2
121,2023-08-01,0,1,1
121,2023-09-01,0,1,1
121,2023-10-01,0,0,0
121,2023-11-01,0,0,0
121,2023-12-01,0,3,3
121,2024-01-01,0,0,0
121,2024-02-01,0,0,0
121,2024-03-01,1,0,1
121,2024-04-01,0,2,2
121,2024-05-01,0,1,1
121,2024-06-01,0,0,0
121,2024-07-01,2,2,4
121,2024-08-01,0,1,1
121,2024-09-01,0,1,1
121,2024-10-01,0,0,0
121,2024-11-01,0,1,1
121,2024-12-01,0,0,0
121,2025-01-01,0,1,1
121,2025-02-01,0,2,2
121,2025-03-01,1,0,1
121,2025-04-01,0,2,2
121,2025-05-01,0,4,4
121,2025-06-01,0,2,2
121,2025-07-01,0,2,2
121,2025-08-01,0,2,2
121,2025-09-01,0,2,2
121,2025-10-01,0,0,0
121,2025-11-01,0,1,1
121,2025-12-01,0,2,2
122,2018-01-01,0,0,0
122,2018-02-01,0,0,0
122,2018-03-01,0,0,0
122,2018-04-01,0,0,0
122,2018-05-01,0,0,0
122,2018-06-01,0,0,0
122,2018-07-01,0,1,1
122,2018-08-01,0,0,0
122,2018-09-01,0,0,0
122,2018-10-01,0,0,0
122,2018-11-01,0,1,1
122,2018-12-01,0,1,1
122,2019-01-01,0,0,0
122,2019-02-01,0,0,0
122,2019-03-01,1,1,2
122,2019-04-01,0,2,2
122,2019-05-01,0,0,0
122,2019-06-01,0,0,0
122,2019-07-01,0,0,0
122,2019-08-01,0,1,1
122,2019-09-01,1,0,1
122,2019-10-01,0,1,1
122,2019-11-01,1,0,1
122,2019-12-01,1,1,2
122,2020-01-01,0,0,0
122,2020-02-01,0,0,0
122,2020-03-01,0,0,0
122,2020-04-01,0,1,1
122,2020-05-01,0,0,0
122,2020-06-01,1,1,2
122,2020-07-01,0,2,2
122,2020-08-01,0,3,3
122,2020-09-01,1,1,2
122,2020-10-01,1,0,1
122,2020-11-01,1,1,2
122,2020-12-01,0,1,1
122,2021-01-01,0,0,0
122,2021-02-01,0,0,0
122,2021-03-01,0,0,0
122,2021-04-01,0,0,0
122,2021-05-01,0,0,0
122,2021-06-01,0,0,0
122,2021-07-01,0,0,0
122,2021-08-01,0,1,1
122,2021-09-01,1,1,2
122,2021-10-01,1,1,2
122,2021-11-01,1,1,2
122,2021-12-01,0,1,1
122,2022-01-01,0,0,0
122,2022-02-01,0,0,0
122,2022-03-01,0,1,1
122,2022-04-01,0,1,1
122,2022-05-01,0,0,0
122,2022-06-01,0,1,1
122,2022-07-01,0,0,0
122,2022-08-01,0,0,0
122,2022-09-01,0,3,3
122,2022-10-01,0,0,0
122,2022-11-01,0,0,0
122,2022-12-01,0,0,0
122,2023-01-01,0,1,1
122,2023-02-01,0,0,0
122,2023-03-01,0,0,0
122,2023-04-01,0,0,0
122,2023-05-01,1,0,1
122,2023-06-01,0,0,0
122,2023-07-01,0,1,1
122,2023-08-01,1,0,1
122,2023-09-01,0,0,0
122,2023-10-01,0,0,0
122,2023-11-01,0,0,0
122,2023-12-01,0,0,0
122,2024-01-01,0,0,0
122,2024-02-01,0,0,0
122,2024-03-01,0,0,0
122,2024-04-01,0,0,0
122,2024-05-01,0,2,2
122,2024-06-01,1,1,2
122,2024-07-01,0,0,0
122,2024-08-01,0,0,0
122,2024-09-01,0,0,0
122,2024-10-01,0,1,1
122,2024-11-01,0,0,0
122,2024-12-01,0,2,2
122,2025-01-01,0,0,0
122,2025-02-01,0,1,1
122,2025-03-01,0,0,0
122,2025-04-01,0,0,0
122,2025-05-01,0,0,0
122,2025-06-01,1,0,1
122,2025-07-01,0,1,1
122,2025-08-01,0,1,1
122,2025-09-01,0,1,1
122,2025-10-01,0,0,0
122,2025-11-01,0,0,0
122,2025-12-01,0,0,0
123,2018-01-01,1,1,2
123,2018-02-01,0,0,0
123,2018-03-01,1,1,2
123,2018-04-01,0,0,0
123,2018-05-01,0,0,0
123,2018-06-01,0,0,0
123,2018-07-01,0,0,0
123,2018-08-01,0,0,0
123,2018-09-01,0,0,0
123,2018-10-01,1,0,1
123,2018-11-01,0,0,0
123,2018-12-01,0,0,0
123,2019-01-01,0,0,0
123,2019-02-01,0,0,0
123,2019-03-01,0,0,0
123,2019-04-01,0,0,0
123,2019-05-01,0,0,0
123,2019-06-01,0,0,0
123,2019-07-01,0,0,0
123,2019-08-01,0,0,0
123,2019-09-01,0,0,0
123,2019-10-01,0,0,0
123,2019-11-01,0,0,0
123,2019-12-01,1,2,3
123,2020-01-01,0,0,0
123,2020-02-01,0,0,0
123,2020-03-01,0,0,0
123,2020-04-01,0,0,0
123,2020-05-01,0,0,0
123,2020-06-01,0,0,0
123,2020-07-01,0,0,0
123,2020-08-01,0,0,0
123,2020-09-01,0,0,0
123,2020-10-01,0,0,0
123,2020-11-01,0,0,0
123,2020-12-01,0,0,0
123,2021-01-01,0,0,0
123,2021-02-01,0,0,0
123,2021-03-01,0,1,1
123,2021-04-01,0,1,1
123,2021-05-01,0,0,0
123,2021-06-01,0,0,0
123,2021-07-01,0,0,0
123,2021-08-01,0,0,0
123,2021-09-01,0,0,0
123,2021-10-01,0,0,0
123,2021-11-01,1,0,1
123,2021-12-01,1,0,1
123,2022-01-01,0,1,1
123,2022-02-01,0,0,0
123,2022-03-01,0,0,0
123,2022-04-01,0,0,0
123,2022-05-01,0,0,0
123,2022-06-01,0,0,0
123,2022-07-01,1,0,1
123,2022-08-01,0,0,0
123,2022-09-01,0,0,0
123,2022-10-01,2,0,2
123,2022-11-01,0,0,0
123,2022-12-01,0,1,1
123,2023-01-01,0,0,0
123,2023-02-01,0,0,0
123,2023-03-01,0,0,0
123,2023-04-01,0,0,0
123,2023-05-01,0,0,0
123,2023-06-01,0,0,0
123,2023-07-01,1,0,1
123,2023-08-01,0,1,1
123,2023-09-01,0,0,0
123,2023-10-01,1,0,1
123,2023-11-01,0,0,0
123,2023-12-01,0,0,0
123,2024-01-01,0,1,1
123,2024-02-01,0,1,1
123,2024-03-01,0,0,0
123,2024-04-01,0,0,0
123,2024-05-01,0,0,0
123,2024-06-01,0,1,1
123,2024-07-01,0,0,0
123,2024-08-01,0,0,0
123,2024-09-01,0,0,0
123,2024-10-01,0,0,0
123,2024-11-01,0,0,0
123,2024-12-01,0,0,0
123,2025-01-01,0,0,0
123,2025-02-01,0,0,0
123,2025-03-01,0,1,1
123,2025-04-01,0,0,0
123,2025-05-01,0,0,0
123,2025-06-01,0,0,0
123,2025-07-01,0,0,0
123,2025-08-01,0,1,1
123,2025-09-01,0,0,0
123,2025-10-01,0,0,0
123,2025-11-01,0,0,0
123,2025-12-01,0,0,0
